# Blender 5.2.0 LTS
# www.blender.org
mtllib antena.mtl
g Sphere.005_Sphere.005
v -0.464258 0.007706 0.018428
v -0.469654 0.007795 0.022570
v -0.475938 0.007900 0.025173
v -0.482683 0.008011 0.026061
v -0.489428 0.008123 0.025173
v -0.495712 0.008228 0.022570
v -0.501108 0.008317 0.018428
v -0.505249 0.008386 0.013031
v -0.507852 0.008429 0.006745
v -0.457471 0.010174 0.006232
v -0.460034 0.012623 0.012039
v -0.464141 0.014757 0.017025
v -0.469511 0.016431 0.020852
v -0.475779 0.017531 0.023257
v -0.482517 0.017983 0.024077
v -0.489268 0.017755 0.023257
v -0.495568 0.016864 0.020852
v -0.500991 0.015368 0.017025
v -0.505167 0.013372 0.012039
v -0.507809 0.011010 0.006232
v -0.456626 0.007579 -0.000000
v -0.457435 0.012362 0.004770
v -0.459964 0.016850 0.009214
v -0.464042 0.020734 0.013031
v -0.469389 0.023752 0.015959
v -0.475643 0.025697 0.017800
v -0.482377 0.026437 0.018428
v -0.489132 0.025921 0.017800
v -0.495447 0.024185 0.015959
v -0.500892 0.021345 0.013031
v -0.505096 0.017599 0.009214
v -0.507773 0.013198 0.004770
v -0.457411 0.013825 0.002581
v -0.459917 0.019674 0.004987
v -0.463976 0.024728 0.007052
v -0.469308 0.028643 0.008637
v -0.475552 0.031153 0.009633
v -0.482283 0.032085 0.009973
v -0.489042 0.031377 0.009633
v -0.495366 0.029076 0.008637
v -0.500825 0.025340 0.007052
v -0.505050 0.020423 0.004987
v -0.507749 0.014660 0.002581
v -0.457402 0.014338 -0.000000
v -0.459900 0.020665 -0.000000
v -0.463952 0.026131 -0.000000
v -0.469280 0.030361 -0.000000
v -0.475521 0.033069 -0.000000
v -0.482250 0.034069 -0.000000
v -0.489010 0.033293 -0.000000
v -0.495337 0.030794 -0.000000
v -0.500802 0.026743 -0.000000
v -0.505033 0.021414 -0.000000
v -0.507740 0.015173 -0.000000
v -0.457411 0.013825 -0.002581
v -0.459917 0.019674 -0.004986
v -0.463976 0.024728 -0.007052
v -0.469308 0.028643 -0.008637
v -0.475552 0.031153 -0.009633
v -0.482283 0.032085 -0.009973
v -0.489042 0.031377 -0.009633
v -0.495366 0.029076 -0.008637
v -0.500825 0.025340 -0.007052
v -0.505050 0.020423 -0.004986
v -0.507749 0.014660 -0.002581
v -0.457435 0.012362 -0.004769
v -0.459964 0.016850 -0.009214
v -0.464042 0.020734 -0.013030
v -0.469389 0.023752 -0.015959
v -0.475643 0.025697 -0.017800
v -0.482377 0.026437 -0.018428
v -0.489132 0.025921 -0.017800
v -0.495447 0.024185 -0.015959
v -0.500892 0.021345 -0.013030
v -0.505096 0.017599 -0.009214
v -0.507773 0.013198 -0.004769
v -0.457471 0.010174 -0.006232
v -0.460034 0.012623 -0.012038
v -0.464141 0.014757 -0.017025
v -0.469511 0.016431 -0.020851
v -0.475779 0.017531 -0.023257
v -0.482517 0.017983 -0.024077
v -0.489268 0.017755 -0.023257
v -0.495568 0.016864 -0.020851
v -0.500991 0.015368 -0.017025
v -0.505167 0.013372 -0.012038
v -0.507809 0.011010 -0.006232
v -0.457514 0.007594 -0.006745
v -0.460117 0.007637 -0.013030
v -0.464258 0.007706 -0.018428
v -0.469654 0.007795 -0.022569
v -0.475938 0.007900 -0.025173
v -0.482683 0.008011 -0.026061
v -0.489428 0.008123 -0.025173
v -0.495712 0.008228 -0.022569
v -0.501108 0.008317 -0.018428
v -0.505249 0.008386 -0.013030
v -0.507852 0.008429 -0.006745
v -0.508740 0.008444 -0.000000
v -0.457557 0.005013 -0.006232
v -0.460199 0.002651 -0.012038
v -0.464375 0.000655 -0.017025
v -0.469798 -0.000841 -0.020851
v -0.476098 -0.001732 -0.023257
v -0.482848 -0.001960 -0.024077
v -0.489587 -0.001508 -0.023257
v -0.495855 -0.000408 -0.020851
v -0.501225 0.001266 -0.017025
v -0.505332 0.003400 -0.012038
v -0.507895 0.005849 -0.006232
v -0.457593 0.002825 -0.004769
v -0.460270 -0.001576 -0.009214
v -0.464474 -0.005323 -0.013030
v -0.469919 -0.008162 -0.015959
v -0.476234 -0.009898 -0.017800
v -0.482988 -0.010414 -0.018428
v -0.489723 -0.009674 -0.017800
v -0.495977 -0.007729 -0.015959
v -0.501324 -0.004711 -0.013030
v -0.505402 -0.000827 -0.009214
v -0.507931 0.003661 -0.004769
v -0.457617 0.001363 -0.002581
v -0.460316 -0.004400 -0.004986
v -0.464541 -0.009317 -0.007052
v -0.470000 -0.013053 -0.008637
v -0.476324 -0.015354 -0.009633
v -0.483082 -0.016062 -0.009973
v -0.489814 -0.015130 -0.009633
v -0.496058 -0.012620 -0.008637
v -0.501391 -0.008705 -0.007052
v -0.505449 -0.003651 -0.004986
v -0.507955 0.002198 -0.002581
v -0.457626 0.000850 -0.000000
v -0.460333 -0.005391 -0.000000
v -0.464564 -0.010720 -0.000000
v -0.470029 -0.014771 -0.000000
v -0.476356 -0.017270 -0.000000
v -0.483115 -0.018046 -0.000000
v -0.489845 -0.017046 -0.000000
v -0.496086 -0.014338 -0.000000
v -0.501414 -0.010108 -0.000000
v -0.505466 -0.004642 -0.000000
v -0.507964 0.001685 -0.000000
v -0.457617 0.001363 0.002581
v -0.460316 -0.004400 0.004987
v -0.464541 -0.009317 0.007052
v -0.470000 -0.013053 0.008637
v -0.476324 -0.015354 0.009633
v -0.483082 -0.016062 0.009973
v -0.489814 -0.015130 0.009633
v -0.496058 -0.012620 0.008637
v -0.501391 -0.008705 0.007052
v -0.505449 -0.003651 0.004987
v -0.507955 0.002198 0.002581
v -0.457593 0.002825 0.004770
v -0.460270 -0.001576 0.009214
v -0.464474 -0.005323 0.013031
v -0.469919 -0.008162 0.015959
v -0.476234 -0.009898 0.017800
v -0.482988 -0.010414 0.018428
v -0.489723 -0.009674 0.017800
v -0.495977 -0.007729 0.015959
v -0.501324 -0.004711 0.013031
v -0.505402 -0.000827 0.009214
v -0.507931 0.003661 0.004770
v -0.457557 0.005013 0.006232
v -0.460199 0.002651 0.012039
v -0.464375 0.000655 0.017025
v -0.469798 -0.000841 0.020852
v -0.476098 -0.001732 0.023257
v -0.482848 -0.001960 0.024077
v -0.489587 -0.001508 0.023257
v -0.495855 -0.000408 0.020852
v -0.501225 0.001266 0.017025
v -0.505332 0.003400 0.012039
v -0.507895 0.005849 0.006232
v -0.457514 0.007594 0.006745
v -0.460117 0.007637 0.013031
v -0.482684 0.008011 0.009757
v 0.117990 -0.001958 0.031160
v -0.482622 0.011745 0.009014
v 0.118188 0.009964 0.028788
v -0.482569 0.014910 0.006899
v 0.118355 0.020072 0.022033
v -0.482534 0.017024 0.003734
v 0.118467 0.026826 0.011924
v -0.482522 0.017767 -0.000000
v 0.118507 0.029197 0.000000
v -0.482534 0.017024 -0.003734
v 0.118467 0.026826 -0.011924
v -0.482569 0.014910 -0.006899
v 0.118355 0.020072 -0.022033
v -0.482622 0.011745 -0.009014
v 0.118188 0.009964 -0.028788
v -0.482684 0.008011 -0.009757
v 0.117990 -0.001958 -0.031160
v -0.482745 0.004278 -0.009014
v 0.117792 -0.013881 -0.028788
v -0.482798 0.001113 -0.006899
v 0.117624 -0.023988 -0.022033
v -0.482833 -0.001001 -0.003734
v 0.117512 -0.030742 -0.011924
v -0.482845 -0.001744 -0.000000
v 0.117473 -0.033114 0.000000
v -0.482833 -0.001001 0.003734
v 0.117512 -0.030742 0.011924
v -0.482798 0.001113 0.006899
v 0.117624 -0.023988 0.022033
v -0.482745 0.004278 0.009014
v 0.117792 -0.013881 0.028788
v -0.177666 0.002949 0.417890
v -0.176313 0.084464 0.409860
v -0.175012 0.162847 0.386080
v -0.173813 0.235084 0.347463
v -0.172762 0.298401 0.295493
v -0.171899 0.350364 0.232167
v -0.171258 0.388976 0.159919
v -0.170864 0.412752 0.081526
v -0.170730 0.420781 -0.000000
v -0.170864 0.412752 -0.081526
v -0.171258 0.388976 -0.159920
v -0.171899 0.350364 -0.232167
v -0.172762 0.298401 -0.295493
v -0.173813 0.235084 -0.347463
v -0.175012 0.162847 -0.386080
v -0.176313 0.084464 -0.409860
v -0.177666 0.002949 -0.417890
v -0.179018 -0.078566 -0.409860
v -0.180319 -0.156948 -0.386080
v -0.181518 -0.229186 -0.347463
v -0.182569 -0.292503 -0.295493
v -0.183432 -0.344466 -0.232167
v -0.184073 -0.383078 -0.159920
v -0.184467 -0.406855 -0.081526
v -0.184601 -0.414884 -0.000000
v -0.184467 -0.406855 0.081526
v -0.184073 -0.383078 0.159919
v -0.183432 -0.344466 0.232167
v -0.182569 -0.292503 0.295493
v -0.181518 -0.229186 0.347462
v -0.180319 -0.156948 0.386080
v -0.179019 -0.078566 0.409860
v -0.184735 0.003066 0.404661
v -0.183424 0.082001 0.396886
v -0.182165 0.157902 0.373858
v -0.181004 0.227853 0.336464
v -0.179986 0.289166 0.286139
v -0.179151 0.339484 0.224818
v -0.178530 0.376873 0.154857
v -0.178148 0.399898 0.078946
v -0.178019 0.407671 -0.000000
v -0.178148 0.399898 -0.078946
v -0.178530 0.376873 -0.154857
v -0.179151 0.339484 -0.224818
v -0.179986 0.289166 -0.286139
v -0.181004 0.227853 -0.336464
v -0.182165 0.157902 -0.373858
v -0.183424 0.082001 -0.396886
v -0.184735 0.003066 -0.404661
v -0.186045 -0.075869 -0.396886
v -0.187304 -0.151769 -0.373858
v -0.188466 -0.221721 -0.336464
v -0.189483 -0.283033 -0.286139
v -0.190318 -0.333351 -0.224818
v -0.190939 -0.370740 -0.154857
v -0.191321 -0.393765 -0.078946
v -0.191450 -0.401539 -0.000000
v -0.191321 -0.393765 0.078946
v -0.190939 -0.370740 0.154857
v -0.190318 -0.333351 0.224818
v -0.189483 -0.283033 0.286139
v -0.188466 -0.221721 0.336463
v -0.187305 -0.151769 0.373858
v -0.186045 -0.075869 0.396886
v -0.169039 0.418959 0.035845
v 0.071697 0.172487 0.011967
v 0.071681 0.171485 0.022141
v 0.031189 0.250619 0.019595
v 0.031173 0.249617 0.029769
v -0.091554 0.375267 0.041942
v -0.091537 0.376269 0.031768
v -0.023928 0.319428 0.026281
v -0.023945 0.318426 0.036455
v -0.169667 0.381140 -0.177005
v 0.071411 0.155208 -0.076463
v 0.071481 0.159427 -0.067151
v 0.030794 0.226778 -0.108582
v 0.030864 0.230998 -0.099269
v -0.092037 0.346177 -0.150525
v -0.092107 0.341958 -0.159837
v -0.024419 0.289836 -0.136734
v -0.024349 0.294055 -0.127421
v -0.171977 0.241978 -0.342427
v 0.070428 0.096034 -0.144405
v 0.070566 0.104344 -0.138450
v 0.029388 0.142053 -0.207664
v 0.029525 0.150362 -0.201708
v -0.094052 0.224763 -0.302659
v -0.094190 0.216454 -0.308614
v -0.026197 0.182713 -0.263110
v -0.026059 0.191023 -0.257155
v -0.175350 0.038760 -0.416096
v 0.069014 0.010823 -0.173653
v 0.069183 0.020996 -0.172651
v 0.027347 0.019144 -0.251102
v 0.027516 0.029316 -0.250100
v -0.097059 0.043559 -0.373696
v -0.097228 0.033386 -0.374698
v -0.028786 0.026762 -0.318987
v -0.028617 0.036935 -0.317985
v -0.178882 -0.174060 -0.378272
v 0.067547 -0.077595 -0.156372
v 0.067701 -0.068284 -0.160591
v 0.025220 -0.109016 -0.227258
v 0.025375 -0.099704 -0.231478
v -0.100254 -0.148882 -0.344602
v -0.100408 -0.158192 -0.340382
v -0.031491 -0.136230 -0.289391
v -0.031337 -0.126918 -0.293611
v -0.181627 -0.339460 -0.239091
v 0.066419 -0.145527 -0.097190
v 0.066518 -0.139573 -0.105501
v 0.023576 -0.208083 -0.142521
v 0.023675 -0.202129 -0.150831
v -0.102778 -0.300995 -0.223171
v -0.102877 -0.306949 -0.214861
v -0.033588 -0.262589 -0.182253
v -0.033490 -0.256635 -0.190564
v -0.182833 -0.412116 -0.046020
v -0.182850 -0.413117 -0.035845
v 0.065934 -0.174771 -0.011967
v 0.065950 -0.173769 -0.022141
v 0.022855 -0.251516 -0.019595
v 0.022872 -0.250514 -0.029769
v -0.103957 -0.372022 -0.041943
v -0.103974 -0.373024 -0.031768
v -0.034516 -0.318458 -0.026281
v -0.034499 -0.317456 -0.036455
v -0.184526 -0.410368 -0.045850
v -0.105648 -0.370275 -0.041773
v 0.064258 -0.172022 -0.021972
v 0.021181 -0.248767 -0.029600
v -0.036190 -0.315708 -0.036286
v -0.182292 -0.379518 0.167692
v -0.182222 -0.375300 0.177005
v 0.066220 -0.157492 0.076463
v 0.066150 -0.161711 0.067151
v 0.023251 -0.227675 0.108581
v 0.023181 -0.231895 0.099269
v -0.103474 -0.342931 0.150525
v -0.103404 -0.338713 0.159837
v -0.034025 -0.288866 0.136734
v -0.034095 -0.293085 0.127421
v -0.183987 -0.377916 0.166979
v -0.183917 -0.373697 0.176292
v -0.105168 -0.341330 0.149812
v 0.064456 -0.160109 0.066438
v 0.021487 -0.230292 0.098556
v -0.035788 -0.291483 0.126708
v -0.179913 -0.236138 0.342427
v 0.067203 -0.098319 0.144405
v 0.067065 -0.106628 0.138450
v 0.024657 -0.142950 0.207663
v 0.024519 -0.151259 0.201708
v -0.101459 -0.221518 0.302659
v -0.101321 -0.213209 0.308614
v -0.032247 -0.181743 0.263110
v -0.032384 -0.190053 0.257155
v -0.176540 -0.032920 0.416095
v 0.068617 -0.013108 0.173653
v 0.068448 -0.023280 0.172651
v 0.026697 -0.020041 0.251102
v 0.026528 -0.030213 0.250100
v -0.098452 -0.040314 0.373696
v -0.098283 -0.030141 0.374698
v -0.029658 -0.025792 0.318987
v -0.029827 -0.035965 0.317985
v -0.178258 -0.032722 0.414376
v -0.173007 0.179901 0.378272
v 0.070084 0.075310 0.156371
v 0.069930 0.066000 0.160591
v 0.028824 0.108119 0.227258
v 0.028670 0.098807 0.231478
v -0.095258 0.152127 0.344601
v -0.095103 0.161438 0.340382
v -0.026953 0.137200 0.289391
v -0.027107 0.127889 0.293610
v -0.170262 0.345300 0.239090
v 0.071212 0.143243 0.097190
v 0.071113 0.137289 0.105500
v 0.030469 0.207186 0.142521
v 0.030370 0.201232 0.150831
v -0.092733 0.304240 0.223171
v -0.092634 0.310194 0.214861
v -0.024856 0.263559 0.182253
v -0.024954 0.257605 0.190563
v -0.169056 0.417956 0.046020
v -0.169597 0.385359 -0.167692
v -0.171839 0.250287 -0.336472
v -0.175181 0.048934 -0.415093
v -0.178728 -0.164749 -0.382491
v -0.181529 -0.333504 -0.247401
v -0.182833 -0.412116 -0.046020
v -0.103957 -0.372022 -0.041943
v 0.022872 -0.250514 -0.029769
v 0.065950 -0.173769 -0.022141
v -0.034499 -0.317456 -0.036455
v -0.182222 -0.375300 0.177005
v -0.182292 -0.379518 0.167692
v -0.182292 -0.379518 0.167692
v -0.103474 -0.342931 0.150525
v -0.183987 -0.377916 0.166979
v 0.023181 -0.231895 0.099269
v 0.066150 -0.161711 0.067151
v -0.034095 -0.293085 0.127421
v -0.180051 -0.244447 0.336471
v -0.176540 -0.032920 0.416095
v -0.176709 -0.043093 0.415093
v -0.176709 -0.043093 0.415093
v -0.178426 -0.042895 0.413374
v -0.173162 0.170589 0.382491
v -0.170361 0.339346 0.247401
v 0.085717 -0.001423 0.107322
v 0.086399 0.039642 0.099153
v 0.086977 0.074455 0.075888
v 0.087363 0.097717 0.041070
v 0.087498 0.105885 0.000000
v 0.087363 0.097717 -0.041070
v 0.086977 0.074455 -0.075888
v 0.086399 0.039642 -0.099153
v 0.085717 -0.001423 -0.107322
v 0.085036 -0.042487 -0.099153
v 0.084458 -0.077300 -0.075888
v 0.084072 -0.100562 -0.041070
v 0.083936 -0.108730 0.000000
v 0.084072 -0.100562 0.041070
v 0.084458 -0.077300 0.075888
v 0.085036 -0.042487 0.099153
v 0.292993 -0.004863 0.107322
v 0.293674 0.036201 0.099153
v 0.294252 0.071015 0.075888
v 0.294638 0.094276 0.041070
v 0.294774 0.102444 0.000000
v 0.294638 0.094276 -0.041070
v 0.294252 0.071015 -0.075888
v 0.293674 0.036201 -0.099153
v 0.292993 -0.004863 -0.107322
v 0.292311 -0.045927 -0.099153
v 0.291733 -0.080741 -0.075888
v 0.291347 -0.104002 -0.041070
v 0.291212 -0.112170 0.000000
v 0.291347 -0.104002 0.041070
v 0.291733 -0.080741 0.075888
v 0.292311 -0.045927 0.099153
v -0.460442 0.008794 0.011863
v -0.449265 0.012752 0.004688
v -0.460642 -0.003205 0.004933
v -0.449464 0.000752 -0.002241
v -0.146420 -0.176629 0.323956
v -0.146620 -0.188630 0.317027
v -0.157798 -0.192587 0.324201
v -0.157599 -0.180586 0.331131
v -0.132550 -0.198688 0.315296
v -0.161357 -0.206252 0.329224
v -0.161264 -0.177758 0.345084
v -0.132369 -0.170256 0.331260
v -0.134373 -0.168863 0.328906
v -0.163879 -0.175941 0.342012
v -0.134486 -0.197342 0.313022
v -0.163884 -0.204495 0.326255
v -0.460268 0.019279 0.002570
v -0.449252 0.013552 -0.003586
v -0.460439 0.008981 0.011843
v -0.449423 0.003255 0.005687
v -0.139255 0.255122 0.270381
v -0.139425 0.244825 0.279654
v -0.150443 0.250551 0.285810
v -0.150272 0.260849 0.276537
v -0.125270 0.239907 0.288461
v -0.153765 0.251142 0.300412
v -0.153749 0.275034 0.278218
v -0.125163 0.263876 0.266355
v -0.127220 0.262092 0.264335
v -0.156433 0.272705 0.275581
v -0.127257 0.238183 0.286509
v -0.156359 0.248891 0.297865
v -0.460361 0.013682 -0.010274
v -0.449378 0.005931 -0.006905
v -0.460268 0.019318 0.002386
v -0.449285 0.011567 0.005756
v -0.137886 0.337594 -0.156852
v -0.137793 0.343230 -0.144192
v -0.148776 0.350981 -0.147561
v -0.148869 0.345345 -0.160221
v -0.123444 0.349923 -0.137017
v -0.151874 0.365088 -0.143559
v -0.152482 0.351370 -0.173136
v -0.123961 0.336312 -0.166644
v -0.126029 0.333862 -0.165538
v -0.155180 0.348172 -0.171693
v -0.125441 0.347556 -0.135949
v -0.154482 0.361999 -0.142164
v -0.460593 -0.000261 -0.008920
v -0.449470 0.000420 -0.000681
v -0.460364 0.013520 -0.010368
v -0.449241 0.014201 -0.002130
v -0.144207 -0.043187 -0.367320
v -0.143978 -0.029407 -0.368769
v -0.155101 -0.030088 -0.377008
v -0.155329 -0.043868 -0.375559
v -0.129595 -0.020679 -0.373142
v -0.158297 -0.021884 -0.389136
v -0.159214 -0.054245 -0.385221
v -0.130423 -0.053055 -0.369346
v -0.132445 -0.052736 -0.366643
v -0.161853 -0.053830 -0.381693
v -0.131548 -0.020373 -0.370530
v -0.160847 -0.021484 -0.385727
v -0.460643 -0.003282 0.004762
v -0.449400 0.004636 0.006484
v -0.460595 -0.000400 -0.008794
v -0.449352 0.007517 -0.007072
v -0.149480 -0.360995 -0.070164
v -0.149433 -0.358113 -0.083720
v -0.160677 -0.366031 -0.085442
v -0.160724 -0.368913 -0.071887
v -0.135223 -0.359739 -0.093597
v -0.164158 -0.374991 -0.096941
v -0.164642 -0.381264 -0.064944
v -0.135620 -0.366130 -0.061625
v -0.137602 -0.363438 -0.061060
v -0.167229 -0.377751 -0.064206
v -0.137138 -0.357138 -0.093051
v -0.166658 -0.371596 -0.096228
v 0.092831 -0.001541 0.088243
v 0.067095 -0.001114 0.173096
v 0.025303 -0.000420 0.251296
v -0.030942 0.000514 0.319839
v -0.099475 0.001651 0.376091
v 0.093117 0.015672 0.086548
v 0.067655 0.032651 0.169770
v 0.026116 0.048598 0.246467
v -0.029906 0.062903 0.313693
v -0.098258 0.075013 0.368864
v 0.093392 0.032224 0.081526
v 0.068194 0.065118 0.159920
v 0.026898 0.095734 0.232167
v -0.028911 0.122894 0.295493
v -0.097087 0.145555 0.347463
v 0.093645 0.047477 0.073372
v 0.068691 0.095040 0.143924
v 0.027619 0.139174 0.208945
v -0.027993 0.178182 0.265936
v -0.096008 0.210567 0.312708
v 0.093867 0.060849 0.062398
v 0.069126 0.121267 0.122397
v 0.028251 0.177249 0.177693
v -0.027189 0.226642 0.226160
v -0.095062 0.267550 0.265936
v 0.094049 0.071821 0.049025
v 0.069483 0.142791 0.096167
v 0.028770 0.208496 0.139612
v -0.026528 0.266413 0.177693
v -0.094286 0.314316 0.208945
v 0.094184 0.079974 0.033769
v 0.069749 0.158784 0.066241
v 0.029155 0.231715 0.096167
v -0.026038 0.295966 0.122397
v -0.093709 0.349066 0.143924
v 0.094268 0.084995 0.017215
v 0.069912 0.168633 0.033769
v 0.029393 0.246013 0.049025
v -0.025736 0.314163 0.062397
v -0.093354 0.370464 0.073372
v 0.094296 0.086691 0.000000
v 0.069967 0.171959 0.000000
v 0.029473 0.250841 0.000000
v -0.025634 0.320309 -0.000000
v -0.093234 0.377690 -0.000000
v 0.094268 0.084995 -0.017216
v 0.069912 0.168633 -0.033769
v 0.029393 0.246013 -0.049025
v -0.025736 0.314163 -0.062398
v -0.093354 0.370464 -0.073372
v 0.094184 0.079974 -0.033769
v 0.069749 0.158784 -0.066241
v 0.029155 0.231715 -0.096167
v -0.026038 0.295966 -0.122397
v -0.093709 0.349066 -0.143924
v 0.094049 0.071821 -0.049026
v 0.069483 0.142791 -0.096167
v 0.028770 0.208496 -0.139613
v -0.026528 0.266413 -0.177693
v -0.094286 0.314316 -0.208945
v 0.093867 0.060849 -0.062398
v 0.069126 0.121267 -0.122397
v 0.028251 0.177249 -0.177693
v -0.027188 0.226642 -0.226160
v -0.095062 0.267550 -0.265936
v 0.093645 0.047477 -0.073372
v 0.068691 0.095040 -0.143924
v 0.027619 0.139174 -0.208945
v -0.027993 0.178182 -0.265936
v -0.096008 0.210567 -0.312708
v 0.093392 0.032224 -0.081526
v 0.068194 0.065118 -0.159920
v 0.026898 0.095734 -0.232167
v -0.028910 0.122894 -0.295493
v -0.097087 0.145555 -0.347463
v 0.093117 0.015672 -0.086548
v 0.067655 0.032651 -0.169770
v 0.026116 0.048598 -0.246467
v -0.029906 0.062902 -0.313693
v -0.098258 0.075013 -0.368864
v 0.092831 -0.001541 -0.088244
v 0.067095 -0.001114 -0.173096
v 0.025303 -0.000420 -0.251296
v -0.030942 0.000514 -0.319839
v -0.099475 0.001651 -0.376091
v 0.092546 -0.018753 -0.086548
v 0.066534 -0.034878 -0.169770
v 0.024489 -0.049438 -0.246467
v -0.031977 -0.061875 -0.313693
v -0.100693 -0.071711 -0.368864
v 0.092271 -0.035305 -0.081526
v 0.065995 -0.067346 -0.159920
v 0.023707 -0.096574 -0.232167
v -0.032973 -0.121867 -0.295493
v -0.101864 -0.142253 -0.347462
v 0.092018 -0.050559 -0.073372
v 0.065499 -0.097267 -0.143924
v 0.022986 -0.140013 -0.208945
v -0.033891 -0.177155 -0.265936
v -0.102943 -0.207265 -0.312708
v 0.101521 -0.001685 0.000000
v 0.091796 -0.063930 -0.062398
v 0.065064 -0.123494 -0.122397
v 0.022354 -0.178088 -0.177693
v -0.034695 -0.225615 -0.226160
v -0.103889 -0.264248 -0.265936
v 0.091614 -0.074903 -0.049025
v 0.064706 -0.145018 -0.096167
v 0.021835 -0.209336 -0.139613
v -0.035355 -0.265386 -0.177693
v -0.104665 -0.311014 -0.208945
v 0.091478 -0.083056 -0.033769
v 0.064441 -0.161011 -0.066241
v 0.021450 -0.232555 -0.096167
v -0.035846 -0.294939 -0.122397
v -0.105242 -0.345763 -0.143924
v 0.091395 -0.088077 -0.017215
v 0.064277 -0.170860 -0.033769
v 0.021212 -0.246853 -0.049025
v -0.036148 -0.313136 -0.062397
v -0.105597 -0.367162 -0.073372
v 0.091367 -0.089772 0.000000
v 0.064222 -0.174186 0.000000
v 0.021132 -0.251681 0.000000
v -0.036250 -0.319281 -0.000000
v -0.105717 -0.374388 -0.000000
v 0.091395 -0.088077 0.017215
v 0.064277 -0.170860 0.033769
v 0.021212 -0.246853 0.049025
v -0.036148 -0.313136 0.062397
v -0.105597 -0.367162 0.073372
v 0.091478 -0.083056 0.033769
v 0.064441 -0.161011 0.066241
v 0.021450 -0.232555 0.096167
v -0.035846 -0.294939 0.122397
v -0.105242 -0.345763 0.143924
v 0.091614 -0.074903 0.049025
v 0.064706 -0.145018 0.096167
v 0.021835 -0.209336 0.139612
v -0.035355 -0.265386 0.177693
v -0.104665 -0.311014 0.208945
v 0.091796 -0.063929 0.062397
v 0.065064 -0.123494 0.122397
v 0.022354 -0.178088 0.177693
v -0.034695 -0.225615 0.226160
v -0.103889 -0.264248 0.265936
v 0.092018 -0.050559 0.073372
v 0.065499 -0.097267 0.143924
v 0.022986 -0.140013 0.208945
v -0.033891 -0.177155 0.265936
v -0.102943 -0.207265 0.312708
v 0.092271 -0.035305 0.081526
v 0.065995 -0.067346 0.159919
v 0.023707 -0.096574 0.232167
v -0.032973 -0.121867 0.295493
v -0.101864 -0.142253 0.347462
v 0.092546 -0.018753 0.086548
v 0.066534 -0.034878 0.169769
v 0.024489 -0.049438 0.246467
v -0.031977 -0.061875 0.313693
v -0.100693 -0.071710 0.368864
v 0.078139 -0.001297 0.085229
v 0.053272 -0.000884 0.167278
v 0.012874 -0.000214 0.242899
v -0.041501 0.000689 0.309187
v -0.107766 0.001789 0.363591
v 0.078415 0.015329 0.083592
v 0.053813 0.031745 0.164063
v 0.013661 0.047168 0.238232
v -0.040500 0.061001 0.303246
v -0.106589 0.072712 0.356605
v 0.078681 0.031315 0.078742
v 0.054334 0.063122 0.154544
v 0.014417 0.092728 0.224410
v -0.039538 0.118994 0.285652
v -0.105457 0.140910 0.335914
v 0.078925 0.046048 0.070865
v 0.054814 0.092037 0.139086
v 0.015114 0.134716 0.201964
v -0.038651 0.172440 0.257080
v -0.104414 0.203761 0.302315
v 0.079139 0.058961 0.060266
v 0.055235 0.117383 0.118283
v 0.015725 0.171519 0.171756
v -0.037873 0.219288 0.218628
v -0.103500 0.258851 0.257098
v 0.079315 0.069558 0.047351
v 0.055580 0.138184 0.092934
v 0.016226 0.201723 0.134948
v -0.037235 0.257733 0.171775
v -0.102749 0.304062 0.202000
v 0.079446 0.077434 0.032616
v 0.055836 0.153639 0.064015
v 0.016598 0.224165 0.092954
v -0.036761 0.286301 0.118321
v -0.102192 0.337656 0.139140
v 0.079526 0.082284 0.016628
v 0.055994 0.163157 0.032634
v 0.016828 0.237986 0.047387
v -0.036469 0.303893 0.060320
v -0.101848 0.358345 0.070933
v 0.079554 0.083920 0.000000
v 0.056048 0.166371 0.000000
v 0.016905 0.242652 0.000000
v -0.036370 0.309833 -0.000000
v -0.101732 0.365330 -0.000000
v 0.079526 0.082284 -0.016628
v 0.055994 0.163157 -0.032635
v 0.016828 0.237986 -0.047388
v -0.036469 0.303893 -0.060320
v -0.101848 0.358345 -0.070933
v 0.079446 0.077434 -0.032616
v 0.055836 0.153639 -0.064015
v 0.016598 0.224165 -0.092954
v -0.036761 0.286301 -0.118321
v -0.102191 0.337656 -0.139140
v 0.079315 0.069558 -0.047351
v 0.055580 0.138183 -0.092934
v 0.016226 0.201723 -0.134948
v -0.037235 0.257733 -0.171775
v -0.102749 0.304062 -0.202000
v 0.079139 0.058961 -0.060266
v 0.055235 0.117383 -0.118283
v 0.015725 0.171519 -0.171756
v -0.037873 0.219288 -0.218629
v -0.103499 0.258851 -0.257098
v 0.078925 0.046048 -0.070865
v 0.054814 0.092037 -0.139086
v 0.015114 0.134716 -0.201964
v -0.038651 0.172440 -0.257080
v -0.104414 0.203761 -0.302315
v 0.078681 0.031315 -0.078742
v 0.054334 0.063122 -0.154544
v 0.014417 0.092728 -0.224410
v -0.039538 0.118994 -0.285652
v -0.105457 0.140910 -0.335914
v 0.078415 0.015329 -0.083592
v 0.053813 0.031745 -0.164064
v 0.013661 0.047167 -0.238232
v -0.040500 0.061001 -0.303246
v -0.106589 0.072712 -0.356605
v 0.078139 -0.001297 -0.085229
v 0.053272 -0.000884 -0.167278
v 0.012874 -0.000214 -0.242899
v -0.041501 0.000689 -0.309187
v -0.107766 0.001789 -0.363591
v 0.077863 -0.017923 -0.083592
v 0.052730 -0.033514 -0.164063
v 0.012088 -0.047594 -0.238232
v -0.042502 -0.059623 -0.303246
v -0.108943 -0.069135 -0.356604
v 0.077598 -0.033908 -0.078742
v 0.052209 -0.064890 -0.154544
v 0.011332 -0.093155 -0.224410
v -0.043465 -0.117616 -0.285652
v -0.110075 -0.137332 -0.335914
v 0.077353 -0.048641 -0.070865
v 0.051729 -0.093805 -0.139086
v 0.010635 -0.135143 -0.201964
v -0.044352 -0.171063 -0.257080
v -0.111118 -0.200184 -0.302315
v 0.086523 -0.001436 0.000000
v 0.077139 -0.061555 -0.060266
v 0.051309 -0.119151 -0.118283
v 0.010024 -0.171946 -0.171756
v -0.045130 -0.217909 -0.218628
v -0.112033 -0.255273 -0.257097
v 0.076963 -0.072152 -0.047351
v 0.050963 -0.139951 -0.092934
v 0.009523 -0.202150 -0.134948
v -0.045768 -0.256356 -0.171775
v -0.112783 -0.300485 -0.202000
v 0.076832 -0.080028 -0.032616
v 0.050707 -0.155407 -0.064015
v 0.009150 -0.224593 -0.092954
v -0.046242 -0.284924 -0.118321
v -0.113341 -0.334079 -0.139140
v 0.076752 -0.084877 -0.016628
v 0.050549 -0.164925 -0.032634
v 0.008921 -0.238413 -0.047388
v -0.046534 -0.302515 -0.060320
v -0.113684 -0.354766 -0.070933
v 0.076725 -0.086514 0.000000
v 0.050496 -0.168139 0.000000
v 0.008843 -0.243079 0.000000
v -0.046632 -0.308456 -0.000000
v -0.113800 -0.361752 -0.000000
v 0.076752 -0.084876 0.016628
v 0.050549 -0.164925 0.032634
v 0.008921 -0.238413 0.047387
v -0.046534 -0.302515 0.060320
v -0.113684 -0.354766 0.070933
v 0.076832 -0.080028 0.032616
v 0.050707 -0.155407 0.064015
v 0.009150 -0.224593 0.092954
v -0.046242 -0.284924 0.118321
v -0.113341 -0.334079 0.139140
v 0.076963 -0.072152 0.047351
v 0.050963 -0.139951 0.092934
v 0.009523 -0.202150 0.134948
v -0.045768 -0.256356 0.171775
v -0.112783 -0.300484 0.202000
v 0.077139 -0.061555 0.060266
v 0.051309 -0.119151 0.118283
v 0.010024 -0.171946 0.171756
v -0.045130 -0.217909 0.218628
v -0.112033 -0.255273 0.257097
v 0.077353 -0.048641 0.070865
v 0.051729 -0.093805 0.139086
v 0.010635 -0.135143 0.201964
v -0.044352 -0.171063 0.257080
v -0.111118 -0.200184 0.302315
v 0.077598 -0.033908 0.078742
v 0.052209 -0.064890 0.154544
v 0.011332 -0.093155 0.224410
v -0.043465 -0.117616 0.285652
v -0.110075 -0.137332 0.335914
v 0.077863 -0.017923 0.083591
v 0.052730 -0.033514 0.164063
v 0.012088 -0.047594 0.238232
v -0.042502 -0.059623 0.303246
v -0.108943 -0.069135 0.356604
v -0.176313 0.084464 0.409860
v -0.177666 0.002949 0.417890
v -0.175012 0.162847 0.386080
v -0.173813 0.235084 0.347463
v -0.172762 0.298401 0.295493
v -0.171899 0.350364 0.232167
v -0.171258 0.388976 0.159919
v -0.170864 0.412752 0.081526
v -0.170730 0.420781 -0.000000
v -0.170864 0.412752 -0.081526
v -0.171258 0.388976 -0.159920
v -0.171899 0.350364 -0.232167
v -0.172762 0.298401 -0.295493
v -0.173813 0.235084 -0.347463
v -0.175012 0.162847 -0.386080
v -0.176313 0.084464 -0.409860
v -0.177666 0.002949 -0.417890
v -0.179018 -0.078566 -0.409860
v -0.180319 -0.156948 -0.386080
v -0.181518 -0.229186 -0.347463
v -0.182569 -0.292503 -0.295493
v -0.183432 -0.344466 -0.232167
v -0.184073 -0.383078 -0.159920
v -0.184467 -0.406855 -0.081526
v -0.184601 -0.414884 -0.000000
v -0.184467 -0.406855 0.081526
v -0.184073 -0.383078 0.159919
v -0.183432 -0.344466 0.232167
v -0.182569 -0.292503 0.295493
v -0.181518 -0.229186 0.347462
v -0.180319 -0.156948 0.386080
v -0.179019 -0.078566 0.409860
v -0.183424 0.082001 0.396886
v -0.184735 0.003066 0.404661
v -0.182165 0.157902 0.373858
v -0.181004 0.227853 0.336464
v -0.179986 0.289166 0.286139
v -0.179151 0.339484 0.224818
v -0.178530 0.376873 0.154857
v -0.178148 0.399898 0.078946
v -0.178019 0.407671 -0.000000
v -0.178148 0.399898 -0.078946
v -0.178530 0.376873 -0.154857
v -0.179151 0.339484 -0.224818
v -0.179986 0.289166 -0.286139
v -0.181004 0.227853 -0.336464
v -0.182165 0.157902 -0.373858
v -0.183424 0.082001 -0.396886
v -0.184735 0.003066 -0.404661
v -0.186045 -0.075869 -0.396886
v -0.187304 -0.151769 -0.373858
v -0.188466 -0.221721 -0.336464
v -0.189483 -0.283033 -0.286139
v -0.190318 -0.333351 -0.224818
v -0.190939 -0.370740 -0.154857
v -0.191321 -0.393765 -0.078946
v -0.191450 -0.401539 -0.000000
v -0.191321 -0.393765 0.078946
v -0.190939 -0.370740 0.154857
v -0.190318 -0.333351 0.224818
v -0.189483 -0.283033 0.286139
v -0.188466 -0.221721 0.336463
v -0.187305 -0.151769 0.373858
v -0.186045 -0.075869 0.396886
v -0.169056 0.417956 0.046020
v -0.170805 0.416266 0.045850
v -0.170789 0.417268 0.035676
v -0.093286 0.374579 0.031598
v -0.093302 0.373577 0.041773
v 0.069948 0.170797 0.011797
v 0.069931 0.169795 0.021972
v 0.029425 0.247927 0.029600
v 0.029441 0.248929 0.019425
v -0.025693 0.316735 0.036286
v -0.025677 0.317737 0.026111
v -0.169597 0.385359 -0.167692
v -0.171344 0.383813 -0.166979
v -0.171414 0.379595 -0.176292
v -0.093853 0.340412 -0.159124
v -0.093783 0.344632 -0.149812
v 0.069664 0.153663 -0.075750
v 0.069734 0.157881 -0.066438
v 0.029118 0.229452 -0.098556
v 0.029048 0.225233 -0.107869
v -0.026095 0.292510 -0.126708
v -0.026165 0.288291 -0.136021
v -0.171839 0.250287 -0.336472
v -0.173576 0.249310 -0.335067
v -0.173714 0.241000 -0.341022
v -0.095926 0.215476 -0.307210
v -0.095788 0.223785 -0.301255
v 0.068691 0.095057 -0.143000
v 0.068829 0.103366 -0.137045
v 0.027789 0.149384 -0.200304
v 0.027651 0.141075 -0.206259
v -0.027796 0.190044 -0.255751
v -0.027934 0.181736 -0.261706
v -0.175181 0.048934 -0.415093
v -0.176905 0.048793 -0.413374
v -0.177073 0.038620 -0.414376
v -0.098951 0.033246 -0.372979
v -0.098782 0.043418 -0.371977
v 0.067291 0.010682 -0.171934
v 0.067459 0.020855 -0.170932
v 0.025794 0.029176 -0.248381
v 0.025625 0.019002 -0.249383
v -0.030340 0.036795 -0.316265
v -0.030508 0.026621 -0.317267
v -0.178728 -0.164749 -0.382491
v -0.180437 -0.164007 -0.380918
v -0.180591 -0.173319 -0.376698
v -0.102116 -0.157451 -0.338808
v -0.101961 -0.148140 -0.343028
v 0.065838 -0.076853 -0.154798
v 0.065992 -0.067542 -0.159017
v 0.023667 -0.098962 -0.229904
v 0.023512 -0.108273 -0.225684
v -0.033044 -0.126177 -0.292037
v -0.033199 -0.135488 -0.287817
v -0.181529 -0.333504 -0.247401
v -0.183226 -0.332072 -0.246395
v -0.183325 -0.338026 -0.238084
v -0.104574 -0.305517 -0.213854
v -0.104475 -0.299562 -0.222165
v 0.064722 -0.144094 -0.096184
v 0.064820 -0.138140 -0.104494
v 0.021978 -0.200696 -0.149825
v 0.021880 -0.206651 -0.141514
v -0.035186 -0.255202 -0.189557
v -0.035285 -0.261156 -0.181247
v -0.184542 -0.411370 -0.035676
v -0.105665 -0.371277 -0.031599
v 0.064241 -0.173024 -0.011797
v 0.021164 -0.249769 -0.019425
v -0.036207 -0.316710 -0.026111
v -0.105098 -0.337110 0.159124
v 0.064526 -0.155890 0.075750
v 0.021557 -0.226073 0.107868
v -0.035718 -0.287264 0.136020
v -0.180051 -0.244447 0.336471
v -0.181755 -0.243412 0.335067
v -0.181617 -0.235102 0.341022
v -0.103024 -0.212173 0.307210
v -0.103162 -0.220483 0.301255
v 0.065499 -0.097284 0.143000
v 0.065361 -0.105593 0.137045
v 0.022816 -0.150224 0.200304
v 0.022954 -0.141914 0.206259
v -0.034088 -0.189017 0.255751
v -0.033950 -0.180708 0.261706
v -0.176709 -0.043093 0.415093
v -0.178426 -0.042895 0.413374
v -0.100000 -0.029943 0.372979
v -0.100169 -0.040116 0.371976
v 0.066899 -0.012909 0.171934
v 0.066730 -0.023083 0.170932
v 0.024811 -0.030016 0.248381
v 0.024980 -0.019842 0.249383
v -0.031544 -0.035767 0.316265
v -0.031375 -0.025594 0.317267
v -0.173162 0.170589 0.382491
v -0.174894 0.169905 0.380917
v -0.174740 0.179217 0.376698
v -0.096835 0.160753 0.338808
v -0.096989 0.151442 0.343028
v 0.068352 0.074626 0.154798
v 0.068197 0.065315 0.159017
v 0.026938 0.098122 0.229904
v 0.027093 0.107433 0.225684
v -0.028839 0.127204 0.292037
v -0.028684 0.136516 0.287817
v -0.170361 0.339346 0.247401
v -0.172105 0.337970 0.246394
v -0.172006 0.343924 0.238084
v -0.094377 0.308819 0.213854
v -0.094476 0.302865 0.222165
v 0.069468 0.141867 0.096184
v 0.069369 0.135913 0.104494
v 0.028627 0.199856 0.149825
v 0.028725 0.205811 0.141514
v -0.026697 0.256229 0.189557
v -0.026599 0.262184 0.181247
v -0.170789 0.417268 0.035676
v -0.169039 0.418959 0.035845
v -0.169039 0.418959 0.035845
v -0.169056 0.417956 0.046020
v -0.091554 0.375267 0.041942
v -0.091537 0.376269 0.031768
v -0.170805 0.416266 0.045850
v 0.031173 0.249617 0.029769
v 0.071681 0.171485 0.022141
v 0.071697 0.172487 0.011967
v 0.031189 0.250619 0.019595
v -0.023945 0.318426 0.036455
v -0.023928 0.319428 0.026281
v -0.171414 0.379595 -0.176292
v -0.169667 0.381140 -0.177005
v -0.169667 0.381140 -0.177005
v -0.169597 0.385359 -0.167692
v -0.092037 0.346177 -0.150525
v -0.092107 0.341958 -0.159837
v -0.171344 0.383813 -0.166979
v 0.030864 0.230998 -0.099269
v 0.071481 0.159427 -0.067151
v 0.071411 0.155208 -0.076463
v 0.030794 0.226778 -0.108582
v -0.024349 0.294055 -0.127421
v -0.024419 0.289836 -0.136734
v -0.173714 0.241000 -0.341022
v -0.171977 0.241978 -0.342427
v -0.171977 0.241978 -0.342427
v -0.171839 0.250287 -0.336472
v -0.094052 0.224763 -0.302659
v -0.094190 0.216454 -0.308614
v -0.173576 0.249310 -0.335067
v 0.029525 0.150362 -0.201708
v 0.070566 0.104344 -0.138450
v 0.070428 0.096034 -0.144405
v 0.029388 0.142053 -0.207664
v -0.026059 0.191023 -0.257155
v -0.026197 0.182713 -0.263110
v -0.177073 0.038620 -0.414376
v -0.175350 0.038760 -0.416096
v -0.175350 0.038760 -0.416096
v -0.175181 0.048934 -0.415093
v -0.097059 0.043559 -0.373696
v -0.097228 0.033386 -0.374698
v -0.176905 0.048793 -0.413374
v 0.027516 0.029316 -0.250100
v 0.069183 0.020996 -0.172651
v 0.069014 0.010823 -0.173653
v 0.027347 0.019144 -0.251102
v -0.028617 0.036935 -0.317985
v -0.028786 0.026762 -0.318987
v -0.180591 -0.173319 -0.376698
v -0.178882 -0.174060 -0.378272
v -0.178882 -0.174060 -0.378272
v -0.178728 -0.164749 -0.382491
v -0.100254 -0.148882 -0.344602
v -0.100408 -0.158192 -0.340382
v -0.180437 -0.164007 -0.380918
v 0.025375 -0.099704 -0.231478
v 0.067701 -0.068284 -0.160591
v 0.067547 -0.077595 -0.156372
v 0.025220 -0.109016 -0.227258
v -0.031337 -0.126918 -0.293611
v -0.031491 -0.136230 -0.289391
v -0.183325 -0.338026 -0.238084
v -0.181627 -0.339460 -0.239091
v -0.181627 -0.339460 -0.239091
v -0.181529 -0.333504 -0.247401
v -0.102778 -0.300995 -0.223171
v -0.102877 -0.306949 -0.214861
v -0.183226 -0.332072 -0.246395
v 0.023675 -0.202129 -0.150831
v 0.066518 -0.139573 -0.105501
v 0.066419 -0.145527 -0.097190
v 0.023576 -0.208083 -0.142521
v -0.033490 -0.256635 -0.190564
v -0.033588 -0.262589 -0.182253
v -0.184542 -0.411370 -0.035676
v -0.182850 -0.413117 -0.035845
v -0.182850 -0.413117 -0.035845
v -0.182833 -0.412116 -0.046020
v -0.103974 -0.373024 -0.031768
v -0.184526 -0.410368 -0.045850
v 0.065934 -0.174771 -0.011967
v 0.022855 -0.251516 -0.019595
v -0.034516 -0.318458 -0.026281
v -0.183917 -0.373697 0.176292
v -0.182222 -0.375300 0.177005
v -0.103404 -0.338713 0.159837
v 0.066220 -0.157492 0.076463
v 0.023251 -0.227675 0.108581
v -0.034025 -0.288866 0.136734
v -0.181617 -0.235102 0.341022
v -0.179913 -0.236138 0.342427
v -0.179913 -0.236138 0.342427
v -0.180051 -0.244447 0.336471
v -0.101459 -0.221518 0.302659
v -0.101321 -0.213209 0.308614
v -0.181755 -0.243412 0.335067
v 0.024519 -0.151259 0.201708
v 0.067065 -0.106628 0.138450
v 0.067203 -0.098319 0.144405
v 0.024657 -0.142950 0.207663
v -0.032384 -0.190053 0.257155
v -0.032247 -0.181743 0.263110
v -0.178258 -0.032722 0.414376
v -0.176540 -0.032920 0.416095
v -0.098452 -0.040314 0.373696
v -0.098283 -0.030141 0.374698
v 0.026528 -0.030213 0.250100
v 0.068448 -0.023280 0.172651
v 0.068617 -0.013108 0.173653
v 0.026697 -0.020041 0.251102
v -0.029827 -0.035965 0.317985
v -0.029658 -0.025792 0.318987
v -0.174740 0.179217 0.376698
v -0.173007 0.179901 0.378272
v -0.173007 0.179901 0.378272
v -0.173162 0.170589 0.382491
v -0.095258 0.152127 0.344601
v -0.095103 0.161438 0.340382
v -0.174894 0.169905 0.380917
v 0.028670 0.098807 0.231478
v 0.069930 0.066000 0.160591
v 0.070084 0.075310 0.156371
v 0.028824 0.108119 0.227258
v -0.027107 0.127889 0.293610
v -0.026953 0.137200 0.289391
v -0.172006 0.343924 0.238084
v -0.170262 0.345300 0.239090
v -0.170262 0.345300 0.239090
v -0.170361 0.339346 0.247401
v -0.092733 0.304240 0.223171
v -0.092634 0.310194 0.214861
v -0.172105 0.337970 0.246394
v 0.030370 0.201232 0.150831
v 0.071113 0.137289 0.105500
v 0.071212 0.143243 0.097190
v 0.030469 0.207186 0.142521
v -0.024954 0.257605 0.190563
v -0.024856 0.263559 0.182253
vn 0.4930 -0.0082 0.8700
vn 0.2609 0.3658 0.8934
vn 0.2548 -0.0042 0.9670
vn -0.9999 0.0166 -0.0000
vn -0.9616 0.0160 0.2738
vn -0.9599 0.1207 0.2530
vn 0.8588 -0.0143 0.5120
vn 0.9634 0.0888 0.2530
vn 0.8621 0.1817 0.4731
vn -0.6990 0.0116 0.7150
vn -0.4875 0.3411 0.8037
vn -0.6944 0.2852 0.6606
vn -0.0000 -0.0000 1.0000
vn 0.0064 0.3826 0.9239
vn 0.7035 0.2620 0.6606
vn 0.6990 -0.0116 0.7150
vn -0.8588 0.0143 0.5120
vn -0.8556 0.2102 0.4731
vn -0.2486 0.3742 0.8934
vn -0.2548 0.0042 0.9670
vn 0.4986 0.3247 0.8037
vn 0.9616 -0.0160 0.2738
vn 0.9999 -0.0166 -0.0000
vn -0.4930 0.0082 0.8700
vn 0.7074 0.4940 0.5056
vn -0.6906 0.5172 0.5056
vn -0.8528 0.3763 0.3620
vn -0.2435 0.6879 0.6837
vn 0.5033 0.6069 0.6151
vn -0.9584 0.2096 0.1937
vn 0.9648 0.1776 0.1937
vn -0.4828 0.6233 0.6151
vn 0.2662 0.6794 0.6837
vn 0.8649 0.3478 0.3620
vn 0.0117 0.7070 0.7071
vn -0.9574 0.2690 0.1048
vn 0.9658 0.2370 0.1048
vn 0.8667 0.4587 0.1959
vn -0.6880 0.6722 0.2737
vn 0.0153 0.9237 0.3827
vn 0.7099 0.6490 0.2737
vn -0.8510 0.4872 0.1959
vn -0.2400 0.8975 0.3700
vn 0.5064 0.7954 0.3329
vn -0.4797 0.8118 0.3329
vn 0.2697 0.8890 0.3700
vn 0.5075 0.8616 -0.0000
vn -0.8504 0.5262 -0.0000
vn -0.9571 0.2898 -0.0000
vn 0.9662 0.2579 -0.0000
vn -0.4786 0.8780 -0.0000
vn 0.2709 0.9626 -0.0000
vn 0.8674 0.4977 -0.0000
vn -0.6871 0.7266 -0.0000
vn 0.0166 0.9999 -0.0000
vn 0.7108 0.7034 -0.0000
vn -0.2388 0.9711 -0.0000
vn 0.8667 0.4587 -0.1959
vn 0.7099 0.6489 -0.2737
vn -0.8510 0.4873 -0.1959
vn -0.2400 0.8975 -0.3700
vn 0.5064 0.7954 -0.3329
vn -0.9574 0.2689 -0.1048
vn 0.9658 0.2370 -0.1048
vn -0.4797 0.8118 -0.3329
vn 0.2697 0.8890 -0.3700
vn -0.6880 0.6722 -0.2737
vn 0.0153 0.9237 -0.3827
vn 0.2662 0.6794 -0.6838
vn -0.9584 0.2096 -0.1936
vn 0.8648 0.3478 -0.3621
vn -0.6906 0.5172 -0.5056
vn 0.0117 0.7070 -0.7071
vn 0.7074 0.4939 -0.5056
vn -0.8528 0.3763 -0.3621
vn -0.2435 0.6879 -0.6838
vn 0.5033 0.6069 -0.6151
vn 0.9649 0.1776 -0.1936
vn -0.4829 0.6232 -0.6151
vn 0.4986 0.3247 -0.8037
vn -0.9599 0.1208 -0.2530
vn 0.9634 0.0888 -0.2530
vn -0.4876 0.3411 -0.8037
vn 0.2610 0.3658 -0.8934
vn 0.8621 0.1817 -0.4731
vn -0.6944 0.2852 -0.6606
vn 0.0064 0.3826 -0.9239
vn 0.7035 0.2620 -0.6606
vn -0.8556 0.2102 -0.4730
vn -0.2487 0.3742 -0.8934
vn -0.0000 -0.0000 -1.0000
vn 0.8589 -0.0143 -0.5120
vn 0.6990 -0.0116 -0.7151
vn -0.8589 0.0143 -0.5120
vn -0.2549 0.0042 -0.9670
vn 0.4931 -0.0082 -0.8700
vn -0.9616 0.0160 -0.2739
vn 0.9616 -0.0160 -0.2739
vn -0.4931 0.0082 -0.8700
vn 0.2549 -0.0042 -0.9670
vn -0.6990 0.0116 -0.7151
vn 0.2487 -0.3742 -0.8934
vn -0.9634 -0.0888 -0.2530
vn 0.9599 -0.1208 -0.2530
vn 0.8556 -0.2102 -0.4731
vn -0.7035 -0.2620 -0.6606
vn -0.0063 -0.3826 -0.9239
vn 0.6944 -0.2852 -0.6606
vn -0.8621 -0.1817 -0.4730
vn -0.2610 -0.3658 -0.8934
vn 0.4876 -0.3411 -0.8037
vn -0.4986 -0.3247 -0.8037
vn -0.2662 -0.6794 -0.6838
vn 0.6906 -0.5172 -0.5056
vn 0.4829 -0.6232 -0.6151
vn -0.8648 -0.3478 -0.3621
vn -0.9649 -0.1776 -0.1936
vn 0.9584 -0.2096 -0.1936
vn -0.5033 -0.6069 -0.6151
vn 0.2435 -0.6879 -0.6838
vn 0.8528 -0.3763 -0.3621
vn -0.7074 -0.4939 -0.5056
vn -0.0117 -0.7070 -0.7071
vn -0.0153 -0.9237 -0.3827
vn 0.6880 -0.6721 -0.2737
vn -0.7099 -0.6489 -0.2737
vn -0.8667 -0.4587 -0.1959
vn -0.2697 -0.8890 -0.3700
vn 0.4797 -0.8118 -0.3329
vn -0.9658 -0.2370 -0.1048
vn 0.9574 -0.2689 -0.1048
vn -0.5064 -0.7954 -0.3329
vn 0.2400 -0.8975 -0.3700
vn 0.8510 -0.4873 -0.1959
vn -0.5075 -0.8616 -0.0000
vn 0.4786 -0.8780 -0.0000
vn 0.2388 -0.9711 -0.0000
vn -0.9662 -0.2579 -0.0000
vn 0.8504 -0.5262 -0.0000
vn -0.7108 -0.7034 -0.0000
vn -0.0166 -0.9999 -0.0000
vn 0.6871 -0.7266 -0.0000
vn -0.8674 -0.4977 -0.0000
vn -0.2709 -0.9626 -0.0000
vn 0.9571 -0.2898 -0.0000
vn -0.2697 -0.8890 0.3700
vn 0.6880 -0.6722 0.2737
vn 0.4797 -0.8118 0.3329
vn -0.9658 -0.2370 0.1048
vn 0.9574 -0.2690 0.1048
vn -0.5064 -0.7954 0.3329
vn 0.2400 -0.8975 0.3700
vn 0.8510 -0.4872 0.1959
vn -0.7099 -0.6490 0.2737
vn -0.0153 -0.9237 0.3827
vn -0.8667 -0.4587 0.1959
vn -0.5033 -0.6069 0.6151
vn -0.7074 -0.4939 0.5056
vn 0.2435 -0.6879 0.6837
vn -0.0117 -0.7070 0.7071
vn 0.8528 -0.3763 0.3620
vn 0.6906 -0.5172 0.5056
vn -0.8649 -0.3477 0.3620
vn -0.2662 -0.6794 0.6837
vn 0.4828 -0.6233 0.6151
vn -0.9649 -0.1776 0.1937
vn 0.9584 -0.2096 0.1937
vn 0.9599 -0.1207 0.2530
vn -0.4986 -0.3247 0.8037
vn 0.4875 -0.3411 0.8037
vn 0.2486 -0.3742 0.8934
vn -0.9634 -0.0888 0.2530
vn 0.8556 -0.2102 0.4731
vn -0.7035 -0.2620 0.6606
vn -0.0063 -0.3826 0.9239
vn 0.6944 -0.2852 0.6606
vn -0.8621 -0.1817 0.4731
vn -0.2609 -0.3658 0.8934
vn -0.0356 0.0006 0.9994
vn -0.0293 0.3830 0.9233
vn -0.0239 0.7072 0.7067
vn -0.0203 0.9237 0.3825
vn -0.0203 0.9238 0.3825
vn -0.0190 0.9998 -0.0000
vn -0.0203 0.9237 -0.3825
vn -0.0239 0.7072 -0.7067
vn -0.0293 0.3830 -0.9233
vn -0.0356 0.0006 -0.9994
vn -0.0419 -0.3818 -0.9233
vn -0.0419 -0.3819 -0.9233
vn -0.0473 -0.7060 -0.7067
vn -0.0509 -0.9226 -0.3825
vn -0.0522 -0.9986 -0.0000
vn -0.0509 -0.9226 0.3825
vn -0.0473 -0.7060 0.7067
vn -0.0419 -0.3818 0.9233
vn -0.0419 -0.3819 0.9233
vn -0.8803 0.1066 0.4623
vn -0.8818 0.0146 0.4713
vn -0.8788 0.1950 0.4355
vn -0.8775 0.2765 0.3919
vn -0.8763 0.3479 0.3333
vn -0.8753 0.4065 0.2619
vn -0.8746 0.4500 0.1804
vn -0.8741 0.4769 0.0920
vn -0.8740 0.4859 -0.0000
vn -0.8741 0.4769 -0.0920
vn -0.8746 0.4500 -0.1804
vn -0.8753 0.4065 -0.2619
vn -0.8763 0.3479 -0.3333
vn -0.8775 0.2765 -0.3919
vn -0.8788 0.1950 -0.4355
vn -0.8803 0.1066 -0.4623
vn -0.8818 0.0146 -0.4713
vn -0.8833 -0.0773 -0.4623
vn -0.8848 -0.1657 -0.4355
vn -0.8862 -0.2472 -0.3919
vn -0.8874 -0.3186 -0.3333
vn -0.8883 -0.3772 -0.2619
vn -0.8891 -0.4208 -0.1804
vn -0.8895 -0.4476 -0.0920
vn -0.8896 -0.4566 -0.0000
vn -0.8895 -0.4476 0.0920
vn -0.8897 -0.4566 -0.0000
vn -0.8891 -0.4208 0.1804
vn -0.8883 -0.3772 0.2619
vn -0.8874 -0.3186 0.3333
vn -0.8862 -0.2472 0.3919
vn -0.8848 -0.1657 0.4355
vn -0.8833 -0.0773 0.4623
vn 0.5674 0.8194 0.0816
vn 0.4841 0.8707 0.0866
vn 0.8393 0.5408 0.0546
vn 0.8887 0.4562 0.0464
vn 0.7170 0.6936 0.0695
vn 0.8393 0.5409 0.0546
vn 0.4829 0.7963 -0.3643
vn 0.5663 0.7491 -0.3437
vn 0.8386 0.4939 -0.2301
vn 0.8880 0.4163 -0.1953
vn 0.7160 0.6338 -0.2925
vn 0.5617 0.4758 -0.6768
vn 0.4781 0.5064 -0.7176
vn 0.8854 0.2609 -0.3846
vn 0.8355 0.3109 -0.4530
vn 0.7122 0.4011 -0.5761
vn 0.5550 0.0724 -0.8287
vn 0.4710 0.0788 -0.8786
vn 0.8310 0.0408 -0.5547
vn 0.8816 0.0318 -0.4709
vn 0.7065 0.0577 -0.7054
vn 0.4635 -0.3721 -0.8042
vn 0.5480 -0.3528 -0.7584
vn 0.8263 -0.2438 -0.5077
vn 0.8776 -0.2099 -0.4310
vn 0.7005 -0.3042 -0.6456
vn 0.5424 -0.6859 -0.4850
vn 0.4577 -0.7253 -0.5143
vn 0.8226 -0.4668 -0.3247
vn 0.8745 -0.3992 -0.2756
vn 0.6958 -0.5878 -0.4128
vn 0.0017 0.0979 -0.9952
vn 0.0015 0.0982 -0.9952
vn 0.4550 -0.8863 -0.0865
vn 0.5399 -0.8378 -0.0816
vn 0.5399 -0.8377 -0.0816
vn 0.8209 -0.5684 -0.0546
vn 0.8730 -0.4854 -0.0464
vn 0.6936 -0.7170 -0.0695
vn 0.0015 0.0983 -0.9952
vn 0.0014 0.0981 -0.9952
vn -0.7191 -0.6310 0.2912
vn -0.7191 -0.6309 0.2912
vn -0.0068 -0.4127 -0.9108
vn -0.0069 -0.4126 -0.9109
vn 0.5411 -0.7676 0.3436
vn 0.4562 -0.8119 0.3643
vn 0.8217 -0.5214 0.2301
vn 0.8737 -0.4455 0.1953
vn 0.6946 -0.6572 0.2925
vn 0.5456 -0.4941 0.6768
vn 0.4610 -0.5220 0.7176
vn 0.8763 -0.2902 0.3846
vn 0.8247 -0.3384 0.4531
vn 0.6985 -0.4245 0.5761
vn -0.7095 -0.0574 0.7024
vn -0.7094 -0.0574 0.7024
vn 0.4681 -0.0943 0.8786
vn 0.5523 -0.0908 0.8287
vn 0.8292 -0.0684 0.5547
vn 0.8801 -0.0610 0.4709
vn 0.7042 -0.0812 0.7054
vn 0.5594 0.3344 0.7585
vn 0.4756 0.3565 0.8042
vn 0.8340 0.2162 0.5077
vn 0.8841 0.1807 0.4310
vn 0.7102 0.2807 0.6456
vn 0.4815 0.7098 0.5142
vn 0.5649 0.6676 0.4850
vn 0.8377 0.4392 0.3247
vn 0.8872 0.3699 0.2756
vn 0.7149 0.5643 0.4129
vn -0.0064 -0.3826 -0.9239
vn 0.0153 0.9238 0.3827
vn -0.0153 -0.9238 -0.3827
vn 0.0153 0.9238 -0.3827
vn -0.0153 -0.9238 0.3827
vn -0.0064 -0.3826 0.9239
vn -0.4294 0.7572 -0.4922
vn -0.4442 0.8056 -0.3920
vn -0.4558 0.8580 -0.2369
vn 0.0508 0.4890 -0.8708
vn 0.0579 0.4919 -0.8687
vn 0.0722 0.4978 -0.8643
vn -0.7747 -0.3065 0.5530
vn 0.0144 0.8659 0.5000
vn -0.0144 -0.8659 -0.5000
vn 0.7747 0.3065 -0.5531
vn 0.8065 0.2855 -0.5177
vn 0.8065 0.2856 -0.5177
vn -0.8065 -0.2855 0.5177
vn -0.4330 -0.0038 -0.9014
vn -0.4469 -0.1014 -0.8888
vn -0.4217 0.0595 -0.9048
vn -0.7633 0.3156 -0.5636
vn -0.7755 0.3154 -0.5469
vn -0.7572 0.3157 -0.5719
vn -0.4457 -0.2290 -0.8654
vn -0.4595 -0.1185 -0.8802
vn -0.4693 0.0453 -0.8819
vn 0.0314 -0.6774 -0.7349
vn 0.0385 -0.6746 -0.7372
vn 0.0528 -0.6687 -0.7416
vn -0.7623 0.4400 0.4746
vn 0.0123 0.7430 -0.6691
vn -0.0123 -0.7430 0.6691
vn 0.7623 -0.4400 -0.4746
vn 0.7950 -0.4132 -0.4442
vn 0.7948 -0.4133 -0.4443
vn -0.0124 -0.7431 0.6691
vn -0.0123 -0.7430 0.6692
vn 0.0124 0.7431 -0.6690
vn 0.0124 0.7431 -0.6691
vn -0.7949 0.4132 0.4442
vn -0.7950 0.4132 0.4442
vn -0.4471 -0.8533 -0.2681
vn -0.4597 -0.8714 -0.1713
vn -0.4366 -0.8371 -0.3296
vn -0.7757 -0.4296 -0.4623
vn -0.7876 -0.4137 -0.4567
vn -0.7697 -0.4375 -0.4650
vn -0.4567 -0.8886 -0.0426
vn -0.4720 -0.8684 -0.1521
vn -0.4836 -0.8192 -0.3083
vn 0.0276 -0.9087 0.4166
vn 0.0346 -0.9100 0.4131
vn 0.0487 -0.9126 0.4059
vn -0.7597 0.5961 -0.2598
vn -0.0068 -0.4067 -0.9135
vn -0.0068 -0.4067 -0.9136
vn 0.0067 0.4067 0.9135
vn 0.0068 0.4067 0.9136
vn 0.7597 -0.5961 0.2597
vn 0.7597 -0.5961 0.2598
vn 0.7926 -0.5592 0.2431
vn 0.7925 -0.5593 0.2431
vn 0.0067 0.4066 0.9136
vn 0.0068 0.4068 0.9135
vn -0.0068 -0.4068 -0.9135
vn -0.0067 -0.4066 -0.9136
vn -0.7926 0.5592 -0.2431
vn -0.4415 -0.5137 0.7356
vn -0.4523 -0.4270 0.7830
vn -0.4321 -0.5672 0.7011
vn -0.7779 -0.5635 0.2779
vn -0.7899 -0.5532 0.2647
vn -0.7719 -0.5686 0.2845
vn -0.4471 -0.3101 0.8390
vn -0.4643 -0.4077 0.7862
vn -0.4790 -0.5409 0.6914
vn 0.0446 0.1149 0.9924
vn 0.0515 0.1110 0.9925
vn 0.0656 0.1033 0.9925
vn -0.7705 -0.0539 -0.6351
vn -0.7705 -0.0540 -0.6351
vn -0.0165 -0.9944 0.1045
vn 0.0165 0.9944 -0.1045
vn 0.7705 0.0540 0.6351
vn 0.8026 0.0492 0.5944
vn 0.8026 0.0492 0.5945
vn 0.0164 0.9944 -0.1044
vn -0.0166 -0.9944 0.1047
vn -0.0165 -0.9944 0.1046
vn -0.0166 -0.9944 0.1048
vn -0.8026 -0.0492 -0.5945
vn -0.4239 0.5458 0.7228
vn -0.4350 0.6177 0.6551
vn -0.4145 0.4962 0.7629
vn -0.7669 0.0990 0.6340
vn -0.7792 0.0897 0.6203
vn -0.7607 0.1036 0.6408
vn -0.4302 0.7071 0.5612
vn -0.4472 0.6269 0.6380
vn -0.4618 0.4957 0.7355
vn 0.0590 0.9787 0.1967
vn 0.0660 0.9775 0.2003
vn 0.0802 0.9749 0.2075
vn -0.7798 -0.6118 -0.1328
vn -0.0034 -0.2079 0.9782
vn -0.0035 -0.2079 0.9781
vn 0.0034 0.2079 -0.9782
vn 0.7798 0.6118 0.1328
vn 0.8113 0.5713 0.1243
vn 0.8112 0.5714 0.1243
vn 0.8113 0.5712 0.1243
vn 0.0035 0.2079 -0.9781
vn 0.0034 0.2079 -0.9781
vn -0.0034 -0.2079 0.9781
vn -0.0034 -0.2080 0.9781
vn -0.8113 -0.5713 -0.1243
vn -0.4187 0.8609 -0.2890
vn -0.4316 0.8190 -0.3781
vn -0.4080 0.8836 -0.2297
vn -0.7579 0.6423 0.1139
vn -0.7703 0.6265 0.1187
vn -0.7516 0.6501 0.1115
vn 0.7040 -0.0117 0.7101
vn 0.5554 0.1534 0.8173
vn 0.5527 -0.0092 0.8333
vn 0.4742 0.1642 0.8650
vn 0.4713 -0.0078 0.8819
vn 0.9795 -0.0163 0.2010
vn 0.9801 0.0229 0.1971
vn 0.9216 -0.0153 0.3879
vn 0.9228 0.0604 0.3804
vn 0.8303 0.0954 0.5490
vn 0.8285 -0.0138 0.5598
vn 0.7063 0.1268 0.6965
vn 0.8321 0.2004 0.5172
vn 0.7085 0.2600 0.6561
vn 0.5580 0.3097 0.7699
vn 0.4769 0.3296 0.8148
vn 0.9807 0.0606 0.1857
vn 0.9240 0.1331 0.3584
vn 0.9813 0.0954 0.1671
vn 0.9252 0.2002 0.3225
vn 0.8337 0.2972 0.4654
vn 0.7105 0.3828 0.5905
vn 0.5604 0.4537 0.6929
vn 0.4795 0.4821 0.7333
vn 0.5625 0.5800 0.5893
vn 0.4817 0.6157 0.6236
vn 0.9818 0.1258 0.1421
vn 0.9261 0.2589 0.2743
vn 0.8351 0.3820 0.3958
vn 0.7123 0.4904 0.5021
vn 0.9822 0.1508 0.1116
vn 0.9269 0.3072 0.2155
vn 0.8363 0.4516 0.3110
vn 0.7138 0.5787 0.3945
vn 0.5642 0.6836 0.4630
vn 0.4835 0.7254 0.4900
vn 0.7149 0.6443 0.2718
vn 0.5655 0.7606 0.3189
vn 0.4848 0.8069 0.3375
vn 0.9825 0.1694 0.0769
vn 0.9275 0.3430 0.1484
vn 0.8371 0.5033 0.2142
vn 0.9827 0.1808 0.0392
vn 0.9279 0.3651 0.0757
vn 0.8376 0.5352 0.1092
vn 0.7155 0.6847 0.1385
vn 0.5662 0.8080 0.1626
vn 0.4857 0.8570 0.1721
vn 0.5665 0.8241 -0.0000
vn 0.4860 0.8740 -0.0000
vn 0.9828 0.1847 -0.0000
vn 0.9280 0.3725 -0.0000
vn 0.8378 0.5459 -0.0000
vn 0.7157 0.6984 -0.0000
vn 0.9279 0.3651 -0.0757
vn 0.8376 0.5352 -0.1092
vn 0.7155 0.6847 -0.1385
vn 0.5663 0.8080 -0.1626
vn 0.4857 0.8570 -0.1721
vn 0.9827 0.1808 -0.0392
vn 0.5655 0.7606 -0.3189
vn 0.4848 0.8069 -0.3375
vn 0.9825 0.1694 -0.0769
vn 0.9275 0.3430 -0.1484
vn 0.8371 0.5033 -0.2142
vn 0.7149 0.6443 -0.2718
vn 0.9269 0.3072 -0.2155
vn 0.8363 0.4516 -0.3110
vn 0.7138 0.5787 -0.3945
vn 0.5642 0.6836 -0.4630
vn 0.4835 0.7254 -0.4900
vn 0.9822 0.1508 -0.1116
vn 0.9818 0.1258 -0.1421
vn 0.9261 0.2589 -0.2743
vn 0.8351 0.3820 -0.3958
vn 0.7123 0.4904 -0.5021
vn 0.5625 0.5800 -0.5893
vn 0.4817 0.6157 -0.6236
vn 0.8337 0.2972 -0.4654
vn 0.7105 0.3828 -0.5905
vn 0.5604 0.4537 -0.6929
vn 0.4795 0.4821 -0.7333
vn 0.9813 0.0954 -0.1671
vn 0.9252 0.2002 -0.3225
vn 0.9807 0.0606 -0.1857
vn 0.9240 0.1331 -0.3584
vn 0.8321 0.2004 -0.5172
vn 0.7085 0.2600 -0.6561
vn 0.5580 0.3097 -0.7699
vn 0.4769 0.3296 -0.8148
vn 0.7063 0.1268 -0.6965
vn 0.5554 0.1534 -0.8173
vn 0.4742 0.1642 -0.8650
vn 0.9801 0.0229 -0.1971
vn 0.9228 0.0604 -0.3804
vn 0.8303 0.0954 -0.5490
vn 0.9795 -0.0163 -0.2010
vn 0.9216 -0.0153 -0.3879
vn 0.8285 -0.0138 -0.5598
vn 0.7040 -0.0117 -0.7101
vn 0.5527 -0.0092 -0.8333
vn 0.4713 -0.0078 -0.8819
vn 0.5500 -0.1717 -0.8173
vn 0.4685 -0.1799 -0.8650
vn 0.9788 -0.0555 -0.1971
vn 0.9203 -0.0910 -0.3804
vn 0.8267 -0.1229 -0.5490
vn 0.7017 -0.1502 -0.6965
vn 0.9782 -0.0932 -0.1857
vn 0.9191 -0.1637 -0.3584
vn 0.8250 -0.2279 -0.5172
vn 0.6995 -0.2834 -0.6561
vn 0.5474 -0.3280 -0.7699
vn 0.4657 -0.3453 -0.8148
vn 0.6974 -0.4062 -0.5905
vn 0.5450 -0.4721 -0.6929
vn 0.4632 -0.4977 -0.7333
vn 0.9776 -0.1279 -0.1671
vn 0.9180 -0.2308 -0.3225
vn 0.8234 -0.3247 -0.4654
vn 0.9771 -0.1583 -0.1421
vn 0.9170 -0.2895 -0.2743
vn 0.8220 -0.4095 -0.3958
vn 0.6956 -0.5138 -0.5021
vn 0.5429 -0.5983 -0.5893
vn 0.4610 -0.6313 -0.6236
vn 0.5412 -0.7020 -0.4630
vn 0.4592 -0.7410 -0.4900
vn 0.9767 -0.1833 -0.1116
vn 0.9162 -0.3378 -0.2155
vn 0.8208 -0.4791 -0.3110
vn 0.6942 -0.6021 -0.3945
vn 0.8199 -0.5308 -0.2142
vn 0.6931 -0.6677 -0.2718
vn 0.5399 -0.7790 -0.3189
vn 0.4578 -0.8225 -0.3375
vn 0.9764 -0.2019 -0.0769
vn 0.9156 -0.3736 -0.1484
vn 0.9762 -0.2133 -0.0392
vn 0.9153 -0.3957 -0.0757
vn 0.8194 -0.5627 -0.1092
vn 0.6924 -0.7081 -0.1385
vn 0.5391 -0.8264 -0.1626
vn 0.4570 -0.8727 -0.1721
vn 0.9151 -0.4031 -0.0000
vn 0.8192 -0.5734 -0.0000
vn 0.6922 -0.7217 -0.0000
vn 0.5389 -0.8424 -0.0000
vn 0.4567 -0.8896 -0.0000
vn 0.9761 -0.2172 -0.0000
vn 0.9762 -0.2133 0.0392
vn 0.9153 -0.3957 0.0757
vn 0.8194 -0.5627 0.1092
vn 0.6924 -0.7081 0.1385
vn 0.5391 -0.8264 0.1626
vn 0.4570 -0.8727 0.1721
vn 0.8199 -0.5308 0.2142
vn 0.6931 -0.6677 0.2718
vn 0.5399 -0.7790 0.3189
vn 0.4578 -0.8225 0.3375
vn 0.9764 -0.2019 0.0769
vn 0.9156 -0.3736 0.1484
vn 0.9767 -0.1833 0.1117
vn 0.9162 -0.3378 0.2155
vn 0.8208 -0.4791 0.3110
vn 0.6942 -0.6021 0.3945
vn 0.5412 -0.7020 0.4630
vn 0.4592 -0.7410 0.4900
vn 0.8220 -0.4095 0.3958
vn 0.6956 -0.5138 0.5021
vn 0.5429 -0.5983 0.5893
vn 0.4610 -0.6313 0.6236
vn 0.9771 -0.1583 0.1421
vn 0.9170 -0.2895 0.2743
vn 0.9776 -0.1279 0.1671
vn 0.9180 -0.2308 0.3225
vn 0.8234 -0.3247 0.4654
vn 0.6974 -0.4062 0.5905
vn 0.5450 -0.4721 0.6929
vn 0.4632 -0.4977 0.7333
vn 0.5474 -0.3280 0.7699
vn 0.4657 -0.3453 0.8148
vn 0.9782 -0.0932 0.1857
vn 0.9191 -0.1637 0.3584
vn 0.8250 -0.2279 0.5172
vn 0.6995 -0.2834 0.6561
vn 0.9788 -0.0555 0.1971
vn 0.9203 -0.0910 0.3804
vn 0.8267 -0.1229 0.5490
vn 0.7017 -0.1502 0.6965
vn 0.5500 -0.1717 0.8173
vn 0.4685 -0.1799 0.8650
vn -0.5551 -0.1534 -0.8175
vn -0.7041 0.0117 -0.7100
vn -0.5524 0.0092 -0.8335
vn -0.4707 0.0078 -0.8823
vn -0.9795 0.0163 -0.2008
vn -0.9801 -0.0229 -0.1970
vn -0.9217 0.0153 -0.3877
vn -0.8304 -0.0954 -0.5489
vn -0.8286 0.0138 -0.5596
vn -0.7064 -0.1268 -0.6964
vn -0.8322 -0.2004 -0.5170
vn -0.5577 -0.3098 -0.7701
vn -0.4763 -0.3298 -0.8151
vn -0.4735 -0.1643 -0.8653
vn -0.9808 -0.0606 -0.1855
vn -0.9229 -0.0603 -0.3803
vn -0.9241 -0.1331 -0.3582
vn -0.9813 -0.0953 -0.1670
vn -0.9252 -0.2001 -0.3224
vn -0.8338 -0.2971 -0.4653
vn -0.7106 -0.3827 -0.5904
vn -0.7086 -0.2600 -0.6560
vn -0.5601 -0.4538 -0.6931
vn -0.5622 -0.5801 -0.5894
vn -0.4788 -0.4823 -0.7336
vn -0.9819 -0.1257 -0.1420
vn -0.9262 -0.2588 -0.2742
vn -0.7124 -0.4903 -0.5021
vn -0.9823 -0.1507 -0.1116
vn -0.8352 -0.3819 -0.3957
vn -0.9270 -0.3070 -0.2154
vn -0.8363 -0.4515 -0.3109
vn -0.5639 -0.6838 -0.4631
vn -0.4828 -0.7257 -0.4902
vn -0.4810 -0.6160 -0.6239
vn -0.7149 -0.6442 -0.2717
vn -0.7139 -0.5786 -0.3945
vn -0.4842 -0.8072 -0.3376
vn -0.9826 -0.1692 -0.0769
vn -0.8372 -0.5032 -0.2142
vn -0.9276 -0.3428 -0.1484
vn -0.9828 -0.1807 -0.0392
vn -0.9280 -0.3649 -0.0756
vn -0.7156 -0.6846 -0.1385
vn -0.5652 -0.7608 -0.3190
vn -0.4850 -0.8574 -0.1721
vn -0.4853 -0.8743 -0.0000
vn -0.5660 -0.8082 -0.1626
vn -0.9828 -0.1845 -0.0000
vn -0.9281 -0.3724 -0.0000
vn -0.8379 -0.5458 -0.0000
vn -0.8377 -0.5351 -0.1092
vn -0.7158 -0.6983 -0.0000
vn -0.9828 -0.1807 0.0392
vn -0.9280 -0.3649 0.0756
vn -0.8377 -0.5351 0.1092
vn -0.5660 -0.8082 0.1626
vn -0.5662 -0.8242 -0.0000
vn -0.4850 -0.8574 0.1721
vn -0.5652 -0.7608 0.3190
vn -0.9826 -0.1692 0.0769
vn -0.9276 -0.3428 0.1484
vn -0.8372 -0.5032 0.2142
vn -0.7156 -0.6846 0.1385
vn -0.8363 -0.4515 0.3109
vn -0.7139 -0.5786 0.3945
vn -0.7149 -0.6442 0.2717
vn -0.5639 -0.6838 0.4631
vn -0.4842 -0.8072 0.3376
vn -0.9823 -0.1507 0.1116
vn -0.9270 -0.3070 0.2154
vn -0.9819 -0.1257 0.1420
vn -0.9262 -0.2588 0.2741
vn -0.8352 -0.3819 0.3957
vn -0.7124 -0.4903 0.5021
vn -0.4828 -0.7257 0.4902
vn -0.5622 -0.5801 0.5894
vn -0.7106 -0.3827 0.5904
vn -0.5601 -0.4538 0.6931
vn -0.4788 -0.4823 0.7336
vn -0.4810 -0.6160 0.6239
vn -0.9813 -0.0953 0.1670
vn -0.9252 -0.2001 0.3224
vn -0.8338 -0.2971 0.4653
vn -0.9808 -0.0606 0.1855
vn -0.9241 -0.1331 0.3582
vn -0.8322 -0.2004 0.5170
vn -0.7086 -0.2600 0.6560
vn -0.4763 -0.3298 0.8151
vn -0.7064 -0.1268 0.6964
vn -0.5577 -0.3098 0.7701
vn -0.4735 -0.1643 0.8653
vn -0.9801 -0.0229 0.1970
vn -0.9229 -0.0603 0.3803
vn -0.9795 0.0163 0.2008
vn -0.9217 0.0153 0.3877
vn -0.8286 0.0138 0.5596
vn -0.8304 -0.0954 0.5489
vn -0.7041 0.0117 0.7100
vn -0.5551 -0.1534 0.8175
vn -0.4707 0.0078 0.8823
vn -0.5497 0.1718 0.8175
vn -0.5524 0.0092 0.8335
vn -0.9788 0.0554 0.1970
vn -0.8268 0.1229 0.5489
vn -0.9782 0.0931 0.1855
vn -0.9204 0.0909 0.3803
vn -0.9192 0.1636 0.3582
vn -0.7018 0.1502 0.6964
vn -0.8251 0.2279 0.5170
vn -0.5471 0.3281 0.7701
vn -0.4678 0.1799 0.8653
vn -0.5447 0.4722 0.6930
vn -0.6996 0.2834 0.6560
vn -0.4651 0.3454 0.8151
vn -0.9776 0.1278 0.1670
vn -0.9181 0.2307 0.3224
vn -0.8235 0.3246 0.4653
vn -0.6975 0.4061 0.5904
vn -0.9771 0.1582 0.1420
vn -0.9171 0.2894 0.2741
vn -0.6957 0.5137 0.5021
vn -0.5426 0.5985 0.5894
vn -0.4603 0.6316 0.6239
vn -0.4625 0.4979 0.7336
vn -0.5409 0.7021 0.4631
vn -0.9767 0.1832 0.1116
vn -0.9163 0.3376 0.2154
vn -0.8209 0.4790 0.3109
vn -0.8221 0.4094 0.3957
vn -0.6943 0.6020 0.3945
vn -0.9157 0.3734 0.1484
vn -0.8200 0.5307 0.2142
vn -0.6932 0.6676 0.2717
vn -0.4571 0.8228 0.3376
vn -0.4585 0.7413 0.4902
vn -0.9764 0.2018 0.0769
vn -0.9762 0.2132 0.0392
vn -0.9153 0.3955 0.0756
vn -0.8195 0.5626 0.1092
vn -0.6925 0.7080 0.1385
vn -0.5396 0.7791 0.3190
vn -0.4563 0.8730 0.1721
vn -0.9152 0.4030 -0.0000
vn -0.6923 0.7216 -0.0000
vn -0.5388 0.8266 0.1626
vn -0.4560 0.8900 -0.0000
vn -0.9762 0.2170 -0.0000
vn -0.9762 0.2132 -0.0392
vn -0.9153 0.3955 -0.0756
vn -0.8195 0.5626 -0.1092
vn -0.8193 0.5733 -0.0000
vn -0.5388 0.8266 -0.1626
vn -0.5386 0.8426 -0.0000
vn -0.6925 0.7080 -0.1385
vn -0.8200 0.5307 -0.2142
vn -0.5396 0.7791 -0.3190
vn -0.4563 0.8730 -0.1721
vn -0.9764 0.2018 -0.0768
vn -0.9157 0.3734 -0.1484
vn -0.9767 0.1832 -0.1116
vn -0.9163 0.3376 -0.2154
vn -0.8209 0.4790 -0.3109
vn -0.6943 0.6020 -0.3945
vn -0.6932 0.6676 -0.2717
vn -0.5409 0.7021 -0.4631
vn -0.4571 0.8228 -0.3376
vn -0.6957 0.5137 -0.5021
vn -0.4585 0.7413 -0.4902
vn -0.5426 0.5985 -0.5894
vn -0.9771 0.1582 -0.1420
vn -0.9171 0.2894 -0.2741
vn -0.9776 0.1278 -0.1670
vn -0.9181 0.2307 -0.3224
vn -0.8235 0.3246 -0.4653
vn -0.8221 0.4094 -0.3957
vn -0.6975 0.4061 -0.5904
vn -0.4625 0.4979 -0.7336
vn -0.4603 0.6316 -0.6239
vn -0.5447 0.4722 -0.6930
vn -0.6996 0.2834 -0.6560
vn -0.4651 0.3454 -0.8151
vn -0.9782 0.0931 -0.1855
vn -0.9192 0.1636 -0.3582
vn -0.8251 0.2279 -0.5170
vn -0.9204 0.0909 -0.3803
vn -0.8268 0.1229 -0.5489
vn -0.7018 0.1502 -0.6964
vn -0.5471 0.3281 -0.7701
vn -0.4678 0.1799 -0.8653
vn -0.9788 0.0554 -0.1970
vn -0.5497 0.1718 -0.8175
vn 0.0018 0.0982 -0.9952
vn 0.0015 0.0979 -0.9952
vn -0.6967 0.7140 0.0692
vn -0.6968 0.7139 0.0692
vn -0.0018 -0.0981 0.9952
vn -0.0016 -0.0979 0.9952
vn -0.0015 -0.0979 0.9952
vn 0.0019 0.0982 -0.9952
vn 0.0019 0.0981 -0.9952
vn -0.0018 -0.0983 0.9952
vn -0.0068 -0.4126 -0.9109
vn -0.6978 0.6545 -0.2912
vn 0.0069 0.4127 0.9108
vn 0.0068 0.4126 0.9109
vn -0.0133 -0.8126 -0.5827
vn -0.0135 -0.8127 -0.5825
vn -0.7017 0.4227 -0.5735
vn -0.7016 0.4227 -0.5736
vn 0.0133 0.8126 0.5826
vn 0.0135 0.8128 0.5825
vn 0.0135 0.8128 0.5824
vn 0.0135 0.8127 0.5825
vn -0.0134 -0.8127 -0.5825
vn -0.0137 -0.8128 -0.5824
vn 0.0136 0.8129 0.5823
vn 0.0134 0.8127 0.5825
vn -0.0166 -0.9951 -0.0979
vn -0.7072 0.0810 -0.7024
vn -0.7073 0.0809 -0.7022
vn -0.7074 0.0809 -0.7022
vn 0.0166 0.9951 0.0979
vn -0.0163 -0.9950 -0.0982
vn -0.0167 -0.9951 -0.0979
vn 0.0164 0.9950 0.0983
vn 0.0166 0.9951 0.0980
vn -0.0151 -0.9108 0.4127
vn -0.7132 -0.2794 -0.6428
vn -0.7131 -0.2795 -0.6429
vn -0.7133 -0.2794 -0.6428
vn 0.0151 0.9108 -0.4127
vn -0.0153 -0.9106 0.4129
vn -0.0154 -0.9107 0.4129
vn 0.0152 0.9107 -0.4128
vn -0.0095 -0.5826 0.8127
vn -0.0096 -0.5825 0.8128
vn -0.7178 -0.5618 -0.4111
vn -0.7180 -0.5617 -0.4110
vn -0.7181 -0.5617 -0.4109
vn 0.0095 0.5826 -0.8127
vn 0.0097 0.5824 -0.8129
vn -0.0097 -0.5824 0.8129
vn -0.0094 -0.5825 0.8127
vn -0.0099 -0.5823 0.8129
vn 0.0096 0.5824 -0.8128
vn -0.0017 -0.0979 0.9952
vn -0.7200 -0.6906 -0.0692
vn -0.0015 -0.0982 0.9952
vn -0.0014 -0.0982 0.9952
vn -0.0014 -0.0981 0.9952
vn 0.0069 0.4126 0.9109
vn 0.0066 0.4128 0.9108
vn 0.0066 0.4129 0.9108
vn 0.0068 0.4127 0.9108
vn 0.0067 0.4127 0.9108
vn 0.0137 0.8126 0.5827
vn -0.7151 -0.3993 0.5737
vn -0.7153 -0.3992 0.5735
vn -0.7154 -0.3991 0.5735
vn -0.0137 -0.8126 -0.5826
vn -0.0135 -0.8128 -0.5825
vn 0.0137 0.8126 0.5826
vn 0.0133 0.8128 0.5824
vn 0.0132 0.8128 0.5824
vn -0.0132 -0.8128 -0.5824
vn 0.0167 0.9950 0.0983
vn 0.0165 0.9951 0.0979
vn 0.0165 0.9951 0.0980
vn -0.0164 -0.9951 -0.0979
vn 0.0167 0.9950 0.0982
vn 0.0168 0.9950 0.0982
vn 0.0164 0.9951 0.0979
vn -0.0167 -0.9950 -0.0983
vn -0.0164 -0.9951 -0.0980
vn 0.0152 0.9108 -0.4127
vn -0.7036 0.3029 0.6428
vn -0.0150 -0.9107 0.4128
vn -0.0151 -0.9107 0.4128
vn -0.0152 -0.9108 0.4127
vn 0.0149 0.9107 -0.4129
vn 0.0150 0.9107 -0.4128
vn 0.0150 0.9107 -0.4127
vn 0.0099 0.5826 -0.8127
vn 0.0095 0.5822 -0.8130
vn -0.6989 0.5853 0.4110
vn -0.6990 0.5852 0.4110
vn -0.0096 -0.5824 0.8129
vn 0.0096 0.5824 -0.8129
vn 0.0099 0.5825 -0.8127
vn 0.0094 0.5823 -0.8129
vn -0.0097 -0.5824 0.8128
vn -0.0094 -0.5823 0.8129
vn 0.4842 0.8707 0.0866
vn -0.4177 0.7232 -0.5499
vn 0.0449 0.4865 -0.8725
vn -0.8066 -0.2855 0.5177
vn -0.4595 -0.2480 -0.8528
vn -0.7924 0.3149 -0.5225
vn -0.4346 -0.2945 -0.8511
vn 0.0255 -0.6798 -0.7330
vn -0.4701 -0.8824 -0.0205
vn -0.8041 -0.3904 -0.4484
vn -0.4446 -0.8954 0.0239
vn 0.0218 -0.9075 0.4195
vn 0.7925 -0.5594 0.2431
vn 0.0066 0.4066 0.9136
vn -0.4602 -0.2869 0.8402
vn -0.8065 -0.5379 0.2454
vn -0.4339 -0.2490 0.8659
vn 0.0388 0.1181 0.9922
vn 0.8025 0.0492 0.5946
vn -0.4436 0.7155 0.5397
vn -0.7963 0.0763 0.6001
vn -0.4173 0.7514 0.5112
vn 0.0531 0.9796 0.1937
vn 0.8112 0.5715 0.1243
vn -0.4432 0.7395 -0.5066
vn -0.7876 0.6033 0.1255
vn -0.7178 -0.5619 -0.4112
vn -0.7151 -0.3994 0.5737
vn -0.6991 0.5852 0.4110
vt 0.096533 0.417448
vt 0.093008 0.411721
vt 0.098828 0.414113
vt 0.956557 0.886568
vt 0.955660 0.887994
vt 0.955182 0.887542
vt 0.092919 0.422818
vt 0.090372 0.424811
vt 0.090881 0.422025
vt 0.953702 0.890981
vt 0.950488 0.890695
vt 0.952230 0.889552
vt 0.101659 0.409951
vt 0.094031 0.406793
vt 0.091468 0.419037
vt 0.094604 0.420283
vt 0.954726 0.889440
vt 0.953766 0.888521
vt 0.949414 0.897259
vt 0.948424 0.892034
vt 0.951135 0.894730
vt 0.092165 0.415681
vt 0.091382 0.425198
vt 0.089905 0.427544
vt 0.952530 0.892703
vt 0.088093 0.419087
vt 0.951418 0.887669
vt 0.953231 0.887304
vt 0.945867 0.893712
vt 0.946952 0.888505
vt 0.087453 0.415719
vt 0.954914 0.886942
vt 0.089290 0.424841
vt 0.949371 0.888058
vt 0.086717 0.411738
vt 0.088694 0.422072
vt 0.085776 0.406794
vt 0.954897 0.886285
vt 0.088303 0.425282
vt 0.086692 0.422952
vt 0.951388 0.885618
vt 0.078150 0.409954
vt 0.084995 0.420424
vt 0.953203 0.885975
vt 0.943947 0.884060
vt 0.946942 0.884682
vt 0.083114 0.417558
vt 0.949348 0.885195
vt 0.080911 0.414162
vt 0.079810 0.420917
vt 0.953685 0.884737
vt 0.955131 0.885671
vt 0.087559 0.426068
vt 0.950422 0.882540
vt 0.076474 0.418622
vt 0.085179 0.424531
vt 0.952145 0.883712
vt 0.072314 0.415792
vt 0.082644 0.422845
vt 0.945867 0.879426
vt 0.948395 0.881146
vt 0.084386 0.426569
vt 0.081399 0.425982
vt 0.954604 0.883777
vt 0.951091 0.878435
vt 0.078042 0.425285
vt 0.955583 0.885193
vt 0.087173 0.427078
vt 0.952430 0.880499
vt 0.074082 0.424441
vt 0.953573 0.882241
vt 0.069155 0.423418
vt 0.074099 0.430733
vt 0.956184 0.884925
vt 0.084433 0.428756
vt 0.955456 0.881428
vt 0.069155 0.431672
vt 0.081448 0.429356
vt 0.955821 0.883242
vt 0.949413 0.875878
vt 0.954620 0.876962
vt 0.078080 0.429997
vt 0.087202 0.428159
vt 0.955067 0.879382
vt 0.079919 0.434336
vt 0.956841 0.884907
vt 0.087643 0.429147
vt 0.957930 0.879358
vt 0.076522 0.436539
vt 0.085313 0.430758
vt 0.957507 0.881398
vt 0.072314 0.439299
vt 0.082785 0.432455
vt 0.957150 0.883214
vt 0.959065 0.873957
vt 0.958443 0.876952
vt 0.078152 0.445137
vt 0.086892 0.432271
vt 0.085206 0.434806
vt 0.958388 0.883696
vt 0.963700 0.875876
vt 0.961979 0.878405
vt 0.083278 0.437641
vt 0.957455 0.885142
vt 0.088429 0.429891
vt 0.960585 0.880432
vt 0.080983 0.440976
vt 0.959413 0.882155
vt 0.086802 0.443368
vt 0.957932 0.885594
vt 0.089439 0.430277
vt 0.088930 0.433064
vt 0.960884 0.883584
vt 0.085780 0.448296
vt 0.088343 0.436051
vt 0.959348 0.884615
vt 0.964690 0.881102
vt 0.087646 0.439408
vt 0.962626 0.882441
vt 0.967248 0.879424
vt 0.966163 0.884630
vt 0.091717 0.436002
vt 0.092358 0.439370
vt 0.959883 0.885832
vt 0.958200 0.886194
vt 0.090520 0.430247
vt 0.963743 0.885077
vt 0.093094 0.443350
vt 0.091117 0.433017
vt 0.961697 0.885467
vt 0.094035 0.448294
vt 0.101661 0.445134
vt 0.094816 0.434664
vt 0.961727 0.887517
vt 0.959911 0.887160
vt 0.969167 0.889076
vt 0.966173 0.888454
vt 0.096697 0.437530
vt 0.958218 0.886851
vt 0.091508 0.429806
vt 0.963767 0.887941
vt 0.098900 0.440927
vt 0.093119 0.432137
vt 0.962692 0.890595
vt 0.100001 0.434172
vt 0.103336 0.436466
vt 0.957983 0.887465
vt 0.094632 0.430557
vt 0.960970 0.889423
vt 0.107497 0.439297
vt 0.097167 0.432243
vt 0.959429 0.888399
vt 0.967248 0.893710
vt 0.964719 0.891990
vt 0.092252 0.429021
vt 0.962023 0.894701
vt 0.098412 0.429107
vt 0.101769 0.429804
vt 0.957531 0.887943
vt 0.092638 0.428011
vt 0.960684 0.892637
vt 0.105728 0.430647
vt 0.095425 0.428519
vt 0.959541 0.890895
vt 0.110656 0.431671
vt 0.958510 0.889359
vt 0.958048 0.893754
vt 0.957658 0.891707
vt 0.105712 0.424356
vt 0.110656 0.423416
vt 0.095378 0.426333
vt 0.098363 0.425732
vt 0.957293 0.889894
vt 0.963701 0.897257
vt 0.958495 0.896173
vt 0.101731 0.425091
vt 0.956931 0.888211
vt 0.092608 0.426929
vt 0.092167 0.425942
vt 0.955184 0.893777
vt 0.099892 0.420753
vt 0.103289 0.418550
vt 0.956274 0.888229
vt 0.094498 0.424331
vt 0.955608 0.891738
vt 0.107497 0.415789
vt 0.097026 0.422634
vt 0.955965 0.889922
vt 0.954050 0.899179
vt 0.954672 0.896184
vt 0.930016 0.241048
vt 0.924873 0.008229
vt 0.928937 0.008190
vt 0.925306 0.241089
vt 0.920809 0.008257
vt 0.920597 0.241118
vt 0.916745 0.008274
vt 0.915887 0.241133
vt 0.912681 0.008280
vt 0.911177 0.241135
vt 0.908616 0.008274
vt 0.906468 0.241124
vt 0.904552 0.008257
vt 0.897049 0.241064
vt 0.900488 0.008229
vt 0.896424 0.008190
vt 0.887630 0.240951
vt 0.892360 0.008139
vt 0.882921 0.240875
vt 0.888296 0.008077
vt 0.884232 0.008004
vt 0.873504 0.240684
vt 0.880169 0.007919
vt 0.948852 0.240751
vt 0.941129 0.008004
vt 0.945192 0.007919
vt 0.944143 0.240845
vt 0.937065 0.008077
vt 0.934725 0.240993
vt 0.933001 0.008139
vt 0.056302 0.090871
vt 0.078993 0.054800
vt 0.084346 0.061077
vt 0.035482 0.125089
vt 0.050029 0.086121
vt 0.014485 0.160218
vt 0.028533 0.121738
vt 0.015177 0.200384
vt 0.021804 0.162171
vt 0.008022 0.239920
vt 0.007936 0.199798
vt 0.015560 0.239174
vt 0.015661 0.280212
vt 0.023064 0.278020
vt 0.031194 0.318893
vt 0.038155 0.315203
vt 0.054805 0.354506
vt 0.090757 0.377559
vt 0.061105 0.349193
vt 0.124939 0.398688
vt 0.085943 0.383814
vt 0.160080 0.419926
vt 0.121534 0.405640
vt 0.200371 0.419369
vt 0.162069 0.412591
vt 0.240001 0.426642
vt 0.199763 0.426630
vt 0.278227 0.411629
vt 0.239268 0.419082
vt 0.319212 0.403532
vt 0.280413 0.419054
vt 0.315520 0.396550
vt 0.354932 0.379894
vt 0.378050 0.343870
vt 0.349610 0.373576
vt 0.399221 0.309624
vt 0.384316 0.348695
vt 0.413146 0.272427
vt 0.406187 0.313035
vt 0.419926 0.234062
vt 0.420493 0.274419
vt 0.427198 0.194371
vt 0.427198 0.234670
vt 0.412150 0.156094
vt 0.419627 0.195108
vt 0.404024 0.115052
vt 0.419585 0.153902
vt 0.397032 0.118752
vt 0.380333 0.079287
vt 0.344234 0.056145
vt 0.374007 0.084621
vt 0.309898 0.034952
vt 0.349066 0.049863
vt 0.272586 0.021037
vt 0.313312 0.027966
vt 0.234086 0.014313
vt 0.274572 0.013664
vt 0.194984 0.014745
vt 0.234677 0.007012
vt 0.153584 0.015012
vt 0.194211 0.007143
vt 0.155835 0.022470
vt 0.114662 0.030945
vt 0.118414 0.037936
vt 0.442832 0.132802
vt 0.457261 0.009696
vt 0.456923 0.132748
vt 0.442840 0.369926
vt 0.457260 0.492634
vt 0.442500 0.492628
vt 0.442826 0.251422
vt 0.456929 0.369871
vt 0.456936 0.251371
vt 0.442501 0.009690
vt 0.460304 0.251370
vt 0.460176 0.132101
vt 0.460514 0.008719
vt 0.460182 0.370519
vt 0.457263 0.006176
vt 0.442503 0.006170
vt 0.396899 0.889781
vt 0.377578 0.985431
vt 0.377578 0.889781
vt 0.242331 0.889781
vt 0.223010 0.985431
vt 0.223010 0.889781
vt 0.358257 0.985431
vt 0.358257 0.889781
vt 0.203689 0.985431
vt 0.203689 0.889781
vt 0.338936 0.985431
vt 0.338936 0.889781
vt 0.184368 0.985431
vt 0.184368 0.889781
vt 0.319615 0.985431
vt 0.319615 0.889781
vt 0.493504 0.889781
vt 0.474183 0.985431
vt 0.474183 0.889781
vt 0.300294 0.985431
vt 0.300294 0.889781
vt 0.454862 0.985431
vt 0.454862 0.889781
vt 0.280973 0.985431
vt 0.280973 0.889781
vt 0.435541 0.985431
vt 0.435541 0.889781
vt 0.261652 0.985431
vt 0.261652 0.889781
vt 0.416220 0.889781
vt 0.396899 0.985431
vt 0.416220 0.985431
vt 0.242331 0.985431
vt 0.969012 0.271332
vt 0.956532 0.274503
vt 0.961865 0.266721
vt 0.943793 0.261669
vt 0.954811 0.260255
vt 0.969012 0.004903
vt 0.976296 0.267151
vt 0.961865 0.005193
vt 0.982620 0.005128
vt 0.976296 0.004883
vt 0.954811 0.005139
vt 0.955569 0.275814
vt 0.942483 0.262964
vt 0.995071 0.262012
vt 0.981788 0.275727
vt 0.980652 0.274100
vt 0.969012 0.279109
vt 0.969012 0.276819
vt 0.954811 0.260047
vt 0.954811 0.260014
vt 0.954811 0.260045
vt 0.954811 0.260164
vt 0.134834 0.120673
vt 0.088631 0.116122
vt 0.110928 0.092464
vt 0.197569 0.194072
vt 0.217399 0.217032
vt 0.193472 0.198385
vt 0.177540 0.170763
vt 0.169285 0.179445
vt 0.144232 0.159742
vt 0.156811 0.146508
vt 0.117637 0.138809
vt 0.134499 0.175155
vt 0.104399 0.159874
vt 0.071688 0.143403
vt 0.190296 0.203414
vt 0.162888 0.189565
vt 0.188163 0.208964
vt 0.158590 0.200730
vt 0.127966 0.192132
vt 0.095546 0.182997
vt 0.060450 0.173168
vt 0.055060 0.204250
vt 0.187152 0.214823
vt 0.156548 0.212512
vt 0.124852 0.210026
vt 0.091310 0.207299
vt 0.187303 0.220765
vt 0.156838 0.224463
vt 0.125260 0.228179
vt 0.091798 0.231955
vt 0.055560 0.235790
vt 0.097039 0.256130
vt 0.062067 0.266920
vt 0.188611 0.226564
vt 0.159451 0.236131
vt 0.129186 0.245923
vt 0.191024 0.231997
vt 0.164289 0.247068
vt 0.136505 0.262584
vt 0.106924 0.278907
vt 0.074599 0.296442
vt 0.092962 0.323075
vt 0.194450 0.236855
vt 0.171171 0.256853
vt 0.146955 0.277506
vt 0.121157 0.299354
vt 0.179831 0.265106
vt 0.160130 0.290091
vt 0.139162 0.316577
vt 0.116354 0.345431
vt 0.198758 0.240951
vt 0.143519 0.362520
vt 0.203782 0.244128
vt 0.189932 0.271508
vt 0.175496 0.299847
vt 0.160143 0.329879
vt 0.201085 0.275817
vt 0.192447 0.306412
vt 0.183229 0.338806
vt 0.173261 0.373899
vt 0.209329 0.246263
vt 0.215186 0.247277
vt 0.212860 0.277871
vt 0.210331 0.309561
vt 0.207530 0.343111
vt 0.204372 0.379400
vt 0.228488 0.309182
vt 0.232208 0.342677
vt 0.235968 0.378979
vt 0.221129 0.247128
vt 0.224810 0.277593
vt 0.226928 0.245823
vt 0.236481 0.274991
vt 0.246246 0.305278
vt 0.256417 0.337471
vt 0.267167 0.372518
vt 0.279236 0.327603
vt 0.296761 0.360004
vt 0.232363 0.243412
vt 0.247425 0.270159
vt 0.262927 0.297972
vt 0.237222 0.239986
vt 0.257218 0.263279
vt 0.277870 0.287525
vt 0.299723 0.313371
vt 0.323460 0.341632
vt 0.345868 0.318212
vt 0.241320 0.235678
vt 0.265478 0.254618
vt 0.290474 0.274346
vt 0.316980 0.295353
vt 0.244498 0.230652
vt 0.271887 0.244513
vt 0.300244 0.258969
vt 0.330306 0.274350
vt 0.362992 0.291006
vt 0.339249 0.251236
vt 0.374390 0.261219
vt 0.246635 0.225103
vt 0.276200 0.233354
vt 0.306819 0.242003
vt 0.247648 0.219244
vt 0.278255 0.221571
vt 0.309970 0.224102
vt 0.343558 0.226905
vt 0.379896 0.230063
vt 0.379467 0.198424
vt 0.247499 0.213300
vt 0.277976 0.209614
vt 0.309589 0.205928
vt 0.343118 0.202198
vt 0.305675 0.188155
vt 0.337899 0.177962
vt 0.372987 0.167184
vt 0.246193 0.207498
vt 0.275368 0.197937
vt 0.243779 0.202063
vt 0.270530 0.186989
vt 0.298355 0.171463
vt 0.328008 0.155121
vt 0.360441 0.137556
vt 0.263642 0.177195
vt 0.287890 0.156514
vt 0.313746 0.134620
vt 0.342027 0.110830
vt 0.240351 0.197204
vt 0.236040 0.193107
vt 0.254972 0.168936
vt 0.274690 0.143912
vt 0.295691 0.117358
vt 0.318554 0.088406
vt 0.259292 0.134152
vt 0.274647 0.104042
vt 0.291283 0.071283
vt 0.231013 0.189931
vt 0.244859 0.162534
vt 0.225464 0.187797
vt 0.233696 0.158232
vt 0.242310 0.127598
vt 0.251493 0.095128
vt 0.261422 0.059910
vt 0.224401 0.124479
vt 0.227133 0.090869
vt 0.230193 0.054466
vt 0.219607 0.186788
vt 0.221915 0.156191
vt 0.213665 0.186940
vt 0.209965 0.156486
vt 0.206236 0.124899
vt 0.202419 0.091382
vt 0.198498 0.055005
vt 0.167266 0.061648
vt 0.207869 0.188249
vt 0.198304 0.159105
vt 0.188493 0.128853
vt 0.178223 0.096694
vt 0.202439 0.190662
vt 0.187378 0.163950
vt 0.171854 0.136203
vt 0.155484 0.106665
vt 0.137832 0.074371
vt 0.133887 0.493199
vt 0.130020 0.538288
vt 0.107649 0.510487
vt 0.081504 0.477720
vt 0.189393 0.611789
vt 0.194246 0.608581
vt 0.208052 0.634840
vt 0.170484 0.588422
vt 0.165790 0.554435
vt 0.150980 0.564258
vt 0.150555 0.524995
vt 0.182261 0.547729
vt 0.162970 0.481599
vt 0.152218 0.442650
vt 0.115469 0.456508
vt 0.199640 0.606402
vt 0.180248 0.581948
vt 0.191117 0.577569
vt 0.205353 0.605318
vt 0.202621 0.575392
vt 0.199737 0.544374
vt 0.196943 0.511549
vt 0.173139 0.515982
vt 0.193616 0.475802
vt 0.224719 0.476279
vt 0.190316 0.436188
vt 0.211163 0.605370
vt 0.214322 0.575502
vt 0.221078 0.511863
vt 0.216856 0.606534
vt 0.217552 0.544465
vt 0.225761 0.577896
vt 0.234972 0.548156
vt 0.255204 0.482574
vt 0.266832 0.443988
vt 0.228783 0.436395
vt 0.267017 0.526023
vt 0.244639 0.516845
vt 0.302855 0.458897
vt 0.222202 0.608803
vt 0.251344 0.555118
vt 0.236493 0.582474
vt 0.227005 0.612068
vt 0.246182 0.588990
vt 0.287051 0.539702
vt 0.283893 0.494710
vt 0.335423 0.480552
vt 0.363324 0.508318
vt 0.309758 0.512100
vt 0.231076 0.616205
vt 0.254354 0.597327
vt 0.278388 0.577806
vt 0.266010 0.565141
vt 0.304061 0.557004
vt 0.234281 0.621046
vt 0.260831 0.607043
vt 0.288203 0.592540
vt 0.348933 0.560504
vt 0.331775 0.534313
vt 0.385338 0.541322
vt 0.360928 0.589328
vt 0.236462 0.626428
vt 0.265227 0.617872
vt 0.294970 0.608927
vt 0.317298 0.577294
vt 0.298400 0.626360
vt 0.331189 0.623403
vt 0.326690 0.599591
vt 0.366721 0.619918
vt 0.399435 0.578019
vt 0.237551 0.632132
vt 0.267432 0.629349
vt 0.237507 0.637936
vt 0.267353 0.641037
vt 0.298378 0.644166
vt 0.330983 0.647553
vt 0.406789 0.615981
vt 0.366573 0.651031
vt 0.326096 0.671154
vt 0.360442 0.681606
vt 0.399239 0.693147
vt 0.406789 0.654848
vt 0.236351 0.643626
vt 0.264989 0.652474
vt 0.294747 0.661596
vt 0.234091 0.648973
vt 0.260437 0.663212
vt 0.287835 0.677993
vt 0.316993 0.693584
vt 0.384313 0.729305
vt 0.303369 0.713678
vt 0.348389 0.710381
vt 0.362648 0.761910
vt 0.230832 0.653778
vt 0.253943 0.672917
vt 0.226700 0.657854
vt 0.245621 0.681107
vt 0.265211 0.705111
vt 0.277850 0.692692
vt 0.286109 0.730758
vt 0.331063 0.736320
vt 0.334947 0.789765
vt 0.282843 0.775853
vt 0.308933 0.758435
vt 0.221863 0.661066
vt 0.250491 0.714968
vt 0.216480 0.663254
vt 0.235912 0.687607
vt 0.225082 0.692027
vt 0.265846 0.744066
vt 0.234099 0.721780
vt 0.253850 0.787702
vt 0.302220 0.811677
vt 0.223157 0.793786
vt 0.243525 0.753489
vt 0.265831 0.826663
vt 0.210775 0.664349
vt 0.213595 0.694254
vt 0.216645 0.725254
vt 0.219695 0.757981
vt 0.204966 0.664309
vt 0.201889 0.694193
vt 0.195482 0.758108
vt 0.191908 0.793637
vt 0.188082 0.834149
vt 0.227304 0.834243
vt 0.161260 0.787542
vt 0.199270 0.663157
vt 0.190432 0.691838
vt 0.181321 0.721675
vt 0.198802 0.725287
vt 0.171765 0.753161
vt 0.179671 0.687286
vt 0.164875 0.714758
vt 0.149258 0.744015
vt 0.113439 0.811486
vt 0.149662 0.826485
vt 0.193918 0.660897
vt 0.189107 0.657636
vt 0.169945 0.680785
vt 0.150133 0.704756
vt 0.129103 0.730355
vt 0.132419 0.775473
vt 0.080783 0.789774
vt 0.161737 0.672448
vt 0.111965 0.713055
vt 0.106417 0.758117
vt 0.052874 0.762042
vt 0.185027 0.653500
vt 0.181812 0.648658
vt 0.155225 0.662719
vt 0.127790 0.677330
vt 0.137678 0.692088
vt 0.066762 0.709820
vt 0.084242 0.735951
vt 0.098597 0.692742
vt 0.120959 0.660887
vt 0.054847 0.680771
vt 0.030893 0.729295
vt 0.179625 0.643270
vt 0.150803 0.651864
vt 0.178533 0.637559
vt 0.148583 0.640350
vt 0.117487 0.643372
vt 0.084511 0.646396
vt 0.089106 0.670348
vt 0.048725 0.650017
vt 0.015801 0.692883
vt 0.084683 0.622065
vt 0.008058 0.654292
vt 0.048743 0.618590
vt 0.178580 0.631746
vt 0.148664 0.628620
vt 0.179740 0.626050
vt 0.151046 0.617144
vt 0.121166 0.607941
vt 0.117499 0.625468
vt 0.089626 0.598281
vt 0.015550 0.575953
vt 0.007936 0.614830
vt 0.054917 0.587663
vt 0.098864 0.575701
vt 0.030730 0.539224
vt 0.181991 0.620688
vt 0.155634 0.606379
vt 0.128152 0.591461
vt 0.162167 0.596669
vt 0.138233 0.576700
vt 0.112725 0.555595
vt 0.067184 0.558567
vt 0.052899 0.506057
vt 0.185262 0.615881
vt 0.084891 0.532387
vt 0.439579 0.132155
vt 0.439458 0.251422
vt 0.439588 0.370573
vt 0.439249 0.493605
vt 0.943947 0.889077
vt 0.954048 0.873958
vt 0.969167 0.884059
vt 0.959067 0.899178
vt 0.901758 0.241101
vt 0.892339 0.241014
vt 0.878212 0.240786
vt 0.939434 0.240925
vt 0.460514 0.493612
vt 0.493504 0.985431
vt 0.982620 0.260227
vt 0.996488 0.263304
vt 0.439247 0.008713
s 1
g off
g Sphere.005_Satellite
usemtl Satellite
f 2/1/1 14/2/2 3/3/3
f 99/4/4 9/5/5 20/6/6
f 178/7/7 10/8/8 11/9/9
f 7/10/10 17/11/11 18/12/12
f 4/13/13 14/2/2 15/14/14
f 178/7/7 12/15/15 1/16/16
f 8/17/17 18/12/12 19/18/18
f 4/19/13 16/20/19 5/21/20
f 1/16/16 13/22/21 2/1/1
f 8/17/17 20/6/6 9/5/5
f 177/23/22 21/24/23 10/8/8
f 6/25/24 16/20/19 17/11/11
f 11/9/9 24/26/25 12/15/15
f 19/18/18 30/27/26 31/28/27
f 15/29/14 28/30/28 16/20/19
f 13/22/21 24/26/25 25/31/29
f 19/18/18 32/32/30 20/6/6
f 10/8/8 21/24/23 22/33/31
f 17/11/11 28/30/28 29/34/32
f 13/22/21 26/35/33 14/2/2
f 99/4/4 20/6/6 32/32/30
f 11/9/9 22/33/31 23/36/34
f 17/11/11 30/27/26 18/12/12
f 15/14/14 26/35/33 27/37/35
f 99/4/4 32/32/30 43/38/36
f 23/36/34 33/39/37 34/40/38
f 29/34/32 41/41/39 30/27/26
f 26/35/33 38/42/40 27/37/35
f 23/36/34 35/43/41 24/26/25
f 31/28/27 41/41/39 42/44/42
f 28/30/28 38/45/40 39/46/43
f 25/31/29 35/43/41 36/47/44
f 31/28/27 43/38/36 32/32/30
f 22/33/31 21/24/23 33/39/37
f 28/30/28 40/48/45 29/34/32
f 26/35/33 36/47/44 37/49/46
f 35/43/41 47/50/47 36/47/44
f 43/38/36 53/51/48 54/52/49
f 33/39/37 21/24/23 44/53/50
f 39/46/43 51/54/51 40/48/45
f 37/49/46 47/50/47 48/55/52
f 99/4/4 43/38/36 54/52/49
f 33/39/37 45/56/53 34/40/38
f 41/41/39 51/54/51 52/57/54
f 37/49/46 49/58/55 38/42/40
f 34/40/38 46/59/56 35/43/41
f 42/44/42 52/57/54 53/51/48
f 39/46/43 49/60/55 50/61/57
f 46/59/56 56/62/58 57/63/59
f 52/57/54 64/64/60 53/51/48
f 49/60/55 61/65/61 50/61/57
f 47/50/47 57/63/59 58/66/62
f 53/51/48 65/67/63 54/52/49
f 44/53/50 21/24/23 55/68/64
f 51/54/51 61/65/61 62/69/65
f 47/50/47 59/70/66 48/55/52
f 99/4/4 54/52/49 65/67/63
f 45/56/53 55/68/64 56/62/58
f 51/54/51 63/71/67 52/57/54
f 49/58/55 59/70/66 60/72/68
f 58/66/62 70/73/69 59/70/66
f 99/4/4 65/67/63 76/74/70
f 55/68/64 67/75/71 56/62/58
f 62/69/65 74/76/72 63/71/67
f 60/72/68 70/73/69 71/77/73
f 57/63/59 67/75/71 68/78/74
f 63/71/67 75/79/75 64/64/60
f 60/80/68 72/81/76 61/65/61
f 58/66/62 68/78/74 69/82/77
f 65/67/63 75/79/75 76/74/70
f 55/68/64 21/24/23 66/83/78
f 62/69/65 72/81/76 73/84/79
f 68/78/74 80/85/80 69/82/77
f 75/79/75 87/86/81 76/74/70
f 66/83/78 21/24/23 77/87/82
f 72/81/76 84/88/83 73/84/79
f 70/73/69 80/85/80 81/89/84
f 99/4/4 76/74/70 87/86/81
f 67/75/71 77/87/82 78/90/85
f 74/76/72 84/88/83 85/91/86
f 70/73/69 82/92/87 71/77/73
f 68/78/74 78/90/85 79/93/88
f 74/76/72 86/94/89 75/79/75
f 72/81/76 82/95/87 83/96/90
f 81/89/84 93/97/91 82/92/87
f 79/93/88 89/98/92 90/99/93
f 85/91/86 97/100/94 86/94/89
f 83/96/90 93/101/91 94/102/95
f 79/93/88 91/103/96 80/85/80
f 87/86/81 97/100/94 98/104/97
f 77/87/82 21/24/23 88/105/98
f 83/96/90 95/106/99 84/88/83
f 81/89/84 91/103/96 92/107/100
f 99/4/4 87/86/81 98/104/97
f 77/87/82 89/98/92 78/90/85
f 85/91/86 95/106/99 96/108/101
f 91/103/96 104/109/102 92/107/100
f 99/4/4 98/104/97 110/110/103
f 89/98/92 100/111/104 101/112/105
f 95/106/99 108/113/106 96/108/101
f 93/97/91 104/109/102 105/114/107
f 89/98/92 102/115/108 90/99/93
f 97/100/94 108/113/106 109/116/109
f 93/101/91 106/117/110 94/102/95
f 91/103/96 102/115/108 103/118/111
f 97/100/94 110/110/103 98/104/97
f 88/105/98 21/24/23 100/111/104
f 95/106/99 106/117/110 107/119/112
f 105/120/107 117/121/113 106/117/110
f 103/118/111 113/122/114 114/123/115
f 110/110/103 120/124/116 121/125/117
f 100/111/104 21/24/23 111/126/118
f 107/119/112 117/121/113 118/127/119
f 103/118/111 115/128/120 104/109/102
f 99/4/4 110/110/103 121/125/117
f 100/111/104 112/129/121 101/112/105
f 107/119/112 119/130/122 108/113/106
f 105/114/107 115/128/120 116/131/123
f 101/112/105 113/122/114 102/115/108
f 109/116/109 119/130/122 120/124/116
f 115/128/120 127/132/124 116/131/123
f 112/129/121 124/133/125 113/122/114
f 120/124/116 130/134/126 131/135/127
f 117/121/113 127/136/124 128/137/128
f 113/122/114 125/138/129 114/123/115
f 120/124/116 132/139/130 121/125/117
f 111/126/118 21/24/23 122/140/131
f 117/121/113 129/141/132 118/127/119
f 115/128/120 125/138/129 126/142/133
f 99/4/4 121/125/117 132/139/130
f 112/129/121 122/140/131 123/143/134
f 119/130/122 129/141/132 130/134/126
f 128/137/128 140/144/135 129/141/132
f 126/142/133 136/145/136 137/146/137
f 99/4/4 132/139/130 143/147/138
f 122/140/131 134/148/139 123/143/134
f 130/134/126 140/144/135 141/149/140
f 126/142/133 138/150/141 127/132/124
f 123/143/134 135/151/142 124/133/125
f 131/135/127 141/149/140 142/152/143
f 128/137/128 138/153/141 139/154/144
f 124/133/125 136/145/136 125/138/129
f 132/139/130 142/152/143 143/147/138
f 122/140/131 21/24/23 133/155/145
f 138/153/141 150/156/146 139/154/144
f 136/145/136 146/157/147 147/158/148
f 142/152/143 154/159/149 143/147/138
f 133/155/145 21/24/23 144/160/150
f 140/144/135 150/156/146 151/161/151
f 136/145/136 148/162/152 137/146/137
f 99/4/4 143/147/138 154/159/149
f 134/148/139 144/160/150 145/163/153
f 140/144/135 152/164/154 141/149/140
f 138/150/141 148/162/152 149/165/155
f 135/151/142 145/163/153 146/157/147
f 141/149/140 153/166/156 142/152/143
f 152/164/154 162/167/157 163/168/158
f 149/165/155 159/169/159 160/170/160
f 146/157/147 156/171/161 157/172/162
f 153/166/156 163/168/158 164/173/163
f 149/174/155 161/175/164 150/156/146
f 146/157/147 158/176/165 147/158/148
f 154/159/149 164/173/163 165/177/166
f 144/160/150 21/24/23 155/178/167
f 151/161/151 161/175/164 162/167/157
f 147/158/148 159/169/159 148/162/152
f 99/4/4 154/159/149 165/177/166
f 144/160/150 156/171/161 145/163/153
f 155/178/167 21/24/23 166/179/168
f 161/175/164 173/180/169 162/167/157
f 159/169/159 169/181/170 170/182/171
f 99/4/4 165/177/166 176/183/172
f 155/178/167 167/184/173 156/171/161
f 163/168/158 173/180/169 174/185/174
f 159/169/159 171/186/175 160/170/160
f 157/172/162 167/184/173 168/187/176
f 163/168/158 175/188/177 164/173/163
f 161/175/164 171/189/175 172/190/178
f 157/172/162 169/181/170 158/176/165
f 165/177/166 175/188/177 176/183/172
f 174/185/174 8/17/17 175/188/177
f 172/190/178 4/19/13 5/21/20
f 169/181/170 1/16/16 2/1/1
f 176/183/172 8/17/17 9/5/5
f 166/179/168 21/24/23 177/23/22
f 172/190/178 6/25/24 173/180/169
f 170/182/171 2/1/1 3/3/3
f 99/4/4 176/183/172 9/5/5
f 166/179/168 178/7/7 167/184/173
f 173/180/169 7/10/10 174/185/174
f 170/182/171 4/13/13 171/186/175
f 168/187/176 178/7/7 1/16/16
s 2
f 180/191/179 181/192/180 179/193/179
f 182/194/180 183/195/181 181/192/180
f 184/196/181 185/197/182 183/195/181
f 186/198/183 187/199/184 185/197/182
f 188/200/184 189/201/185 187/199/184
f 190/202/185 191/203/186 189/201/185
f 191/203/186 194/204/187 193/205/187
f 194/204/187 195/206/188 193/205/187
f 195/206/188 198/207/189 197/208/190
f 197/208/190 200/209/191 199/210/191
f 200/209/191 201/211/192 199/210/191
f 201/211/192 204/212/193 203/213/193
f 204/214/193 205/215/194 203/216/193
f 206/217/194 207/218/195 205/215/194
f 207/218/195 210/219/196 209/220/197
f 210/219/196 179/193/179 209/220/197
s 3
f 212/221/198 243/222/199 211/223/199
f 213/224/200 244/225/198 212/221/198
f 213/224/200 246/226/201 245/227/200
f 215/228/202 246/226/201 214/229/201
f 215/228/202 248/230/203 247/231/202
f 216/232/203 249/233/204 248/230/203
f 217/234/204 250/235/205 249/233/204
f 218/236/205 251/237/206 250/235/205
f 220/238/207 251/237/206 219/239/206
f 221/240/208 252/241/207 220/238/207
f 221/240/208 254/242/209 253/243/208
f 223/244/210 254/242/209 222/245/209
f 223/244/210 256/246/211 255/247/210
f 225/248/212 256/246/211 224/249/211
f 225/248/212 258/250/213 257/251/212
f 226/252/213 259/253/214 258/250/213
f 228/254/215 259/253/214 227/255/214
f 229/256/216 260/257/215 228/254/215
f 230/258/217 261/259/216 229/256/216
f 231/260/218 262/261/217 230/258/217
f 231/260/218 264/262/219 263/263/218
f 233/264/220 264/262/219 232/265/219
f 233/264/220 266/266/221 265/267/220
f 234/268/221 267/269/222 266/266/221
f 236/270/223 267/269/222 235/271/224
f 237/272/225 268/273/223 236/270/223
f 238/274/226 269/275/225 237/272/225
f 239/276/227 270/277/226 238/274/226
f 240/278/228 271/279/227 239/276/227
f 240/278/228 273/280/229 272/281/228
f 241/282/229 274/283/230 273/280/229
f 242/284/230 243/222/199 274/283/230
s 4
f 281/285/231 397/286/232 280/287/231
f 278/288/233 277/289/234 276/290/234
f 282/291/235 279/292/236 278/288/233
f 281/285/231 283/293/235 282/291/235
s 5
f 284/294/237 289/287/238 290/285/238
f 287/288/239 286/289/240 285/290/240
f 287/288/239 292/293/241 288/292/239
f 290/285/238 292/293/241 291/291/241
s 6
f 299/285/242 399/286/243 298/287/242
f 294/290/244 297/292/245 295/289/244
f 296/288/245 301/293/246 297/292/245
f 299/285/242 301/293/246 300/291/246
s 7
f 308/285/247 400/286/248 307/287/247
f 305/288/249 304/289/250 303/290/250
f 309/291/251 306/292/249 305/288/249
f 308/285/247 310/293/251 309/291/251
s 8
f 311/294/252 316/287/253 317/285/253
f 314/288/254 313/289/255 312/290/255
f 318/291/256 315/292/254 314/288/254
f 317/285/253 319/293/256 318/291/256
s 9
f 326/285/257 402/286/258 325/287/257
f 323/288/259 322/289/260 321/290/260
f 327/291/261 324/292/259 323/288/259
f 326/285/257 328/293/261 327/291/261
s 10
f 343/295/262 404/287/263 340/296/263
f 343/295/262 405/292/262 407/293/262
s 11
f 330/294/264 335/287/265 336/285/266
f 333/288/267 332/289/268 331/290/268
f 337/291/269 334/292/267 333/288/267
f 336/285/266 338/293/269 337/291/269
s 10
f 340/296/263 329/286/270 339/297/270
f 342/298/271 406/289/262 405/292/262
s 12
f 412/299/272 408/294/273 355/300/273
s 13
f 359/295/274 411/287/274 356/296/274
f 359/295/274 413/292/275 415/293/274
s 14
f 351/285/276 409/286/277 350/287/276
f 348/288/278 347/289/279 346/290/279
f 348/288/278 353/293/280 349/292/278
f 352/291/280 350/287/276 353/293/280
s 13
f 356/296/274 344/286/275 354/297/275
f 358/298/275 414/289/275 413/292/275
s 15
f 366/285/281 416/286/282 365/287/281
f 361/290/283 364/292/284 362/289/283
f 367/291/285 364/292/284 363/288/284
f 366/285/281 368/293/285 367/291/285
s 16
f 420/299/286 417/294/287 378/300/287
s 17
f 369/294/288 374/287/289 375/285/289
f 372/288/290 371/289/291 370/290/291
f 376/291/292 373/292/290 372/288/290
f 375/285/289 377/293/292 376/291/292
s 18
f 385/285/293 421/286/294 384/287/293
f 382/288/295 381/289/296 380/290/296
f 382/288/295 387/293/297 383/292/295
f 386/291/297 384/287/293 387/293/297
s 19
f 388/294/298 393/287/299 394/285/299
f 391/288/300 390/289/301 389/290/301
f 391/288/300 396/293/302 392/292/300
f 395/291/302 393/287/299 396/293/302
s 20
f 424/301/14 441/302/35 425/303/35
f 432/304/303 449/305/123 433/306/123
f 425/303/35 442/307/304 426/308/304
f 433/306/123 450/309/305 434/310/305
f 426/308/304 443/311/55 427/312/55
f 434/310/305 451/313/141 435/314/141
f 427/312/55 444/315/306 428/316/306
f 435/317/141 452/318/307 436/319/307
f 428/316/306 445/320/73 429/321/73
f 436/319/307 453/322/160 437/323/160
f 429/321/73 446/324/87 430/325/87
f 437/323/160 454/326/308 438/327/308
f 430/325/87 447/328/91 431/329/91
f 423/330/13 440/331/14 424/301/14
f 438/327/308 439/332/13 423/330/13
f 431/329/91 448/333/303 432/304/303
s 21
f 462/334/309 467/335/310 459/336/311
s 22
f 459/336/312 469/337/313 460/338/314
s 23
f 455/339/315 461/340/315 462/334/315
s 24
f 456/341/316 462/334/316 459/336/316
s 25
f 458/342/317 461/340/317 457/343/317
s 26
f 456/341/318 460/338/318 458/344/318
s 27
f 469/337/319 466/345/320 463/346/319
s 28
f 469/347/317 464/348/317 470/349/317
s 29
f 467/335/316 465/350/316 466/345/316
s 30
f 470/349/321 465/350/321 468/351/321
s 31
f 461/340/322 469/347/323 470/349/324
s 32
f 462/334/325 470/349/326 468/351/327
s 33
f 478/334/328 483/335/329 475/336/330
s 34
f 475/336/331 485/337/332 476/352/333
s 35
f 471/339/334 477/340/334 478/334/334
s 36
f 472/341/335 478/334/335 475/336/335
s 37
f 474/342/336 477/340/336 473/343/336
s 38
f 474/344/337 475/336/337 476/352/337
s 39
f 485/337/338 482/345/339 479/346/338
s 40
f 485/347/340 480/348/341 486/349/341
s 41
f 483/335/342 481/350/343 482/345/342
s 42
f 486/349/344 481/350/345 484/351/345
s 43
f 477/340/346 485/347/347 486/349/348
s 44
f 478/334/349 486/349/350 484/351/351
s 45
f 494/334/352 499/335/353 491/336/354
s 46
f 491/336/355 501/337/356 492/353/357
s 47
f 489/343/358 494/334/358 487/339/358
s 48
f 488/341/359 494/334/360 491/336/360
s 49
f 490/342/361 493/340/362 489/343/361
s 50
f 488/341/363 492/353/364 490/344/363
s 51
f 501/337/365 498/345/366 495/346/365
s 52
f 501/347/367 496/348/368 502/349/368
s 53
f 499/335/369 497/350/370 498/345/369
s 54
f 502/349/371 497/350/371 500/351/371
s 55
f 493/340/372 501/347/373 502/349/374
s 56
f 494/334/375 502/349/376 500/351/377
s 57
f 510/334/378 515/335/379 507/336/380
s 58
f 507/336/381 517/337/382 508/354/383
s 59
f 503/339/384 509/340/385 510/334/385
s 60
f 504/341/386 510/334/386 507/336/386
s 61
f 506/342/387 509/340/387 505/343/387
s 62
f 506/344/388 507/336/388 508/354/388
s 63
f 517/337/389 514/345/390 511/346/389
s 64
f 517/347/391 512/348/387 518/349/387
s 65
f 515/335/392 513/350/393 514/345/394
s 66
f 518/349/395 513/350/395 516/351/395
s 67
f 509/340/396 517/347/397 518/349/398
s 68
f 510/334/399 518/349/400 516/351/401
s 69
f 526/334/402 531/335/403 523/336/404
s 70
f 523/336/405 533/337/406 524/355/407
s 71
f 519/339/408 525/340/408 526/334/408
s 72
f 520/341/409 526/334/410 523/336/410
s 73
f 522/342/411 525/340/411 521/343/411
s 74
f 520/341/412 524/355/412 522/344/412
s 75
f 533/337/413 530/345/414 527/346/415
s 76
f 533/347/416 528/348/417 534/349/417
s 77
f 531/335/418 529/350/419 530/345/410
s 78
f 534/349/420 529/350/420 532/351/420
s 79
f 525/340/421 533/347/422 534/349/423
s 80
f 526/334/424 534/349/425 532/351/426
s 81
f 538/356/427 544/357/428 539/358/429
f 539/358/429 857/221/430 858/223/431
f 535/359/432 635/360/23 540/361/433
f 536/362/434 540/361/433 541/363/435
f 536/362/434 542/364/436 537/365/437
f 537/365/437 543/366/438 538/356/427
f 543/366/438 547/367/439 548/368/440
f 544/357/428 548/368/440 549/369/441
f 857/221/430 549/369/441 859/224/442
f 540/361/433 635/360/23 545/370/443
f 540/361/433 546/371/444 541/363/435
f 542/364/436 546/371/444 547/367/439
f 545/370/443 635/360/23 550/372/445
f 546/371/444 550/372/445 551/373/446
f 547/367/439 551/373/446 552/374/447
f 547/367/439 553/375/448 548/368/440
f 548/368/440 554/376/449 549/369/441
f 549/369/441 860/229/450 859/224/442
f 553/375/448 559/377/451 554/376/449
f 554/376/449 861/228/452 860/229/450
f 550/372/445 635/360/23 555/378/453
f 551/373/446 555/378/453 556/379/454
f 551/373/446 557/380/455 552/374/447
f 552/374/447 558/381/456 553/375/448
f 555/378/453 635/360/23 560/382/457
f 555/378/453 561/383/458 556/379/454
f 557/380/455 561/383/458 562/384/459
f 557/380/455 563/385/460 558/381/456
f 559/377/451 563/385/460 564/386/461
f 861/228/452 564/386/461 862/232/462
f 564/386/461 568/387/463 569/388/464
f 862/232/462 569/388/464 863/234/465
f 560/382/457 635/360/23 565/389/466
f 560/382/457 566/390/467 561/383/458
f 562/384/459 566/390/467 567/391/468
f 563/385/460 567/391/468 568/387/463
f 566/390/467 570/392/469 571/393/470
f 566/390/467 572/394/471 567/391/468
f 567/391/468 573/395/472 568/387/463
f 568/387/463 574/396/473 569/388/464
f 863/234/465 574/396/473 864/236/474
f 565/389/466 635/360/23 570/392/469
f 864/236/474 579/397/475 865/239/476
f 570/392/469 635/360/23 575/398/477
f 571/393/470 575/398/477 576/399/478
f 572/394/471 576/399/478 577/400/479
f 573/395/472 577/400/479 578/401/480
f 573/395/472 579/397/475 574/396/473
f 575/398/477 581/402/481 576/399/478
f 576/399/478 582/403/482 577/400/479
f 577/400/479 583/404/483 578/401/480
f 578/401/480 584/405/484 579/397/475
f 579/397/475 866/238/485 865/239/476
f 575/398/477 635/360/23 580/406/486
f 866/238/485 589/407/487 867/240/488
f 580/406/486 635/360/23 585/408/489
f 580/406/486 586/409/490 581/402/481
f 582/403/482 586/409/490 587/410/491
f 583/404/483 587/410/491 588/411/492
f 584/405/484 588/411/492 589/407/487
f 587/410/491 591/412/493 592/413/494
f 587/410/491 593/414/495 588/411/492
f 588/411/492 594/415/496 589/407/487
f 589/407/487 868/245/497 867/240/488
f 585/408/489 635/360/23 590/416/498
f 586/409/490 590/416/498 591/412/493
f 590/416/498 635/360/23 595/417/499
f 590/416/498 596/418/500 591/412/493
f 591/412/493 597/419/501 592/413/494
f 592/413/494 598/420/502 593/414/495
f 593/414/495 599/421/503 594/415/496
f 594/415/496 869/244/504 868/245/497
f 598/420/502 602/422/505 603/423/506
f 599/421/503 603/423/506 604/424/507
f 869/244/504 604/424/507 870/249/508
f 595/417/499 635/360/23 600/425/509
f 595/417/499 601/426/510 596/418/500
f 597/419/501 601/426/510 602/422/505
f 600/425/509 635/360/23 605/427/511
f 600/425/509 606/428/512 601/426/510
f 601/426/510 607/429/513 602/422/505
f 603/423/506 607/429/513 608/430/514
f 604/424/507 608/430/514 609/431/515
f 870/249/508 609/431/515 871/248/516
f 607/429/513 613/432/517 608/430/514
f 608/430/514 614/433/518 609/431/515
f 609/431/515 872/252/519 871/248/516
f 605/427/511 635/360/23 610/434/520
f 606/428/512 610/434/520 611/435/521
f 606/428/512 612/436/522 607/429/513
f 610/434/520 635/360/23 615/437/523
f 611/435/521 615/437/523 616/438/524
f 612/436/522 616/438/524 617/439/525
f 613/432/517 617/439/525 618/440/526
f 613/432/517 619/441/527 614/433/518
f 872/252/519 619/441/527 873/255/528
f 618/440/526 624/442/529 619/441/527
f 619/441/527 874/254/530 873/255/528
f 615/437/523 635/360/23 620/443/531
f 615/437/523 621/444/532 616/438/524
f 616/438/524 622/445/533 617/439/525
f 617/439/525 623/446/534 618/440/526
f 620/443/531 635/360/23 625/447/535
f 620/443/531 626/448/536 621/444/532
f 622/445/533 626/448/536 627/449/537
f 623/446/534 627/449/537 628/450/538
f 624/442/529 628/450/538 629/451/539
f 624/442/529 875/256/540 874/254/530
f 629/451/539 633/452/541 634/453/542
f 629/451/539 876/258/543 875/256/540
f 625/447/535 635/360/23 630/454/544
f 626/448/536 630/454/544 631/455/545
f 626/448/536 632/456/546 627/449/537
f 627/449/537 633/452/541 628/450/538
f 631/455/545 636/457/547 637/458/548
f 631/455/545 638/459/549 632/456/546
f 633/452/541 638/459/549 639/460/550
f 633/452/541 640/461/551 634/453/542
f 634/453/542 877/260/552 876/258/543
f 630/454/544 635/360/23 636/457/547
f 877/260/552 645/462/553 878/265/554
f 636/457/547 635/360/23 641/463/555
f 636/457/547 642/464/556 637/458/548
f 638/459/549 642/464/556 643/465/557
f 639/460/550 643/465/557 644/466/558
f 640/461/551 644/466/558 645/462/553
f 642/464/556 648/467/559 643/465/557
f 644/466/558 648/467/559 649/468/560
f 644/466/558 650/469/561 645/462/553
f 878/265/554 650/469/561 879/264/562
f 641/463/555 635/360/23 646/470/563
f 641/463/555 647/471/564 642/464/556
f 646/470/563 635/360/23 651/472/565
f 647/471/564 651/472/565 652/473/566
f 648/467/559 652/473/566 653/474/567
f 648/467/559 654/475/568 649/468/560
f 649/468/560 655/476/569 650/469/561
f 879/264/562 655/476/569 880/268/570
f 653/474/567 657/477/571 658/478/572
f 654/475/568 658/478/572 659/479/573
f 654/475/568 660/480/574 655/476/569
f 880/268/570 660/480/574 881/271/575
f 651/472/565 635/360/23 656/481/576
f 651/472/565 657/477/571 652/473/566
f 656/481/576 635/360/23 661/482/577
f 657/477/571 661/482/577 662/483/578
f 657/477/571 663/484/579 658/478/572
f 658/478/572 664/485/580 659/479/573
f 659/479/573 665/486/581 660/480/574
f 660/480/574 882/270/582 881/271/575
f 664/485/580 668/487/583 669/488/584
f 665/486/581 669/488/584 670/489/585
f 665/486/581 883/272/586 882/270/582
f 661/482/577 635/360/23 666/490/587
f 661/482/577 667/491/588 662/483/578
f 662/483/578 668/487/583 663/484/579
f 666/490/587 635/360/23 671/492/589
f 667/491/588 671/492/589 672/493/590
f 668/487/583 672/493/590 673/494/591
f 668/487/583 674/495/592 669/488/584
f 670/489/585 674/495/592 675/496/593
f 670/489/585 884/274/594 883/272/586
f 674/495/592 678/497/595 679/498/596
f 674/495/592 680/499/597 675/496/593
f 675/496/593 885/276/598 884/274/594
f 671/492/589 635/360/23 676/500/599
f 671/492/589 677/501/600 672/493/590
f 672/493/590 678/497/595 673/494/591
f 676/500/599 635/360/23 681/502/601
f 677/501/600 681/502/601 682/503/602
f 678/497/595 682/503/602 683/504/603
f 678/497/595 684/505/604 679/498/596
f 680/499/597 684/505/604 685/506/605
f 680/499/597 886/278/606 885/276/598
f 684/505/604 690/507/607 685/506/605
f 886/278/606 690/507/607 887/282/608
f 681/502/601 635/360/23 686/508/609
f 681/502/601 687/509/610 682/503/602
f 682/503/602 688/510/611 683/504/603
f 684/505/604 688/510/611 689/511/612
f 687/509/610 691/512/613 692/513/614
f 687/509/610 693/514/615 688/510/611
f 688/510/611 694/515/616 689/511/612
f 689/511/612 695/516/617 690/507/607
f 887/282/608 695/516/617 888/284/618
f 686/508/609 635/360/23 691/512/613
f 888/284/618 539/358/429 858/223/431
f 691/512/613 635/360/23 535/359/432
f 691/512/613 536/362/434 692/513/614
f 693/514/615 536/362/434 537/365/437
f 694/515/616 537/365/437 538/356/427
f 695/516/617 538/356/427 539/358/429
s 82
f 705/517/619 699/518/620 700/519/621
f 890/520/622 705/517/619 700/519/621
f 696/521/623 701/522/624 796/523/4
f 697/524/625 701/522/624 696/521/623
f 703/525/626 697/524/625 698/526/627
f 699/518/620 703/525/626 698/526/627
f 704/527/628 708/528/629 703/525/626
f 710/529/630 704/527/628 705/517/619
f 891/530/631 705/517/619 889/531/632
f 701/522/624 706/532/633 796/523/4
f 702/533/634 706/532/633 701/522/624
f 703/525/626 707/534/635 702/533/634
f 706/532/633 711/535/636 796/523/4
f 712/536/637 706/532/633 707/534/635
f 713/537/638 707/534/635 708/528/629
f 714/538/639 708/528/629 709/539/640
f 715/540/641 709/539/640 710/529/630
f 891/530/631 715/540/641 710/529/630
f 720/541/642 714/538/639 715/540/641
f 892/542/643 720/541/642 715/540/641
f 711/535/636 716/543/644 796/523/4
f 712/536/637 716/543/644 711/535/636
f 713/537/638 717/544/645 712/536/637
f 719/545/646 713/537/638 714/538/639
f 716/543/644 721/546/647 796/523/4
f 717/544/645 721/546/647 716/543/644
f 718/547/648 722/548/649 717/544/645
f 719/545/646 723/549/650 718/547/648
f 725/550/651 719/545/646 720/541/642
f 894/551/652 720/541/642 893/552/653
f 725/550/651 729/553/654 724/554/655
f 895/555/656 725/550/651 894/551/652
f 721/546/647 726/556/657 796/523/4
f 722/548/649 726/556/657 721/546/647
f 728/557/658 722/548/649 723/549/650
f 724/554/655 728/557/658 723/549/650
f 727/558/659 731/559/660 726/556/657
f 728/557/658 732/560/661 727/558/659
f 734/561/662 728/557/658 729/553/654
f 730/562/663 734/561/662 729/553/654
f 896/563/664 730/562/663 895/555/656
f 726/556/657 731/559/660 796/523/4
f 897/564/665 735/565/666 896/563/664
f 731/559/660 736/566/667 796/523/4
f 737/567/668 731/559/660 732/560/661
f 738/568/669 732/560/661 733/569/670
f 739/570/671 733/569/670 734/561/662
f 735/565/666 739/570/671 734/561/662
f 737/567/668 741/571/672 736/566/667
f 738/568/669 742/572/673 737/567/668
f 739/570/671 743/573/674 738/568/669
f 745/574/675 739/570/671 740/575/676
f 897/564/665 745/574/675 740/575/676
f 736/566/667 741/571/672 796/523/4
f 898/576/677 750/577/678 745/574/675
f 741/571/672 746/578/679 796/523/4
f 747/579/680 741/571/672 742/572/673
f 748/580/681 742/572/673 743/573/674
f 744/581/682 748/580/681 743/573/674
f 750/577/678 744/581/682 745/574/675
f 753/582/683 747/579/680 748/580/681
f 754/583/684 748/580/681 749/584/685
f 755/585/686 749/584/685 750/577/678
f 899/586/687 755/585/686 750/577/678
f 746/578/679 751/587/688 796/523/4
f 752/588/689 746/578/679 747/579/680
f 751/587/688 756/589/690 796/523/4
f 752/588/689 756/589/690 751/587/688
f 753/582/683 757/590/691 752/588/689
f 754/583/684 758/591/692 753/582/683
f 755/585/686 759/592/693 754/583/684
f 900/593/694 760/594/695 755/585/686
f 764/595/696 758/591/692 759/592/693
f 765/596/697 759/592/693 760/594/695
f 902/597/698 760/594/695 901/598/699
f 756/589/690 761/599/700 796/523/4
f 762/600/701 756/589/690 757/590/691
f 763/601/702 757/590/691 758/591/692
f 761/599/700 766/602/703 796/523/4
f 762/600/701 766/602/703 761/599/700
f 763/601/702 767/603/704 762/600/701
f 764/595/696 768/604/705 763/601/702
f 765/596/697 769/605/706 764/595/696
f 903/606/707 765/596/697 902/597/698
f 774/607/708 768/604/705 769/605/706
f 770/608/709 774/607/708 769/605/706
f 904/609/710 770/608/709 903/606/707
f 766/602/703 771/610/711 796/523/4
f 767/603/704 771/610/711 766/602/703
f 768/604/705 772/611/712 767/603/704
f 771/610/711 776/612/713 796/523/4
f 777/613/714 771/610/711 772/611/712
f 778/614/715 772/611/712 773/615/716
f 779/616/717 773/615/716 774/607/708
f 775/617/718 779/616/717 774/607/708
f 905/618/719 775/617/718 904/609/710
f 785/619/720 779/616/717 780/620/721
f 905/618/719 785/619/720 780/620/721
f 776/612/713 781/621/722 796/523/4
f 777/613/714 781/621/722 776/612/713
f 783/622/723 777/613/714 778/614/715
f 779/616/717 783/622/723 778/614/715
f 781/621/722 786/623/724 796/523/4
f 782/624/725 786/623/724 781/621/722
f 783/622/723 787/625/726 782/624/725
f 784/626/727 788/627/728 783/622/723
f 790/628/729 784/626/727 785/619/720
f 906/629/730 790/628/729 785/619/720
f 795/630/731 789/631/732 790/628/729
f 907/632/733 795/630/731 790/628/729
f 786/623/724 791/633/734 796/523/4
f 792/634/735 786/623/724 787/625/726
f 793/635/736 787/625/726 788/627/728
f 794/636/737 788/627/728 789/631/732
f 792/634/735 797/637/738 791/633/734
f 793/635/736 798/638/739 792/634/735
f 800/639/740 793/635/736 794/636/737
f 801/640/741 794/636/737 795/630/731
f 909/641/742 795/630/731 908/642/743
f 791/633/734 797/637/738 796/523/4
f 909/641/742 806/643/744 801/640/741
f 797/637/738 802/644/745 796/523/4
f 803/645/746 797/637/738 798/638/739
f 804/646/747 798/638/739 799/647/748
f 800/639/740 804/646/747 799/647/748
f 801/640/741 805/648/749 800/639/740
f 804/646/747 808/649/750 803/645/746
f 805/648/749 809/650/751 804/646/747
f 806/643/744 810/651/752 805/648/749
f 911/652/753 806/643/744 910/653/754
f 802/644/745 807/654/755 796/523/4
f 803/645/746 807/654/755 802/644/745
f 807/654/755 812/655/756 796/523/4
f 813/656/757 807/654/755 808/649/750
f 814/657/758 808/649/750 809/650/751
f 815/658/759 809/650/751 810/651/752
f 811/659/760 815/658/759 810/651/752
f 912/660/761 811/659/760 911/652/753
f 814/657/758 818/661/762 813/656/757
f 820/662/763 814/657/758 815/658/759
f 816/663/764 820/662/763 815/658/759
f 913/664/765 816/663/764 912/660/761
f 812/655/756 817/665/766 796/523/4
f 818/661/762 812/655/756 813/656/757
f 817/665/766 822/666/767 796/523/4
f 823/667/768 817/665/766 818/661/762
f 824/668/769 818/661/762 819/669/770
f 820/662/763 824/668/769 819/669/770
f 826/670/771 820/662/763 821/671/772
f 913/664/765 826/670/771 821/671/772
f 825/672/773 829/673/774 824/668/769
f 831/674/775 825/672/773 826/670/771
f 914/675/776 831/674/775 826/670/771
f 822/666/767 827/676/777 796/523/4
f 823/667/768 827/676/777 822/666/767
f 824/668/769 828/677/778 823/667/768
f 827/676/777 832/678/779 796/523/4
f 833/679/780 827/676/777 828/677/778
f 834/680/781 828/677/778 829/673/774
f 835/681/782 829/673/774 830/682/783
f 836/683/784 830/682/783 831/674/775
f 915/684/785 836/683/784 831/674/775
f 840/685/786 834/680/781 835/681/782
f 836/683/784 840/685/786 835/681/782
f 916/686/787 841/687/788 836/683/784
f 832/678/779 837/688/789 796/523/4
f 833/679/780 837/688/789 832/678/779
f 834/680/781 838/689/790 833/679/780
f 837/688/789 842/690/791 796/523/4
f 843/691/792 837/688/789 838/689/790
f 844/692/793 838/689/790 839/693/794
f 840/685/786 844/692/793 839/693/794
f 841/687/788 845/694/795 840/685/786
f 918/695/796 841/687/788 917/696/797
f 846/697/798 850/698/799 845/694/795
f 919/699/800 846/697/798 918/695/796
f 842/690/791 847/700/801 796/523/4
f 843/691/792 847/700/801 842/690/791
f 844/692/793 848/701/802 843/691/792
f 845/694/795 849/702/803 844/692/793
f 853/703/804 847/700/801 848/701/802
f 854/704/805 848/701/802 849/702/803
f 855/705/806 849/702/803 850/698/799
f 851/706/807 855/705/806 850/698/799
f 920/707/808 851/706/807 919/699/800
f 847/700/801 852/708/809 796/523/4
f 890/520/622 856/709/810 920/707/808
f 852/708/809 696/521/623 796/523/4
f 853/703/804 696/521/623 852/708/809
f 854/704/805 697/524/625 853/703/804
f 699/518/620 854/704/805 855/705/806
f 856/709/810 699/518/620 855/705/806
s 83
f 924/710/811 1040/294/812 1044/285/811
s 84
f 1045/299/813 1041/294/814 923/300/814
s 85
f 930/295/815 1043/287/816 925/296/816
f 930/295/815 1046/292/817 1050/293/815
s 83
f 931/711/811 1044/285/811 1051/291/811
f 929/712/818 1048/290/819 926/713/819
f 931/711/811 1049/288/818 929/712/818
s 85
f 925/296/816 921/286/820 922/297/820
f 928/298/815 1047/289/817 1046/292/817
s 86
f 935/710/821 1053/294/821 1057/285/821
s 87
f 1058/299/822 1054/294/822 934/300/822
s 88
f 941/295/823 1056/287/824 936/296/824
f 941/295/823 1059/292/824 1063/293/823
s 86
f 942/711/821 1057/285/821 1064/291/821
f 940/712/821 1061/290/821 937/713/821
f 942/711/821 1062/288/821 940/712/821
s 88
f 936/296/824 932/286/824 933/297/824
f 939/298/824 1060/289/824 1059/292/824
s 89
f 946/710/825 1066/294/826 1070/285/825
s 90
f 945/300/827 1068/286/828 1067/294/827
s 91
f 952/295/829 1069/287/830 947/296/831
f 952/295/829 1072/292/832 1076/293/829
s 89
f 953/711/826 1070/285/825 1077/291/826
f 951/712/833 1074/290/834 948/713/834
f 953/711/826 1075/288/833 951/712/833
s 91
f 947/296/831 943/286/835 944/297/835
f 950/298/832 1073/289/836 1072/292/832
s 92
f 957/710/837 1079/294/837 1083/285/837
s 93
f 1084/299/838 1080/294/839 956/300/840
s 94
f 963/295/841 1082/287/841 958/296/841
f 963/295/841 1085/292/841 1089/293/841
s 92
f 964/711/842 1083/285/837 1090/291/842
f 962/712/842 1087/290/843 959/713/843
f 964/711/842 1088/288/842 962/712/842
s 94
f 958/296/841 954/286/844 955/297/844
f 961/298/841 1086/289/845 1085/292/841
s 95
f 968/710/846 1092/294/846 1096/285/846
s 96
f 967/300/847 1094/286/848 1093/294/849
s 97
f 974/295/850 1095/287/850 969/296/850
f 974/295/850 1098/292/850 1102/293/850
s 95
f 975/711/851 1096/285/846 1103/291/851
f 973/712/852 1100/290/846 970/713/846
f 975/711/851 1101/288/852 973/712/852
s 97
f 969/296/850 965/286/853 966/297/853
f 972/298/850 1099/289/850 1098/292/850
s 98
f 979/710/854 1105/294/855 1109/285/854
s 99
f 1110/299/856 1106/294/857 978/300/858
s 100
f 985/295/859 1108/287/860 980/296/860
f 985/295/859 1111/292/860 1115/293/859
s 98
f 986/711/861 1109/285/854 1116/291/861
f 984/712/862 1113/290/863 981/713/863
f 986/711/861 1114/288/862 984/712/862
s 100
f 980/296/860 976/286/860 977/297/860
f 983/298/860 1112/289/864 1111/292/860
s 101
f 988/710/865 1118/294/865 1121/285/865
s 102
f 1122/299/866 1119/294/866 987/300/866
s 101
f 991/711/867 1121/285/865 1125/291/867
f 990/712/868 1123/290/869 989/713/869
f 991/711/867 1124/288/868 990/712/868
s 103
f 992/710/870 1127/294/870 1128/285/870
f 995/711/871 1128/285/870 1131/291/872
f 994/712/870 1129/290/873 993/713/874
f 995/711/871 1130/288/870 994/712/870
s 104
f 999/710/875 1133/294/832 1137/285/875
s 105
f 1138/299/876 1134/294/877 998/300/878
s 106
f 1005/295/879 1136/287/826 1000/296/880
f 1005/295/879 1139/292/826 1143/293/879
s 104
f 1006/711/832 1137/285/875 1144/291/830
f 1004/712/881 1141/290/882 1001/713/883
f 1006/711/832 1142/288/881 1004/712/881
s 106
f 1000/296/880 996/286/880 997/297/880
f 1003/298/826 1140/289/884 1139/292/826
s 107
f 1009/710/885 1146/294/886 1148/285/887
s 108
f 1015/295/888 1147/287/888 1010/296/888
f 1015/295/888 1149/292/888 1153/293/888
s 107
f 1016/711/889 1148/285/887 1154/291/889
f 1014/712/890 1151/290/891 1011/713/891
f 1016/711/889 1152/288/890 1014/712/890
s 108
f 1010/296/888 1007/286/892 1008/297/892
f 1013/298/888 1150/289/893 1149/292/888
s 109
f 1020/710/894 1156/294/850 1160/285/894
s 110
f 1161/299/895 1157/294/895 1019/300/895
s 111
f 1026/295/896 1159/287/897 1021/296/897
f 1026/295/896 1162/292/898 1166/293/896
s 109
f 1027/711/894 1160/285/894 1167/291/894
f 1025/712/899 1164/290/900 1022/713/901
f 1027/711/894 1165/288/899 1025/712/899
s 111
f 1021/296/897 1017/286/846 1018/297/846
f 1024/298/898 1163/289/898 1162/292/898
s 112
f 1031/710/902 1169/294/903 1173/285/902
s 113
f 1030/300/904 1171/286/905 1170/294/904
s 114
f 1037/295/906 1172/287/906 1032/296/906
f 1037/295/906 1175/292/906 1179/293/906
s 112
f 1038/711/907 1173/285/902 1180/291/907
f 1036/712/908 1177/290/909 1033/713/909
f 1038/711/907 1178/288/908 1036/712/908
s 114
f 1032/296/906 1028/286/910 1029/297/910
f 1035/298/906 1176/289/911 1175/292/906
s 1
f 2/1/1 13/22/21 14/2/2
f 178/7/7 177/23/22 10/8/8
f 7/10/10 6/25/24 17/11/11
f 4/13/13 3/3/3 14/2/2
f 178/7/7 11/9/9 12/15/15
f 8/17/17 7/10/10 18/12/12
f 4/19/13 15/29/14 16/20/19
f 1/16/16 12/15/15 13/22/21
f 8/17/17 19/18/18 20/6/6
f 6/25/24 5/21/20 16/20/19
f 11/9/9 23/36/34 24/26/25
f 19/18/18 18/12/12 30/27/26
f 15/29/14 27/714/35 28/30/28
f 13/22/21 12/15/15 24/26/25
f 19/18/18 31/28/27 32/32/30
f 17/11/11 16/20/19 28/30/28
f 13/22/21 25/31/29 26/35/33
f 11/9/9 10/8/8 22/33/31
f 17/11/11 29/34/32 30/27/26
f 15/14/14 14/2/2 26/35/33
f 23/36/34 22/33/31 33/39/37
f 29/34/32 40/48/45 41/41/39
f 26/35/33 37/49/46 38/42/40
f 23/36/34 34/40/38 35/43/41
f 31/28/27 30/27/26 41/41/39
f 28/30/28 27/714/35 38/45/40
f 25/31/29 24/26/25 35/43/41
f 31/28/27 42/44/42 43/38/36
f 28/30/28 39/46/43 40/48/45
f 26/35/33 25/31/29 36/47/44
f 35/43/41 46/59/56 47/50/47
f 43/38/36 42/44/42 53/51/48
f 39/46/43 50/61/57 51/54/51
f 37/49/46 36/47/44 47/50/47
f 33/39/37 44/53/50 45/56/53
f 41/41/39 40/48/45 51/54/51
f 37/49/46 48/55/52 49/58/55
f 34/40/38 45/56/53 46/59/56
f 42/44/42 41/41/39 52/57/54
f 39/46/43 38/45/40 49/60/55
f 46/59/56 45/56/53 56/62/58
f 52/57/54 63/71/67 64/64/60
f 49/60/55 60/80/68 61/65/61
f 47/50/47 46/59/56 57/63/59
f 53/51/48 64/64/60 65/67/63
f 51/54/51 50/61/57 61/65/61
f 47/50/47 58/66/62 59/70/66
f 45/56/53 44/53/50 55/68/64
f 51/54/51 62/69/65 63/71/67
f 49/58/55 48/55/52 59/70/66
f 58/66/62 69/82/77 70/73/69
f 55/68/64 66/83/78 67/75/71
f 62/69/65 73/84/79 74/76/72
f 60/72/68 59/70/66 70/73/69
f 57/63/59 56/62/58 67/75/71
f 63/71/67 74/76/72 75/79/75
f 60/80/68 71/715/73 72/81/76
f 58/66/62 57/63/59 68/78/74
f 65/67/63 64/64/60 75/79/75
f 62/69/65 61/65/61 72/81/76
f 68/78/74 79/93/88 80/85/80
f 75/79/75 86/94/89 87/86/81
f 72/81/76 83/96/90 84/88/83
f 70/73/69 69/82/77 80/85/80
f 67/75/71 66/83/78 77/87/82
f 74/76/72 73/84/79 84/88/83
f 70/73/69 81/89/84 82/92/87
f 68/78/74 67/75/71 78/90/85
f 74/76/72 85/91/86 86/94/89
f 72/81/76 71/715/73 82/95/87
f 81/89/84 92/107/100 93/97/91
f 79/93/88 78/90/85 89/98/92
f 85/91/86 96/108/101 97/100/94
f 83/96/90 82/95/87 93/101/91
f 79/93/88 90/99/93 91/103/96
f 87/86/81 86/94/89 97/100/94
f 83/96/90 94/102/95 95/106/99
f 81/89/84 80/85/80 91/103/96
f 77/87/82 88/105/98 89/98/92
f 85/91/86 84/88/83 95/106/99
f 91/103/96 103/118/111 104/109/102
f 89/98/92 88/105/98 100/111/104
f 95/106/99 107/119/112 108/113/106
f 93/97/91 92/107/100 104/109/102
f 89/98/92 101/112/105 102/115/108
f 97/100/94 96/108/101 108/113/106
f 93/101/91 105/120/107 106/117/110
f 91/103/96 90/99/93 102/115/108
f 97/100/94 109/116/109 110/110/103
f 95/106/99 94/102/95 106/117/110
f 105/120/107 116/716/123 117/121/113
f 103/118/111 102/115/108 113/122/114
f 110/110/103 109/116/109 120/124/116
f 107/119/112 106/117/110 117/121/113
f 103/118/111 114/123/115 115/128/120
f 100/111/104 111/126/118 112/129/121
f 107/119/112 118/127/119 119/130/122
f 105/114/107 104/109/102 115/128/120
f 101/112/105 112/129/121 113/122/114
f 109/116/109 108/113/106 119/130/122
f 115/128/120 126/142/133 127/132/124
f 112/129/121 123/143/134 124/133/125
f 120/124/116 119/130/122 130/134/126
f 117/121/113 116/716/123 127/136/124
f 113/122/114 124/133/125 125/138/129
f 120/124/116 131/135/127 132/139/130
f 117/121/113 128/137/128 129/141/132
f 115/128/120 114/123/115 125/138/129
f 112/129/121 111/126/118 122/140/131
f 119/130/122 118/127/119 129/141/132
f 128/137/128 139/154/144 140/144/135
f 126/142/133 125/138/129 136/145/136
f 122/140/131 133/155/145 134/148/139
f 130/134/126 129/141/132 140/144/135
f 126/142/133 137/146/137 138/150/141
f 123/143/134 134/148/139 135/151/142
f 131/135/127 130/134/126 141/149/140
f 128/137/128 127/136/124 138/153/141
f 124/133/125 135/151/142 136/145/136
f 132/139/130 131/135/127 142/152/143
f 138/153/141 149/174/155 150/156/146
f 136/145/136 135/151/142 146/157/147
f 142/152/143 153/166/156 154/159/149
f 140/144/135 139/154/144 150/156/146
f 136/145/136 147/158/148 148/162/152
f 134/148/139 133/155/145 144/160/150
f 140/144/135 151/161/151 152/164/154
f 138/150/141 137/146/137 148/162/152
f 135/151/142 134/148/139 145/163/153
f 141/149/140 152/164/154 153/166/156
f 152/164/154 151/161/151 162/167/157
f 149/165/155 148/162/152 159/169/159
f 146/157/147 145/163/153 156/171/161
f 153/166/156 152/164/154 163/168/158
f 149/174/155 160/717/160 161/175/164
f 146/157/147 157/172/162 158/176/165
f 154/159/149 153/166/156 164/173/163
f 151/161/151 150/156/146 161/175/164
f 147/158/148 158/176/165 159/169/159
f 144/160/150 155/178/167 156/171/161
f 161/175/164 172/190/178 173/180/169
f 159/169/159 158/176/165 169/181/170
f 155/178/167 166/179/168 167/184/173
f 163/168/158 162/167/157 173/180/169
f 159/169/159 170/182/171 171/186/175
f 157/172/162 156/171/161 167/184/173
f 163/168/158 174/185/174 175/188/177
f 161/175/164 160/717/160 171/189/175
f 157/172/162 168/187/176 169/181/170
f 165/177/166 164/173/163 175/188/177
f 174/185/174 7/10/10 8/17/17
f 172/190/178 171/189/175 4/19/13
f 169/181/170 168/187/176 1/16/16
f 176/183/172 175/188/177 8/17/17
f 172/190/178 5/21/20 6/25/24
f 170/182/171 169/181/170 2/1/1
f 166/179/168 177/23/22 178/7/7
f 173/180/169 6/25/24 7/10/10
f 170/182/171 3/3/3 4/13/13
f 168/187/176 167/184/173 178/7/7
s 2
f 180/191/179 182/194/180 181/192/180
f 182/194/180 184/196/181 183/195/181
f 184/196/181 186/198/183 185/197/182
f 186/198/183 188/200/184 187/199/184
f 188/200/184 190/202/185 189/201/185
f 190/202/185 192/718/186 191/203/186
f 191/203/186 192/718/186 194/204/187
f 194/204/187 196/719/188 195/206/188
f 195/206/188 196/719/188 198/207/189
f 197/208/190 198/207/189 200/209/191
f 200/209/191 202/720/192 201/211/192
f 201/211/192 202/720/192 204/212/193
f 204/214/193 206/217/194 205/215/194
f 206/217/194 208/721/195 207/218/195
f 207/218/195 208/721/195 210/219/196
f 210/219/196 180/191/179 179/193/179
s 3
f 212/221/198 244/225/198 243/222/199
f 213/224/200 245/227/200 244/225/198
f 213/224/200 214/229/201 246/226/201
f 215/228/202 247/231/202 246/226/201
f 215/228/202 216/232/203 248/230/203
f 216/232/203 217/234/204 249/233/204
f 217/234/204 218/236/205 250/235/205
f 218/236/205 219/239/206 251/237/206
f 220/238/207 252/241/207 251/237/206
f 221/240/208 253/243/208 252/241/207
f 221/240/208 222/245/209 254/242/209
f 223/244/210 255/247/210 254/242/209
f 223/244/210 224/249/211 256/246/211
f 225/248/212 257/251/212 256/246/211
f 225/248/212 226/252/213 258/250/213
f 226/252/213 227/255/214 259/253/214
f 228/254/215 260/257/215 259/253/214
f 229/256/216 261/259/216 260/257/215
f 230/258/217 262/261/217 261/259/216
f 231/260/218 263/263/218 262/261/217
f 231/260/218 232/265/219 264/262/219
f 233/264/220 265/267/220 264/262/219
f 233/264/220 234/268/221 266/266/221
f 234/268/221 235/271/224 267/269/222
f 236/270/223 268/273/223 267/269/222
f 237/272/225 269/275/225 268/273/223
f 238/274/226 270/277/226 269/275/225
f 239/276/227 271/279/227 270/277/226
f 240/278/228 272/281/228 271/279/227
f 240/278/228 241/282/229 273/280/229
f 241/282/229 242/284/230 274/283/230
f 242/284/230 211/223/199 243/222/199
s 4
f 281/285/231 275/294/912 397/286/232
f 278/288/233 279/292/236 277/289/234
f 282/291/235 283/293/235 279/292/236
f 281/285/231 280/287/231 283/293/235
s 5
f 284/294/237 398/286/237 289/287/238
f 287/288/239 288/292/239 286/289/240
f 287/288/239 291/291/241 292/293/241
f 290/285/238 289/287/238 292/293/241
s 6
f 299/285/242 293/294/243 399/286/243
f 294/290/244 296/288/245 297/292/245
f 296/288/245 300/291/246 301/293/246
f 299/285/242 298/287/242 301/293/246
s 7
f 308/285/247 302/294/248 400/286/248
f 305/288/249 306/292/249 304/289/250
f 309/291/251 310/293/251 306/292/249
f 308/285/247 307/287/247 310/293/251
s 8
f 311/294/252 401/286/252 316/287/253
f 314/288/254 315/292/254 313/289/255
f 318/291/256 319/293/256 315/292/254
f 317/285/253 316/287/253 319/293/256
s 9
f 326/285/257 320/294/258 402/286/258
f 323/288/259 324/292/259 322/289/260
f 327/291/261 328/293/261 324/292/259
f 326/285/257 325/287/257 328/293/261
s 10
f 343/295/262 407/293/262 404/287/263
f 343/295/262 342/298/271 405/292/262
s 11
f 330/294/264 403/286/264 335/287/265
f 333/288/267 334/292/267 332/289/268
f 337/291/269 338/293/269 334/292/267
f 336/285/266 335/287/265 338/293/269
s 10
f 340/296/263 404/287/263 329/286/270
f 342/298/271 341/722/262 406/289/262
s 12
f 412/299/272 410/286/272 408/294/273
s 13
f 359/295/274 415/293/274 411/287/274
f 359/295/274 358/298/275 413/292/275
s 14
f 351/285/276 345/294/277 409/286/277
f 348/288/278 349/292/278 347/289/279
f 348/288/278 352/291/280 353/293/280
f 352/291/280 351/285/276 350/287/276
s 13
f 356/296/274 411/287/274 344/286/275
f 358/298/275 357/722/275 414/289/275
s 15
f 366/285/281 360/294/282 416/286/282
f 361/290/283 363/288/284 364/292/284
f 367/291/285 368/293/285 364/292/284
f 366/285/281 365/287/281 368/293/285
s 16
f 420/299/286 419/286/286 417/294/287
s 17
f 369/294/288 418/286/288 374/287/289
f 372/288/290 373/292/290 371/289/291
f 376/291/292 377/293/292 373/292/290
f 375/285/289 374/287/289 377/293/292
s 18
f 385/285/293 379/294/294 421/286/294
f 382/288/295 383/292/295 381/289/296
f 382/288/295 386/291/297 387/293/297
f 386/291/297 385/285/293 384/287/293
s 19
f 388/294/298 422/286/298 393/287/299
f 391/288/300 392/292/300 390/289/301
f 391/288/300 395/291/302 396/293/302
f 395/291/302 394/285/299 393/287/299
s 20
f 424/301/14 440/331/14 441/302/35
f 432/304/303 448/333/303 449/305/123
f 425/303/35 441/302/35 442/307/304
f 433/306/123 449/305/123 450/309/305
f 426/308/304 442/307/304 443/311/55
f 434/310/305 450/309/305 451/313/141
f 427/312/55 443/311/55 444/315/306
f 435/317/141 451/723/141 452/318/307
f 428/316/306 444/315/306 445/320/73
f 436/319/307 452/318/307 453/322/160
f 429/321/73 445/320/73 446/324/87
f 437/323/160 453/322/160 454/326/308
f 430/325/87 446/324/87 447/328/91
f 423/330/13 439/332/13 440/331/14
f 438/327/308 454/326/308 439/332/13
f 431/329/91 447/328/91 448/333/303
s 21
f 462/334/309 468/351/913 467/335/310
s 22
f 459/336/312 467/335/914 469/337/313
s 23
f 455/339/315 457/343/315 461/340/315
s 24
f 456/341/316 455/339/316 462/334/316
s 25
f 458/342/317 460/724/317 461/340/317
s 26
f 456/341/318 459/336/318 460/338/318
s 27
f 469/337/319 467/335/320 466/345/320
s 28
f 469/347/317 463/725/317 464/348/317
s 29
f 467/335/316 468/351/316 465/350/316
s 30
f 470/349/321 464/348/915 465/350/321
s 31
f 461/340/322 460/724/916 469/347/323
s 32
f 462/334/325 461/340/917 470/349/326
s 33
f 478/334/328 484/351/918 483/335/329
s 34
f 475/336/331 483/335/919 485/337/332
s 35
f 471/339/334 473/343/334 477/340/334
s 36
f 472/341/335 471/339/335 478/334/335
s 37
f 474/342/336 476/724/336 477/340/336
s 38
f 474/344/337 472/341/337 475/336/337
s 39
f 485/337/338 483/335/339 482/345/339
s 40
f 485/347/340 479/725/340 480/348/341
s 41
f 483/335/342 484/351/343 481/350/343
s 42
f 486/349/344 480/348/344 481/350/345
s 43
f 477/340/346 476/724/920 485/347/347
s 44
f 478/334/349 477/340/921 486/349/350
s 45
f 494/334/352 500/351/922 499/335/353
s 46
f 491/336/355 499/335/923 501/337/356
s 47
f 489/343/358 493/340/358 494/334/358
s 48
f 488/341/359 487/339/359 494/334/360
s 49
f 490/342/361 492/724/362 493/340/362
s 50
f 488/341/363 491/336/364 492/353/364
s 51
f 501/337/365 499/335/924 498/345/366
s 52
f 501/347/367 495/725/925 496/348/368
s 53
f 499/335/369 500/351/370 497/350/370
s 54
f 502/349/371 496/348/371 497/350/371
s 55
f 493/340/372 492/724/926 501/347/373
s 56
f 494/334/375 493/340/927 502/349/376
s 57
f 510/334/378 516/351/928 515/335/379
s 58
f 507/336/381 515/335/929 517/337/382
s 59
f 503/339/384 505/343/384 509/340/385
s 60
f 504/341/386 503/339/386 510/334/386
s 61
f 506/342/387 508/724/387 509/340/387
s 62
f 506/344/388 504/341/388 507/336/388
s 63
f 517/337/389 515/335/930 514/345/390
s 64
f 517/347/391 511/725/391 512/348/387
s 65
f 515/335/392 516/351/393 513/350/393
s 66
f 518/349/395 512/348/395 513/350/395
s 67
f 509/340/396 508/724/931 517/347/397
s 68
f 510/334/399 509/340/932 518/349/400
s 69
f 526/334/402 532/351/933 531/335/403
s 70
f 523/336/405 531/335/934 533/337/406
s 71
f 519/339/408 521/343/408 525/340/408
s 72
f 520/341/409 519/339/409 526/334/410
s 73
f 522/342/411 524/724/411 525/340/411
s 74
f 520/341/412 523/336/412 524/355/412
s 75
f 533/337/413 531/335/935 530/345/414
s 76
f 533/347/416 527/725/416 528/348/417
s 77
f 531/335/418 532/351/419 529/350/419
s 78
f 534/349/420 528/348/420 529/350/420
s 79
f 525/340/421 524/724/936 533/347/422
s 80
f 526/334/424 525/340/937 534/349/425
s 81
f 538/356/427 543/366/438 544/357/428
f 539/358/429 544/357/428 857/221/430
f 536/362/434 535/359/432 540/361/433
f 536/362/434 541/363/435 542/364/436
f 537/365/437 542/364/436 543/366/438
f 543/366/438 542/364/436 547/367/439
f 544/357/428 543/366/438 548/368/440
f 857/221/430 544/357/428 549/369/441
f 540/361/433 545/370/443 546/371/444
f 542/364/436 541/363/435 546/371/444
f 546/371/444 545/370/443 550/372/445
f 547/367/439 546/371/444 551/373/446
f 547/367/439 552/374/447 553/375/448
f 548/368/440 553/375/448 554/376/449
f 549/369/441 554/376/449 860/229/450
f 553/375/448 558/381/456 559/377/451
f 554/376/449 559/377/451 861/228/452
f 551/373/446 550/372/445 555/378/453
f 551/373/446 556/379/454 557/380/455
f 552/374/447 557/380/455 558/381/456
f 555/378/453 560/382/457 561/383/458
f 557/380/455 556/379/454 561/383/458
f 557/380/455 562/384/459 563/385/460
f 559/377/451 558/381/456 563/385/460
f 861/228/452 559/377/451 564/386/461
f 564/386/461 563/385/460 568/387/463
f 862/232/462 564/386/461 569/388/464
f 560/382/457 565/389/466 566/390/467
f 562/384/459 561/383/458 566/390/467
f 563/385/460 562/384/459 567/391/468
f 566/390/467 565/389/466 570/392/469
f 566/390/467 571/393/470 572/394/471
f 567/391/468 572/394/471 573/395/472
f 568/387/463 573/395/472 574/396/473
f 863/234/465 569/388/464 574/396/473
f 864/236/474 574/396/473 579/397/475
f 571/393/470 570/392/469 575/398/477
f 572/394/471 571/393/470 576/399/478
f 573/395/472 572/394/471 577/400/479
f 573/395/472 578/401/480 579/397/475
f 575/398/477 580/406/486 581/402/481
f 576/399/478 581/402/481 582/403/482
f 577/400/479 582/403/482 583/404/483
f 578/401/480 583/404/483 584/405/484
f 579/397/475 584/405/484 866/238/485
f 866/238/485 584/405/484 589/407/487
f 580/406/486 585/408/489 586/409/490
f 582/403/482 581/402/481 586/409/490
f 583/404/483 582/403/482 587/410/491
f 584/405/484 583/404/483 588/411/492
f 587/410/491 586/409/490 591/412/493
f 587/410/491 592/413/494 593/414/495
f 588/411/492 593/414/495 594/415/496
f 589/407/487 594/415/496 868/245/497
f 586/409/490 585/408/489 590/416/498
f 590/416/498 595/417/499 596/418/500
f 591/412/493 596/418/500 597/419/501
f 592/413/494 597/419/501 598/420/502
f 593/414/495 598/420/502 599/421/503
f 594/415/496 599/421/503 869/244/504
f 598/420/502 597/419/501 602/422/505
f 599/421/503 598/420/502 603/423/506
f 869/244/504 599/421/503 604/424/507
f 595/417/499 600/425/509 601/426/510
f 597/419/501 596/418/500 601/426/510
f 600/425/509 605/427/511 606/428/512
f 601/426/510 606/428/512 607/429/513
f 603/423/506 602/422/505 607/429/513
f 604/424/507 603/423/506 608/430/514
f 870/249/508 604/424/507 609/431/515
f 607/429/513 612/436/522 613/432/517
f 608/430/514 613/432/517 614/433/518
f 609/431/515 614/433/518 872/252/519
f 606/428/512 605/427/511 610/434/520
f 606/428/512 611/435/521 612/436/522
f 611/435/521 610/434/520 615/437/523
f 612/436/522 611/435/521 616/438/524
f 613/432/517 612/436/522 617/439/525
f 613/432/517 618/440/526 619/441/527
f 872/252/519 614/433/518 619/441/527
f 618/440/526 623/446/534 624/442/529
f 619/441/527 624/442/529 874/254/530
f 615/437/523 620/443/531 621/444/532
f 616/438/524 621/444/532 622/445/533
f 617/439/525 622/445/533 623/446/534
f 620/443/531 625/447/535 626/448/536
f 622/445/533 621/444/532 626/448/536
f 623/446/534 622/445/533 627/449/537
f 624/442/529 623/446/534 628/450/538
f 624/442/529 629/451/539 875/256/540
f 629/451/539 628/450/538 633/452/541
f 629/451/539 634/453/542 876/258/543
f 626/448/536 625/447/535 630/454/544
f 626/448/536 631/455/545 632/456/546
f 627/449/537 632/456/546 633/452/541
f 631/455/545 630/454/544 636/457/547
f 631/455/545 637/458/548 638/459/549
f 633/452/541 632/456/546 638/459/549
f 633/452/541 639/460/550 640/461/551
f 634/453/542 640/461/551 877/260/552
f 877/260/552 640/461/551 645/462/553
f 636/457/547 641/463/555 642/464/556
f 638/459/549 637/458/548 642/464/556
f 639/460/550 638/459/549 643/465/557
f 640/461/551 639/460/550 644/466/558
f 642/464/556 647/471/564 648/467/559
f 644/466/558 643/465/557 648/467/559
f 644/466/558 649/468/560 650/469/561
f 878/265/554 645/462/553 650/469/561
f 641/463/555 646/470/563 647/471/564
f 647/471/564 646/470/563 651/472/565
f 648/467/559 647/471/564 652/473/566
f 648/467/559 653/474/567 654/475/568
f 649/468/560 654/475/568 655/476/569
f 879/264/562 650/469/561 655/476/569
f 653/474/567 652/473/566 657/477/571
f 654/475/568 653/474/567 658/478/572
f 654/475/568 659/479/573 660/480/574
f 880/268/570 655/476/569 660/480/574
f 651/472/565 656/481/576 657/477/571
f 657/477/571 656/481/576 661/482/577
f 657/477/571 662/483/578 663/484/579
f 658/478/572 663/484/579 664/485/580
f 659/479/573 664/485/580 665/486/581
f 660/480/574 665/486/581 882/270/582
f 664/485/580 663/484/579 668/487/583
f 665/486/581 664/485/580 669/488/584
f 665/486/581 670/489/585 883/272/586
f 661/482/577 666/490/587 667/491/588
f 662/483/578 667/491/588 668/487/583
f 667/491/588 666/490/587 671/492/589
f 668/487/583 667/491/588 672/493/590
f 668/487/583 673/494/591 674/495/592
f 670/489/585 669/488/584 674/495/592
f 670/489/585 675/496/593 884/274/594
f 674/495/592 673/494/591 678/497/595
f 674/495/592 679/498/596 680/499/597
f 675/496/593 680/499/597 885/276/598
f 671/492/589 676/500/599 677/501/600
f 672/493/590 677/501/600 678/497/595
f 677/501/600 676/500/599 681/502/601
f 678/497/595 677/501/600 682/503/602
f 678/497/595 683/504/603 684/505/604
f 680/499/597 679/498/596 684/505/604
f 680/499/597 685/506/605 886/278/606
f 684/505/604 689/511/612 690/507/607
f 886/278/606 685/506/605 690/507/607
f 681/502/601 686/508/609 687/509/610
f 682/503/602 687/509/610 688/510/611
f 684/505/604 683/504/603 688/510/611
f 687/509/610 686/508/609 691/512/613
f 687/509/610 692/513/614 693/514/615
f 688/510/611 693/514/615 694/515/616
f 689/511/612 694/515/616 695/516/617
f 887/282/608 690/507/607 695/516/617
f 888/284/618 695/516/617 539/358/429
f 691/512/613 535/359/432 536/362/434
f 693/514/615 692/513/614 536/362/434
f 694/515/616 693/514/615 537/365/437
f 695/516/617 694/515/616 538/356/427
s 82
f 705/517/619 704/527/628 699/518/620
f 890/520/622 889/531/632 705/517/619
f 697/524/625 702/533/634 701/522/624
f 703/525/626 702/533/634 697/524/625
f 699/518/620 704/527/628 703/525/626
f 704/527/628 709/539/640 708/528/629
f 710/529/630 709/539/640 704/527/628
f 891/530/631 710/529/630 705/517/619
f 702/533/634 707/534/635 706/532/633
f 703/525/626 708/528/629 707/534/635
f 712/536/637 711/535/636 706/532/633
f 713/537/638 712/536/637 707/534/635
f 714/538/639 713/537/638 708/528/629
f 715/540/641 714/538/639 709/539/640
f 891/530/631 892/542/643 715/540/641
f 720/541/642 719/545/646 714/538/639
f 892/542/643 893/552/653 720/541/642
f 712/536/637 717/544/645 716/543/644
f 713/537/638 718/547/648 717/544/645
f 719/545/646 718/547/648 713/537/638
f 717/544/645 722/548/649 721/546/647
f 718/547/648 723/549/650 722/548/649
f 719/545/646 724/554/655 723/549/650
f 725/550/651 724/554/655 719/545/646
f 894/551/652 725/550/651 720/541/642
f 725/550/651 730/562/663 729/553/654
f 895/555/656 730/562/663 725/550/651
f 722/548/649 727/558/659 726/556/657
f 728/557/658 727/558/659 722/548/649
f 724/554/655 729/553/654 728/557/658
f 727/558/659 732/560/661 731/559/660
f 728/557/658 733/569/670 732/560/661
f 734/561/662 733/569/670 728/557/658
f 730/562/663 735/565/666 734/561/662
f 896/563/664 735/565/666 730/562/663
f 897/564/665 740/575/676 735/565/666
f 737/567/668 736/566/667 731/559/660
f 738/568/669 737/567/668 732/560/661
f 739/570/671 738/568/669 733/569/670
f 735/565/666 740/575/676 739/570/671
f 737/567/668 742/572/673 741/571/672
f 738/568/669 743/573/674 742/572/673
f 739/570/671 744/581/682 743/573/674
f 745/574/675 744/581/682 739/570/671
f 897/564/665 898/576/677 745/574/675
f 898/576/677 899/586/687 750/577/678
f 747/579/680 746/578/679 741/571/672
f 748/580/681 747/579/680 742/572/673
f 744/581/682 749/584/685 748/580/681
f 750/577/678 749/584/685 744/581/682
f 753/582/683 752/588/689 747/579/680
f 754/583/684 753/582/683 748/580/681
f 755/585/686 754/583/684 749/584/685
f 899/586/687 900/593/694 755/585/686
f 752/588/689 751/587/688 746/578/679
f 752/588/689 757/590/691 756/589/690
f 753/582/683 758/591/692 757/590/691
f 754/583/684 759/592/693 758/591/692
f 755/585/686 760/594/695 759/592/693
f 900/593/694 901/598/699 760/594/695
f 764/595/696 763/601/702 758/591/692
f 765/596/697 764/595/696 759/592/693
f 902/597/698 765/596/697 760/594/695
f 762/600/701 761/599/700 756/589/690
f 763/601/702 762/600/701 757/590/691
f 762/600/701 767/603/704 766/602/703
f 763/601/702 768/604/705 767/603/704
f 764/595/696 769/605/706 768/604/705
f 765/596/697 770/608/709 769/605/706
f 903/606/707 770/608/709 765/596/697
f 774/607/708 773/615/716 768/604/705
f 770/608/709 775/617/718 774/607/708
f 904/609/710 775/617/718 770/608/709
f 767/603/704 772/611/712 771/610/711
f 768/604/705 773/615/716 772/611/712
f 777/613/714 776/612/713 771/610/711
f 778/614/715 777/613/714 772/611/712
f 779/616/717 778/614/715 773/615/716
f 775/617/718 780/620/721 779/616/717
f 905/618/719 780/620/721 775/617/718
f 785/619/720 784/626/727 779/616/717
f 905/618/719 906/629/730 785/619/720
f 777/613/714 782/624/725 781/621/722
f 783/622/723 782/624/725 777/613/714
f 779/616/717 784/626/727 783/622/723
f 782/624/725 787/625/726 786/623/724
f 783/622/723 788/627/728 787/625/726
f 784/626/727 789/631/732 788/627/728
f 790/628/729 789/631/732 784/626/727
f 906/629/730 907/632/733 790/628/729
f 795/630/731 794/636/737 789/631/732
f 907/632/733 908/642/743 795/630/731
f 792/634/735 791/633/734 786/623/724
f 793/635/736 792/634/735 787/625/726
f 794/636/737 793/635/736 788/627/728
f 792/634/735 798/638/739 797/637/738
f 793/635/736 799/647/748 798/638/739
f 800/639/740 799/647/748 793/635/736
f 801/640/741 800/639/740 794/636/737
f 909/641/742 801/640/741 795/630/731
f 909/641/742 910/653/754 806/643/744
f 803/645/746 802/644/745 797/637/738
f 804/646/747 803/645/746 798/638/739
f 800/639/740 805/648/749 804/646/747
f 801/640/741 806/643/744 805/648/749
f 804/646/747 809/650/751 808/649/750
f 805/648/749 810/651/752 809/650/751
f 806/643/744 811/659/760 810/651/752
f 911/652/753 811/659/760 806/643/744
f 803/645/746 808/649/750 807/654/755
f 813/656/757 812/655/756 807/654/755
f 814/657/758 813/656/757 808/649/750
f 815/658/759 814/657/758 809/650/751
f 811/659/760 816/663/764 815/658/759
f 912/660/761 816/663/764 811/659/760
f 814/657/758 819/669/770 818/661/762
f 820/662/763 819/669/770 814/657/758
f 816/663/764 821/671/772 820/662/763
f 913/664/765 821/671/772 816/663/764
f 818/661/762 817/665/766 812/655/756
f 823/667/768 822/666/767 817/665/766
f 824/668/769 823/667/768 818/661/762
f 820/662/763 825/672/773 824/668/769
f 826/670/771 825/672/773 820/662/763
f 913/664/765 914/675/776 826/670/771
f 825/672/773 830/682/783 829/673/774
f 831/674/775 830/682/783 825/672/773
f 914/675/776 915/684/785 831/674/775
f 823/667/768 828/677/778 827/676/777
f 824/668/769 829/673/774 828/677/778
f 833/679/780 832/678/779 827/676/777
f 834/680/781 833/679/780 828/677/778
f 835/681/782 834/680/781 829/673/774
f 836/683/784 835/681/782 830/682/783
f 915/684/785 916/686/787 836/683/784
f 840/685/786 839/693/794 834/680/781
f 836/683/784 841/687/788 840/685/786
f 916/686/787 917/696/797 841/687/788
f 833/679/780 838/689/790 837/688/789
f 834/680/781 839/693/794 838/689/790
f 843/691/792 842/690/791 837/688/789
f 844/692/793 843/691/792 838/689/790
f 840/685/786 845/694/795 844/692/793
f 841/687/788 846/697/798 845/694/795
f 918/695/796 846/697/798 841/687/788
f 846/697/798 851/706/807 850/698/799
f 919/699/800 851/706/807 846/697/798
f 843/691/792 848/701/802 847/700/801
f 844/692/793 849/702/803 848/701/802
f 845/694/795 850/698/799 849/702/803
f 853/703/804 852/708/809 847/700/801
f 854/704/805 853/703/804 848/701/802
f 855/705/806 854/704/805 849/702/803
f 851/706/807 856/709/810 855/705/806
f 920/707/808 856/709/810 851/706/807
f 890/520/622 700/519/621 856/709/810
f 853/703/804 697/524/625 696/521/623
f 854/704/805 698/526/627 697/524/625
f 699/518/620 698/526/627 854/704/805
f 856/709/810 700/519/621 699/518/620
s 83
f 924/710/811 1039/726/812 1040/294/812
s 84
f 1045/299/813 1042/286/813 1041/294/814
s 85
f 930/295/815 1050/293/815 1043/287/816
f 930/295/815 928/298/815 1046/292/817
s 83
f 931/711/811 924/710/811 1044/285/811
f 929/712/818 1049/288/818 1048/290/819
f 931/711/811 1051/291/811 1049/288/818
s 85
f 925/296/816 1043/287/816 921/286/820
f 928/298/815 927/722/817 1047/289/817
s 86
f 935/710/821 1052/726/821 1053/294/821
s 87
f 1058/299/822 1055/286/822 1054/294/822
s 88
f 941/295/823 1063/293/823 1056/287/824
f 941/295/823 939/298/824 1059/292/824
s 86
f 942/711/821 935/710/821 1057/285/821
f 940/712/821 1062/288/821 1061/290/821
f 942/711/821 1064/291/821 1062/288/821
s 88
f 936/296/824 1056/287/824 932/286/824
f 939/298/824 938/722/824 1060/289/824
s 89
f 946/710/825 1065/726/826 1066/294/826
s 90
f 945/300/827 1071/299/828 1068/286/828
s 91
f 952/295/829 1076/293/829 1069/287/830
f 952/295/829 950/298/832 1072/292/832
s 89
f 953/711/826 946/710/825 1070/285/825
f 951/712/833 1075/288/833 1074/290/834
f 953/711/826 1077/291/826 1075/288/833
s 91
f 947/296/831 1069/287/830 943/286/835
f 950/298/832 949/722/836 1073/289/836
s 92
f 957/710/837 1078/726/837 1079/294/837
s 93
f 1084/299/838 1081/286/838 1080/294/839
s 94
f 963/295/841 1089/293/841 1082/287/841
f 963/295/841 961/298/841 1085/292/841
s 92
f 964/711/842 957/710/837 1083/285/837
f 962/712/842 1088/288/842 1087/290/843
f 964/711/842 1090/291/842 1088/288/842
s 94
f 958/296/841 1082/287/841 954/286/844
f 961/298/841 960/722/845 1086/289/845
s 95
f 968/710/846 1091/726/846 1092/294/846
s 96
f 967/300/847 1097/299/848 1094/286/848
s 97
f 974/295/850 1102/293/850 1095/287/850
f 974/295/850 972/298/850 1098/292/850
s 95
f 975/711/851 968/710/846 1096/285/846
f 973/712/852 1101/288/852 1100/290/846
f 975/711/851 1103/291/851 1101/288/852
s 97
f 969/296/850 1095/287/850 965/286/853
f 972/298/850 971/722/850 1099/289/850
s 98
f 979/710/854 1104/726/855 1105/294/855
s 99
f 1110/299/856 1107/286/938 1106/294/857
s 100
f 985/295/859 1115/293/859 1108/287/860
f 985/295/859 983/298/860 1111/292/860
s 98
f 986/711/861 979/710/854 1109/285/854
f 984/712/862 1114/288/862 1113/290/863
f 986/711/861 1116/291/861 1114/288/862
s 100
f 980/296/860 1108/287/860 976/286/860
f 983/298/860 982/722/864 1112/289/864
s 101
f 988/710/865 1117/726/865 1118/294/865
s 102
f 1122/299/866 1120/286/866 1119/294/866
s 101
f 991/711/867 988/710/865 1121/285/865
f 990/712/868 1124/288/868 1123/290/869
f 991/711/867 1125/291/867 1124/288/868
s 103
f 992/710/870 1126/726/870 1127/294/870
f 995/711/871 992/710/870 1128/285/870
f 994/712/870 1130/288/870 1129/290/873
f 995/711/871 1131/291/872 1130/288/870
s 104
f 999/710/875 1132/726/832 1133/294/832
s 105
f 1138/299/876 1135/286/939 1134/294/877
s 106
f 1005/295/879 1143/293/879 1136/287/826
f 1005/295/879 1003/298/826 1139/292/826
s 104
f 1006/711/832 999/710/875 1137/285/875
f 1004/712/881 1142/288/881 1141/290/882
f 1006/711/832 1144/291/830 1142/288/881
s 106
f 1000/296/880 1136/287/826 996/286/880
f 1003/298/826 1002/722/884 1140/289/884
s 107
f 1009/710/885 1145/726/891 1146/294/886
s 108
f 1015/295/888 1153/293/888 1147/287/888
f 1015/295/888 1013/298/888 1149/292/888
s 107
f 1016/711/889 1009/710/885 1148/285/887
f 1014/712/890 1152/288/890 1151/290/891
f 1016/711/889 1154/291/889 1152/288/890
s 108
f 1010/296/888 1147/287/888 1007/286/892
f 1013/298/888 1012/722/893 1150/289/893
s 109
f 1020/710/894 1155/726/850 1156/294/850
s 110
f 1161/299/895 1158/286/895 1157/294/895
s 111
f 1026/295/896 1166/293/896 1159/287/897
f 1026/295/896 1024/298/898 1162/292/898
s 109
f 1027/711/894 1020/710/894 1160/285/894
f 1025/712/899 1165/288/899 1164/290/900
f 1027/711/894 1167/291/894 1165/288/899
s 111
f 1021/296/897 1159/287/897 1017/286/846
f 1024/298/898 1023/722/898 1163/289/898
s 112
f 1031/710/902 1168/726/903 1169/294/903
s 113
f 1030/300/904 1174/299/940 1171/286/905
s 114
f 1037/295/906 1179/293/906 1172/287/906
f 1037/295/906 1035/298/906 1175/292/906
s 112
f 1038/711/907 1031/710/902 1173/285/902
f 1036/712/908 1178/288/908 1177/290/909
f 1038/711/907 1180/291/907 1178/288/908
s 114
f 1032/296/906 1172/287/906 1028/286/910
f 1035/298/906 1034/722/911 1176/289/911
