# Blender 5.2.0 LTS
# www.blender.org
mtllib cuerposatelite.mtl
g Cube.003_Cube.004_Cube.003_Cube.004
v -0.348582 0.000275 -0.097990
v 0.206873 -0.008944 -0.125814
v -0.348413 0.010467 -0.097990
v 0.207042 0.001247 -0.128661
v -0.348582 0.000275 -0.272089
v 0.206873 -0.008944 -0.151313
v -0.348413 0.010467 -0.272089
v 0.207042 0.001247 -0.151313
v -0.384304 0.011063 -0.097990
v -0.384473 0.000871 -0.097990
v -0.384304 0.011063 -0.272089
v -0.384473 0.000871 -0.272089
v 0.473226 -0.013365 -0.125814
v 0.473395 -0.003173 -0.128661
v 0.473395 -0.003173 -0.151313
v 0.473226 -0.013365 -0.151313
v -0.348582 0.000275 0.097990
v 0.206873 -0.008944 0.125814
v -0.348413 0.010467 0.097990
v 0.207042 0.001247 0.128660
v -0.348582 0.000275 0.272089
v 0.206873 -0.008944 0.151313
v -0.348413 0.010467 0.272089
v 0.207042 0.001247 0.151313
v -0.384304 0.011063 0.097990
v -0.384473 0.000871 0.097990
v -0.384304 0.011063 0.272089
v -0.384473 0.000871 0.272089
v -0.348413 0.010467 0.000000
v 0.207042 0.001247 0.000000
v -0.384304 0.011063 0.000000
v 0.473226 -0.013365 0.125814
v 0.473395 -0.003173 0.128660
v 0.473395 -0.003173 0.151313
v 0.473226 -0.013365 0.151313
v 0.473226 -0.013365 0.000000
v 0.473395 -0.003173 0.000000
v -0.232065 0.007861 -0.154286
v 0.191752 0.000826 -0.154286
v -0.232065 0.007861 -0.144093
v 0.191752 0.000826 -0.144093
v -0.229091 0.187065 -0.154286
v 0.192063 0.019557 -0.154286
v -0.229091 0.187065 -0.144093
v 0.192063 0.019557 -0.144093
v -0.383115 0.189621 -0.144093
v -0.383115 0.189621 -0.154286
v -0.384417 0.111169 -0.144093
v -0.384417 0.111169 -0.154286
v -0.249855 0.108936 -0.144093
v -0.230716 0.089150 -0.144093
v -0.242432 0.107330 -0.144093
v -0.236188 0.103007 -0.144093
v -0.232074 0.096623 -0.144093
v -0.230716 0.089150 -0.154286
v -0.249855 0.108936 -0.154286
v -0.232074 0.096623 -0.154286
v -0.236188 0.103007 -0.154286
v -0.242432 0.107330 -0.154286
v -0.232065 0.007861 0.154285
v 0.191752 0.000826 0.154285
v -0.232065 0.007861 0.144093
v 0.191752 0.000826 0.144093
v -0.229091 0.187065 0.154285
v 0.192063 0.019557 0.154285
v -0.229091 0.187065 0.144093
v 0.192063 0.019557 0.144093
v -0.383115 0.189621 0.144093
v -0.383115 0.189621 0.154285
v -0.384417 0.111169 0.144093
v -0.384417 0.111169 0.154285
v -0.249855 0.108936 0.144093
v -0.230716 0.089150 0.144093
v -0.242432 0.107330 0.144093
v -0.236188 0.103007 0.144093
v -0.232074 0.096623 0.144093
v -0.230716 0.089150 0.154285
v -0.249855 0.108936 0.154285
v -0.232074 0.096623 0.154285
v -0.236188 0.103007 0.154285
v -0.242432 0.107330 0.154285
v -0.450527 0.363445 -0.009741
v -0.421833 0.362969 -0.009741
v -0.450527 0.363445 0.009741
v -0.421833 0.362969 0.009741
v -0.385767 0.454445 -0.003201
v -0.378413 0.452351 -0.003201
v -0.385767 0.454445 0.003201
v -0.378413 0.452351 0.003201
v -0.408194 0.409029 0.006803
v -0.394546 0.402638 0.006803
v -0.408194 0.409029 -0.006803
v -0.394546 0.402638 -0.006803
v 0.464159 -0.088174 -0.215944
v 0.535500 -0.102311 -0.220731
v 0.464159 -0.088174 -0.161545
v 0.535500 -0.102311 -0.156758
v 0.465062 -0.033781 -0.215944
v 0.465062 -0.033781 -0.161545
v 0.473194 -0.079707 -0.210298
v 0.535756 -0.093159 -0.215114
v 0.473194 -0.079707 -0.167191
v 0.535756 -0.093159 -0.162375
v 0.473954 -0.033929 -0.211462
v 0.473954 -0.033929 -0.166027
v -0.396185 -0.428929 -0.152604
v 0.470203 -0.443309 -0.152604
v -0.396185 -0.428929 0.145149
v 0.470203 -0.443309 0.145149
v -0.389045 0.001246 -0.152604
v 0.477343 -0.013134 -0.152604
v -0.389045 0.001246 0.145149
v 0.477343 -0.013134 0.145149
v -0.391407 -0.141083 0.145149
v 0.474981 -0.155463 0.145149
v -0.391407 -0.141083 -0.152604
v 0.474981 -0.155463 -0.152604
v 0.489378 -0.443627 -0.152604
v 0.489378 -0.443627 0.145149
v 0.494155 -0.155781 -0.152604
v 0.494155 -0.155781 0.145149
v 0.489375 -0.433356 -0.133904
v 0.498493 -0.433507 -0.133904
v 0.489375 -0.433356 0.133904
v 0.498493 -0.433507 0.133904
v 0.493819 -0.165586 -0.133904
v 0.502937 -0.165737 -0.133904
v 0.493819 -0.165586 0.133904
v 0.502937 -0.165737 0.133904
v -0.187169 0.270403 -0.052313
v -0.013432 0.267519 -0.052313
v -0.187169 0.270403 0.052313
v -0.013432 0.267519 0.052313
v -0.187075 0.276088 -0.052313
v -0.013338 0.273204 -0.052313
v -0.187075 0.276088 0.052313
v -0.013338 0.273204 0.052313
v 0.444628 -0.002910 0.127542
v 0.466721 -0.003277 0.127542
v 0.444628 -0.002910 0.149638
v 0.466721 -0.003277 0.149638
v 0.444995 0.019183 0.127542
v 0.467088 0.018816 0.127542
v 0.444995 0.019183 0.149638
v 0.467088 0.018816 0.149638
v 0.449027 0.001346 0.149405
v 0.462466 0.001123 0.149405
v 0.449027 0.001346 0.279263
v 0.462466 0.001123 0.279263
v 0.449251 0.014784 0.149405
v 0.462689 0.014561 0.149405
v 0.449250 0.014784 0.279263
v 0.462689 0.014561 0.279263
v 0.471196 -0.007902 0.288536
v 0.440003 -0.007384 0.288536
v 0.440521 0.023809 0.288536
v 0.471714 0.023291 0.288536
v 0.466439 -0.002985 0.301059
v 0.444921 -0.002628 0.301059
v 0.445278 0.018891 0.301059
v 0.466796 0.018534 0.301059
v 0.471196 -0.007902 0.301059
v 0.440003 -0.007384 0.301059
v 0.440521 0.023809 0.301059
v 0.471714 0.023291 0.301059
v 0.466439 -0.002985 0.288528
v 0.444921 -0.002628 0.288528
v 0.445278 0.018891 0.288528
v 0.466796 0.018534 0.288528
v 0.458248 0.005482 0.279230
v 0.453387 0.005563 0.279230
v 0.453468 0.010424 0.279230
v 0.458329 0.010344 0.279230
v 0.444628 -0.002910 -0.127542
v 0.466721 -0.003277 -0.127542
v 0.444628 -0.002910 -0.149638
v 0.466721 -0.003277 -0.149638
v 0.444995 0.019183 -0.127542
v 0.467088 0.018816 -0.127542
v 0.444995 0.019183 -0.149638
v 0.467088 0.018816 -0.149638
v 0.449027 0.001346 -0.149405
v 0.462466 0.001123 -0.149405
v 0.449028 0.001346 -0.279263
v 0.462466 0.001123 -0.279263
v 0.449251 0.014784 -0.149405
v 0.462689 0.014561 -0.149405
v 0.449251 0.014784 -0.279263
v 0.462689 0.014561 -0.279263
v 0.471196 -0.007902 -0.288536
v 0.440003 -0.007384 -0.288536
v 0.440521 0.023809 -0.288536
v 0.471714 0.023291 -0.288536
v 0.466439 -0.002985 -0.301059
v 0.444921 -0.002628 -0.301059
v 0.445278 0.018891 -0.301059
v 0.466796 0.018534 -0.301059
v 0.471196 -0.007902 -0.301059
v 0.440003 -0.007384 -0.301059
v 0.440521 0.023809 -0.301059
v 0.471714 0.023291 -0.301059
v 0.466439 -0.002985 -0.288528
v 0.444921 -0.002628 -0.288528
v 0.445278 0.018891 -0.288528
v 0.466796 0.018534 -0.288528
v 0.458248 0.005482 -0.279230
v 0.453387 0.005563 -0.279230
v 0.453468 0.010424 -0.279230
v 0.458329 0.010344 -0.279230
v -0.421472 -0.428987 -0.247644
v -0.383180 0.026852 -0.272941
v -0.390754 -0.429497 -0.247644
v -0.384986 -0.081969 -0.272941
v -0.421472 -0.428987 0.247644
v -0.384986 -0.081969 0.272941
v -0.390754 -0.429497 0.247644
v -0.383180 0.026852 0.272941
v -0.409139 0.314059 -0.129435
v -0.411179 0.191128 -0.247644
v -0.380462 0.190618 -0.247644
v -0.378421 0.313550 -0.129435
v -0.411180 0.191128 0.247644
v -0.409139 0.314059 0.129435
v -0.378421 0.313550 0.129435
v -0.380462 0.190618 0.247644
v -0.385893 -0.136617 -0.247644
v -0.382273 0.081500 -0.247644
v -0.416611 -0.136108 -0.247644
v -0.412991 0.082010 -0.247644
v -0.416611 -0.136108 0.247644
v -0.412991 0.082010 0.247644
v -0.382273 0.081500 0.247644
v -0.385893 -0.136617 0.247644
v -0.415704 -0.081459 -0.272941
v -0.413898 0.027362 -0.272941
v -0.415704 -0.081459 0.272941
v -0.413898 0.027362 0.272941
v -0.205603 0.202897 0.100743
v -0.101567 0.201171 0.100743
v -0.205073 0.234814 0.143245
v -0.101037 0.233087 0.143245
v -0.204931 0.243391 0.070423
v -0.100895 0.241664 0.070423
v -0.204401 0.275308 0.112925
v -0.100365 0.273582 0.112925
v -0.205603 0.202897 -0.100743
v -0.101567 0.201171 -0.100743
v -0.205073 0.234814 -0.143245
v -0.101037 0.233087 -0.143245
v -0.204931 0.243391 -0.070423
v -0.100895 0.241664 -0.070423
v -0.204401 0.275308 -0.112925
v -0.100365 0.273582 -0.112925
v -0.348426 0.297926 -0.086652
v -0.241109 0.278706 -0.086652
v -0.348426 0.297926 0.086652
v -0.241109 0.278706 0.086652
v -0.347423 0.303522 -0.086652
v -0.240107 0.284303 -0.086652
v -0.347423 0.303522 0.086652
v -0.240107 0.284303 0.086652
v -0.348426 0.297926 0.030890
v -0.348426 0.297926 -0.030890
v -0.212190 0.273527 -0.030890
v -0.212190 0.273527 0.030890
v -0.347423 0.303522 -0.030890
v -0.347423 0.303522 0.030890
v -0.211187 0.279124 0.030890
v -0.211187 0.279124 -0.030890
v -0.672241 0.366461 -0.121584
v -0.639107 0.365911 -0.121584
v -0.672241 0.366461 -0.060297
v -0.639107 0.365911 -0.060297
v -0.672108 0.374445 -0.115293
v -0.671633 0.403054 -0.114774
v -0.671633 0.403054 -0.067107
v -0.638500 0.402504 -0.067107
v -0.638500 0.402504 -0.114774
v -0.672188 0.369642 -0.060297
v -0.639054 0.369093 -0.060297
v -0.672188 0.369642 -0.121584
v -0.639054 0.369093 -0.121584
v -0.638925 0.376872 -0.067107
v -0.639054 0.369093 -0.060297
v -0.638975 0.373895 -0.066589
v -0.639017 0.371371 -0.065113
v -0.639045 0.369685 -0.062903
v -0.639054 0.369093 -0.121584
v -0.638925 0.376872 -0.114774
v -0.639045 0.369685 -0.118978
v -0.639017 0.371371 -0.116769
v -0.638975 0.373895 -0.115293
v -0.672188 0.369642 -0.060297
v -0.672059 0.377422 -0.067107
v -0.672108 0.374445 -0.066589
v -0.672178 0.370235 -0.062903
v -0.672150 0.371921 -0.065113
v -0.672059 0.377422 -0.114774
v -0.672188 0.369642 -0.121584
v -0.672150 0.371921 -0.116769
v -0.672178 0.370235 -0.118978
v -0.672188 0.369642 -0.060297
v -0.672188 0.369642 -0.060297
v -0.672241 0.366461 -0.060297
v -0.672241 0.366461 -0.060297
v -0.639054 0.369093 -0.121584
v -0.639054 0.369093 -0.121584
v -0.639107 0.365911 -0.121584
v -0.639107 0.365911 -0.121584
v -0.671633 0.403054 -0.114774
v -0.671633 0.403054 -0.114774
v -0.671633 0.403054 -0.067107
v -0.671633 0.403054 -0.067107
v -0.638500 0.402504 -0.067107
v -0.638500 0.402504 -0.067107
v -0.638500 0.402504 -0.114774
v -0.638500 0.402504 -0.114774
v -0.639107 0.365911 -0.060297
v -0.639107 0.365911 -0.060297
v -0.639054 0.369093 -0.060297
v -0.639054 0.369093 -0.060297
v -0.672241 0.366461 -0.121584
v -0.672241 0.366461 -0.121584
v -0.672188 0.369642 -0.121584
v -0.672188 0.369642 -0.121584
v -0.639054 0.369093 -0.060297
v -0.639054 0.369093 -0.060297
v -0.639054 0.369093 -0.060297
v -0.639054 0.369093 -0.121584
v -0.639054 0.369093 -0.121584
v -0.639054 0.369093 -0.121584
v -0.638925 0.376872 -0.067107
v -0.638975 0.373895 -0.066589
v -0.639017 0.371371 -0.065113
v -0.639045 0.369685 -0.062903
v -0.672108 0.374445 -0.115293
v -0.672150 0.371921 -0.116769
v -0.639045 0.369685 -0.118978
v -0.639017 0.371371 -0.116769
v -0.638975 0.373895 -0.115293
v -0.638925 0.376872 -0.114774
v -0.672188 0.369642 -0.121584
v -0.672188 0.369642 -0.121584
v -0.672188 0.369642 -0.121584
v -0.672188 0.369642 -0.060297
v -0.672188 0.369642 -0.060297
v -0.672188 0.369642 -0.060297
v -0.672178 0.370235 -0.062903
v -0.672150 0.371921 -0.065113
v -0.672059 0.377422 -0.114774
v -0.672178 0.370235 -0.118978
v -0.672108 0.374445 -0.066589
v -0.672059 0.377422 -0.067107
v 0.477359 -0.015911 0.030931
v 0.505517 -0.016378 0.030931
v 0.477409 -0.012910 0.037572
v 0.505567 -0.013378 0.037572
v 0.477427 -0.011828 0.029086
v 0.505585 -0.012296 0.029086
v 0.477477 -0.008828 0.035727
v 0.505635 -0.009295 0.035727
v 0.477077 -0.032924 0.124725
v 0.505235 -0.033391 0.124725
v 0.476980 -0.038767 0.129079
v 0.505138 -0.039234 0.129079
v 0.477121 -0.030247 0.128318
v 0.505279 -0.030714 0.128318
v 0.477024 -0.036091 0.132672
v 0.505182 -0.036559 0.132672
v 0.475266 -0.142027 0.030931
v 0.503424 -0.142494 0.030931
v 0.475216 -0.145027 0.037572
v 0.503374 -0.145495 0.037572
v 0.475198 -0.146109 0.029086
v 0.503356 -0.146576 0.029086
v 0.475148 -0.149110 0.035727
v 0.503306 -0.149577 0.035727
v 0.475548 -0.125015 0.124725
v 0.503706 -0.125482 0.124725
v 0.475645 -0.119171 0.129079
v 0.503803 -0.119638 0.129079
v 0.475504 -0.127691 0.128318
v 0.503662 -0.128158 0.128318
v 0.475601 -0.121847 0.132672
v 0.503759 -0.122315 0.132672
v 0.477359 -0.015911 -0.030931
v 0.505517 -0.016378 -0.030931
v 0.477409 -0.012910 -0.037572
v 0.505567 -0.013378 -0.037572
v 0.477427 -0.011828 -0.029086
v 0.505585 -0.012296 -0.029086
v 0.477477 -0.008828 -0.035727
v 0.505635 -0.009295 -0.035727
v 0.477077 -0.032924 -0.124725
v 0.505235 -0.033391 -0.124725
v 0.476980 -0.038767 -0.129079
v 0.505138 -0.039234 -0.129079
v 0.477121 -0.030247 -0.128318
v 0.505279 -0.030714 -0.128318
v 0.477024 -0.036091 -0.132672
v 0.505182 -0.036559 -0.132672
v 0.475266 -0.142027 -0.030931
v 0.503424 -0.142494 -0.030931
v 0.475216 -0.145027 -0.037572
v 0.503374 -0.145495 -0.037572
v 0.475198 -0.146109 -0.029086
v 0.503356 -0.146576 -0.029086
v 0.475148 -0.149110 -0.035727
v 0.503306 -0.149577 -0.035727
v 0.475548 -0.125015 -0.124725
v 0.503706 -0.125482 -0.124725
v 0.475645 -0.119171 -0.129079
v 0.503803 -0.119638 -0.129079
v 0.475504 -0.127691 -0.128318
v 0.503662 -0.128158 -0.128318
v 0.475601 -0.121847 -0.132672
v 0.503759 -0.122315 -0.132672
v 0.467193 -0.078818 0.141199
v 0.466879 -0.097692 0.138714
v 0.466587 -0.115281 0.131428
v 0.466337 -0.130384 0.119837
v 0.466144 -0.141973 0.104731
v 0.466023 -0.149258 0.087140
v 0.465982 -0.151744 0.068263
v 0.466023 -0.149258 0.049386
v 0.466144 -0.141973 0.031795
v 0.466337 -0.130384 0.016690
v 0.466587 -0.115281 0.005099
v 0.466879 -0.097692 -0.002188
v 0.467506 -0.059942 -0.002188
v 0.467798 -0.042355 0.005099
v 0.468049 -0.027251 0.016690
v 0.468241 -0.015662 0.031795
v 0.468362 -0.008377 0.049386
v 0.468403 -0.005892 0.068263
v 0.468362 -0.008377 0.087140
v 0.468241 -0.015662 0.104731
v 0.468049 -0.027251 0.119837
v 0.467798 -0.042355 0.131428
v 0.467506 -0.059942 0.138714
v 0.467193 -0.078818 -0.147579
v 0.466879 -0.097692 -0.145094
v 0.466587 -0.115281 -0.137808
v 0.466337 -0.130384 -0.126217
v 0.466144 -0.141973 -0.111111
v 0.466023 -0.149258 -0.093521
v 0.465982 -0.151744 -0.074643
v 0.466023 -0.149258 -0.055766
v 0.466144 -0.141973 -0.038175
v 0.466337 -0.130384 -0.023070
v 0.466587 -0.115281 -0.011479
v 0.466879 -0.097692 -0.004193
v 0.467506 -0.059942 -0.004193
v 0.467798 -0.042355 -0.011479
v 0.468049 -0.027251 -0.023070
v 0.468241 -0.015662 -0.038176
v 0.468362 -0.008377 -0.055766
v 0.468403 -0.005892 -0.074644
v 0.468362 -0.008377 -0.093521
v 0.468241 -0.015662 -0.111111
v 0.468049 -0.027251 -0.126217
v 0.467798 -0.042355 -0.137808
v 0.467506 -0.059942 -0.145094
v 0.465613 -0.159880 -0.152450
v 0.479040 -0.160103 -0.152450
v 0.465613 -0.159880 0.152450
v 0.479040 -0.160103 0.152450
v 0.468222 -0.002685 -0.152450
v 0.481649 -0.002908 -0.152450
v 0.468222 -0.002685 0.152450
v 0.481649 -0.002908 0.152450
v 0.479040 -0.160103 -0.003190
v 0.468222 -0.002685 -0.003190
v 0.481649 -0.002908 -0.003190
v 0.480386 -0.079037 0.141199
v 0.480699 -0.060161 0.138714
v 0.480073 -0.097911 0.138714
v 0.480991 -0.042574 0.131428
v 0.479781 -0.115500 0.131428
v 0.481242 -0.027470 0.119837
v 0.479530 -0.130603 0.119837
v 0.481555 -0.008596 0.087140
v 0.481596 -0.006111 0.068263
v 0.481434 -0.015881 0.104731
v 0.481555 -0.008596 0.049386
v 0.479217 -0.149477 0.087140
v 0.479338 -0.142192 0.104731
v 0.479175 -0.151963 0.068263
v 0.479217 -0.149477 0.049386
v 0.481434 -0.015881 0.031795
v 0.481242 -0.027470 0.016690
v 0.480991 -0.042574 0.005099
v 0.480699 -0.060161 -0.002188
v 0.480573 -0.067776 -0.003190
v 0.480699 -0.060161 -0.004193
v 0.480991 -0.042574 -0.002843
v 0.480199 -0.090297 -0.003190
v 0.480073 -0.097911 -0.002188
v 0.480199 -0.090297 -0.003190
v 0.480073 -0.097911 -0.004193
v 0.479781 -0.115500 0.005099
v 0.479781 -0.115500 -0.011479
v 0.479530 -0.130603 0.016690
v 0.479338 -0.142192 0.031795
v 0.481555 -0.008596 -0.055766
v 0.481596 -0.006111 -0.074644
v 0.481434 -0.015881 -0.038176
v 0.481242 -0.027470 -0.023070
v 0.480991 -0.042574 -0.011479
v 0.479530 -0.130603 -0.023070
v 0.479338 -0.142192 -0.038175
v 0.479217 -0.149477 -0.055766
v 0.479217 -0.149477 -0.093521
v 0.479175 -0.151963 -0.074643
v 0.481555 -0.008596 -0.093521
v 0.481434 -0.015881 -0.111111
v 0.481242 -0.027470 -0.126217
v 0.480991 -0.042574 -0.137808
v 0.480699 -0.060161 -0.145094
v 0.480386 -0.079037 -0.147579
v 0.480073 -0.097911 -0.145094
v 0.479781 -0.115500 -0.137808
v 0.479530 -0.130603 -0.126217
v 0.479338 -0.142192 -0.111111
v 0.467380 -0.067557 -0.003190
v 0.465613 -0.159880 -0.003190
v 0.481242 -0.027470 -0.002975
v 0.467006 -0.090078 -0.003190
v 0.480699 -0.060161 -0.003085
v 0.467006 -0.090078 -0.003190
v 0.481434 -0.015881 -0.003077
v 0.481555 -0.008596 -0.003140
v 0.465613 -0.159880 -0.152450
v 0.479040 -0.160103 -0.152450
v 0.479040 -0.160103 -0.152450
v 0.479040 -0.160103 0.152450
v 0.479040 -0.160103 0.152450
v 0.465613 -0.159880 0.152450
v 0.481649 -0.002908 0.152450
v 0.481649 -0.002908 0.152450
v 0.468222 -0.002685 0.152450
v 0.481649 -0.002908 -0.003190
v 0.481649 -0.002908 -0.152450
v 0.481649 -0.002908 -0.152450
v 0.468222 -0.002685 -0.152450
v 0.479040 -0.160103 -0.003190
v 0.480386 -0.079037 0.141199
v 0.480699 -0.060161 0.138714
v 0.480073 -0.097911 0.138714
v 0.480991 -0.042574 0.131428
v 0.479781 -0.115500 0.131428
v 0.481242 -0.027470 0.119837
v 0.479530 -0.130603 0.119837
v 0.481555 -0.008596 0.087140
v 0.481596 -0.006111 0.068263
v 0.481434 -0.015881 0.104731
v 0.481555 -0.008596 0.049386
v 0.479217 -0.149477 0.087140
v 0.479338 -0.142192 0.104731
v 0.479175 -0.151963 0.068263
v 0.479217 -0.149477 0.049386
v 0.481434 -0.015881 0.031795
v 0.481242 -0.027470 0.016690
v 0.480991 -0.042574 0.005099
v 0.480699 -0.060161 -0.002188
v 0.480699 -0.060161 -0.004193
v 0.480573 -0.067776 -0.003190
v 0.480573 -0.067776 -0.003190
v 0.480073 -0.097911 -0.002188
v 0.480199 -0.090297 -0.003190
v 0.480199 -0.090297 -0.003190
v 0.480073 -0.097911 -0.004193
v 0.479781 -0.115500 0.005099
v 0.479781 -0.115500 -0.011479
v 0.479530 -0.130603 0.016690
v 0.479338 -0.142192 0.031795
v 0.481596 -0.006111 -0.074644
v 0.481555 -0.008596 -0.055766
v 0.481434 -0.015881 -0.038176
v 0.481242 -0.027470 -0.023070
v 0.480991 -0.042574 -0.011479
v 0.479530 -0.130603 -0.023070
v 0.479338 -0.142192 -0.038175
v 0.479217 -0.149477 -0.055766
v 0.479175 -0.151963 -0.074643
v 0.479217 -0.149477 -0.093521
v 0.481555 -0.008596 -0.093521
v 0.481434 -0.015881 -0.111111
v 0.481242 -0.027470 -0.126217
v 0.480991 -0.042574 -0.137808
v 0.480699 -0.060161 -0.145094
v 0.480386 -0.079037 -0.147579
v 0.480073 -0.097911 -0.145094
v 0.479781 -0.115500 -0.137808
v 0.479530 -0.130603 -0.126217
v 0.479338 -0.142192 -0.111111
v 0.467380 -0.067557 -0.003190
v -0.418764 -0.027218 0.243375
v -0.417976 0.020256 0.238699
v -0.417219 0.065905 0.224849
v -0.416520 0.107975 0.202359
v -0.415908 0.144850 0.172092
v -0.415406 0.175113 0.135212
v -0.415033 0.197600 0.093136
v -0.414803 0.211448 0.047480
v -0.414725 0.216124 0.000000
v -0.414803 0.211448 -0.047480
v -0.415033 0.197600 -0.093136
v -0.415406 0.175113 -0.135212
v -0.415908 0.144850 -0.172092
v -0.416520 0.107975 -0.202359
v -0.417218 0.065905 -0.224849
v -0.417976 0.020256 -0.238699
v -0.418764 -0.027218 -0.243375
v -0.419552 -0.074691 -0.238699
v -0.420310 -0.120341 -0.224849
v -0.421008 -0.162411 -0.202359
v -0.421620 -0.199286 -0.172092
v -0.422122 -0.229549 -0.135212
v -0.422496 -0.252036 -0.093135
v -0.422725 -0.265884 -0.047480
v -0.422803 -0.270559 0.000000
v -0.422725 -0.265884 0.047480
v -0.422496 -0.252036 0.093136
v -0.422122 -0.229549 0.135212
v -0.421620 -0.199286 0.172092
v -0.421008 -0.162411 0.202359
v -0.420310 -0.120340 0.224849
v -0.419552 -0.074691 0.238699
v -0.693350 -0.260442 -0.360078
v -0.695886 -0.413230 -0.188200
v -0.421704 -0.417781 -0.188200
v -0.419168 -0.264993 -0.360078
v -0.695886 -0.413230 0.188200
v -0.693350 -0.260442 0.360078
v -0.419168 -0.264993 0.360078
v -0.421704 -0.417781 0.188200
v -0.653514 0.367290 -0.038654
v -0.685459 0.214990 -0.360078
v -0.411277 0.210440 -0.360078
v -0.603642 0.366462 -0.038654
v -0.685459 0.214990 0.360078
v -0.653514 0.367290 0.038654
v -0.603642 0.366462 0.038654
v -0.411277 0.210440 0.360078
v -0.408741 0.363228 0.188200
v -0.682923 0.367778 0.188200
v -0.682923 0.367778 -0.188200
v -0.408741 0.363228 -0.188200
v -0.603679 0.364277 0.038654
v -0.653551 0.365105 0.038654
v -0.653551 0.365105 -0.038654
v -0.603679 0.364277 -0.038654
v -0.689405 -0.022726 0.275215
v -0.688514 0.030959 0.269927
v -0.690296 -0.076409 0.269927
v -0.691153 -0.128031 0.254266
v -0.687657 0.082580 0.254266
v -0.691942 -0.175606 0.228833
v -0.686867 0.130154 0.228833
v -0.686175 0.171854 0.194607
v -0.692634 -0.217305 0.194607
v -0.693202 -0.251527 0.152902
v -0.685607 0.206076 0.152901
v -0.693625 -0.276957 0.105321
v -0.685185 0.231505 0.105320
v -0.684925 0.247164 0.053692
v -0.693884 -0.292616 0.053692
v -0.684838 0.252451 0.000000
v -0.684925 0.247164 -0.053692
v -0.685185 0.231505 -0.105320
v -0.685607 0.206076 -0.152901
v -0.686175 0.171854 -0.194607
v -0.686867 0.130154 -0.228833
v -0.687657 0.082580 -0.254266
v -0.688514 0.030959 -0.269927
v -0.689405 -0.022726 -0.275215
v -0.690296 -0.076410 -0.269927
v -0.691942 -0.175607 -0.228833
v -0.691153 -0.128031 -0.254266
v -0.693625 -0.276957 -0.105320
v -0.692635 -0.217306 -0.194606
v -0.693202 -0.251527 -0.152901
v -0.693972 -0.297903 0.000000
v -0.693884 -0.292616 -0.053692
v -0.417976 0.020256 0.238699
v -0.418764 -0.027218 0.243375
v -0.417219 0.065905 0.224849
v -0.416520 0.107975 0.202359
v -0.415908 0.144850 0.172092
v -0.415406 0.175113 0.135212
v -0.415033 0.197600 0.093136
v -0.414803 0.211448 0.047480
v -0.414725 0.216124 0.000000
v -0.414803 0.211448 -0.047480
v -0.415033 0.197600 -0.093136
v -0.415406 0.175113 -0.135212
v -0.415908 0.144850 -0.172092
v -0.416520 0.107975 -0.202359
v -0.417218 0.065905 -0.224849
v -0.417976 0.020256 -0.238699
v -0.418764 -0.027218 -0.243375
v -0.419552 -0.074691 -0.238699
v -0.420310 -0.120341 -0.224849
v -0.421008 -0.162411 -0.202359
v -0.421620 -0.199286 -0.172092
v -0.422122 -0.229549 -0.135212
v -0.422496 -0.252036 -0.093135
v -0.422725 -0.265884 -0.047480
v -0.422803 -0.270559 0.000000
v -0.422725 -0.265884 0.047480
v -0.422496 -0.252036 0.093136
v -0.422122 -0.229549 0.135212
v -0.421620 -0.199286 0.172092
v -0.421008 -0.162411 0.202359
v -0.420310 -0.120340 0.224849
v -0.419552 -0.074691 0.238699
v -0.695886 -0.413230 -0.188200
v -0.695886 -0.413230 -0.188200
v -0.693350 -0.260442 -0.360078
v -0.693350 -0.260442 -0.360078
v -0.419168 -0.264993 -0.360078
v -0.419168 -0.264993 -0.360078
v -0.421704 -0.417781 -0.188200
v -0.421704 -0.417781 -0.188200
v -0.421704 -0.417781 0.188200
v -0.421704 -0.417781 0.188200
v -0.419168 -0.264993 0.360078
v -0.419168 -0.264993 0.360078
v -0.693350 -0.260442 0.360078
v -0.693350 -0.260442 0.360078
v -0.695886 -0.413230 0.188200
v -0.695886 -0.413230 0.188200
v -0.411277 0.210440 0.360078
v -0.411277 0.210440 0.360078
v -0.408741 0.363228 0.188200
v -0.408741 0.363228 0.188200
v -0.682923 0.367778 0.188200
v -0.682923 0.367778 0.188200
v -0.685459 0.214990 0.360078
v -0.685459 0.214990 0.360078
v -0.408741 0.363228 -0.188200
v -0.408741 0.363228 -0.188200
v -0.411277 0.210440 -0.360078
v -0.411277 0.210440 -0.360078
v -0.685459 0.214990 -0.360078
v -0.685459 0.214990 -0.360078
v -0.682923 0.367778 -0.188200
v -0.682923 0.367778 -0.188200
v -0.603642 0.366462 0.038654
v -0.603642 0.366462 0.038654
v -0.653514 0.367290 0.038654
v -0.653514 0.367290 0.038654
v -0.653514 0.367290 -0.038654
v -0.653514 0.367290 -0.038654
v -0.603642 0.366462 -0.038654
v -0.603642 0.366462 -0.038654
v -0.603679 0.364277 0.038654
v -0.603679 0.364277 0.038654
v -0.653551 0.365105 0.038654
v -0.653551 0.365105 0.038654
v -0.653551 0.365105 -0.038654
v -0.653551 0.365105 -0.038654
v -0.603679 0.364277 -0.038654
v -0.603679 0.364277 -0.038654
v -0.689405 -0.022726 0.275215
v -0.688514 0.030959 0.269927
v -0.690296 -0.076409 0.269927
v -0.691153 -0.128031 0.254266
v -0.687657 0.082580 0.254266
v -0.691942 -0.175606 0.228833
v -0.686867 0.130154 0.228833
v -0.686175 0.171854 0.194607
v -0.692634 -0.217305 0.194607
v -0.693202 -0.251527 0.152902
v -0.685607 0.206076 0.152901
v -0.693625 -0.276957 0.105321
v -0.685185 0.231505 0.105320
v -0.684925 0.247164 0.053692
v -0.693884 -0.292616 0.053692
v -0.684838 0.252451 0.000000
v -0.684925 0.247164 -0.053692
v -0.685185 0.231505 -0.105320
v -0.685607 0.206076 -0.152901
v -0.686175 0.171854 -0.194607
v -0.686867 0.130154 -0.228833
v -0.687657 0.082580 -0.254266
v -0.688514 0.030959 -0.269927
v -0.689405 -0.022726 -0.275215
v -0.690296 -0.076410 -0.269927
v -0.691153 -0.128031 -0.254266
v -0.691942 -0.175607 -0.228833
v -0.693202 -0.251527 -0.152901
v -0.692635 -0.217306 -0.194606
v -0.693972 -0.297903 0.000000
v -0.693884 -0.292616 -0.053692
v -0.693625 -0.276957 -0.105320
v -0.381868 0.159211 0.144493
v 0.216985 0.149271 0.104885
v -0.381247 0.196603 0.139569
v 0.217436 0.176413 0.101311
v -0.380669 0.231448 0.125135
v 0.217856 0.201707 0.090833
v -0.380172 0.261368 0.102172
v 0.218216 0.223426 0.074165
v -0.379791 0.284328 0.072246
v 0.218493 0.240091 0.052442
v -0.379552 0.298761 0.037398
v 0.218667 0.250568 0.027146
v -0.379470 0.303684 0.000000
v 0.218726 0.254141 0.000000
v -0.379552 0.298761 -0.037397
v 0.218667 0.250568 -0.027146
v -0.379791 0.284328 -0.072246
v 0.218493 0.240091 -0.052442
v -0.380172 0.261368 -0.102172
v 0.218216 0.223426 -0.074165
v -0.380669 0.231448 -0.125135
v 0.217856 0.201707 -0.090833
v -0.381247 0.196603 -0.139569
v 0.217436 0.176413 -0.101311
v -0.381868 0.159211 -0.144493
v 0.216985 0.149271 -0.104885
v -0.382489 0.121819 -0.139569
v 0.216535 0.122129 -0.101311
v -0.383067 0.086974 -0.125135
v 0.216115 0.096836 -0.090833
v -0.383564 0.057053 -0.102172
v 0.215755 0.075117 -0.074165
v -0.383945 0.034094 -0.072246
v 0.215478 0.058451 -0.052442
v -0.384184 0.019661 -0.037398
v 0.215304 0.047974 -0.027146
v -0.384266 0.014737 0.000000
v 0.215245 0.044401 0.000000
v -0.384184 0.019661 0.037397
v 0.215304 0.047974 0.027146
v -0.383945 0.034094 0.072246
v 0.215478 0.058450 0.052442
v -0.383564 0.057053 0.102172
v 0.215755 0.075117 0.074165
v -0.383067 0.086974 0.125134
v 0.216115 0.096836 0.090833
v -0.382489 0.121819 0.139569
v 0.216535 0.122129 0.101311
v 0.185275 0.149797 0.114096
v 0.185765 0.179324 0.110208
v 0.186222 0.206837 0.098810
v 0.186614 0.230464 0.080678
v 0.186915 0.248594 0.057048
v 0.187104 0.259991 0.029530
v 0.187168 0.263878 0.000000
v 0.187104 0.259991 -0.029530
v 0.186915 0.248594 -0.057048
v 0.186614 0.230464 -0.080678
v 0.186222 0.206837 -0.098810
v 0.185765 0.179324 -0.110208
v 0.185275 0.149797 -0.114096
v 0.184785 0.120271 -0.110208
v 0.184328 0.092757 -0.098810
v 0.183936 0.069130 -0.080678
v 0.183635 0.051001 -0.057048
v 0.183446 0.039604 -0.029530
v 0.183381 0.035717 0.000000
v 0.183446 0.039604 0.029530
v 0.183635 0.051001 0.057048
v 0.183936 0.069130 0.080678
v 0.184328 0.092757 0.098810
v 0.184785 0.120271 0.110208
v 0.217483 0.179269 0.111967
v 0.216985 0.149271 0.115917
v 0.185275 0.149797 0.115917
v 0.217947 0.207222 0.100387
v 0.218346 0.231226 0.081966
v 0.218651 0.249644 0.057958
v 0.218844 0.261222 0.030001
v 0.218909 0.265172 0.000000
v 0.218844 0.261222 -0.030001
v 0.218651 0.249644 -0.057958
v 0.218346 0.231226 -0.081966
v 0.217947 0.207222 -0.100387
v 0.217483 0.179269 -0.111967
v 0.216985 0.149271 -0.115917
v 0.216488 0.119274 -0.111967
v 0.216024 0.091321 -0.100387
v 0.215625 0.067317 -0.081966
v 0.215319 0.048898 -0.057958
v 0.215127 0.037319 -0.030002
v 0.215062 0.033370 0.000000
v 0.215127 0.037319 0.030001
v 0.215319 0.048898 0.057958
v 0.215625 0.067317 0.081966
v 0.216024 0.091321 0.100387
v 0.216488 0.119274 0.111967
v 0.185773 0.179795 0.111967
v 0.186237 0.207748 0.100387
v 0.186635 0.231752 0.081966
v 0.186941 0.250170 0.057958
v 0.187133 0.261749 0.030001
v 0.187199 0.265698 0.000000
v 0.187133 0.261749 -0.030001
v 0.186941 0.250170 -0.057958
v 0.186635 0.231752 -0.081966
v 0.186237 0.207748 -0.100387
v 0.185773 0.179795 -0.111967
v 0.185275 0.149797 -0.115917
v 0.184777 0.119800 -0.111967
v 0.184313 0.091847 -0.100387
v 0.183915 0.067843 -0.081966
v 0.183609 0.049424 -0.057958
v 0.183417 0.037846 -0.030002
v 0.183351 0.033896 0.000000
v 0.183417 0.037846 0.030001
v 0.183609 0.049424 0.057958
v 0.183915 0.067843 0.081966
v 0.184313 0.091847 0.100387
v 0.184777 0.119800 0.111967
v -0.192786 0.185607 0.110208
v -0.192329 0.213120 0.098810
v -0.191937 0.236747 0.080678
v -0.191636 0.254877 0.057048
v -0.191447 0.266274 0.029530
v -0.191383 0.270161 0.000000
v -0.191447 0.266274 -0.029530
v -0.191636 0.254877 -0.057048
v -0.191937 0.236747 -0.080678
v -0.192329 0.213120 -0.098810
v -0.192786 0.185607 -0.110208
v -0.193276 0.156080 -0.114096
v -0.193766 0.126554 -0.110208
v -0.194223 0.099040 -0.098810
v -0.194615 0.075413 -0.080678
v -0.194916 0.057284 -0.057048
v -0.195105 0.045887 -0.029530
v -0.195170 0.042000 0.000000
v -0.195105 0.045887 0.029530
v -0.194916 0.057284 0.057048
v -0.194615 0.075413 0.080678
v -0.194223 0.099040 0.098810
v -0.193766 0.126554 0.110208
v -0.193276 0.156080 0.114096
v 0.007510 0.182694 -0.111744
v 0.015547 0.182560 -0.111744
v 0.007973 0.210591 -0.100187
v 0.016010 0.210458 -0.100187
v 0.008371 0.234548 -0.081802
v 0.016408 0.234414 -0.081802
v 0.008676 0.252929 -0.057843
v 0.016713 0.252796 -0.057843
v 0.008868 0.264485 -0.029942
v 0.016905 0.264351 -0.029942
v 0.008933 0.268426 0.000000
v 0.016970 0.268293 0.000000
v 0.008868 0.264485 0.029942
v 0.016905 0.264351 0.029942
v 0.008676 0.252929 0.057843
v 0.016713 0.252796 0.057843
v 0.008371 0.234548 0.081802
v 0.016408 0.234414 0.081802
v 0.007973 0.210591 0.100187
v 0.016010 0.210458 0.100187
v 0.007510 0.182694 0.111744
v 0.015547 0.182560 0.111744
v 0.015050 0.152623 0.115686
v 0.007013 0.152756 0.115686
v 0.007013 0.152756 0.114096
v 0.015050 0.152623 0.114096
v 0.015540 0.182149 0.110208
v 0.007503 0.182283 0.110208
v 0.015997 0.209663 0.098810
v 0.007960 0.209796 0.098810
v 0.016389 0.233289 0.080678
v 0.008352 0.233423 0.080678
v 0.016690 0.251419 0.057048
v 0.008653 0.251552 0.057048
v 0.016879 0.262816 0.029530
v 0.008842 0.262950 0.029530
v 0.016944 0.266703 0.000000
v 0.008907 0.266836 0.000000
v 0.016879 0.262816 -0.029530
v 0.008842 0.262950 -0.029530
v 0.016690 0.251419 -0.057048
v 0.008653 0.251552 -0.057048
v 0.016389 0.233289 -0.080678
v 0.008352 0.233423 -0.080678
v 0.015997 0.209663 -0.098810
v 0.007960 0.209796 -0.098810
v 0.015540 0.182149 -0.110208
v 0.007503 0.182283 -0.110208
v 0.015050 0.152623 -0.114096
v 0.007013 0.152756 -0.114096
v 0.014560 0.123097 -0.110208
v 0.006523 0.123230 -0.110208
v 0.014104 0.095582 -0.098810
v 0.006067 0.095716 -0.098810
v 0.013711 0.071956 -0.080678
v 0.005674 0.072089 -0.080678
v 0.013410 0.053826 -0.057048
v 0.005374 0.053960 -0.057048
v 0.013221 0.042430 -0.029530
v 0.005184 0.042563 -0.029530
v 0.013157 0.038542 0.000000
v 0.005120 0.038676 0.000000
v 0.013221 0.042430 0.029530
v 0.005184 0.042563 0.029530
v 0.013410 0.053826 0.057048
v 0.005374 0.053960 0.057048
v 0.013711 0.071956 0.080678
v 0.005674 0.072089 0.080678
v 0.014104 0.095582 0.098810
v 0.006067 0.095716 0.098810
v 0.014560 0.123097 0.110208
v 0.006523 0.123230 0.110208
v 0.015050 0.152623 -0.115686
v 0.007013 0.152756 -0.115686
v 0.014553 0.122686 -0.111744
v 0.006516 0.122819 -0.111744
v 0.014090 0.094788 -0.100187
v 0.006053 0.094921 -0.100187
v 0.013693 0.070832 -0.081802
v 0.005656 0.070965 -0.081802
v 0.013388 0.052449 -0.057843
v 0.005351 0.052583 -0.057843
v 0.013196 0.040894 -0.029942
v 0.005159 0.041027 -0.029942
v 0.013130 0.036952 0.000000
v 0.005094 0.037086 0.000000
v 0.013196 0.040894 0.029942
v 0.005159 0.041027 0.029942
v 0.013388 0.052449 0.057843
v 0.005351 0.052583 0.057843
v 0.013693 0.070832 0.081802
v 0.005656 0.070965 0.081802
v 0.014090 0.094788 0.100187
v 0.006053 0.094921 0.100187
v 0.014553 0.122685 0.111744
v 0.006516 0.122818 0.111744
v 0.007013 0.152756 0.115686
v 0.006516 0.122818 0.111744
v 0.184785 0.120271 0.110208
v 0.185275 0.149797 0.114096
v 0.184328 0.092757 0.098810
v 0.183936 0.069130 0.080678
v 0.183635 0.051001 0.057048
v 0.183446 0.039604 0.029530
v 0.183381 0.035717 0.000000
v 0.183446 0.039604 -0.029530
v 0.183635 0.051001 -0.057048
v 0.183936 0.069130 -0.080678
v 0.184328 0.092757 -0.098810
v 0.184785 0.120271 -0.110208
v 0.185275 0.149797 -0.114096
v 0.185765 0.179324 -0.110208
v 0.186222 0.206837 -0.098810
v 0.186614 0.230464 -0.080678
v 0.186915 0.248594 -0.057048
v 0.187104 0.259991 -0.029530
v 0.187168 0.263878 0.000000
v 0.187104 0.259991 0.029530
v 0.186915 0.248594 0.057048
v 0.186614 0.230464 0.080678
v 0.186222 0.206837 0.098810
v 0.185765 0.179324 0.110208
v 0.217483 0.179269 0.111967
v 0.216985 0.149271 0.115917
v 0.217947 0.207222 0.100387
v 0.218346 0.231226 0.081966
v 0.218651 0.249644 0.057958
v 0.218844 0.261222 0.030001
v 0.218909 0.265172 0.000000
v 0.218844 0.261222 -0.030001
v 0.218651 0.249644 -0.057958
v 0.218346 0.231226 -0.081966
v 0.217947 0.207222 -0.100387
v 0.217483 0.179269 -0.111967
v 0.216985 0.149271 -0.115917
v 0.216488 0.119274 -0.111967
v 0.216024 0.091321 -0.100387
v 0.215625 0.067317 -0.081966
v 0.215319 0.048898 -0.057958
v 0.215127 0.037319 -0.030002
v 0.215062 0.033370 0.000000
v 0.215127 0.037319 0.030001
v 0.215319 0.048898 0.057958
v 0.215625 0.067317 0.081966
v 0.216024 0.091321 0.100387
v 0.216488 0.119274 0.111967
v 0.184777 0.119800 0.111967
v 0.185275 0.149797 0.115917
v 0.184313 0.091847 0.100387
v 0.183915 0.067843 0.081966
v 0.183609 0.049424 0.057958
v 0.183417 0.037846 0.030001
v 0.183351 0.033896 0.000000
v 0.183417 0.037846 -0.030002
v 0.183609 0.049424 -0.057958
v 0.183915 0.067843 -0.081966
v 0.184313 0.091847 -0.100387
v 0.184777 0.119800 -0.111967
v 0.185275 0.149797 -0.115917
v 0.185773 0.179795 -0.111967
v 0.186237 0.207748 -0.100387
v 0.186635 0.231752 -0.081966
v 0.186941 0.250170 -0.057958
v 0.187133 0.261749 -0.030001
v 0.187199 0.265698 0.000000
v 0.187133 0.261749 0.030001
v 0.186941 0.250170 0.057958
v 0.186635 0.231752 0.081966
v 0.186237 0.207748 0.100387
v 0.185773 0.179795 0.111967
v 0.014090 0.094788 0.100187
v 0.014553 0.122685 0.111744
v 0.013693 0.070832 0.081802
v 0.013388 0.052449 0.057843
v 0.013196 0.040894 0.029942
v 0.013130 0.036952 0.000000
v 0.013196 0.040894 -0.029942
v 0.013388 0.052449 -0.057843
v 0.013693 0.070832 -0.081802
v 0.014090 0.094788 -0.100187
v 0.014553 0.122686 -0.111744
v 0.015050 0.152623 -0.115686
v 0.015547 0.182560 -0.111744
v 0.016010 0.210458 -0.100187
v 0.016408 0.234414 -0.081802
v 0.016713 0.252796 -0.057843
v 0.016905 0.264351 -0.029942
v 0.016970 0.268293 0.000000
v 0.016905 0.264351 0.029942
v 0.016713 0.252796 0.057843
v 0.016408 0.234414 0.081802
v 0.016010 0.210458 0.100187
v 0.015547 0.182560 0.111744
v 0.015050 0.152623 0.115686
v 0.006053 0.094921 0.100187
v 0.005656 0.070965 0.081802
v 0.005351 0.052583 0.057843
v 0.005159 0.041027 0.029942
v 0.005094 0.037086 0.000000
v 0.005159 0.041027 -0.029942
v 0.005351 0.052583 -0.057843
v 0.005656 0.070965 -0.081802
v 0.006053 0.094921 -0.100187
v 0.006516 0.122819 -0.111744
v 0.007013 0.152756 -0.115686
v 0.007510 0.182694 -0.111744
v 0.007973 0.210591 -0.100187
v 0.008371 0.234548 -0.081802
v 0.008676 0.252929 -0.057843
v 0.008868 0.264485 -0.029942
v 0.008933 0.268426 0.000000
v 0.008868 0.264485 0.029942
v 0.008676 0.252929 0.057843
v 0.008371 0.234548 0.081802
v 0.007973 0.210591 0.100187
v 0.007510 0.182694 0.111744
v 0.015050 0.152623 0.114096
v 0.015540 0.182149 0.110208
v 0.007503 0.182283 0.110208
v 0.007013 0.152756 0.114096
v 0.015997 0.209663 0.098810
v 0.007960 0.209796 0.098810
v 0.016389 0.233289 0.080678
v 0.008352 0.233423 0.080678
v 0.016690 0.251419 0.057048
v 0.008653 0.251552 0.057048
v 0.016879 0.262816 0.029530
v 0.008842 0.262950 0.029530
v 0.016944 0.266703 0.000000
v 0.008907 0.266836 0.000000
v 0.016879 0.262816 -0.029530
v 0.008842 0.262950 -0.029530
v 0.016690 0.251419 -0.057048
v 0.008653 0.251552 -0.057048
v 0.016389 0.233289 -0.080678
v 0.008352 0.233423 -0.080678
v 0.015997 0.209663 -0.098810
v 0.007960 0.209796 -0.098810
v 0.015540 0.182149 -0.110208
v 0.007503 0.182283 -0.110208
v 0.015050 0.152623 -0.114096
v 0.007013 0.152756 -0.114096
v 0.014560 0.123097 -0.110208
v 0.006523 0.123230 -0.110208
v 0.014104 0.095582 -0.098810
v 0.006067 0.095716 -0.098810
v 0.013711 0.071956 -0.080678
v 0.005674 0.072089 -0.080678
v 0.013410 0.053826 -0.057048
v 0.005374 0.053960 -0.057048
v 0.013221 0.042430 -0.029530
v 0.005184 0.042563 -0.029530
v 0.013157 0.038542 0.000000
v 0.005120 0.038676 0.000000
v 0.013221 0.042430 0.029530
v 0.005184 0.042563 0.029530
v 0.013410 0.053826 0.057048
v 0.005374 0.053960 0.057048
v 0.013711 0.071956 0.080678
v 0.005674 0.072089 0.080678
v 0.014104 0.095582 0.098810
v 0.006067 0.095716 0.098810
v 0.014560 0.123097 0.110208
v 0.006523 0.123230 0.110208
v 0.326117 -0.058679 -0.161925
v 0.465101 -0.060986 -0.161925
v 0.326233 -0.051739 -0.162839
v 0.465216 -0.054046 -0.162839
v 0.326340 -0.045271 -0.165519
v 0.465324 -0.047578 -0.165519
v 0.326432 -0.039717 -0.169781
v 0.465416 -0.042024 -0.169781
v 0.326503 -0.035456 -0.175335
v 0.465487 -0.037763 -0.175335
v 0.326547 -0.032777 -0.181803
v 0.465531 -0.035084 -0.181803
v 0.326562 -0.031864 -0.188745
v 0.465546 -0.034170 -0.188745
v 0.326547 -0.032777 -0.195686
v 0.465531 -0.035084 -0.195686
v 0.326503 -0.035456 -0.202154
v 0.465487 -0.037763 -0.202154
v 0.326432 -0.039717 -0.207709
v 0.465416 -0.042024 -0.207709
v 0.326340 -0.045271 -0.211971
v 0.465324 -0.047578 -0.211971
v 0.326233 -0.051739 -0.214650
v 0.465216 -0.054046 -0.214650
v 0.326117 -0.058679 -0.215564
v 0.465101 -0.060986 -0.215564
v 0.326002 -0.065619 -0.214650
v 0.464986 -0.067926 -0.214650
v 0.325895 -0.072086 -0.211971
v 0.464879 -0.074393 -0.211971
v 0.325803 -0.077640 -0.207709
v 0.464787 -0.079947 -0.207709
v 0.325732 -0.081902 -0.202154
v 0.464716 -0.084209 -0.202154
v 0.325688 -0.084580 -0.195686
v 0.464671 -0.086887 -0.195686
v 0.325672 -0.085494 -0.188745
v 0.464656 -0.087801 -0.188745
v 0.325688 -0.084580 -0.181803
v 0.464671 -0.086887 -0.181803
v 0.325732 -0.081902 -0.175335
v 0.464716 -0.084209 -0.175335
v 0.325803 -0.077640 -0.169781
v 0.464786 -0.079947 -0.169781
v 0.325895 -0.072086 -0.165519
v 0.464879 -0.074393 -0.165519
v 0.326002 -0.065619 -0.162839
v 0.464986 -0.067926 -0.162839
v 0.292892 -0.058127 -0.169564
v 0.292974 -0.053164 -0.170217
v 0.293051 -0.048538 -0.172134
v 0.293117 -0.044566 -0.175182
v 0.293168 -0.041519 -0.179154
v 0.293199 -0.039603 -0.183780
v 0.293210 -0.038949 -0.188745
v 0.293199 -0.039603 -0.193709
v 0.293168 -0.041519 -0.198335
v 0.293117 -0.044566 -0.202307
v 0.293051 -0.048538 -0.205356
v 0.292974 -0.053164 -0.207272
v 0.292892 -0.058127 -0.207925
v 0.292810 -0.063091 -0.207272
v 0.292733 -0.067716 -0.205356
v 0.292667 -0.071689 -0.202307
v 0.292616 -0.074736 -0.198335
v 0.292584 -0.076652 -0.193709
v 0.292574 -0.077306 -0.188745
v 0.292584 -0.076652 -0.183780
v 0.292616 -0.074736 -0.179154
v 0.292667 -0.071689 -0.175182
v 0.292733 -0.067716 -0.172134
v 0.292810 -0.063091 -0.170217
v 0.292892 -0.058127 -0.169564
v 0.292974 -0.053164 -0.170217
v 0.293051 -0.048538 -0.172134
v 0.293117 -0.044566 -0.175182
v 0.293168 -0.041519 -0.179154
v 0.293199 -0.039603 -0.183780
v 0.293210 -0.038949 -0.188745
v 0.293199 -0.039603 -0.193709
v 0.293168 -0.041519 -0.198335
v 0.293117 -0.044566 -0.202307
v 0.293051 -0.048538 -0.205356
v 0.292974 -0.053164 -0.207272
v 0.292892 -0.058127 -0.207925
v 0.292810 -0.063091 -0.207272
v 0.292733 -0.067716 -0.205356
v 0.292667 -0.071689 -0.202307
v 0.292616 -0.074736 -0.198335
v 0.292584 -0.076652 -0.193709
v 0.292574 -0.077306 -0.188745
v 0.292584 -0.076652 -0.183780
v 0.292616 -0.074736 -0.179154
v 0.292667 -0.071689 -0.175182
v 0.292733 -0.067716 -0.172134
v 0.292810 -0.063091 -0.170217
v 0.174769 -0.065656 0.224544
v 0.506541 -0.071163 0.231510
v 0.174895 -0.058078 0.223546
v 0.506697 -0.061782 0.230275
v 0.175012 -0.051017 0.220621
v 0.506842 -0.053041 0.226653
v 0.175112 -0.044953 0.215967
v 0.506966 -0.045535 0.220893
v 0.175190 -0.040301 0.209903
v 0.507062 -0.039775 0.213386
v 0.175238 -0.037376 0.202840
v 0.507122 -0.036155 0.204643
v 0.175255 -0.036378 0.195262
v 0.507143 -0.034920 0.195262
v 0.175238 -0.037376 0.187683
v 0.507122 -0.036155 0.185880
v 0.175190 -0.040301 0.180620
v 0.507062 -0.039775 0.177137
v 0.175112 -0.044953 0.174556
v 0.506966 -0.045535 0.169630
v 0.175012 -0.051017 0.169902
v 0.506842 -0.053041 0.163870
v 0.174895 -0.058078 0.166977
v 0.506697 -0.061782 0.160248
v 0.174769 -0.065656 0.165979
v 0.506541 -0.071163 0.159013
v 0.174643 -0.073234 0.166977
v 0.506385 -0.080544 0.160248
v 0.174526 -0.080295 0.169902
v 0.506240 -0.089284 0.163870
v 0.174425 -0.086359 0.174556
v 0.506116 -0.096791 0.169630
v 0.174348 -0.091012 0.180620
v 0.506020 -0.102551 0.177137
v 0.174299 -0.093937 0.187683
v 0.505960 -0.106171 0.185880
v 0.174283 -0.094934 0.195262
v 0.505940 -0.107406 0.195262
v 0.174299 -0.093937 0.202840
v 0.505960 -0.106171 0.204643
v 0.174348 -0.091012 0.209903
v 0.506020 -0.102551 0.213386
v 0.174425 -0.086359 0.215967
v 0.506116 -0.096791 0.220893
v 0.174526 -0.080295 0.220621
v 0.506240 -0.089284 0.226653
v 0.174643 -0.073234 0.223546
v 0.506385 -0.080544 0.230275
v 0.172346 -0.065616 0.222080
v 0.172461 -0.058676 0.221166
v 0.172569 -0.052209 0.218487
v 0.172661 -0.046656 0.214225
v 0.172732 -0.042394 0.208671
v 0.172776 -0.039716 0.202203
v 0.172791 -0.038802 0.195262
v 0.172776 -0.039716 0.188320
v 0.172732 -0.042394 0.181852
v 0.172661 -0.046656 0.176298
v 0.172569 -0.052209 0.172036
v 0.172461 -0.058676 0.169357
v 0.172346 -0.065616 0.168443
v 0.172231 -0.072556 0.169357
v 0.172124 -0.079023 0.172036
v 0.172031 -0.084577 0.176298
v 0.171961 -0.088839 0.181852
v 0.171916 -0.091517 0.188320
v 0.171901 -0.092431 0.195262
v 0.171916 -0.091517 0.202203
v 0.171961 -0.088839 0.208671
v 0.172031 -0.084577 0.214225
v 0.172124 -0.079023 0.218487
v 0.172231 -0.072556 0.221166
v 0.164713 -0.065489 0.220625
v 0.164822 -0.058926 0.219761
v 0.164924 -0.052809 0.217227
v 0.165011 -0.047557 0.213196
v 0.165078 -0.043527 0.207943
v 0.165120 -0.040994 0.201826
v 0.165134 -0.040129 0.195262
v 0.165120 -0.040994 0.188697
v 0.165078 -0.043527 0.182580
v 0.165011 -0.047557 0.177327
v 0.164924 -0.052809 0.173296
v 0.164822 -0.058926 0.170762
v 0.164713 -0.065489 0.169898
v 0.164604 -0.072053 0.170762
v 0.164503 -0.078170 0.173296
v 0.164416 -0.083422 0.177327
v 0.164349 -0.087452 0.182580
v 0.164307 -0.089986 0.188697
v 0.164292 -0.090850 0.195262
v 0.164307 -0.089986 0.201826
v 0.164349 -0.087452 0.207943
v 0.164416 -0.083422 0.213196
v 0.164503 -0.078170 0.217227
v 0.164604 -0.072053 0.219761
v 0.113089 -0.075632 0.184491
v 0.155695 -0.076339 0.184491
v 0.172249 -0.079997 0.210750
v 0.113454 -0.053639 0.184491
v 0.156060 -0.054346 0.184491
v 0.172727 -0.051240 0.210750
v 0.172249 -0.079997 0.184491
v 0.172727 -0.051240 0.184491
v 0.113089 -0.075632 0.144390
v 0.155695 -0.076339 0.144390
v 0.156060 -0.054346 0.144390
v 0.113454 -0.053639 0.144390
v 0.132896 -0.079344 0.184491
v 0.132896 -0.079344 0.210750
v 0.133373 -0.050587 0.210750
v 0.133373 -0.050587 0.184491
v 0.132952 -0.075962 0.184491
v 0.133317 -0.053969 0.184491
v 0.132952 -0.075962 0.144390
v 0.133317 -0.053969 0.144390
v 0.113089 -0.072998 0.207505
v 0.113089 -0.072998 0.186113
v 0.129966 -0.073278 0.207505
v 0.113367 -0.056273 0.207505
v 0.130244 -0.056553 0.207505
v 0.113367 -0.056273 0.186113
v 0.130244 -0.056553 0.186113
v 0.129966 -0.073278 0.186113
v 0.171448 -0.036051 0.144864
v 0.202327 -0.036563 0.144864
v 0.171448 -0.036051 0.203139
v 0.176080 -0.036128 0.203139
v 0.171589 -0.027558 0.144864
v 0.202468 -0.028071 0.144864
v 0.171589 -0.027558 0.203139
v 0.176222 -0.027635 0.203139
v 0.176039 -0.038636 0.209034
v 0.171406 -0.038559 0.209034
v 0.171527 -0.031245 0.213350
v 0.176161 -0.031322 0.213350
v 0.175955 -0.043739 0.215373
v 0.171321 -0.043662 0.215373
v 0.171423 -0.037519 0.221238
v 0.176057 -0.037596 0.221238
v 0.175850 -0.050071 0.220526
v 0.171216 -0.049994 0.220526
v 0.171287 -0.045711 0.227861
v 0.175921 -0.045788 0.227861
v 0.175727 -0.057429 0.223700
v 0.171094 -0.057352 0.223700
v 0.171128 -0.055314 0.231945
v 0.175761 -0.055391 0.231945
v 0.176080 -0.036128 0.144864
v 0.171200 -0.050968 0.209034
v 0.175815 -0.052153 0.209034
v 0.175835 -0.050899 0.144864
v 0.171202 -0.050822 0.144864
v 0.175835 -0.050899 0.203139
v 0.171202 -0.050822 0.203139
v 0.171096 -0.057247 0.209034
v 0.175731 -0.057152 0.144864
v 0.175720 -0.057875 0.209034
v 0.171099 -0.057075 0.144864
v 0.175731 -0.057152 0.203139
v 0.171099 -0.057075 0.203139
v 0.170467 -0.095136 0.144864
v 0.201347 -0.095648 0.144864
v 0.170467 -0.095136 0.203139
v 0.175099 -0.095213 0.203139
v 0.170326 -0.103628 0.144864
v 0.201206 -0.104140 0.144864
v 0.170326 -0.103628 0.203139
v 0.174959 -0.103705 0.203139
v 0.175142 -0.092704 0.209034
v 0.170509 -0.092627 0.209034
v 0.170387 -0.099942 0.213350
v 0.175021 -0.100019 0.213350
v 0.175227 -0.087602 0.215373
v 0.170593 -0.087525 0.215373
v 0.170491 -0.093668 0.221238
v 0.175125 -0.093745 0.221238
v 0.175332 -0.081269 0.220526
v 0.170698 -0.081192 0.220526
v 0.170627 -0.085475 0.227861
v 0.175261 -0.085552 0.227861
v 0.175454 -0.073911 0.223700
v 0.170821 -0.073834 0.223700
v 0.170787 -0.075872 0.231945
v 0.175420 -0.075949 0.231945
v 0.175591 -0.065670 0.225063
v 0.170957 -0.065593 0.225063
v 0.170957 -0.065593 0.233536
v 0.175591 -0.065670 0.233536
v 0.175099 -0.095213 0.144864
v 0.170957 -0.065593 0.203139
v 0.170957 -0.065593 0.144864
v 0.175590 -0.065670 0.203139
v 0.175591 -0.065670 0.209034
v 0.170957 -0.065593 0.209034
v 0.175590 -0.065670 0.144864
v 0.170715 -0.080218 0.209034
v 0.175366 -0.079187 0.209034
v 0.175344 -0.080441 0.144864
v 0.170712 -0.080364 0.144864
v 0.175344 -0.080441 0.203139
v 0.170712 -0.080364 0.203139
v 0.170819 -0.073939 0.209034
v 0.175448 -0.074188 0.144864
v 0.175461 -0.073465 0.209034
v 0.170816 -0.074111 0.144864
v 0.175448 -0.074188 0.203139
v 0.170816 -0.074111 0.203139
v 0.393426 -0.069285 0.236196
v 0.383782 -0.069125 0.235771
v 0.383956 -0.058643 0.234390
v 0.393601 -0.058692 0.234802
v 0.384118 -0.048874 0.230344
v 0.393765 -0.048821 0.230712
v 0.384257 -0.040485 0.223906
v 0.393906 -0.040344 0.224207
v 0.384364 -0.034048 0.215516
v 0.394014 -0.033840 0.215729
v 0.384431 -0.030002 0.205746
v 0.394082 -0.029751 0.205856
v 0.384455 -0.028625 0.195366
v 0.394106 -0.028359 0.195366
v 0.384433 -0.029935 0.144564
v 0.394084 -0.029684 0.144454
v 0.383132 -0.108317 0.144564
v 0.392769 -0.108888 0.144454
v 0.383111 -0.109627 0.195366
v 0.392747 -0.110212 0.195366
v 0.383133 -0.108249 0.205746
v 0.392769 -0.108820 0.205856
v 0.383200 -0.104202 0.215516
v 0.392837 -0.104731 0.215729
v 0.383307 -0.097766 0.223906
v 0.392945 -0.098227 0.224207
v 0.383446 -0.089378 0.230344
v 0.393086 -0.089751 0.230712
v 0.383608 -0.079609 0.234390
v 0.393250 -0.079879 0.234802
v 0.393514 -0.069287 0.234198
v 0.383870 -0.069127 0.233773
v 0.384035 -0.059161 0.232460
v 0.393681 -0.059211 0.232872
v 0.384189 -0.049874 0.228613
v 0.393837 -0.049822 0.228982
v 0.384322 -0.041900 0.222493
v 0.393971 -0.041759 0.222794
v 0.384423 -0.035780 0.214517
v 0.394073 -0.035571 0.214730
v 0.384487 -0.031933 0.205229
v 0.394138 -0.031682 0.205339
v 0.384509 -0.030621 0.195262
v 0.394160 -0.030355 0.195262
v 0.384487 -0.031933 0.144616
v 0.394138 -0.031682 0.144505
v 0.383253 -0.106321 0.144616
v 0.392889 -0.106892 0.144505
v 0.383231 -0.107632 0.195262
v 0.392867 -0.108218 0.195262
v 0.383253 -0.106321 0.205229
v 0.392889 -0.106892 0.205339
v 0.383316 -0.102474 0.214517
v 0.392954 -0.103002 0.214730
v 0.383418 -0.096355 0.222493
v 0.393057 -0.096816 0.222794
v 0.383550 -0.088380 0.228613
v 0.393191 -0.088753 0.228982
v 0.383705 -0.079093 0.232460
v 0.393346 -0.079363 0.232872
v 0.506730 -0.059795 0.237690
v 0.506541 -0.071163 0.239187
v 0.506906 -0.049203 0.233302
v 0.507057 -0.040107 0.226321
v 0.507172 -0.033128 0.217224
v 0.507245 -0.028740 0.206630
v 0.507270 -0.027244 0.195262
v 0.507245 -0.028740 0.183893
v 0.507172 -0.033128 0.173299
v 0.507057 -0.040107 0.164202
v 0.506906 -0.049203 0.157221
v 0.506730 -0.059795 0.152833
v 0.506541 -0.071163 0.151336
v 0.506352 -0.082530 0.152833
v 0.506177 -0.093123 0.157221
v 0.506026 -0.102219 0.164202
v 0.505910 -0.109199 0.173299
v 0.505837 -0.113586 0.183893
v 0.505812 -0.115083 0.195262
v 0.505837 -0.113586 0.206630
v 0.505910 -0.109199 0.217224
v 0.506026 -0.102219 0.226321
v 0.506177 -0.093123 0.233302
v 0.506352 -0.082530 0.237690
v 0.388640 -0.060707 0.226977
v 0.388499 -0.069204 0.228096
v 0.388772 -0.052789 0.223697
v 0.388885 -0.045990 0.218479
v 0.388971 -0.040772 0.211679
v 0.389026 -0.037492 0.203760
v 0.389044 -0.036373 0.195262
v 0.389026 -0.037492 0.186763
v 0.388971 -0.040772 0.178844
v 0.388885 -0.045990 0.172044
v 0.388772 -0.052789 0.166826
v 0.388640 -0.060707 0.163546
v 0.388499 -0.069204 0.162427
v 0.388358 -0.077700 0.163546
v 0.388227 -0.085619 0.166826
v 0.388114 -0.092418 0.172044
v 0.388027 -0.097636 0.178844
v 0.387973 -0.100915 0.186763
v 0.387954 -0.102034 0.195262
v 0.387973 -0.100915 0.203760
v 0.388027 -0.097636 0.211679
v 0.388114 -0.092418 0.218479
v 0.388227 -0.085619 0.223697
v 0.388358 -0.077700 0.226977
v 0.506730 -0.059795 0.237690
v 0.506541 -0.071163 0.239187
v 0.506906 -0.049203 0.233302
v 0.507057 -0.040107 0.226321
v 0.507172 -0.033128 0.217224
v 0.507245 -0.028740 0.206630
v 0.507270 -0.027244 0.195262
v 0.507245 -0.028740 0.183893
v 0.507172 -0.033128 0.173299
v 0.507057 -0.040107 0.164202
v 0.506906 -0.049203 0.157221
v 0.506730 -0.059795 0.152833
v 0.506541 -0.071163 0.151336
v 0.506352 -0.082530 0.152833
v 0.506177 -0.093123 0.157221
v 0.506026 -0.102219 0.164202
v 0.505910 -0.109199 0.173299
v 0.505837 -0.113586 0.183893
v 0.505812 -0.115083 0.195262
v 0.505837 -0.113586 0.206630
v 0.505910 -0.109199 0.217224
v 0.506026 -0.102219 0.226321
v 0.506177 -0.093123 0.233302
v 0.506352 -0.082530 0.237690
v 0.164713 -0.065489 0.220625
v 0.164822 -0.058926 0.219761
v 0.164924 -0.052809 0.217227
v 0.165011 -0.047557 0.213196
v 0.165078 -0.043527 0.207943
v 0.165120 -0.040994 0.201826
v 0.165134 -0.040129 0.195262
v 0.165120 -0.040994 0.188697
v 0.165078 -0.043527 0.182580
v 0.165011 -0.047557 0.177327
v 0.164924 -0.052809 0.173296
v 0.164822 -0.058926 0.170762
v 0.164713 -0.065489 0.169898
v 0.164604 -0.072053 0.170762
v 0.164503 -0.078170 0.173296
v 0.164416 -0.083422 0.177327
v 0.164349 -0.087452 0.182580
v 0.164307 -0.089986 0.188697
v 0.164292 -0.090850 0.195262
v 0.164307 -0.089986 0.201826
v 0.164349 -0.087452 0.207943
v 0.164416 -0.083422 0.213196
v 0.164503 -0.078170 0.217227
v 0.164604 -0.072053 0.219761
v 0.132896 -0.079344 0.184491
v 0.132896 -0.079344 0.184491
v 0.172249 -0.079997 0.184491
v 0.133373 -0.050587 0.184491
v 0.133373 -0.050587 0.184491
v 0.130244 -0.056553 0.186113
v 0.130244 -0.056553 0.186113
v 0.130244 -0.056553 0.186113
v 0.129966 -0.073278 0.186113
v 0.129966 -0.073278 0.186113
v 0.129966 -0.073278 0.186113
v 0.129966 -0.073278 0.207505
v 0.129966 -0.073278 0.207505
v 0.129966 -0.073278 0.207505
v 0.132896 -0.079344 0.210750
v 0.132896 -0.079344 0.210750
v 0.132896 -0.079344 0.210750
v 0.132952 -0.075962 0.184491
v 0.132952 -0.075962 0.184491
v 0.155695 -0.076339 0.184491
v 0.155695 -0.076339 0.184491
v 0.133317 -0.053969 0.184491
v 0.133317 -0.053969 0.184491
v 0.113454 -0.053639 0.184491
v 0.113454 -0.053639 0.184491
v 0.156060 -0.054346 0.184491
v 0.156060 -0.054346 0.184491
v 0.133373 -0.050587 0.210750
v 0.133373 -0.050587 0.210750
v 0.133373 -0.050587 0.210750
v 0.130244 -0.056553 0.207505
v 0.130244 -0.056553 0.207505
v 0.130244 -0.056553 0.207505
v 0.155695 -0.076339 0.144390
v 0.156060 -0.054346 0.144390
v 0.113454 -0.053639 0.144390
v 0.113089 -0.075632 0.144390
v 0.113089 -0.075632 0.184491
v 0.113089 -0.075632 0.184491
v 0.172249 -0.079997 0.210750
v 0.172727 -0.051240 0.210750
v 0.172727 -0.051240 0.184491
v 0.113089 -0.072998 0.207505
v 0.113089 -0.072998 0.207505
v 0.113089 -0.072998 0.186113
v 0.113089 -0.072998 0.186113
v 0.113367 -0.056273 0.207505
v 0.113367 -0.056273 0.207505
v 0.113367 -0.056273 0.186113
v 0.113367 -0.056273 0.186113
v 0.202327 -0.036563 0.144864
v 0.176080 -0.036128 0.203139
v 0.171589 -0.027558 0.144864
v 0.171589 -0.027558 0.203139
v 0.176222 -0.027635 0.203139
v 0.202468 -0.028071 0.144864
v 0.176161 -0.031322 0.213350
v 0.171527 -0.031245 0.213350
v 0.176057 -0.037596 0.221238
v 0.171423 -0.037519 0.221238
v 0.171287 -0.045711 0.227861
v 0.175921 -0.045788 0.227861
v 0.175761 -0.055391 0.231945
v 0.171128 -0.055314 0.231945
v 0.175591 -0.065670 0.233536
v 0.170957 -0.065593 0.233536
v 0.176080 -0.036128 0.144864
v 0.201347 -0.095648 0.144864
v 0.175099 -0.095213 0.203139
v 0.170326 -0.103628 0.144864
v 0.170326 -0.103628 0.203139
v 0.174959 -0.103705 0.203139
v 0.201206 -0.104140 0.144864
v 0.175021 -0.100019 0.213350
v 0.170387 -0.099942 0.213350
v 0.175125 -0.093745 0.221238
v 0.170491 -0.093668 0.221238
v 0.170627 -0.085475 0.227861
v 0.175261 -0.085552 0.227861
v 0.175420 -0.075949 0.231945
v 0.170787 -0.075872 0.231945
v 0.175099 -0.095213 0.144864
v 0.393250 -0.079879 0.234802
v 0.393426 -0.069285 0.236196
v 0.383782 -0.069125 0.235771
v 0.383608 -0.079609 0.234390
v 0.393086 -0.089751 0.230712
v 0.383446 -0.089378 0.230344
v 0.392945 -0.098227 0.224207
v 0.383307 -0.097766 0.223906
v 0.392837 -0.104731 0.215729
v 0.383200 -0.104202 0.215516
v 0.392769 -0.108820 0.205856
v 0.383133 -0.108249 0.205746
v 0.392747 -0.110212 0.195366
v 0.383111 -0.109627 0.195366
v 0.392769 -0.108888 0.144454
v 0.383132 -0.108317 0.144564
v 0.394106 -0.028359 0.195366
v 0.394084 -0.029684 0.144454
v 0.384433 -0.029935 0.144564
v 0.384455 -0.028625 0.195366
v 0.394082 -0.029751 0.205856
v 0.384431 -0.030002 0.205746
v 0.394014 -0.033840 0.215729
v 0.384364 -0.034048 0.215516
v 0.393906 -0.040344 0.224207
v 0.384257 -0.040485 0.223906
v 0.393765 -0.048821 0.230712
v 0.384118 -0.048874 0.230344
v 0.393601 -0.058692 0.234802
v 0.383956 -0.058643 0.234390
v 0.393346 -0.079363 0.232872
v 0.393514 -0.069287 0.234198
v 0.383870 -0.069127 0.233773
v 0.383705 -0.079093 0.232460
v 0.393191 -0.088753 0.228982
v 0.383550 -0.088380 0.228613
v 0.393057 -0.096816 0.222794
v 0.383418 -0.096355 0.222493
v 0.392954 -0.103002 0.214730
v 0.383316 -0.102474 0.214517
v 0.392889 -0.106892 0.205339
v 0.383253 -0.106321 0.205229
v 0.392867 -0.108218 0.195262
v 0.383231 -0.107632 0.195262
v 0.392889 -0.106892 0.144505
v 0.383253 -0.106321 0.144616
v 0.394160 -0.030355 0.195262
v 0.394138 -0.031682 0.144505
v 0.384487 -0.031933 0.144616
v 0.384509 -0.030621 0.195262
v 0.394138 -0.031682 0.205339
v 0.384487 -0.031933 0.205229
v 0.394073 -0.035571 0.214730
v 0.384423 -0.035780 0.214517
v 0.393971 -0.041759 0.222794
v 0.384322 -0.041900 0.222493
v 0.393837 -0.049822 0.228982
v 0.384189 -0.049874 0.228613
v 0.393681 -0.059211 0.232872
v 0.384035 -0.059161 0.232460
v 0.506697 -0.061782 0.230275
v 0.506541 -0.071163 0.231510
v 0.506842 -0.053041 0.226653
v 0.506966 -0.045535 0.220893
v 0.507062 -0.039775 0.213386
v 0.507122 -0.036155 0.204643
v 0.507143 -0.034920 0.195262
v 0.507122 -0.036155 0.185880
v 0.507062 -0.039775 0.177137
v 0.506966 -0.045535 0.169630
v 0.506842 -0.053041 0.163870
v 0.506697 -0.061782 0.160248
v 0.506541 -0.071163 0.159013
v 0.506385 -0.080544 0.160248
v 0.506240 -0.089284 0.163870
v 0.506116 -0.096791 0.169630
v 0.506020 -0.102551 0.177137
v 0.505960 -0.106171 0.185880
v 0.505940 -0.107406 0.195262
v 0.505960 -0.106171 0.204643
v 0.506020 -0.102551 0.213386
v 0.506116 -0.096791 0.220893
v 0.506240 -0.089284 0.226653
v 0.506385 -0.080544 0.230275
v 0.388640 -0.060707 0.226977
v 0.388499 -0.069204 0.228096
v 0.388772 -0.052789 0.223697
v 0.388885 -0.045990 0.218479
v 0.388971 -0.040772 0.211679
v 0.389026 -0.037492 0.203760
v 0.389044 -0.036373 0.195262
v 0.389026 -0.037492 0.186763
v 0.388971 -0.040772 0.178844
v 0.388885 -0.045990 0.172044
v 0.388772 -0.052789 0.166826
v 0.388640 -0.060707 0.163546
v 0.388499 -0.069204 0.162427
v 0.388358 -0.077700 0.163546
v 0.388227 -0.085619 0.166826
v 0.388114 -0.092418 0.172044
v 0.388027 -0.097636 0.178844
v 0.387973 -0.100915 0.186763
v 0.387954 -0.102034 0.195262
v 0.387973 -0.100915 0.203760
v 0.388027 -0.097636 0.211679
v 0.388114 -0.092418 0.218479
v 0.388227 -0.085619 0.223697
v 0.388358 -0.077700 0.226977
v 0.172903 -0.178090 0.224544
v 0.504675 -0.183596 0.231510
v 0.173028 -0.170512 0.223546
v 0.504831 -0.174217 0.230275
v 0.173146 -0.163451 0.220621
v 0.504976 -0.165475 0.226653
v 0.173246 -0.157388 0.215967
v 0.505100 -0.157969 0.220893
v 0.173323 -0.152734 0.209903
v 0.505196 -0.152209 0.213386
v 0.173372 -0.149810 0.202840
v 0.505256 -0.148588 0.204643
v 0.173389 -0.148812 0.195262
v 0.505277 -0.147353 0.195262
v 0.173372 -0.149810 0.187683
v 0.505256 -0.148588 0.185880
v 0.173323 -0.152734 0.180620
v 0.505196 -0.152209 0.177137
v 0.173246 -0.157388 0.174556
v 0.505100 -0.157969 0.169630
v 0.173146 -0.163451 0.169902
v 0.504976 -0.165475 0.163870
v 0.173028 -0.170512 0.166977
v 0.504831 -0.174217 0.160248
v 0.172903 -0.178090 0.165979
v 0.504675 -0.183596 0.159013
v 0.172777 -0.185668 0.166977
v 0.504519 -0.192977 0.160248
v 0.172660 -0.192729 0.169902
v 0.504374 -0.201718 0.163870
v 0.172559 -0.198793 0.174556
v 0.504250 -0.209225 0.169630
v 0.172482 -0.203445 0.180620
v 0.504154 -0.214984 0.177137
v 0.172433 -0.206371 0.187683
v 0.504094 -0.218605 0.185880
v 0.172417 -0.207369 0.195262
v 0.504073 -0.219840 0.195262
v 0.172433 -0.206371 0.202840
v 0.504094 -0.218605 0.204643
v 0.172482 -0.203445 0.209903
v 0.504154 -0.214984 0.213386
v 0.172559 -0.198793 0.215967
v 0.504250 -0.209225 0.220893
v 0.172660 -0.192729 0.220621
v 0.504374 -0.201718 0.226653
v 0.172777 -0.185668 0.223546
v 0.504519 -0.192977 0.230275
v 0.170480 -0.178049 0.222080
v 0.170595 -0.171109 0.221166
v 0.170702 -0.164642 0.218487
v 0.170795 -0.159089 0.214225
v 0.170865 -0.154828 0.208671
v 0.170910 -0.152149 0.202203
v 0.170925 -0.151235 0.195262
v 0.170910 -0.152149 0.188320
v 0.170865 -0.154828 0.181852
v 0.170795 -0.159089 0.176298
v 0.170702 -0.164642 0.172036
v 0.170595 -0.171109 0.169357
v 0.170480 -0.178049 0.168443
v 0.170365 -0.184990 0.169357
v 0.170257 -0.191457 0.172036
v 0.170165 -0.197011 0.176298
v 0.170095 -0.201272 0.181852
v 0.170050 -0.203951 0.188320
v 0.170035 -0.204865 0.195262
v 0.170050 -0.203951 0.202203
v 0.170095 -0.201272 0.208671
v 0.170165 -0.197011 0.214225
v 0.170257 -0.191458 0.218487
v 0.170365 -0.184990 0.221166
v 0.162847 -0.177923 0.220625
v 0.162956 -0.171360 0.219761
v 0.163057 -0.165243 0.217227
v 0.163145 -0.159990 0.213196
v 0.163212 -0.155961 0.207943
v 0.163254 -0.153427 0.201826
v 0.163268 -0.152563 0.195262
v 0.163254 -0.153427 0.188697
v 0.163212 -0.155961 0.182580
v 0.163145 -0.159990 0.177327
v 0.163057 -0.165243 0.173296
v 0.162956 -0.171360 0.170762
v 0.162847 -0.177923 0.169898
v 0.162738 -0.184487 0.170762
v 0.162637 -0.190603 0.173296
v 0.162549 -0.195855 0.177327
v 0.162482 -0.199886 0.182580
v 0.162440 -0.202419 0.188697
v 0.162426 -0.203283 0.195262
v 0.162440 -0.202419 0.201826
v 0.162482 -0.199886 0.207943
v 0.162549 -0.195855 0.213196
v 0.162637 -0.190603 0.217227
v 0.162738 -0.184487 0.219761
v 0.111223 -0.188066 0.184491
v 0.153829 -0.188774 0.184491
v 0.170383 -0.192431 0.210750
v 0.111588 -0.166072 0.184491
v 0.154194 -0.166780 0.184491
v 0.170861 -0.163674 0.210750
v 0.170383 -0.192431 0.184491
v 0.170861 -0.163674 0.184491
v 0.111223 -0.188066 0.144390
v 0.153829 -0.188774 0.144390
v 0.154194 -0.166780 0.144390
v 0.111588 -0.166072 0.144390
v 0.131030 -0.191778 0.184491
v 0.131030 -0.191778 0.210750
v 0.131507 -0.163021 0.210750
v 0.131507 -0.163021 0.184491
v 0.131086 -0.188396 0.184491
v 0.131451 -0.166402 0.184491
v 0.131086 -0.188396 0.144390
v 0.131451 -0.166402 0.144390
v 0.111223 -0.185431 0.207505
v 0.111223 -0.185431 0.186113
v 0.128100 -0.185711 0.207505
v 0.111501 -0.168706 0.207505
v 0.128378 -0.168986 0.207505
v 0.111501 -0.168706 0.186113
v 0.128378 -0.168986 0.186113
v 0.128100 -0.185711 0.186113
v 0.169581 -0.148484 0.144864
v 0.200461 -0.148997 0.144864
v 0.169581 -0.148484 0.203139
v 0.174214 -0.148561 0.203139
v 0.169722 -0.139992 0.144864
v 0.200602 -0.140504 0.144864
v 0.169722 -0.139992 0.203139
v 0.174356 -0.140069 0.203139
v 0.174173 -0.151069 0.209034
v 0.169540 -0.150992 0.209034
v 0.169661 -0.143678 0.213350
v 0.174295 -0.143755 0.213350
v 0.174089 -0.156172 0.215373
v 0.169455 -0.156095 0.215373
v 0.169557 -0.149952 0.221238
v 0.174190 -0.150029 0.221238
v 0.173983 -0.162504 0.220526
v 0.169350 -0.162428 0.220526
v 0.169421 -0.158145 0.227861
v 0.174055 -0.158222 0.227861
v 0.173861 -0.169863 0.223700
v 0.169228 -0.169787 0.223700
v 0.169262 -0.167748 0.231945
v 0.173895 -0.167825 0.231945
v 0.174214 -0.148561 0.144864
v 0.169334 -0.163401 0.209034
v 0.173949 -0.164586 0.209034
v 0.173969 -0.163332 0.144864
v 0.169336 -0.163255 0.144864
v 0.173969 -0.163332 0.203139
v 0.169336 -0.163255 0.203139
v 0.169230 -0.169681 0.209034
v 0.173865 -0.169585 0.144864
v 0.173854 -0.170308 0.209034
v 0.169233 -0.169509 0.144864
v 0.173865 -0.169585 0.203139
v 0.169233 -0.169509 0.203139
v 0.168601 -0.207569 0.144864
v 0.199481 -0.208082 0.144864
v 0.168601 -0.207569 0.203139
v 0.173233 -0.207646 0.203139
v 0.168460 -0.216062 0.144864
v 0.199340 -0.216575 0.144864
v 0.168460 -0.216062 0.203139
v 0.173093 -0.216139 0.203139
v 0.173276 -0.205138 0.209034
v 0.168642 -0.205061 0.209034
v 0.168521 -0.212376 0.213350
v 0.173154 -0.212453 0.213350
v 0.173360 -0.200035 0.215373
v 0.168727 -0.199958 0.215373
v 0.168625 -0.206102 0.221238
v 0.173259 -0.206178 0.221238
v 0.173466 -0.193703 0.220526
v 0.168832 -0.193626 0.220526
v 0.168761 -0.197909 0.227861
v 0.173395 -0.197986 0.227861
v 0.173588 -0.186344 0.223700
v 0.168954 -0.186267 0.223700
v 0.168921 -0.188306 0.231945
v 0.173554 -0.188383 0.231945
v 0.173725 -0.178103 0.225063
v 0.169091 -0.178026 0.225063
v 0.169091 -0.178026 0.233536
v 0.173725 -0.178103 0.233536
v 0.173233 -0.207646 0.144864
v 0.169091 -0.178026 0.203139
v 0.169091 -0.178026 0.144864
v 0.173724 -0.178103 0.203139
v 0.173725 -0.178103 0.209034
v 0.169091 -0.178026 0.209034
v 0.173724 -0.178103 0.144864
v 0.168848 -0.192651 0.209034
v 0.173500 -0.191620 0.209034
v 0.173478 -0.192874 0.144864
v 0.168846 -0.192797 0.144864
v 0.173478 -0.192874 0.203139
v 0.168846 -0.192797 0.203139
v 0.168953 -0.186372 0.209034
v 0.173582 -0.186622 0.144864
v 0.173595 -0.185898 0.209034
v 0.168950 -0.186545 0.144864
v 0.173582 -0.186622 0.203139
v 0.168950 -0.186545 0.203139
v 0.391559 -0.181719 0.236196
v 0.381916 -0.181559 0.235771
v 0.382090 -0.171076 0.234390
v 0.391735 -0.171126 0.234802
v 0.382252 -0.161308 0.230344
v 0.391899 -0.161255 0.230712
v 0.382391 -0.152919 0.223906
v 0.392040 -0.152778 0.224207
v 0.382498 -0.146482 0.215516
v 0.392148 -0.146274 0.215729
v 0.382565 -0.142435 0.205746
v 0.392216 -0.142184 0.205856
v 0.382589 -0.141058 0.195366
v 0.392240 -0.140793 0.195366
v 0.382567 -0.142368 0.144564
v 0.392218 -0.142117 0.144454
v 0.381266 -0.220750 0.144564
v 0.390903 -0.221321 0.144454
v 0.381245 -0.222060 0.195366
v 0.390881 -0.222645 0.195366
v 0.381266 -0.220682 0.205746
v 0.390903 -0.221253 0.205856
v 0.381334 -0.216636 0.215516
v 0.390971 -0.217165 0.215729
v 0.381440 -0.210200 0.223906
v 0.391079 -0.210661 0.224207
v 0.381580 -0.201811 0.230344
v 0.391220 -0.202184 0.230712
v 0.381742 -0.192042 0.234390
v 0.391384 -0.192312 0.234802
v 0.391647 -0.181720 0.234198
v 0.382004 -0.181560 0.233773
v 0.382169 -0.171595 0.232460
v 0.391815 -0.171645 0.232872
v 0.382323 -0.162308 0.228613
v 0.391971 -0.162255 0.228982
v 0.382456 -0.154333 0.222493
v 0.392104 -0.154192 0.222794
v 0.382557 -0.148214 0.214517
v 0.392207 -0.148005 0.214730
v 0.382621 -0.144366 0.205229
v 0.392272 -0.144116 0.205339
v 0.382643 -0.143055 0.195262
v 0.392294 -0.142789 0.195262
v 0.382621 -0.144366 0.144616
v 0.392272 -0.144116 0.144505
v 0.381386 -0.218754 0.144616
v 0.391023 -0.219325 0.144505
v 0.381365 -0.220067 0.195262
v 0.391001 -0.220652 0.195262
v 0.381386 -0.218754 0.205229
v 0.391023 -0.219325 0.205339
v 0.381450 -0.214908 0.214517
v 0.391088 -0.215437 0.214730
v 0.381552 -0.208789 0.222493
v 0.391191 -0.209250 0.222794
v 0.381684 -0.200814 0.228613
v 0.391324 -0.201187 0.228982
v 0.381838 -0.191527 0.232460
v 0.391480 -0.191797 0.232872
v 0.504864 -0.172230 0.237690
v 0.504675 -0.183596 0.239187
v 0.505039 -0.161637 0.233302
v 0.505190 -0.152541 0.226321
v 0.505306 -0.145562 0.217224
v 0.505379 -0.141174 0.206630
v 0.505404 -0.139677 0.195262
v 0.505379 -0.141174 0.183893
v 0.505306 -0.145562 0.173299
v 0.505190 -0.152541 0.164202
v 0.505039 -0.161637 0.157221
v 0.504864 -0.172230 0.152833
v 0.504675 -0.183596 0.151336
v 0.504486 -0.194964 0.152833
v 0.504310 -0.205556 0.157221
v 0.504160 -0.214652 0.164202
v 0.504044 -0.221632 0.173299
v 0.503971 -0.226020 0.183893
v 0.503946 -0.227516 0.195262
v 0.503971 -0.226020 0.206630
v 0.504044 -0.221632 0.217224
v 0.504160 -0.214652 0.226321
v 0.504310 -0.205556 0.233302
v 0.504486 -0.194964 0.237690
v 0.386774 -0.173140 0.226977
v 0.386633 -0.181637 0.228096
v 0.386906 -0.165222 0.223697
v 0.387018 -0.158423 0.218479
v 0.387105 -0.153206 0.211679
v 0.387159 -0.149925 0.203760
v 0.387178 -0.148808 0.195262
v 0.387159 -0.149925 0.186763
v 0.387105 -0.153206 0.178844
v 0.387018 -0.158423 0.172044
v 0.386906 -0.165222 0.166826
v 0.386774 -0.173140 0.163546
v 0.386633 -0.181637 0.162427
v 0.386492 -0.190135 0.163546
v 0.386361 -0.198053 0.166826
v 0.386248 -0.204852 0.172044
v 0.386161 -0.210069 0.178844
v 0.386107 -0.213349 0.186763
v 0.386088 -0.214468 0.195262
v 0.386107 -0.213349 0.203760
v 0.386161 -0.210069 0.211679
v 0.386248 -0.204852 0.218479
v 0.386361 -0.198053 0.223697
v 0.386492 -0.190135 0.226977
v 0.504864 -0.172230 0.237690
v 0.504675 -0.183596 0.239187
v 0.505039 -0.161637 0.233302
v 0.505190 -0.152541 0.226321
v 0.505306 -0.145562 0.217224
v 0.505379 -0.141174 0.206630
v 0.505404 -0.139677 0.195262
v 0.505379 -0.141174 0.183893
v 0.505306 -0.145562 0.173299
v 0.505190 -0.152541 0.164202
v 0.505039 -0.161637 0.157221
v 0.504864 -0.172230 0.152833
v 0.504675 -0.183596 0.151336
v 0.504486 -0.194964 0.152833
v 0.504310 -0.205556 0.157221
v 0.504160 -0.214652 0.164202
v 0.504044 -0.221632 0.173299
v 0.503971 -0.226020 0.183893
v 0.503946 -0.227516 0.195262
v 0.503971 -0.226020 0.206630
v 0.504044 -0.221632 0.217224
v 0.504160 -0.214652 0.226321
v 0.504310 -0.205556 0.233302
v 0.504486 -0.194964 0.237690
v 0.162847 -0.177923 0.220625
v 0.162956 -0.171360 0.219761
v 0.163057 -0.165243 0.217227
v 0.163145 -0.159990 0.213196
v 0.163212 -0.155961 0.207943
v 0.163254 -0.153427 0.201826
v 0.163268 -0.152563 0.195262
v 0.163254 -0.153427 0.188697
v 0.163212 -0.155961 0.182580
v 0.163145 -0.159990 0.177327
v 0.163057 -0.165243 0.173296
v 0.162956 -0.171360 0.170762
v 0.162847 -0.177923 0.169898
v 0.162738 -0.184487 0.170762
v 0.162637 -0.190603 0.173296
v 0.162549 -0.195855 0.177327
v 0.162482 -0.199886 0.182580
v 0.162440 -0.202419 0.188697
v 0.162426 -0.203283 0.195262
v 0.162440 -0.202419 0.201826
v 0.162482 -0.199886 0.207943
v 0.162549 -0.195855 0.213196
v 0.162637 -0.190603 0.217227
v 0.162738 -0.184487 0.219761
v 0.131030 -0.191778 0.184491
v 0.131030 -0.191778 0.184491
v 0.170383 -0.192431 0.184491
v 0.131507 -0.163021 0.184491
v 0.131507 -0.163021 0.184491
v 0.128378 -0.168986 0.186113
v 0.128378 -0.168986 0.186113
v 0.128378 -0.168986 0.186113
v 0.128100 -0.185711 0.186113
v 0.128100 -0.185711 0.186113
v 0.128100 -0.185711 0.186113
v 0.128100 -0.185711 0.207505
v 0.128100 -0.185711 0.207505
v 0.128100 -0.185711 0.207505
v 0.131030 -0.191778 0.210750
v 0.131030 -0.191778 0.210750
v 0.131030 -0.191778 0.210750
v 0.131086 -0.188396 0.184491
v 0.131086 -0.188396 0.184491
v 0.153829 -0.188774 0.184491
v 0.153829 -0.188774 0.184491
v 0.131451 -0.166402 0.184491
v 0.131451 -0.166402 0.184491
v 0.111588 -0.166072 0.184491
v 0.111588 -0.166072 0.184491
v 0.154194 -0.166780 0.184491
v 0.154194 -0.166780 0.184491
v 0.131507 -0.163021 0.210750
v 0.131507 -0.163021 0.210750
v 0.131507 -0.163021 0.210750
v 0.128378 -0.168986 0.207505
v 0.128378 -0.168986 0.207505
v 0.128378 -0.168986 0.207505
v 0.153829 -0.188774 0.144390
v 0.154194 -0.166780 0.144390
v 0.111588 -0.166072 0.144390
v 0.111223 -0.188066 0.144390
v 0.111223 -0.188066 0.184491
v 0.111223 -0.188066 0.184491
v 0.170383 -0.192431 0.210750
v 0.170861 -0.163674 0.210750
v 0.170861 -0.163674 0.184491
v 0.111223 -0.185431 0.207505
v 0.111223 -0.185431 0.207505
v 0.111223 -0.185431 0.186113
v 0.111223 -0.185431 0.186113
v 0.111501 -0.168706 0.207505
v 0.111501 -0.168706 0.207505
v 0.111501 -0.168706 0.186113
v 0.111501 -0.168706 0.186113
v 0.200461 -0.148997 0.144864
v 0.174214 -0.148561 0.203139
v 0.169722 -0.139992 0.144864
v 0.169722 -0.139992 0.203139
v 0.174356 -0.140069 0.203139
v 0.200602 -0.140504 0.144864
v 0.174295 -0.143755 0.213350
v 0.169661 -0.143678 0.213350
v 0.174190 -0.150029 0.221238
v 0.169557 -0.149952 0.221238
v 0.169421 -0.158145 0.227861
v 0.174055 -0.158222 0.227861
v 0.173895 -0.167825 0.231945
v 0.169262 -0.167748 0.231945
v 0.173725 -0.178103 0.233536
v 0.169091 -0.178026 0.233536
v 0.174214 -0.148561 0.144864
v 0.199481 -0.208082 0.144864
v 0.173233 -0.207646 0.203139
v 0.168460 -0.216062 0.144864
v 0.168460 -0.216062 0.203139
v 0.173093 -0.216139 0.203139
v 0.199340 -0.216575 0.144864
v 0.173154 -0.212453 0.213350
v 0.168521 -0.212376 0.213350
v 0.173259 -0.206178 0.221238
v 0.168625 -0.206102 0.221238
v 0.168761 -0.197909 0.227861
v 0.173395 -0.197986 0.227861
v 0.173554 -0.188383 0.231945
v 0.168921 -0.188306 0.231945
v 0.173233 -0.207646 0.144864
v 0.391384 -0.192312 0.234802
v 0.391559 -0.181719 0.236196
v 0.381916 -0.181559 0.235771
v 0.381742 -0.192042 0.234390
v 0.391220 -0.202184 0.230712
v 0.381580 -0.201811 0.230344
v 0.391079 -0.210661 0.224207
v 0.381440 -0.210200 0.223906
v 0.390971 -0.217165 0.215729
v 0.381334 -0.216636 0.215516
v 0.390903 -0.221253 0.205856
v 0.381266 -0.220682 0.205746
v 0.390881 -0.222645 0.195366
v 0.381245 -0.222060 0.195366
v 0.390903 -0.221321 0.144454
v 0.381266 -0.220750 0.144564
v 0.392240 -0.140793 0.195366
v 0.392218 -0.142117 0.144454
v 0.382567 -0.142368 0.144564
v 0.382589 -0.141058 0.195366
v 0.392216 -0.142184 0.205856
v 0.382565 -0.142435 0.205746
v 0.392148 -0.146274 0.215729
v 0.382498 -0.146482 0.215516
v 0.392040 -0.152778 0.224207
v 0.382391 -0.152919 0.223906
v 0.391899 -0.161255 0.230712
v 0.382252 -0.161308 0.230344
v 0.391735 -0.171126 0.234802
v 0.382090 -0.171076 0.234390
v 0.391480 -0.191797 0.232872
v 0.391647 -0.181720 0.234198
v 0.382004 -0.181560 0.233773
v 0.381838 -0.191527 0.232460
v 0.391324 -0.201187 0.228982
v 0.381684 -0.200814 0.228613
v 0.391191 -0.209250 0.222794
v 0.381552 -0.208789 0.222493
v 0.391088 -0.215437 0.214730
v 0.381450 -0.214908 0.214517
v 0.391023 -0.219325 0.205339
v 0.381386 -0.218754 0.205229
v 0.391001 -0.220652 0.195262
v 0.381365 -0.220067 0.195262
v 0.391023 -0.219325 0.144505
v 0.381386 -0.218754 0.144616
v 0.392294 -0.142789 0.195262
v 0.392272 -0.144116 0.144505
v 0.382621 -0.144366 0.144616
v 0.382643 -0.143055 0.195262
v 0.392272 -0.144116 0.205339
v 0.382621 -0.144366 0.205229
v 0.392207 -0.148005 0.214730
v 0.382557 -0.148214 0.214517
v 0.392104 -0.154192 0.222794
v 0.382456 -0.154333 0.222493
v 0.391971 -0.162255 0.228982
v 0.382323 -0.162308 0.228613
v 0.391815 -0.171645 0.232872
v 0.382169 -0.171595 0.232460
v 0.504831 -0.174217 0.230275
v 0.504675 -0.183596 0.231510
v 0.504976 -0.165475 0.226653
v 0.505100 -0.157969 0.220893
v 0.505196 -0.152209 0.213386
v 0.505256 -0.148588 0.204643
v 0.505277 -0.147353 0.195262
v 0.505256 -0.148588 0.185880
v 0.505196 -0.152209 0.177137
v 0.505100 -0.157969 0.169630
v 0.504976 -0.165475 0.163870
v 0.504831 -0.174217 0.160248
v 0.504675 -0.183596 0.159013
v 0.504519 -0.192977 0.160248
v 0.504374 -0.201718 0.163870
v 0.504250 -0.209225 0.169630
v 0.504154 -0.214984 0.177137
v 0.504094 -0.218605 0.185880
v 0.504073 -0.219840 0.195262
v 0.504094 -0.218605 0.204643
v 0.504154 -0.214984 0.213386
v 0.504250 -0.209225 0.220893
v 0.504374 -0.201718 0.226653
v 0.504519 -0.192977 0.230275
v 0.386774 -0.173140 0.226977
v 0.386633 -0.181637 0.228096
v 0.386906 -0.165222 0.223697
v 0.387018 -0.158423 0.218479
v 0.387105 -0.153206 0.211679
v 0.387159 -0.149925 0.203760
v 0.387178 -0.148808 0.195262
v 0.387159 -0.149925 0.186763
v 0.387105 -0.153206 0.178844
v 0.387018 -0.158423 0.172044
v 0.386906 -0.165222 0.166826
v 0.386774 -0.173140 0.163546
v 0.386633 -0.181637 0.162427
v 0.386492 -0.190135 0.163546
v 0.386361 -0.198053 0.166826
v 0.386248 -0.204852 0.172044
v 0.386161 -0.210069 0.178844
v 0.386107 -0.213349 0.186763
v 0.386088 -0.214468 0.195262
v 0.386107 -0.213349 0.203760
v 0.386161 -0.210069 0.211679
v 0.386248 -0.204852 0.218479
v 0.386361 -0.198053 0.223697
v 0.386492 -0.190135 0.226977
v -0.306016 -0.413383 -0.157964
v -0.301786 -0.158532 -0.157964
v 0.025743 -0.418890 -0.157964
v 0.029973 -0.164039 -0.157964
v 0.025743 -0.418890 -0.147352
v -0.306016 -0.413383 -0.147352
v -0.301786 -0.158532 -0.147352
v 0.029973 -0.164039 -0.147352
v 0.497786 -0.080989 0.140672
v 0.497841 -0.077662 0.140672
v 0.498390 -0.044567 0.131803
v 0.498438 -0.041686 0.130140
v 0.497884 -0.075043 0.079009
v 0.497932 -0.072162 0.077346
v 0.498841 -0.017458 0.105908
v 0.498869 -0.015795 0.103027
v 0.499016 -0.006926 0.069926
v 0.499016 -0.006926 0.066600
v 0.498004 -0.067880 0.069926
v 0.498004 -0.067880 0.066600
v 0.498869 -0.015795 0.033499
v 0.498841 -0.017458 0.030618
v 0.498439 -0.041686 0.006386
v 0.498391 -0.044567 0.004723
v 0.497933 -0.072162 0.059181
v 0.497885 -0.075043 0.057517
v 0.497843 -0.077662 -0.004146
v 0.497788 -0.080989 -0.004146
v 0.497238 -0.114085 0.004723
v 0.497191 -0.116966 0.006387
v 0.497744 -0.083609 0.057517
v 0.497696 -0.086489 0.059181
v 0.496789 -0.141194 0.030618
v 0.496761 -0.142857 0.033499
v 0.496614 -0.151725 0.066600
v 0.496614 -0.151725 0.069926
v 0.497625 -0.090773 0.066600
v 0.497625 -0.090773 0.069926
v 0.496761 -0.142857 0.103027
v 0.496789 -0.141194 0.105908
v 0.497192 -0.116966 0.130140
v 0.497239 -0.114085 0.131803
v 0.497697 -0.086489 0.077346
v 0.497745 -0.083609 0.079009
v 0.498296 -0.050289 0.083109
v 0.498269 -0.051952 0.085990
v 0.497841 -0.077662 0.101282
v 0.497786 -0.080989 0.101282
v 0.498304 -0.049851 0.053164
v 0.498276 -0.051514 0.050283
v 0.497843 -0.077662 0.035176
v 0.497788 -0.080989 0.035176
v 0.497359 -0.106842 0.050454
v 0.497331 -0.108505 0.053335
v 0.497332 -0.108455 0.083163
v 0.497359 -0.106792 0.086044
v 0.493410 -0.077589 0.140672
v 0.493354 -0.080915 0.140672
v 0.493410 -0.077589 0.101282
v 0.494007 -0.041613 0.130140
v 0.493959 -0.044493 0.131803
v 0.493501 -0.072089 0.077346
v 0.493453 -0.074969 0.079009
v 0.494436 -0.015721 0.103027
v 0.494409 -0.017384 0.105908
v 0.493864 -0.050216 0.083109
v 0.494584 -0.006853 0.066600
v 0.494584 -0.006853 0.069926
v 0.493572 -0.067806 0.066600
v 0.493572 -0.067806 0.069926
v 0.494409 -0.017384 0.030618
v 0.494436 -0.015721 0.033499
v 0.493844 -0.051440 0.050283
v 0.493960 -0.044493 0.004723
v 0.494008 -0.041613 0.006386
v 0.493454 -0.074969 0.057517
v 0.493502 -0.072089 0.059181
v 0.493355 -0.080915 -0.004146
v 0.493411 -0.077589 -0.004146
v 0.493355 -0.080915 0.035176
v 0.492758 -0.116892 0.006387
v 0.492806 -0.114012 0.004723
v 0.493264 -0.086416 0.059181
v 0.493312 -0.083535 0.057517
v 0.492328 -0.142784 0.033499
v 0.492356 -0.141120 0.030618
v 0.492899 -0.108432 0.053335
v 0.492182 -0.151652 0.069926
v 0.492182 -0.151652 0.066600
v 0.493194 -0.090699 0.069926
v 0.493194 -0.090699 0.066600
v 0.492357 -0.141120 0.105908
v 0.492330 -0.142784 0.103027
v 0.492928 -0.106719 0.086044
v 0.492807 -0.114012 0.131803
v 0.492759 -0.116892 0.130140
v 0.493313 -0.083535 0.079009
v 0.493265 -0.086416 0.077346
v 0.493836 -0.051878 0.085990
v 0.493354 -0.080915 0.101282
v 0.493871 -0.049778 0.053164
v 0.493411 -0.077589 0.035176
v 0.492926 -0.106769 0.050454
v 0.492901 -0.108382 0.083163
v 0.498249 -0.079333 0.082217
v 0.498249 -0.079333 0.078646
v 0.498294 -0.076646 0.078292
v 0.498309 -0.075722 0.081742
v 0.498336 -0.074142 0.077255
v 0.498365 -0.072357 0.080348
v 0.498371 -0.071992 0.075605
v 0.498413 -0.069468 0.078130
v 0.498399 -0.070343 0.073455
v 0.498450 -0.067250 0.075240
v 0.498416 -0.069305 0.070950
v 0.498473 -0.065856 0.071875
v 0.498422 -0.068952 0.068263
v 0.498481 -0.065381 0.068263
v 0.498416 -0.069305 0.065576
v 0.498473 -0.065856 0.064652
v 0.498399 -0.070343 0.063072
v 0.498450 -0.067250 0.061286
v 0.498371 -0.071992 0.060921
v 0.498413 -0.069468 0.058396
v 0.498336 -0.074142 0.059271
v 0.498365 -0.072357 0.056178
v 0.498294 -0.076646 0.058234
v 0.498309 -0.075722 0.054784
v 0.498249 -0.079333 0.057880
v 0.498249 -0.079333 0.054309
v 0.498205 -0.082020 0.058234
v 0.498189 -0.082944 0.054784
v 0.498163 -0.084524 0.059271
v 0.498134 -0.086309 0.056178
v 0.498127 -0.086674 0.060921
v 0.498086 -0.089199 0.058396
v 0.498100 -0.088324 0.063072
v 0.498049 -0.091416 0.061286
v 0.498083 -0.089361 0.065576
v 0.498026 -0.092809 0.064652
v 0.498077 -0.089715 0.068263
v 0.498018 -0.093285 0.068263
v 0.498083 -0.089361 0.070950
v 0.498026 -0.092809 0.071875
v 0.498100 -0.088324 0.073455
v 0.498049 -0.091416 0.075240
v 0.498127 -0.086674 0.075605
v 0.498086 -0.089199 0.078130
v 0.498163 -0.084524 0.077255
v 0.498134 -0.086309 0.080348
v 0.498205 -0.082020 0.078292
v 0.498189 -0.082944 0.081742
v 0.498249 -0.079333 0.118272
v 0.498249 -0.079333 0.121843
v 0.498249 -0.079333 0.099326
v 0.498249 -0.079333 0.102897
v 0.498398 -0.070371 0.101716
v 0.498383 -0.071294 0.098267
v 0.498479 -0.065467 0.120018
v 0.498464 -0.066391 0.116568
v 0.498537 -0.062019 0.098257
v 0.498507 -0.063803 0.095164
v 0.498694 -0.052547 0.114665
v 0.498664 -0.054332 0.111572
v 0.498656 -0.054847 0.092753
v 0.498614 -0.057371 0.090228
v 0.498878 -0.041452 0.106150
v 0.498836 -0.043976 0.103625
v 0.498747 -0.049343 0.085580
v 0.498696 -0.052436 0.083794
v 0.499019 -0.032938 0.095053
v 0.498968 -0.036029 0.093268
v 0.498805 -0.045884 0.077227
v 0.498747 -0.049333 0.076303
v 0.499108 -0.027585 0.082131
v 0.499051 -0.031034 0.081206
v 0.498824 -0.044704 0.068263
v 0.498765 -0.048275 0.068263
v 0.499139 -0.025760 0.068263
v 0.499079 -0.029330 0.068263
v 0.498805 -0.045884 0.059299
v 0.498747 -0.049333 0.060224
v 0.499108 -0.027585 0.054396
v 0.499051 -0.031034 0.055320
v 0.498747 -0.049343 0.050946
v 0.498696 -0.052436 0.052732
v 0.499019 -0.032938 0.041473
v 0.498968 -0.036029 0.043259
v 0.498656 -0.054847 0.043774
v 0.498614 -0.057371 0.046299
v 0.498878 -0.041452 0.030376
v 0.498836 -0.043976 0.032901
v 0.498537 -0.062019 0.038270
v 0.498507 -0.063803 0.041362
v 0.498694 -0.052547 0.021861
v 0.498664 -0.054332 0.024954
v 0.498398 -0.070371 0.034810
v 0.498383 -0.071294 0.038259
v 0.498479 -0.065467 0.016509
v 0.498464 -0.066391 0.019958
v 0.498249 -0.079333 0.033630
v 0.498249 -0.079333 0.037201
v 0.498249 -0.079333 0.014683
v 0.498249 -0.079333 0.018254
v 0.498101 -0.088295 0.034810
v 0.498116 -0.087371 0.038259
v 0.498019 -0.093198 0.016509
v 0.498035 -0.092275 0.019958
v 0.497962 -0.096647 0.038270
v 0.497992 -0.094862 0.041362
v 0.497805 -0.106120 0.021861
v 0.497834 -0.104334 0.024954
v 0.497843 -0.103819 0.043774
v 0.497885 -0.101294 0.046299
v 0.497621 -0.117215 0.030376
v 0.497663 -0.114689 0.032901
v 0.497752 -0.109322 0.050946
v 0.497803 -0.106231 0.052732
v 0.497479 -0.125728 0.041473
v 0.497531 -0.122636 0.043258
v 0.497694 -0.112782 0.059299
v 0.497751 -0.109333 0.060224
v 0.497390 -0.131080 0.054396
v 0.497448 -0.127632 0.055320
v 0.497675 -0.113962 0.068263
v 0.497734 -0.110391 0.068263
v 0.497360 -0.132906 0.068263
v 0.497419 -0.129335 0.068263
v 0.497694 -0.112782 0.077227
v 0.497751 -0.109333 0.076303
v 0.497390 -0.131080 0.082131
v 0.497448 -0.127632 0.081206
v 0.497752 -0.109322 0.085580
v 0.497803 -0.106231 0.083794
v 0.497479 -0.125729 0.095053
v 0.497531 -0.122636 0.093268
v 0.497843 -0.103819 0.092753
v 0.497885 -0.101294 0.090228
v 0.497621 -0.117215 0.106150
v 0.497662 -0.114690 0.103625
v 0.497962 -0.096647 0.098257
v 0.497992 -0.094862 0.095164
v 0.497805 -0.106120 0.114665
v 0.497834 -0.104334 0.111572
v 0.498101 -0.088295 0.101716
v 0.498116 -0.087371 0.098267
v 0.498019 -0.093198 0.120018
v 0.498035 -0.092275 0.116568
v 0.498563 -0.060458 0.138714
v 0.498547 -0.061383 0.135265
v 0.498855 -0.042870 0.131428
v 0.498825 -0.044655 0.128335
v 0.499105 -0.027766 0.119837
v 0.499063 -0.030291 0.117312
v 0.499298 -0.016177 0.104731
v 0.499246 -0.019270 0.102946
v 0.499418 -0.008892 0.087140
v 0.499361 -0.012341 0.086216
v 0.499460 -0.006407 0.068263
v 0.499400 -0.009978 0.068263
v 0.499418 -0.008892 0.049386
v 0.499361 -0.012341 0.050310
v 0.499298 -0.016177 0.031795
v 0.499246 -0.019270 0.033581
v 0.499105 -0.027766 0.016690
v 0.499063 -0.030291 0.019215
v 0.498855 -0.042870 0.005099
v 0.498825 -0.044655 0.008191
v 0.498563 -0.060458 -0.002188
v 0.498547 -0.061383 0.001262
v 0.498249 -0.079333 -0.004673
v 0.498249 -0.079333 -0.001102
v 0.497936 -0.098208 -0.002188
v 0.497951 -0.097284 0.001262
v 0.497644 -0.115796 0.005099
v 0.497674 -0.114011 0.008191
v 0.497393 -0.130899 0.016690
v 0.497435 -0.128375 0.019215
v 0.497201 -0.142489 0.031795
v 0.497252 -0.139396 0.033581
v 0.497080 -0.149774 0.049386
v 0.497137 -0.146325 0.050310
v 0.497039 -0.152259 0.068263
v 0.497098 -0.148689 0.068263
v 0.497080 -0.149774 0.087140
v 0.497137 -0.146325 0.086216
v 0.497201 -0.142489 0.104731
v 0.497252 -0.139396 0.102946
v 0.497393 -0.130899 0.119837
v 0.497435 -0.128375 0.117312
v 0.497644 -0.115796 0.131428
v 0.497674 -0.114011 0.128335
v 0.497936 -0.098208 0.138714
v 0.497951 -0.097284 0.135265
v 0.498249 -0.079333 0.137628
v 0.498249 -0.079333 0.141199
v 0.492949 -0.076557 0.078292
v 0.492964 -0.075633 0.081742
v 0.492904 -0.079245 0.082217
v 0.492904 -0.079245 0.078646
v 0.492990 -0.074053 0.077255
v 0.493020 -0.072269 0.080348
v 0.493026 -0.071904 0.075605
v 0.493068 -0.069379 0.078130
v 0.493053 -0.070254 0.073455
v 0.493105 -0.067161 0.075240
v 0.493070 -0.069216 0.070950
v 0.493128 -0.065767 0.071875
v 0.493076 -0.068863 0.068263
v 0.493136 -0.065293 0.068263
v 0.493070 -0.069216 0.065576
v 0.493128 -0.065767 0.064652
v 0.493053 -0.070254 0.063072
v 0.493105 -0.067161 0.061286
v 0.493026 -0.071904 0.060921
v 0.493068 -0.069379 0.058396
v 0.492990 -0.074053 0.059271
v 0.493020 -0.072269 0.056178
v 0.492949 -0.076557 0.058234
v 0.492964 -0.075633 0.054784
v 0.492904 -0.079245 0.057880
v 0.492904 -0.079245 0.054309
v 0.492859 -0.081931 0.058234
v 0.492844 -0.082855 0.054784
v 0.492818 -0.084435 0.059271
v 0.492788 -0.086221 0.056178
v 0.492782 -0.086586 0.060921
v 0.492740 -0.089110 0.058396
v 0.492755 -0.088235 0.063072
v 0.492703 -0.091327 0.061286
v 0.492738 -0.089272 0.065576
v 0.492680 -0.092721 0.064652
v 0.492732 -0.089626 0.068263
v 0.492672 -0.093197 0.068263
v 0.492738 -0.089272 0.070950
v 0.492680 -0.092721 0.071875
v 0.492755 -0.088235 0.073455
v 0.492703 -0.091327 0.075240
v 0.492782 -0.086586 0.075605
v 0.492740 -0.089110 0.078130
v 0.492818 -0.084435 0.077255
v 0.492788 -0.086221 0.080348
v 0.492859 -0.081931 0.078292
v 0.492844 -0.082855 0.081742
v 0.492904 -0.079245 0.099326
v 0.492904 -0.079245 0.102897
v 0.492755 -0.088206 0.101716
v 0.492771 -0.087283 0.098267
v 0.492904 -0.079245 0.118272
v 0.492904 -0.079245 0.121843
v 0.492674 -0.093110 0.120018
v 0.492689 -0.092186 0.116568
v 0.492617 -0.096558 0.098257
v 0.492646 -0.094773 0.095164
v 0.492459 -0.106031 0.114665
v 0.492489 -0.104245 0.111572
v 0.492498 -0.103730 0.092753
v 0.492540 -0.101206 0.090228
v 0.492275 -0.117126 0.106150
v 0.492317 -0.114602 0.103625
v 0.492406 -0.109233 0.085580
v 0.492458 -0.106142 0.083794
v 0.492134 -0.125640 0.095053
v 0.492185 -0.122548 0.093268
v 0.492349 -0.112693 0.077227
v 0.492406 -0.109244 0.076303
v 0.492045 -0.130992 0.082131
v 0.492102 -0.127543 0.081206
v 0.492329 -0.113873 0.068263
v 0.492389 -0.110302 0.068263
v 0.492015 -0.132817 0.068263
v 0.492074 -0.129247 0.068263
v 0.492349 -0.112693 0.059299
v 0.492406 -0.109244 0.060224
v 0.492045 -0.130992 0.054396
v 0.492102 -0.127543 0.055320
v 0.492406 -0.109233 0.050946
v 0.492458 -0.106142 0.052732
v 0.492134 -0.125639 0.041473
v 0.492185 -0.122548 0.043258
v 0.492498 -0.103730 0.043774
v 0.492540 -0.101206 0.046299
v 0.492275 -0.117126 0.030376
v 0.492317 -0.114601 0.032901
v 0.492617 -0.096558 0.038270
v 0.492646 -0.094773 0.041362
v 0.492459 -0.106031 0.021861
v 0.492489 -0.104245 0.024954
v 0.492755 -0.088206 0.034810
v 0.492771 -0.087283 0.038259
v 0.492674 -0.093110 0.016509
v 0.492689 -0.092186 0.019958
v 0.492904 -0.079245 0.033630
v 0.492904 -0.079245 0.037201
v 0.492904 -0.079245 0.014683
v 0.492904 -0.079245 0.018254
v 0.493053 -0.070282 0.034810
v 0.493037 -0.071206 0.038259
v 0.493134 -0.065379 0.016509
v 0.493119 -0.066302 0.019958
v 0.493191 -0.061930 0.038270
v 0.493162 -0.063715 0.041362
v 0.493349 -0.052458 0.021861
v 0.493319 -0.054243 0.024954
v 0.493310 -0.054758 0.043774
v 0.493269 -0.057283 0.046299
v 0.493533 -0.041363 0.030376
v 0.493491 -0.043887 0.032901
v 0.493402 -0.049255 0.050946
v 0.493350 -0.052347 0.052732
v 0.493674 -0.032849 0.041473
v 0.493623 -0.035941 0.043259
v 0.493459 -0.045795 0.059299
v 0.493402 -0.049245 0.060224
v 0.493763 -0.027497 0.054396
v 0.493706 -0.030945 0.055320
v 0.493479 -0.044615 0.068263
v 0.493420 -0.048186 0.068263
v 0.493793 -0.025671 0.068263
v 0.493734 -0.029242 0.068263
v 0.493459 -0.045795 0.077227
v 0.493402 -0.049245 0.076303
v 0.493763 -0.027497 0.082131
v 0.493706 -0.030945 0.081206
v 0.493402 -0.049255 0.085580
v 0.493350 -0.052347 0.083794
v 0.493674 -0.032849 0.095053
v 0.493623 -0.035941 0.093268
v 0.493310 -0.054758 0.092753
v 0.493269 -0.057283 0.090228
v 0.493533 -0.041363 0.106150
v 0.493491 -0.043887 0.103625
v 0.493191 -0.061930 0.098257
v 0.493162 -0.063715 0.095164
v 0.493349 -0.052458 0.114665
v 0.493319 -0.054243 0.111572
v 0.493053 -0.070282 0.101716
v 0.493037 -0.071206 0.098267
v 0.493134 -0.065379 0.120018
v 0.493119 -0.066302 0.116568
v 0.492904 -0.079245 0.137628
v 0.492904 -0.079245 0.141199
v 0.492591 -0.098119 0.138714
v 0.492606 -0.097195 0.135265
v 0.492299 -0.115708 0.131428
v 0.492328 -0.113922 0.128335
v 0.492048 -0.130811 0.119837
v 0.492090 -0.128286 0.117312
v 0.491856 -0.142400 0.104731
v 0.491907 -0.139307 0.102946
v 0.491735 -0.149685 0.087140
v 0.491792 -0.146236 0.086216
v 0.491694 -0.152171 0.068263
v 0.491753 -0.148600 0.068263
v 0.491735 -0.149685 0.049386
v 0.491792 -0.146236 0.050310
v 0.491856 -0.142400 0.031795
v 0.491907 -0.139307 0.033581
v 0.492048 -0.130811 0.016690
v 0.492090 -0.128286 0.019215
v 0.492299 -0.115708 0.005099
v 0.492328 -0.113922 0.008191
v 0.492591 -0.098119 -0.002188
v 0.492606 -0.097195 0.001262
v 0.492904 -0.079245 -0.004673
v 0.492904 -0.079245 -0.001102
v 0.493217 -0.060369 -0.002188
v 0.493202 -0.061294 0.001262
v 0.493509 -0.042782 0.005099
v 0.493480 -0.044566 0.008191
v 0.493760 -0.027678 0.016690
v 0.493718 -0.030202 0.019215
v 0.493952 -0.016088 0.031795
v 0.493901 -0.019181 0.033581
v 0.494073 -0.008803 0.049386
v 0.494016 -0.012252 0.050310
v 0.494114 -0.006319 0.068263
v 0.494055 -0.009889 0.068263
v 0.494073 -0.008803 0.087140
v 0.494016 -0.012252 0.086216
v 0.493952 -0.016088 0.104731
v 0.493901 -0.019181 0.102946
v 0.493760 -0.027678 0.119837
v 0.493718 -0.030202 0.117312
v 0.493509 -0.042782 0.131428
v 0.493480 -0.044566 0.128335
v 0.493217 -0.060369 0.138714
v 0.493202 -0.061294 0.135265
v 0.497841 -0.077662 0.101282
v 0.497841 -0.077662 0.101282
v 0.497841 -0.077662 0.140672
v 0.498390 -0.044567 0.131803
v 0.497884 -0.075043 0.079009
v 0.497932 -0.072162 0.077346
v 0.498438 -0.041686 0.130140
v 0.498296 -0.050289 0.083109
v 0.498296 -0.050289 0.083109
v 0.498869 -0.015795 0.103027
v 0.499016 -0.006926 0.069926
v 0.498004 -0.067880 0.069926
v 0.498004 -0.067880 0.066600
v 0.499016 -0.006926 0.066600
v 0.498276 -0.051514 0.050283
v 0.498276 -0.051514 0.050283
v 0.498841 -0.017458 0.030618
v 0.498439 -0.041686 0.006386
v 0.497933 -0.072162 0.059181
v 0.497885 -0.075043 0.057517
v 0.498391 -0.044567 0.004723
v 0.497788 -0.080989 0.035176
v 0.497788 -0.080989 0.035176
v 0.497788 -0.080989 -0.004146
v 0.497238 -0.114085 0.004723
v 0.497744 -0.083609 0.057517
v 0.497696 -0.086489 0.059181
v 0.497191 -0.116966 0.006387
v 0.497331 -0.108505 0.053335
v 0.497331 -0.108505 0.053335
v 0.496761 -0.142857 0.033499
v 0.496614 -0.151725 0.066600
v 0.497625 -0.090773 0.066600
v 0.497625 -0.090773 0.069926
v 0.496614 -0.151725 0.069926
v 0.497359 -0.106792 0.086044
v 0.497359 -0.106792 0.086044
v 0.496789 -0.141194 0.105908
v 0.497192 -0.116966 0.130140
v 0.497697 -0.086489 0.077346
v 0.497745 -0.083609 0.079009
v 0.497239 -0.114085 0.131803
v 0.498841 -0.017458 0.105908
v 0.498269 -0.051952 0.085990
v 0.498269 -0.051952 0.085990
v 0.497786 -0.080989 0.101282
v 0.497786 -0.080989 0.101282
v 0.497786 -0.080989 0.140672
v 0.498869 -0.015795 0.033499
v 0.498304 -0.049851 0.053164
v 0.498304 -0.049851 0.053164
v 0.497843 -0.077662 -0.004146
v 0.497843 -0.077662 0.035176
v 0.497843 -0.077662 0.035176
v 0.496789 -0.141194 0.030618
v 0.497359 -0.106842 0.050454
v 0.497359 -0.106842 0.050454
v 0.496761 -0.142857 0.103027
v 0.497332 -0.108455 0.083163
v 0.497332 -0.108455 0.083163
v 0.493410 -0.077589 0.101282
v 0.493354 -0.080915 0.101282
v 0.492899 -0.108432 0.053335
v 0.493864 -0.050216 0.083109
v 0.493836 -0.051878 0.085990
v 0.493844 -0.051440 0.050283
v 0.493871 -0.049778 0.053164
v 0.493411 -0.077589 0.035176
v 0.493355 -0.080915 0.035176
v 0.492926 -0.106769 0.050454
v 0.492928 -0.106719 0.086044
v 0.492901 -0.108382 0.083163
v 0.498309 -0.075722 0.081742
v 0.498249 -0.079333 0.082217
v 0.498249 -0.079333 0.078646
v 0.498294 -0.076646 0.078292
v 0.498365 -0.072357 0.080348
v 0.498336 -0.074142 0.077255
v 0.498413 -0.069468 0.078130
v 0.498371 -0.071992 0.075605
v 0.498450 -0.067250 0.075240
v 0.498399 -0.070343 0.073455
v 0.498473 -0.065856 0.071875
v 0.498416 -0.069305 0.070950
v 0.498481 -0.065381 0.068263
v 0.498422 -0.068952 0.068263
v 0.498473 -0.065856 0.064652
v 0.498416 -0.069305 0.065576
v 0.498450 -0.067250 0.061286
v 0.498399 -0.070343 0.063072
v 0.498413 -0.069468 0.058396
v 0.498371 -0.071992 0.060921
v 0.498365 -0.072357 0.056178
v 0.498336 -0.074142 0.059271
v 0.498309 -0.075722 0.054784
v 0.498294 -0.076646 0.058234
v 0.498249 -0.079333 0.054309
v 0.498249 -0.079333 0.057880
v 0.498189 -0.082944 0.054784
v 0.498205 -0.082020 0.058234
v 0.498134 -0.086309 0.056178
v 0.498163 -0.084524 0.059271
v 0.498086 -0.089199 0.058396
v 0.498127 -0.086674 0.060921
v 0.498049 -0.091416 0.061286
v 0.498100 -0.088324 0.063072
v 0.498026 -0.092809 0.064652
v 0.498083 -0.089361 0.065576
v 0.498018 -0.093285 0.068263
v 0.498077 -0.089715 0.068263
v 0.498026 -0.092809 0.071875
v 0.498083 -0.089361 0.070950
v 0.498049 -0.091416 0.075240
v 0.498100 -0.088324 0.073455
v 0.498086 -0.089199 0.078130
v 0.498127 -0.086674 0.075605
v 0.498134 -0.086309 0.080348
v 0.498163 -0.084524 0.077255
v 0.498189 -0.082944 0.081742
v 0.498205 -0.082020 0.078292
v 0.498249 -0.079333 0.102897
v 0.498101 -0.088295 0.101716
v 0.498116 -0.087371 0.098267
v 0.498249 -0.079333 0.099326
v 0.498249 -0.079333 0.121843
v 0.498019 -0.093198 0.120018
v 0.498035 -0.092275 0.116568
v 0.498249 -0.079333 0.118272
v 0.497962 -0.096647 0.098257
v 0.497992 -0.094862 0.095164
v 0.497805 -0.106120 0.114665
v 0.497834 -0.104334 0.111572
v 0.497843 -0.103819 0.092753
v 0.497885 -0.101294 0.090228
v 0.497621 -0.117215 0.106150
v 0.497662 -0.114690 0.103625
v 0.497752 -0.109322 0.085580
v 0.497803 -0.106231 0.083794
v 0.497479 -0.125729 0.095053
v 0.497531 -0.122636 0.093268
v 0.497694 -0.112782 0.077227
v 0.497751 -0.109333 0.076303
v 0.497390 -0.131080 0.082131
v 0.497448 -0.127632 0.081206
v 0.497675 -0.113962 0.068263
v 0.497734 -0.110391 0.068263
v 0.497360 -0.132906 0.068263
v 0.497419 -0.129335 0.068263
v 0.497694 -0.112782 0.059299
v 0.497751 -0.109333 0.060224
v 0.497390 -0.131080 0.054396
v 0.497448 -0.127632 0.055320
v 0.497752 -0.109322 0.050946
v 0.497803 -0.106231 0.052732
v 0.497479 -0.125728 0.041473
v 0.497531 -0.122636 0.043258
v 0.497843 -0.103819 0.043774
v 0.497885 -0.101294 0.046299
v 0.497621 -0.117215 0.030376
v 0.497663 -0.114689 0.032901
v 0.497962 -0.096647 0.038270
v 0.497992 -0.094862 0.041362
v 0.497805 -0.106120 0.021861
v 0.497834 -0.104334 0.024954
v 0.498101 -0.088295 0.034810
v 0.498116 -0.087371 0.038259
v 0.498019 -0.093198 0.016509
v 0.498035 -0.092275 0.019958
v 0.498249 -0.079333 0.033630
v 0.498249 -0.079333 0.037201
v 0.498249 -0.079333 0.014683
v 0.498249 -0.079333 0.018254
v 0.498398 -0.070371 0.034810
v 0.498383 -0.071294 0.038259
v 0.498479 -0.065467 0.016509
v 0.498464 -0.066391 0.019958
v 0.498537 -0.062019 0.038270
v 0.498507 -0.063803 0.041362
v 0.498694 -0.052547 0.021861
v 0.498664 -0.054332 0.024954
v 0.498656 -0.054847 0.043774
v 0.498614 -0.057371 0.046299
v 0.498878 -0.041452 0.030376
v 0.498836 -0.043976 0.032901
v 0.498747 -0.049343 0.050946
v 0.498696 -0.052436 0.052732
v 0.499019 -0.032938 0.041473
v 0.498968 -0.036029 0.043259
v 0.498805 -0.045884 0.059299
v 0.498747 -0.049333 0.060224
v 0.499108 -0.027585 0.054396
v 0.499051 -0.031034 0.055320
v 0.498824 -0.044704 0.068263
v 0.498765 -0.048275 0.068263
v 0.499139 -0.025760 0.068263
v 0.499079 -0.029330 0.068263
v 0.498805 -0.045884 0.077227
v 0.498747 -0.049333 0.076303
v 0.499108 -0.027585 0.082131
v 0.499051 -0.031034 0.081206
v 0.498747 -0.049343 0.085580
v 0.498696 -0.052436 0.083794
v 0.499019 -0.032938 0.095053
v 0.498968 -0.036029 0.093268
v 0.498656 -0.054847 0.092753
v 0.498614 -0.057371 0.090228
v 0.498878 -0.041452 0.106150
v 0.498836 -0.043976 0.103625
v 0.498537 -0.062019 0.098257
v 0.498507 -0.063803 0.095164
v 0.498694 -0.052547 0.114665
v 0.498664 -0.054332 0.111572
v 0.498398 -0.070371 0.101716
v 0.498383 -0.071294 0.098267
v 0.498479 -0.065467 0.120018
v 0.498464 -0.066391 0.116568
v 0.498249 -0.079333 0.141199
v 0.497936 -0.098208 0.138714
v 0.497951 -0.097284 0.135265
v 0.498249 -0.079333 0.137628
v 0.497644 -0.115796 0.131428
v 0.497674 -0.114011 0.128335
v 0.497393 -0.130899 0.119837
v 0.497435 -0.128375 0.117312
v 0.497201 -0.142489 0.104731
v 0.497252 -0.139396 0.102946
v 0.497080 -0.149774 0.087140
v 0.497137 -0.146325 0.086216
v 0.497039 -0.152259 0.068263
v 0.497098 -0.148689 0.068263
v 0.497080 -0.149774 0.049386
v 0.497137 -0.146325 0.050310
v 0.497201 -0.142489 0.031795
v 0.497252 -0.139396 0.033581
v 0.497393 -0.130899 0.016690
v 0.497435 -0.128375 0.019215
v 0.497644 -0.115796 0.005099
v 0.497674 -0.114011 0.008191
v 0.497936 -0.098208 -0.002188
v 0.497951 -0.097284 0.001262
v 0.498249 -0.079333 -0.004673
v 0.498249 -0.079333 -0.001102
v 0.498563 -0.060458 -0.002188
v 0.498547 -0.061383 0.001262
v 0.498855 -0.042870 0.005099
v 0.498825 -0.044655 0.008191
v 0.499105 -0.027766 0.016690
v 0.499063 -0.030291 0.019215
v 0.499298 -0.016177 0.031795
v 0.499246 -0.019270 0.033581
v 0.499418 -0.008892 0.049386
v 0.499361 -0.012341 0.050310
v 0.499460 -0.006407 0.068263
v 0.499400 -0.009978 0.068263
v 0.499418 -0.008892 0.087140
v 0.499361 -0.012341 0.086216
v 0.499298 -0.016177 0.104731
v 0.499246 -0.019270 0.102946
v 0.499105 -0.027766 0.119837
v 0.499063 -0.030291 0.117312
v 0.498855 -0.042870 0.131428
v 0.498825 -0.044655 0.128335
v 0.498563 -0.060458 0.138714
v 0.498547 -0.061383 0.135265
v 0.497786 -0.080989 -0.147053
v 0.497841 -0.077662 -0.147053
v 0.498390 -0.044567 -0.138183
v 0.498438 -0.041686 -0.136520
v 0.497884 -0.075043 -0.085389
v 0.497932 -0.072162 -0.083726
v 0.498841 -0.017458 -0.112289
v 0.498869 -0.015795 -0.109408
v 0.499016 -0.006926 -0.076307
v 0.499016 -0.006926 -0.072980
v 0.498004 -0.067880 -0.076307
v 0.498004 -0.067880 -0.072980
v 0.498869 -0.015795 -0.039879
v 0.498841 -0.017458 -0.036998
v 0.498439 -0.041686 -0.012767
v 0.498391 -0.044567 -0.011104
v 0.497933 -0.072162 -0.065561
v 0.497885 -0.075043 -0.063898
v 0.497843 -0.077662 -0.002234
v 0.497788 -0.080989 -0.002234
v 0.497238 -0.114085 -0.011104
v 0.497191 -0.116966 -0.012767
v 0.497744 -0.083609 -0.063898
v 0.497696 -0.086489 -0.065561
v 0.496789 -0.141194 -0.036998
v 0.496761 -0.142857 -0.039879
v 0.496614 -0.151725 -0.072980
v 0.496614 -0.151725 -0.076307
v 0.497625 -0.090773 -0.072980
v 0.497625 -0.090773 -0.076307
v 0.496761 -0.142857 -0.109408
v 0.496789 -0.141194 -0.112289
v 0.497192 -0.116966 -0.136520
v 0.497239 -0.114085 -0.138184
v 0.497697 -0.086489 -0.083726
v 0.497745 -0.083609 -0.085389
v 0.498296 -0.050289 -0.089490
v 0.498269 -0.051952 -0.092371
v 0.497841 -0.077662 -0.107662
v 0.497786 -0.080989 -0.107662
v 0.498304 -0.049851 -0.059544
v 0.498276 -0.051514 -0.056664
v 0.497843 -0.077662 -0.041557
v 0.497788 -0.080989 -0.041557
v 0.497359 -0.106842 -0.056834
v 0.497331 -0.108505 -0.059715
v 0.497332 -0.108455 -0.089543
v 0.497359 -0.106792 -0.092424
v 0.493410 -0.077589 -0.147053
v 0.493354 -0.080915 -0.147053
v 0.493410 -0.077589 -0.107662
v 0.494007 -0.041613 -0.136520
v 0.493959 -0.044493 -0.138183
v 0.493501 -0.072089 -0.083726
v 0.493453 -0.074969 -0.085389
v 0.494436 -0.015721 -0.109408
v 0.494409 -0.017384 -0.112289
v 0.493864 -0.050216 -0.089490
v 0.494584 -0.006853 -0.072980
v 0.494584 -0.006853 -0.076307
v 0.493572 -0.067806 -0.072980
v 0.493572 -0.067806 -0.076307
v 0.494409 -0.017384 -0.036998
v 0.494436 -0.015721 -0.039879
v 0.493844 -0.051440 -0.056664
v 0.493960 -0.044493 -0.011104
v 0.494008 -0.041613 -0.012767
v 0.493454 -0.074969 -0.063898
v 0.493502 -0.072089 -0.065561
v 0.493355 -0.080915 -0.002234
v 0.493411 -0.077589 -0.002234
v 0.493355 -0.080915 -0.041557
v 0.492758 -0.116892 -0.012767
v 0.492806 -0.114012 -0.011104
v 0.493264 -0.086416 -0.065561
v 0.493312 -0.083535 -0.063898
v 0.492328 -0.142784 -0.039879
v 0.492356 -0.141120 -0.036998
v 0.492899 -0.108432 -0.059715
v 0.492182 -0.151652 -0.076307
v 0.492182 -0.151652 -0.072980
v 0.493194 -0.090699 -0.076307
v 0.493194 -0.090699 -0.072980
v 0.492357 -0.141120 -0.112289
v 0.492330 -0.142784 -0.109408
v 0.492928 -0.106719 -0.092424
v 0.492807 -0.114012 -0.138184
v 0.492759 -0.116892 -0.136520
v 0.493313 -0.083535 -0.085389
v 0.493265 -0.086416 -0.083726
v 0.493836 -0.051878 -0.092371
v 0.493354 -0.080915 -0.107662
v 0.493871 -0.049778 -0.059544
v 0.493411 -0.077589 -0.041557
v 0.492926 -0.106769 -0.056834
v 0.492901 -0.108382 -0.089543
v 0.498249 -0.079333 -0.088598
v 0.498249 -0.079333 -0.085027
v 0.498294 -0.076646 -0.084673
v 0.498309 -0.075722 -0.088122
v 0.498336 -0.074142 -0.083636
v 0.498365 -0.072357 -0.086728
v 0.498371 -0.071992 -0.081985
v 0.498413 -0.069468 -0.084511
v 0.498399 -0.070343 -0.079835
v 0.498450 -0.067250 -0.081621
v 0.498416 -0.069305 -0.077331
v 0.498473 -0.065856 -0.078255
v 0.498422 -0.068952 -0.074644
v 0.498481 -0.065381 -0.074644
v 0.498416 -0.069305 -0.071956
v 0.498473 -0.065856 -0.071032
v 0.498399 -0.070343 -0.069452
v 0.498450 -0.067250 -0.067666
v 0.498371 -0.071992 -0.067302
v 0.498413 -0.069468 -0.064776
v 0.498336 -0.074142 -0.065651
v 0.498365 -0.072357 -0.062559
v 0.498294 -0.076646 -0.064614
v 0.498309 -0.075722 -0.061165
v 0.498249 -0.079333 -0.064260
v 0.498249 -0.079333 -0.060689
v 0.498205 -0.082020 -0.064614
v 0.498189 -0.082944 -0.061165
v 0.498163 -0.084524 -0.065651
v 0.498134 -0.086309 -0.062559
v 0.498127 -0.086674 -0.067302
v 0.498086 -0.089199 -0.064776
v 0.498100 -0.088324 -0.069452
v 0.498049 -0.091416 -0.067666
v 0.498083 -0.089361 -0.071956
v 0.498026 -0.092809 -0.071032
v 0.498077 -0.089715 -0.074644
v 0.498018 -0.093285 -0.074644
v 0.498083 -0.089361 -0.077331
v 0.498026 -0.092809 -0.078255
v 0.498100 -0.088324 -0.079835
v 0.498049 -0.091416 -0.081621
v 0.498127 -0.086674 -0.081985
v 0.498086 -0.089199 -0.084511
v 0.498163 -0.084524 -0.083636
v 0.498134 -0.086309 -0.086728
v 0.498205 -0.082020 -0.084673
v 0.498189 -0.082944 -0.088122
v 0.498249 -0.079333 -0.124653
v 0.498249 -0.079333 -0.128224
v 0.498249 -0.079333 -0.105706
v 0.498249 -0.079333 -0.109277
v 0.498398 -0.070371 -0.108097
v 0.498383 -0.071294 -0.104648
v 0.498479 -0.065467 -0.126398
v 0.498464 -0.066391 -0.122949
v 0.498537 -0.062019 -0.104637
v 0.498507 -0.063803 -0.101544
v 0.498694 -0.052547 -0.121045
v 0.498664 -0.054332 -0.117953
v 0.498656 -0.054847 -0.099133
v 0.498614 -0.057371 -0.096608
v 0.498878 -0.041452 -0.112530
v 0.498836 -0.043976 -0.110005
v 0.498747 -0.049343 -0.091960
v 0.498696 -0.052436 -0.090175
v 0.499019 -0.032938 -0.101434
v 0.498968 -0.036029 -0.099648
v 0.498805 -0.045884 -0.083607
v 0.498747 -0.049333 -0.082683
v 0.499108 -0.027585 -0.088511
v 0.499051 -0.031034 -0.087587
v 0.498824 -0.044704 -0.074644
v 0.498765 -0.048275 -0.074644
v 0.499139 -0.025760 -0.074644
v 0.499079 -0.029330 -0.074644
v 0.498805 -0.045884 -0.065680
v 0.498747 -0.049333 -0.066604
v 0.499108 -0.027585 -0.060776
v 0.499051 -0.031034 -0.061700
v 0.498747 -0.049343 -0.057327
v 0.498696 -0.052436 -0.059112
v 0.499019 -0.032938 -0.047853
v 0.498968 -0.036029 -0.049639
v 0.498656 -0.054847 -0.050154
v 0.498614 -0.057371 -0.052679
v 0.498878 -0.041452 -0.036757
v 0.498836 -0.043976 -0.039282
v 0.498537 -0.062019 -0.044650
v 0.498507 -0.063803 -0.047743
v 0.498694 -0.052547 -0.028242
v 0.498664 -0.054332 -0.031334
v 0.498398 -0.070371 -0.041190
v 0.498383 -0.071294 -0.044639
v 0.498479 -0.065467 -0.022889
v 0.498464 -0.066391 -0.026338
v 0.498249 -0.079333 -0.040010
v 0.498249 -0.079333 -0.043581
v 0.498249 -0.079333 -0.021063
v 0.498249 -0.079333 -0.024634
v 0.498101 -0.088295 -0.041190
v 0.498116 -0.087371 -0.044639
v 0.498019 -0.093198 -0.022889
v 0.498035 -0.092275 -0.026338
v 0.497962 -0.096647 -0.044650
v 0.497992 -0.094862 -0.047743
v 0.497805 -0.106120 -0.028242
v 0.497834 -0.104334 -0.031334
v 0.497843 -0.103819 -0.050154
v 0.497885 -0.101294 -0.052679
v 0.497621 -0.117215 -0.036757
v 0.497663 -0.114689 -0.039282
v 0.497752 -0.109322 -0.057327
v 0.497803 -0.106231 -0.059112
v 0.497479 -0.125728 -0.047853
v 0.497531 -0.122636 -0.049639
v 0.497694 -0.112782 -0.065680
v 0.497751 -0.109333 -0.066604
v 0.497390 -0.131080 -0.060776
v 0.497448 -0.127632 -0.061700
v 0.497675 -0.113962 -0.074644
v 0.497734 -0.110391 -0.074644
v 0.497360 -0.132906 -0.074643
v 0.497419 -0.129335 -0.074643
v 0.497694 -0.112782 -0.083607
v 0.497751 -0.109333 -0.082683
v 0.497390 -0.131080 -0.088511
v 0.497448 -0.127632 -0.087587
v 0.497752 -0.109322 -0.091960
v 0.497803 -0.106231 -0.090175
v 0.497479 -0.125729 -0.101434
v 0.497531 -0.122636 -0.099648
v 0.497843 -0.103819 -0.099133
v 0.497885 -0.101294 -0.096608
v 0.497621 -0.117215 -0.112530
v 0.497662 -0.114690 -0.110005
v 0.497962 -0.096647 -0.104637
v 0.497992 -0.094862 -0.101544
v 0.497805 -0.106120 -0.121045
v 0.497834 -0.104334 -0.117953
v 0.498101 -0.088295 -0.108097
v 0.498116 -0.087371 -0.104648
v 0.498019 -0.093198 -0.126398
v 0.498035 -0.092275 -0.122949
v 0.498563 -0.060458 -0.145094
v 0.498547 -0.061383 -0.141645
v 0.498855 -0.042870 -0.137808
v 0.498825 -0.044655 -0.134715
v 0.499105 -0.027766 -0.126217
v 0.499063 -0.030291 -0.123692
v 0.499298 -0.016177 -0.111111
v 0.499246 -0.019270 -0.109326
v 0.499418 -0.008892 -0.093521
v 0.499361 -0.012341 -0.092596
v 0.499460 -0.006407 -0.074644
v 0.499400 -0.009978 -0.074644
v 0.499418 -0.008892 -0.055766
v 0.499361 -0.012341 -0.056691
v 0.499298 -0.016177 -0.038176
v 0.499246 -0.019270 -0.039961
v 0.499105 -0.027766 -0.023070
v 0.499063 -0.030291 -0.025595
v 0.498855 -0.042870 -0.011479
v 0.498825 -0.044655 -0.014572
v 0.498563 -0.060458 -0.004193
v 0.498547 -0.061383 -0.007642
v 0.498249 -0.079333 -0.001708
v 0.498249 -0.079333 -0.005279
v 0.497936 -0.098208 -0.004193
v 0.497951 -0.097284 -0.007642
v 0.497644 -0.115796 -0.011479
v 0.497674 -0.114011 -0.014572
v 0.497393 -0.130899 -0.023070
v 0.497435 -0.128375 -0.025595
v 0.497201 -0.142489 -0.038175
v 0.497252 -0.139396 -0.039961
v 0.497080 -0.149774 -0.055766
v 0.497137 -0.146325 -0.056690
v 0.497039 -0.152259 -0.074643
v 0.497098 -0.148689 -0.074643
v 0.497080 -0.149774 -0.093521
v 0.497137 -0.146325 -0.092596
v 0.497201 -0.142489 -0.111111
v 0.497252 -0.139396 -0.109326
v 0.497393 -0.130899 -0.126217
v 0.497435 -0.128375 -0.123692
v 0.497644 -0.115796 -0.137808
v 0.497674 -0.114011 -0.134715
v 0.497936 -0.098208 -0.145094
v 0.497951 -0.097284 -0.141645
v 0.498249 -0.079333 -0.144008
v 0.498249 -0.079333 -0.147579
v 0.492949 -0.076557 -0.084673
v 0.492964 -0.075633 -0.088122
v 0.492904 -0.079245 -0.088598
v 0.492904 -0.079245 -0.085027
v 0.492990 -0.074053 -0.083636
v 0.493020 -0.072269 -0.086728
v 0.493026 -0.071904 -0.081985
v 0.493068 -0.069379 -0.084511
v 0.493053 -0.070254 -0.079835
v 0.493105 -0.067161 -0.081621
v 0.493070 -0.069216 -0.077331
v 0.493128 -0.065767 -0.078255
v 0.493076 -0.068863 -0.074644
v 0.493136 -0.065293 -0.074644
v 0.493070 -0.069216 -0.071956
v 0.493128 -0.065767 -0.071032
v 0.493053 -0.070254 -0.069452
v 0.493105 -0.067161 -0.067666
v 0.493026 -0.071904 -0.067302
v 0.493068 -0.069379 -0.064776
v 0.492990 -0.074053 -0.065651
v 0.493020 -0.072269 -0.062559
v 0.492949 -0.076557 -0.064614
v 0.492964 -0.075633 -0.061165
v 0.492904 -0.079245 -0.064260
v 0.492904 -0.079245 -0.060689
v 0.492859 -0.081931 -0.064614
v 0.492844 -0.082855 -0.061165
v 0.492818 -0.084435 -0.065651
v 0.492788 -0.086221 -0.062559
v 0.492782 -0.086586 -0.067302
v 0.492740 -0.089110 -0.064776
v 0.492755 -0.088235 -0.069452
v 0.492703 -0.091327 -0.067666
v 0.492738 -0.089272 -0.071956
v 0.492680 -0.092721 -0.071032
v 0.492732 -0.089626 -0.074644
v 0.492672 -0.093197 -0.074644
v 0.492738 -0.089272 -0.077331
v 0.492680 -0.092721 -0.078255
v 0.492755 -0.088235 -0.079835
v 0.492703 -0.091327 -0.081621
v 0.492782 -0.086586 -0.081985
v 0.492740 -0.089110 -0.084511
v 0.492818 -0.084435 -0.083636
v 0.492788 -0.086221 -0.086728
v 0.492859 -0.081931 -0.084673
v 0.492844 -0.082855 -0.088122
v 0.492904 -0.079245 -0.105706
v 0.492904 -0.079245 -0.109277
v 0.492755 -0.088206 -0.108097
v 0.492771 -0.087283 -0.104648
v 0.492904 -0.079245 -0.124653
v 0.492904 -0.079245 -0.128224
v 0.492674 -0.093110 -0.126398
v 0.492689 -0.092186 -0.122949
v 0.492617 -0.096558 -0.104637
v 0.492646 -0.094773 -0.101544
v 0.492459 -0.106031 -0.121045
v 0.492489 -0.104245 -0.117953
v 0.492498 -0.103730 -0.099133
v 0.492540 -0.101206 -0.096608
v 0.492275 -0.117126 -0.112530
v 0.492317 -0.114602 -0.110005
v 0.492406 -0.109233 -0.091960
v 0.492458 -0.106142 -0.090175
v 0.492134 -0.125640 -0.101434
v 0.492185 -0.122548 -0.099648
v 0.492349 -0.112693 -0.083607
v 0.492406 -0.109244 -0.082683
v 0.492045 -0.130992 -0.088511
v 0.492102 -0.127543 -0.087587
v 0.492329 -0.113873 -0.074644
v 0.492389 -0.110302 -0.074644
v 0.492015 -0.132817 -0.074643
v 0.492074 -0.129247 -0.074643
v 0.492349 -0.112693 -0.065680
v 0.492406 -0.109244 -0.066604
v 0.492045 -0.130992 -0.060776
v 0.492102 -0.127543 -0.061700
v 0.492406 -0.109233 -0.057327
v 0.492458 -0.106142 -0.059112
v 0.492134 -0.125639 -0.047853
v 0.492185 -0.122548 -0.049639
v 0.492498 -0.103730 -0.050154
v 0.492540 -0.101206 -0.052679
v 0.492275 -0.117126 -0.036757
v 0.492317 -0.114601 -0.039282
v 0.492617 -0.096558 -0.044650
v 0.492646 -0.094773 -0.047743
v 0.492459 -0.106031 -0.028242
v 0.492489 -0.104245 -0.031334
v 0.492755 -0.088206 -0.041190
v 0.492771 -0.087283 -0.044639
v 0.492674 -0.093110 -0.022889
v 0.492689 -0.092186 -0.026338
v 0.492904 -0.079245 -0.040010
v 0.492904 -0.079245 -0.043581
v 0.492904 -0.079245 -0.021063
v 0.492904 -0.079245 -0.024634
v 0.493053 -0.070282 -0.041190
v 0.493037 -0.071206 -0.044639
v 0.493134 -0.065379 -0.022889
v 0.493119 -0.066302 -0.026338
v 0.493191 -0.061930 -0.044650
v 0.493162 -0.063715 -0.047743
v 0.493349 -0.052458 -0.028242
v 0.493319 -0.054243 -0.031334
v 0.493310 -0.054758 -0.050154
v 0.493269 -0.057283 -0.052679
v 0.493533 -0.041363 -0.036757
v 0.493491 -0.043887 -0.039282
v 0.493402 -0.049255 -0.057327
v 0.493350 -0.052347 -0.059112
v 0.493674 -0.032849 -0.047853
v 0.493623 -0.035941 -0.049639
v 0.493459 -0.045795 -0.065680
v 0.493402 -0.049245 -0.066604
v 0.493763 -0.027497 -0.060776
v 0.493706 -0.030945 -0.061700
v 0.493479 -0.044615 -0.074644
v 0.493420 -0.048186 -0.074644
v 0.493793 -0.025671 -0.074644
v 0.493734 -0.029242 -0.074644
v 0.493459 -0.045795 -0.083607
v 0.493402 -0.049245 -0.082683
v 0.493763 -0.027497 -0.088511
v 0.493706 -0.030945 -0.087587
v 0.493402 -0.049255 -0.091960
v 0.493350 -0.052347 -0.090175
v 0.493674 -0.032849 -0.101434
v 0.493623 -0.035941 -0.099648
v 0.493310 -0.054758 -0.099133
v 0.493269 -0.057283 -0.096608
v 0.493533 -0.041363 -0.112530
v 0.493491 -0.043887 -0.110005
v 0.493191 -0.061930 -0.104637
v 0.493162 -0.063715 -0.101544
v 0.493349 -0.052458 -0.121045
v 0.493319 -0.054243 -0.117953
v 0.493053 -0.070282 -0.108097
v 0.493037 -0.071206 -0.104648
v 0.493134 -0.065379 -0.126398
v 0.493119 -0.066302 -0.122949
v 0.492904 -0.079245 -0.144008
v 0.492904 -0.079245 -0.147579
v 0.492591 -0.098119 -0.145094
v 0.492606 -0.097195 -0.141645
v 0.492299 -0.115708 -0.137808
v 0.492328 -0.113922 -0.134715
v 0.492048 -0.130811 -0.126217
v 0.492090 -0.128286 -0.123692
v 0.491856 -0.142400 -0.111111
v 0.491907 -0.139307 -0.109326
v 0.491735 -0.149685 -0.093521
v 0.491792 -0.146236 -0.092596
v 0.491694 -0.152171 -0.074643
v 0.491753 -0.148600 -0.074643
v 0.491735 -0.149685 -0.055766
v 0.491792 -0.146236 -0.056690
v 0.491856 -0.142400 -0.038175
v 0.491907 -0.139307 -0.039961
v 0.492048 -0.130811 -0.023070
v 0.492090 -0.128286 -0.025595
v 0.492299 -0.115708 -0.011479
v 0.492328 -0.113922 -0.014572
v 0.492591 -0.098119 -0.004193
v 0.492606 -0.097195 -0.007642
v 0.492904 -0.079245 -0.001708
v 0.492904 -0.079245 -0.005279
v 0.493217 -0.060369 -0.004193
v 0.493202 -0.061294 -0.007642
v 0.493509 -0.042782 -0.011479
v 0.493480 -0.044566 -0.014572
v 0.493760 -0.027678 -0.023070
v 0.493718 -0.030202 -0.025595
v 0.493952 -0.016088 -0.038176
v 0.493901 -0.019181 -0.039961
v 0.494073 -0.008803 -0.055766
v 0.494016 -0.012252 -0.056691
v 0.494114 -0.006319 -0.074644
v 0.494055 -0.009889 -0.074644
v 0.494073 -0.008803 -0.093521
v 0.494016 -0.012252 -0.092596
v 0.493952 -0.016088 -0.111111
v 0.493901 -0.019181 -0.109326
v 0.493760 -0.027678 -0.126217
v 0.493718 -0.030202 -0.123692
v 0.493509 -0.042782 -0.137808
v 0.493480 -0.044566 -0.134715
v 0.493217 -0.060369 -0.145094
v 0.493202 -0.061294 -0.141645
v 0.497841 -0.077662 -0.107662
v 0.497841 -0.077662 -0.107662
v 0.497841 -0.077662 -0.147053
v 0.498390 -0.044567 -0.138183
v 0.497884 -0.075043 -0.085389
v 0.497932 -0.072162 -0.083726
v 0.498438 -0.041686 -0.136520
v 0.498296 -0.050289 -0.089490
v 0.498296 -0.050289 -0.089490
v 0.498869 -0.015795 -0.109408
v 0.499016 -0.006926 -0.076307
v 0.498004 -0.067880 -0.076307
v 0.498004 -0.067880 -0.072980
v 0.499016 -0.006926 -0.072980
v 0.498276 -0.051514 -0.056664
v 0.498276 -0.051514 -0.056664
v 0.498841 -0.017458 -0.036998
v 0.498439 -0.041686 -0.012767
v 0.497933 -0.072162 -0.065561
v 0.497885 -0.075043 -0.063898
v 0.498391 -0.044567 -0.011104
v 0.497788 -0.080989 -0.041557
v 0.497788 -0.080989 -0.041557
v 0.497788 -0.080989 -0.002234
v 0.497238 -0.114085 -0.011104
v 0.497744 -0.083609 -0.063898
v 0.497696 -0.086489 -0.065561
v 0.497191 -0.116966 -0.012767
v 0.497331 -0.108505 -0.059715
v 0.497331 -0.108505 -0.059715
v 0.496761 -0.142857 -0.039879
v 0.496614 -0.151725 -0.072980
v 0.497625 -0.090773 -0.072980
v 0.497625 -0.090773 -0.076307
v 0.496614 -0.151725 -0.076307
v 0.497359 -0.106792 -0.092424
v 0.497359 -0.106792 -0.092424
v 0.496789 -0.141194 -0.112289
v 0.497192 -0.116966 -0.136520
v 0.497697 -0.086489 -0.083726
v 0.497745 -0.083609 -0.085389
v 0.497239 -0.114085 -0.138184
v 0.498841 -0.017458 -0.112289
v 0.498269 -0.051952 -0.092371
v 0.498269 -0.051952 -0.092371
v 0.497786 -0.080989 -0.107662
v 0.497786 -0.080989 -0.107662
v 0.497786 -0.080989 -0.147053
v 0.498869 -0.015795 -0.039879
v 0.498304 -0.049851 -0.059544
v 0.498304 -0.049851 -0.059544
v 0.497843 -0.077662 -0.002234
v 0.497843 -0.077662 -0.041557
v 0.497843 -0.077662 -0.041557
v 0.496789 -0.141194 -0.036998
v 0.497359 -0.106842 -0.056834
v 0.497359 -0.106842 -0.056834
v 0.496761 -0.142857 -0.109408
v 0.497332 -0.108455 -0.089543
v 0.497332 -0.108455 -0.089543
v 0.493410 -0.077589 -0.107662
v 0.493354 -0.080915 -0.107662
v 0.492899 -0.108432 -0.059715
v 0.493864 -0.050216 -0.089490
v 0.493836 -0.051878 -0.092371
v 0.493844 -0.051440 -0.056664
v 0.493871 -0.049778 -0.059544
v 0.493411 -0.077589 -0.041557
v 0.493355 -0.080915 -0.041557
v 0.492926 -0.106769 -0.056834
v 0.492928 -0.106719 -0.092424
v 0.492901 -0.108382 -0.089543
v 0.498309 -0.075722 -0.088122
v 0.498249 -0.079333 -0.088598
v 0.498249 -0.079333 -0.085027
v 0.498294 -0.076646 -0.084673
v 0.498365 -0.072357 -0.086728
v 0.498336 -0.074142 -0.083636
v 0.498413 -0.069468 -0.084511
v 0.498371 -0.071992 -0.081985
v 0.498450 -0.067250 -0.081621
v 0.498399 -0.070343 -0.079835
v 0.498473 -0.065856 -0.078255
v 0.498416 -0.069305 -0.077331
v 0.498481 -0.065381 -0.074644
v 0.498422 -0.068952 -0.074644
v 0.498473 -0.065856 -0.071032
v 0.498416 -0.069305 -0.071956
v 0.498450 -0.067250 -0.067666
v 0.498399 -0.070343 -0.069452
v 0.498413 -0.069468 -0.064776
v 0.498371 -0.071992 -0.067302
v 0.498365 -0.072357 -0.062559
v 0.498336 -0.074142 -0.065651
v 0.498309 -0.075722 -0.061165
v 0.498294 -0.076646 -0.064614
v 0.498249 -0.079333 -0.060689
v 0.498249 -0.079333 -0.064260
v 0.498189 -0.082944 -0.061165
v 0.498205 -0.082020 -0.064614
v 0.498134 -0.086309 -0.062559
v 0.498163 -0.084524 -0.065651
v 0.498086 -0.089199 -0.064776
v 0.498127 -0.086674 -0.067302
v 0.498049 -0.091416 -0.067666
v 0.498100 -0.088324 -0.069452
v 0.498026 -0.092809 -0.071032
v 0.498083 -0.089361 -0.071956
v 0.498018 -0.093285 -0.074644
v 0.498077 -0.089715 -0.074644
v 0.498026 -0.092809 -0.078255
v 0.498083 -0.089361 -0.077331
v 0.498049 -0.091416 -0.081621
v 0.498100 -0.088324 -0.079835
v 0.498086 -0.089199 -0.084511
v 0.498127 -0.086674 -0.081985
v 0.498134 -0.086309 -0.086728
v 0.498163 -0.084524 -0.083636
v 0.498189 -0.082944 -0.088122
v 0.498205 -0.082020 -0.084673
v 0.498249 -0.079333 -0.109277
v 0.498101 -0.088295 -0.108097
v 0.498116 -0.087371 -0.104648
v 0.498249 -0.079333 -0.105706
v 0.498249 -0.079333 -0.128224
v 0.498019 -0.093198 -0.126398
v 0.498035 -0.092275 -0.122949
v 0.498249 -0.079333 -0.124653
v 0.497962 -0.096647 -0.104637
v 0.497992 -0.094862 -0.101544
v 0.497805 -0.106120 -0.121045
v 0.497834 -0.104334 -0.117953
v 0.497843 -0.103819 -0.099133
v 0.497885 -0.101294 -0.096608
v 0.497621 -0.117215 -0.112530
v 0.497662 -0.114690 -0.110005
v 0.497752 -0.109322 -0.091960
v 0.497803 -0.106231 -0.090175
v 0.497479 -0.125729 -0.101434
v 0.497531 -0.122636 -0.099648
v 0.497694 -0.112782 -0.083607
v 0.497751 -0.109333 -0.082683
v 0.497390 -0.131080 -0.088511
v 0.497448 -0.127632 -0.087587
v 0.497675 -0.113962 -0.074644
v 0.497734 -0.110391 -0.074644
v 0.497360 -0.132906 -0.074643
v 0.497419 -0.129335 -0.074643
v 0.497694 -0.112782 -0.065680
v 0.497751 -0.109333 -0.066604
v 0.497390 -0.131080 -0.060776
v 0.497448 -0.127632 -0.061700
v 0.497752 -0.109322 -0.057327
v 0.497803 -0.106231 -0.059112
v 0.497479 -0.125728 -0.047853
v 0.497531 -0.122636 -0.049639
v 0.497843 -0.103819 -0.050154
v 0.497885 -0.101294 -0.052679
v 0.497621 -0.117215 -0.036757
v 0.497663 -0.114689 -0.039282
v 0.497962 -0.096647 -0.044650
v 0.497992 -0.094862 -0.047743
v 0.497805 -0.106120 -0.028242
v 0.497834 -0.104334 -0.031334
v 0.498101 -0.088295 -0.041190
v 0.498116 -0.087371 -0.044639
v 0.498019 -0.093198 -0.022889
v 0.498035 -0.092275 -0.026338
v 0.498249 -0.079333 -0.040010
v 0.498249 -0.079333 -0.043581
v 0.498249 -0.079333 -0.021063
v 0.498249 -0.079333 -0.024634
v 0.498398 -0.070371 -0.041190
v 0.498383 -0.071294 -0.044639
v 0.498479 -0.065467 -0.022889
v 0.498464 -0.066391 -0.026338
v 0.498537 -0.062019 -0.044650
v 0.498507 -0.063803 -0.047743
v 0.498694 -0.052547 -0.028242
v 0.498664 -0.054332 -0.031334
v 0.498656 -0.054847 -0.050154
v 0.498614 -0.057371 -0.052679
v 0.498878 -0.041452 -0.036757
v 0.498836 -0.043976 -0.039282
v 0.498747 -0.049343 -0.057327
v 0.498696 -0.052436 -0.059112
v 0.499019 -0.032938 -0.047853
v 0.498968 -0.036029 -0.049639
v 0.498805 -0.045884 -0.065680
v 0.498747 -0.049333 -0.066604
v 0.499108 -0.027585 -0.060776
v 0.499051 -0.031034 -0.061700
v 0.498824 -0.044704 -0.074644
v 0.498765 -0.048275 -0.074644
v 0.499139 -0.025760 -0.074644
v 0.499079 -0.029330 -0.074644
v 0.498805 -0.045884 -0.083607
v 0.498747 -0.049333 -0.082683
v 0.499108 -0.027585 -0.088511
v 0.499051 -0.031034 -0.087587
v 0.498747 -0.049343 -0.091960
v 0.498696 -0.052436 -0.090175
v 0.499019 -0.032938 -0.101434
v 0.498968 -0.036029 -0.099648
v 0.498656 -0.054847 -0.099133
v 0.498614 -0.057371 -0.096608
v 0.498878 -0.041452 -0.112530
v 0.498836 -0.043976 -0.110005
v 0.498537 -0.062019 -0.104637
v 0.498507 -0.063803 -0.101544
v 0.498694 -0.052547 -0.121045
v 0.498664 -0.054332 -0.117953
v 0.498398 -0.070371 -0.108097
v 0.498383 -0.071294 -0.104648
v 0.498479 -0.065467 -0.126398
v 0.498464 -0.066391 -0.122949
v 0.498249 -0.079333 -0.147579
v 0.497936 -0.098208 -0.145094
v 0.497951 -0.097284 -0.141645
v 0.498249 -0.079333 -0.144008
v 0.497644 -0.115796 -0.137808
v 0.497674 -0.114011 -0.134715
v 0.497393 -0.130899 -0.126217
v 0.497435 -0.128375 -0.123692
v 0.497201 -0.142489 -0.111111
v 0.497252 -0.139396 -0.109326
v 0.497080 -0.149774 -0.093521
v 0.497137 -0.146325 -0.092596
v 0.497039 -0.152259 -0.074643
v 0.497098 -0.148689 -0.074643
v 0.497080 -0.149774 -0.055766
v 0.497137 -0.146325 -0.056690
v 0.497201 -0.142489 -0.038175
v 0.497252 -0.139396 -0.039961
v 0.497393 -0.130899 -0.023070
v 0.497435 -0.128375 -0.025595
v 0.497644 -0.115796 -0.011479
v 0.497674 -0.114011 -0.014572
v 0.497936 -0.098208 -0.004193
v 0.497951 -0.097284 -0.007642
v 0.498249 -0.079333 -0.001708
v 0.498249 -0.079333 -0.005279
v 0.498563 -0.060458 -0.004193
v 0.498547 -0.061383 -0.007642
v 0.498855 -0.042870 -0.011479
v 0.498825 -0.044655 -0.014572
v 0.499105 -0.027766 -0.023070
v 0.499063 -0.030291 -0.025595
v 0.499298 -0.016177 -0.038176
v 0.499246 -0.019270 -0.039961
v 0.499418 -0.008892 -0.055766
v 0.499361 -0.012341 -0.056691
v 0.499460 -0.006407 -0.074644
v 0.499400 -0.009978 -0.074644
v 0.499418 -0.008892 -0.093521
v 0.499361 -0.012341 -0.092596
v 0.499298 -0.016177 -0.111111
v 0.499246 -0.019270 -0.109326
v 0.499105 -0.027766 -0.126217
v 0.499063 -0.030291 -0.123692
v 0.498855 -0.042870 -0.137808
v 0.498825 -0.044655 -0.134715
v 0.498563 -0.060458 -0.145094
v 0.498547 -0.061383 -0.141645
v 0.512950 -0.060875 0.138051
v 0.513239 -0.043452 0.130833
v 0.513493 -0.028163 0.119048
v 0.513808 -0.009167 0.100837
v 0.513808 -0.009167 0.088516
v 0.513808 -0.009167 0.068396
v 0.513808 -0.009167 0.049311
v 0.513674 -0.017230 0.031720
v 0.513531 -0.025826 0.015886
v 0.513405 -0.033468 0.002921
v 0.513276 -0.041221 -0.003190
v 0.512003 -0.117922 -0.003190
v 0.511874 -0.125677 0.002921
v 0.511747 -0.133319 0.015886
v 0.511605 -0.141914 0.031720
v 0.511471 -0.149977 0.049311
v 0.511471 -0.149977 0.068396
v 0.511471 -0.149977 0.088516
v 0.511471 -0.149977 0.100837
v 0.511786 -0.130980 0.119048
v 0.512040 -0.115692 0.130833
v 0.512329 -0.098269 0.138051
v 0.512639 -0.079572 0.140513
v 0.503838 -0.079426 0.140513
v 0.503527 -0.098123 0.138051
v 0.503238 -0.115546 0.130833
v 0.502984 -0.130834 0.119048
v 0.502669 -0.149830 0.100837
v 0.502669 -0.149830 0.088516
v 0.502669 -0.149830 0.068396
v 0.502669 -0.149830 0.049311
v 0.502803 -0.141768 0.031720
v 0.502946 -0.133173 0.015886
v 0.503072 -0.125531 0.002921
v 0.503201 -0.117776 -0.003190
v 0.504474 -0.041075 -0.003190
v 0.504603 -0.033321 0.002921
v 0.504730 -0.025680 0.015886
v 0.504872 -0.017084 0.031720
v 0.505006 -0.009021 0.049311
v 0.505006 -0.009021 0.068396
v 0.505006 -0.009021 0.088516
v 0.505006 -0.009021 0.100837
v 0.504691 -0.028017 0.119048
v 0.504437 -0.043306 0.130833
v 0.504148 -0.060729 0.138051
v 0.512976 -0.059322 0.143847
v 0.513289 -0.040453 0.136029
v 0.513558 -0.024249 0.123594
v 0.513905 -0.003324 0.103183
v 0.513905 -0.003324 0.088516
v 0.513905 -0.003324 0.068263
v 0.513905 -0.003324 0.048011
v 0.513764 -0.011815 0.029138
v 0.513618 -0.020604 0.012932
v 0.513491 -0.028242 -0.000027
v 0.511787 -0.130901 -0.000027
v 0.511661 -0.138540 0.012932
v 0.511515 -0.147329 0.029138
v 0.511374 -0.155821 0.048011
v 0.511374 -0.155821 0.068263
v 0.511374 -0.155821 0.088516
v 0.511374 -0.155821 0.103183
v 0.511721 -0.134896 0.123594
v 0.511990 -0.118692 0.136029
v 0.512303 -0.099821 0.143847
v 0.512639 -0.079572 0.146513
v 0.503838 -0.079426 0.146513
v 0.503502 -0.099675 0.143847
v 0.503188 -0.118546 0.136029
v 0.502919 -0.134749 0.123594
v 0.502572 -0.155675 0.103183
v 0.502572 -0.155675 0.088516
v 0.502572 -0.155675 0.068263
v 0.502572 -0.155675 0.048011
v 0.502713 -0.147183 0.029138
v 0.502859 -0.138394 0.012932
v 0.502986 -0.130755 -0.000027
v 0.504690 -0.028096 -0.000027
v 0.504816 -0.020458 0.012932
v 0.504962 -0.011668 0.029138
v 0.505103 -0.003178 0.048011
v 0.505103 -0.003178 0.068263
v 0.505103 -0.003178 0.088516
v 0.505103 -0.003178 0.103183
v 0.504756 -0.024103 0.123594
v 0.504487 -0.040306 0.136029
v 0.504174 -0.059176 0.143847
v 0.512950 -0.060875 -0.144431
v 0.513239 -0.043452 -0.137214
v 0.513493 -0.028163 -0.125428
v 0.513817 -0.008620 -0.107218
v 0.513809 -0.009098 -0.094896
v 0.513809 -0.009096 -0.074777
v 0.513797 -0.009855 -0.055692
v 0.513674 -0.017230 -0.038101
v 0.513531 -0.025826 -0.022267
v 0.513405 -0.033468 -0.009301
v 0.511874 -0.125677 -0.009301
v 0.511747 -0.133319 -0.022267
v 0.511605 -0.141914 -0.038100
v 0.511482 -0.149289 -0.055692
v 0.511470 -0.150047 -0.074777
v 0.511470 -0.150046 -0.094896
v 0.511462 -0.150523 -0.107218
v 0.511786 -0.130980 -0.125428
v 0.512040 -0.115692 -0.137214
v 0.512329 -0.098269 -0.144431
v 0.512639 -0.079572 -0.146893
v 0.503838 -0.079426 -0.146893
v 0.503527 -0.098123 -0.144431
v 0.503238 -0.115546 -0.137214
v 0.502984 -0.130834 -0.125428
v 0.502660 -0.150377 -0.107218
v 0.502668 -0.149900 -0.094896
v 0.502668 -0.149901 -0.074777
v 0.502681 -0.149143 -0.055692
v 0.502803 -0.141768 -0.038100
v 0.502946 -0.133173 -0.022267
v 0.503072 -0.125531 -0.009301
v 0.504603 -0.033321 -0.009301
v 0.504730 -0.025680 -0.022267
v 0.504872 -0.017084 -0.038101
v 0.504995 -0.009709 -0.055692
v 0.505007 -0.008950 -0.074777
v 0.505007 -0.008952 -0.094896
v 0.505015 -0.008474 -0.107218
v 0.504691 -0.028017 -0.125428
v 0.504437 -0.043306 -0.137214
v 0.504148 -0.060729 -0.144431
v 0.512976 -0.059322 -0.150227
v 0.513289 -0.040453 -0.142410
v 0.513558 -0.024249 -0.129974
v 0.513909 -0.003099 -0.109563
v 0.513909 -0.003099 -0.094896
v 0.513909 -0.003099 -0.074644
v 0.513894 -0.003999 -0.054391
v 0.513764 -0.011815 -0.035519
v 0.513618 -0.020604 -0.019313
v 0.513491 -0.028242 -0.006353
v 0.513463 -0.029948 -0.003190
v 0.511816 -0.129195 -0.003190
v 0.511787 -0.130901 -0.006353
v 0.511661 -0.138540 -0.019313
v 0.511515 -0.147329 -0.035519
v 0.511385 -0.155145 -0.054391
v 0.511370 -0.156046 -0.074643
v 0.511370 -0.156046 -0.094896
v 0.511370 -0.156046 -0.109563
v 0.511721 -0.134896 -0.129974
v 0.511990 -0.118692 -0.142410
v 0.512303 -0.099821 -0.150227
v 0.512639 -0.079572 -0.152893
v 0.503838 -0.079426 -0.152893
v 0.503502 -0.099675 -0.150227
v 0.503188 -0.118546 -0.142410
v 0.502919 -0.134749 -0.129974
v 0.502568 -0.155900 -0.109563
v 0.502568 -0.155900 -0.094896
v 0.502568 -0.155900 -0.074643
v 0.502583 -0.154999 -0.054391
v 0.502713 -0.147183 -0.035519
v 0.502859 -0.138394 -0.019313
v 0.502986 -0.130755 -0.006353
v 0.503014 -0.129049 -0.003190
v 0.504661 -0.029802 -0.003190
v 0.504690 -0.028096 -0.006353
v 0.504816 -0.020458 -0.019313
v 0.504962 -0.011668 -0.035519
v 0.505092 -0.003853 -0.054391
v 0.505107 -0.002953 -0.074644
v 0.505107 -0.002953 -0.094896
v 0.505107 -0.002953 -0.109563
v 0.504756 -0.024103 -0.129974
v 0.504487 -0.040306 -0.142410
v 0.504174 -0.059176 -0.150227
v 0.512639 -0.079572 0.140513
v 0.512329 -0.098269 0.138051
v 0.512040 -0.115692 0.130833
v 0.511786 -0.130980 0.119048
v 0.511471 -0.149977 0.100837
v 0.511471 -0.149977 0.100837
v 0.511471 -0.149977 0.088516
v 0.511471 -0.149977 0.068396
v 0.511471 -0.149977 0.049311
v 0.511605 -0.141914 0.031720
v 0.511747 -0.133319 0.015886
v 0.511874 -0.125677 0.002921
v 0.512003 -0.117922 -0.003190
v 0.512003 -0.117922 -0.003190
v 0.513276 -0.041221 -0.003190
v 0.513276 -0.041221 -0.003190
v 0.513405 -0.033468 0.002921
v 0.513531 -0.025826 0.015886
v 0.513674 -0.017230 0.031720
v 0.513808 -0.009167 0.049311
v 0.513808 -0.009167 0.068396
v 0.513808 -0.009167 0.088516
v 0.513808 -0.009167 0.100837
v 0.513808 -0.009167 0.100837
v 0.513493 -0.028163 0.119048
v 0.513239 -0.043452 0.130833
v 0.512950 -0.060875 0.138051
v 0.503838 -0.079426 0.140513
v 0.503527 -0.098123 0.138051
v 0.503238 -0.115546 0.130833
v 0.502984 -0.130834 0.119048
v 0.502669 -0.149830 0.100837
v 0.502669 -0.149830 0.100837
v 0.502669 -0.149830 0.088516
v 0.502669 -0.149830 0.068396
v 0.502669 -0.149830 0.049311
v 0.502803 -0.141768 0.031720
v 0.502946 -0.133173 0.015886
v 0.503072 -0.125531 0.002921
v 0.503201 -0.117776 -0.003190
v 0.503201 -0.117776 -0.003190
v 0.504474 -0.041075 -0.003190
v 0.504474 -0.041075 -0.003190
v 0.504603 -0.033321 0.002921
v 0.504730 -0.025680 0.015886
v 0.504872 -0.017084 0.031720
v 0.505006 -0.009021 0.049311
v 0.505006 -0.009021 0.068396
v 0.505006 -0.009021 0.088516
v 0.505006 -0.009021 0.100837
v 0.505006 -0.009021 0.100837
v 0.504691 -0.028017 0.119048
v 0.504437 -0.043306 0.130833
v 0.504148 -0.060729 0.138051
v 0.512639 -0.079572 0.146513
v 0.512303 -0.099821 0.143847
v 0.511990 -0.118692 0.136029
v 0.511721 -0.134896 0.123594
v 0.511374 -0.155821 0.103183
v 0.511374 -0.155821 0.103183
v 0.511374 -0.155821 0.088516
v 0.511374 -0.155821 0.068263
v 0.511374 -0.155821 0.048011
v 0.511515 -0.147329 0.029138
v 0.511661 -0.138540 0.012932
v 0.511787 -0.130901 -0.000027
v 0.511816 -0.129195 -0.003190
v 0.511816 -0.129195 -0.003190
v 0.513463 -0.029948 -0.003190
v 0.513463 -0.029948 -0.003190
v 0.513491 -0.028242 -0.000027
v 0.513618 -0.020604 0.012932
v 0.513764 -0.011815 0.029138
v 0.513905 -0.003324 0.048011
v 0.513905 -0.003324 0.068263
v 0.513905 -0.003324 0.088516
v 0.513905 -0.003324 0.103183
v 0.513905 -0.003324 0.103183
v 0.513558 -0.024249 0.123594
v 0.513289 -0.040453 0.136029
v 0.512976 -0.059322 0.143847
v 0.503838 -0.079426 0.146513
v 0.503502 -0.099675 0.143847
v 0.503188 -0.118546 0.136029
v 0.502919 -0.134749 0.123594
v 0.502572 -0.155675 0.103183
v 0.502572 -0.155675 0.103183
v 0.502572 -0.155675 0.088516
v 0.502572 -0.155675 0.068263
v 0.502572 -0.155675 0.048011
v 0.502713 -0.147183 0.029138
v 0.502859 -0.138394 0.012932
v 0.502986 -0.130755 -0.000027
v 0.503014 -0.129049 -0.003190
v 0.503014 -0.129049 -0.003190
v 0.504661 -0.029802 -0.003190
v 0.504661 -0.029802 -0.003190
v 0.504690 -0.028096 -0.000027
v 0.504816 -0.020458 0.012932
v 0.504962 -0.011668 0.029138
v 0.505103 -0.003178 0.048011
v 0.505103 -0.003178 0.068263
v 0.505103 -0.003178 0.088516
v 0.505103 -0.003178 0.103183
v 0.505103 -0.003178 0.103183
v 0.504756 -0.024103 0.123594
v 0.504487 -0.040306 0.136029
v 0.504174 -0.059176 0.143847
v 0.512639 -0.079572 -0.146893
v 0.512329 -0.098269 -0.144431
v 0.512040 -0.115692 -0.137214
v 0.511786 -0.130980 -0.125428
v 0.511462 -0.150523 -0.107218
v 0.511462 -0.150523 -0.107218
v 0.511470 -0.150046 -0.094896
v 0.511470 -0.150047 -0.074777
v 0.511482 -0.149289 -0.055692
v 0.511605 -0.141914 -0.038100
v 0.511747 -0.133319 -0.022267
v 0.511874 -0.125677 -0.009301
v 0.513405 -0.033468 -0.009301
v 0.513531 -0.025826 -0.022267
v 0.513674 -0.017230 -0.038101
v 0.513797 -0.009855 -0.055692
v 0.513809 -0.009096 -0.074777
v 0.513809 -0.009098 -0.094896
v 0.513817 -0.008620 -0.107218
v 0.513817 -0.008620 -0.107218
v 0.513493 -0.028163 -0.125428
v 0.513239 -0.043452 -0.137214
v 0.512950 -0.060875 -0.144431
v 0.503838 -0.079426 -0.146893
v 0.503527 -0.098123 -0.144431
v 0.503238 -0.115546 -0.137214
v 0.502984 -0.130834 -0.125428
v 0.502660 -0.150377 -0.107218
v 0.502660 -0.150377 -0.107218
v 0.502668 -0.149900 -0.094896
v 0.502668 -0.149901 -0.074777
v 0.502681 -0.149143 -0.055692
v 0.502803 -0.141768 -0.038100
v 0.502946 -0.133173 -0.022267
v 0.503072 -0.125531 -0.009301
v 0.504603 -0.033321 -0.009301
v 0.504730 -0.025680 -0.022267
v 0.504872 -0.017084 -0.038101
v 0.504995 -0.009709 -0.055692
v 0.505007 -0.008950 -0.074777
v 0.505007 -0.008952 -0.094896
v 0.505015 -0.008474 -0.107218
v 0.505015 -0.008474 -0.107218
v 0.504691 -0.028017 -0.125428
v 0.504437 -0.043306 -0.137214
v 0.504148 -0.060729 -0.144431
v 0.512639 -0.079572 -0.152893
v 0.512303 -0.099821 -0.150227
v 0.511990 -0.118692 -0.142410
v 0.511721 -0.134896 -0.129974
v 0.511370 -0.156046 -0.109563
v 0.511370 -0.156046 -0.109563
v 0.511370 -0.156046 -0.094896
v 0.511370 -0.156046 -0.074643
v 0.511385 -0.155145 -0.054391
v 0.511515 -0.147329 -0.035519
v 0.511661 -0.138540 -0.019313
v 0.511787 -0.130901 -0.006353
v 0.513491 -0.028242 -0.006353
v 0.513618 -0.020604 -0.019313
v 0.513764 -0.011815 -0.035519
v 0.513894 -0.003999 -0.054391
v 0.513909 -0.003099 -0.074644
v 0.513909 -0.003099 -0.094896
v 0.513909 -0.003099 -0.109563
v 0.513909 -0.003099 -0.109563
v 0.513558 -0.024249 -0.129974
v 0.513289 -0.040453 -0.142410
v 0.512976 -0.059322 -0.150227
v 0.503838 -0.079426 -0.152893
v 0.503502 -0.099675 -0.150227
v 0.503188 -0.118546 -0.142410
v 0.502919 -0.134749 -0.129974
v 0.502568 -0.155900 -0.109563
v 0.502568 -0.155900 -0.109563
v 0.502568 -0.155900 -0.094896
v 0.502568 -0.155900 -0.074643
v 0.502583 -0.154999 -0.054391
v 0.502713 -0.147183 -0.035519
v 0.502859 -0.138394 -0.019313
v 0.502986 -0.130755 -0.006353
v 0.504690 -0.028096 -0.006353
v 0.504816 -0.020458 -0.019313
v 0.504962 -0.011668 -0.035519
v 0.505092 -0.003853 -0.054391
v 0.505107 -0.002953 -0.074644
v 0.505107 -0.002953 -0.094896
v 0.505107 -0.002953 -0.109563
v 0.505107 -0.002953 -0.109563
v 0.504756 -0.024103 -0.129974
v 0.504487 -0.040306 -0.142410
v 0.504174 -0.059176 -0.150227
v 0.493605 -0.059808 0.140835
v 0.493589 -0.060759 0.137281
v 0.493905 -0.041690 0.133329
v 0.493875 -0.043529 0.130143
v 0.494164 -0.026132 0.121389
v 0.494120 -0.028733 0.118788
v 0.494362 -0.014194 0.105829
v 0.494309 -0.017379 0.103990
v 0.494486 -0.006689 0.087709
v 0.494427 -0.010241 0.086757
v 0.494529 -0.004129 0.068263
v 0.494468 -0.007808 0.068263
v 0.494486 -0.006689 0.048818
v 0.494427 -0.010241 0.049770
v 0.494362 -0.014194 0.030697
v 0.494309 -0.017379 0.032537
v 0.494164 -0.026132 0.015137
v 0.494120 -0.028733 0.017738
v 0.493905 -0.041690 0.003197
v 0.493875 -0.043529 0.006383
v 0.493605 -0.059808 -0.004308
v 0.493589 -0.060759 -0.000755
v 0.493282 -0.079251 -0.006868
v 0.492959 -0.098693 -0.004308
v 0.492975 -0.097741 -0.000755
v 0.492658 -0.116811 0.003197
v 0.492689 -0.114972 0.006383
v 0.492400 -0.132370 0.015137
v 0.492443 -0.129769 0.017738
v 0.492202 -0.144307 0.030697
v 0.492255 -0.141122 0.032537
v 0.492078 -0.151812 0.048818
v 0.492137 -0.148259 0.049770
v 0.492035 -0.154372 0.068263
v 0.492096 -0.150694 0.068263
v 0.492078 -0.151812 0.087709
v 0.492137 -0.148259 0.086756
v 0.492202 -0.144308 0.105829
v 0.492255 -0.141122 0.103990
v 0.492400 -0.132370 0.121389
v 0.492443 -0.129769 0.118788
v 0.492658 -0.116811 0.133329
v 0.492689 -0.114972 0.130143
v 0.492959 -0.098693 0.140835
v 0.492975 -0.097741 0.137281
v 0.493282 -0.079251 0.139716
v 0.493282 -0.079251 0.143395
v 0.479567 -0.079023 0.139716
v 0.479567 -0.079023 0.143395
v 0.479244 -0.098466 0.140835
v 0.479260 -0.097514 0.137281
v 0.478943 -0.116583 0.133329
v 0.478974 -0.114744 0.130143
v 0.478685 -0.132142 0.121389
v 0.478728 -0.129541 0.118788
v 0.478487 -0.144080 0.105829
v 0.478540 -0.140895 0.103990
v 0.478362 -0.151584 0.087709
v 0.478421 -0.148032 0.086756
v 0.478320 -0.154144 0.068263
v 0.478381 -0.150466 0.068263
v 0.478362 -0.151584 0.048818
v 0.478421 -0.148032 0.049770
v 0.478487 -0.144079 0.030697
v 0.478540 -0.140895 0.032537
v 0.478685 -0.132142 0.015137
v 0.478728 -0.129541 0.017738
v 0.478943 -0.116583 0.003197
v 0.478974 -0.114744 0.006383
v 0.479244 -0.098466 -0.004308
v 0.479260 -0.097514 -0.000755
v 0.479567 -0.079023 -0.006868
v 0.479889 -0.059580 -0.004308
v 0.479874 -0.060532 -0.000755
v 0.480190 -0.041462 0.003197
v 0.480160 -0.043301 0.006383
v 0.480448 -0.025905 0.015137
v 0.480405 -0.028505 0.017738
v 0.480647 -0.013966 0.030697
v 0.480594 -0.017152 0.032537
v 0.480771 -0.006461 0.048818
v 0.480712 -0.010014 0.049770
v 0.480814 -0.003902 0.068263
v 0.480753 -0.007580 0.068263
v 0.480771 -0.006461 0.087709
v 0.480712 -0.010014 0.086757
v 0.480647 -0.013966 0.105829
v 0.480594 -0.017152 0.103990
v 0.480448 -0.025905 0.121389
v 0.480405 -0.028505 0.118788
v 0.480190 -0.041462 0.133329
v 0.480160 -0.043301 0.130143
v 0.479889 -0.059580 0.140835
v 0.479874 -0.060532 0.137281
v 0.493282 -0.079251 0.143395
v 0.492959 -0.098693 0.140835
v 0.492975 -0.097741 0.137281
v 0.493282 -0.079251 0.139716
v 0.492658 -0.116811 0.133329
v 0.492689 -0.114972 0.130143
v 0.492400 -0.132370 0.121389
v 0.492443 -0.129769 0.118788
v 0.492202 -0.144308 0.105829
v 0.492255 -0.141122 0.103990
v 0.492078 -0.151812 0.087709
v 0.492137 -0.148259 0.086756
v 0.492035 -0.154372 0.068263
v 0.492096 -0.150694 0.068263
v 0.492078 -0.151812 0.048818
v 0.492137 -0.148259 0.049770
v 0.492202 -0.144307 0.030697
v 0.492255 -0.141122 0.032537
v 0.492400 -0.132370 0.015137
v 0.492443 -0.129769 0.017738
v 0.492658 -0.116811 0.003197
v 0.492689 -0.114972 0.006383
v 0.492959 -0.098693 -0.004308
v 0.492975 -0.097741 -0.000755
v 0.493282 -0.079251 -0.006868
v 0.493605 -0.059808 -0.004308
v 0.493589 -0.060759 -0.000755
v 0.493905 -0.041690 0.003197
v 0.493875 -0.043529 0.006383
v 0.494164 -0.026132 0.015137
v 0.494120 -0.028733 0.017738
v 0.494362 -0.014194 0.030697
v 0.494309 -0.017379 0.032537
v 0.494486 -0.006689 0.048818
v 0.494427 -0.010241 0.049770
v 0.494529 -0.004129 0.068263
v 0.494468 -0.007808 0.068263
v 0.494486 -0.006689 0.087709
v 0.494427 -0.010241 0.086757
v 0.494362 -0.014194 0.105829
v 0.494309 -0.017379 0.103990
v 0.494164 -0.026132 0.121389
v 0.494120 -0.028733 0.118788
v 0.493905 -0.041690 0.133329
v 0.493875 -0.043529 0.130143
v 0.493605 -0.059808 0.140835
v 0.493589 -0.060759 0.137281
v 0.493605 -0.059808 -0.147215
v 0.493589 -0.060759 -0.143662
v 0.493905 -0.041690 -0.139709
v 0.493875 -0.043529 -0.136524
v 0.494164 -0.026132 -0.127770
v 0.494120 -0.028733 -0.125168
v 0.494362 -0.014194 -0.112209
v 0.494309 -0.017379 -0.110370
v 0.494486 -0.006689 -0.094089
v 0.494427 -0.010241 -0.093137
v 0.494529 -0.004129 -0.074644
v 0.494468 -0.007808 -0.074644
v 0.494486 -0.006689 -0.055198
v 0.494427 -0.010241 -0.056150
v 0.494362 -0.014194 -0.037078
v 0.494309 -0.017379 -0.038917
v 0.494164 -0.026132 -0.021518
v 0.494120 -0.028733 -0.024119
v 0.493905 -0.041690 -0.009578
v 0.493875 -0.043529 -0.012763
v 0.493605 -0.059808 -0.002072
v 0.493589 -0.060759 -0.005625
v 0.493282 -0.079251 0.000488
v 0.493282 -0.079251 -0.003190
v 0.492959 -0.098693 -0.002072
v 0.492975 -0.097741 -0.005625
v 0.492658 -0.116811 -0.009578
v 0.492689 -0.114972 -0.012763
v 0.492400 -0.132370 -0.021517
v 0.492443 -0.129769 -0.024119
v 0.492202 -0.144307 -0.037078
v 0.492255 -0.141122 -0.038917
v 0.492078 -0.151812 -0.055198
v 0.492137 -0.148259 -0.056150
v 0.492035 -0.154372 -0.074643
v 0.492096 -0.150694 -0.074643
v 0.492078 -0.151812 -0.094089
v 0.492137 -0.148259 -0.093137
v 0.492202 -0.144308 -0.112209
v 0.492255 -0.141122 -0.110370
v 0.492400 -0.132370 -0.127769
v 0.492443 -0.129769 -0.125168
v 0.492658 -0.116811 -0.139709
v 0.492689 -0.114972 -0.136524
v 0.492959 -0.098693 -0.147215
v 0.492975 -0.097741 -0.143662
v 0.493282 -0.079251 -0.146096
v 0.493282 -0.079251 -0.149775
v 0.479567 -0.079023 -0.146096
v 0.479567 -0.079023 -0.149775
v 0.479244 -0.098466 -0.147215
v 0.479260 -0.097514 -0.143662
v 0.478943 -0.116583 -0.139709
v 0.478974 -0.114744 -0.136524
v 0.478685 -0.132142 -0.127769
v 0.478728 -0.129541 -0.125168
v 0.478487 -0.144080 -0.112209
v 0.478540 -0.140895 -0.110370
v 0.478362 -0.151584 -0.094089
v 0.478421 -0.148032 -0.093137
v 0.478320 -0.154144 -0.074643
v 0.478381 -0.150466 -0.074643
v 0.478362 -0.151584 -0.055198
v 0.478421 -0.148032 -0.056150
v 0.478487 -0.144079 -0.037078
v 0.478540 -0.140895 -0.038917
v 0.478685 -0.132142 -0.021517
v 0.478728 -0.129541 -0.024119
v 0.478943 -0.116583 -0.009578
v 0.478974 -0.114744 -0.012763
v 0.479244 -0.098466 -0.002072
v 0.479260 -0.097514 -0.005625
v 0.479567 -0.079023 0.000488
v 0.479567 -0.079023 -0.003190
v 0.479889 -0.059580 -0.002072
v 0.479874 -0.060532 -0.005625
v 0.480190 -0.041462 -0.009578
v 0.480160 -0.043301 -0.012763
v 0.480448 -0.025905 -0.021518
v 0.480405 -0.028505 -0.024119
v 0.480647 -0.013966 -0.037078
v 0.480594 -0.017152 -0.038917
v 0.480771 -0.006461 -0.055198
v 0.480712 -0.010014 -0.056150
v 0.480814 -0.003902 -0.074644
v 0.480753 -0.007580 -0.074644
v 0.480771 -0.006461 -0.094089
v 0.480712 -0.010014 -0.093137
v 0.480647 -0.013966 -0.112209
v 0.480594 -0.017152 -0.110370
v 0.480448 -0.025905 -0.127770
v 0.480405 -0.028505 -0.125168
v 0.480190 -0.041462 -0.139709
v 0.480160 -0.043301 -0.136524
v 0.479889 -0.059580 -0.147215
v 0.479874 -0.060532 -0.143662
v 0.493282 -0.079251 -0.149775
v 0.492959 -0.098693 -0.147215
v 0.492975 -0.097741 -0.143662
v 0.493282 -0.079251 -0.146096
v 0.492658 -0.116811 -0.139709
v 0.492689 -0.114972 -0.136524
v 0.492400 -0.132370 -0.127769
v 0.492443 -0.129769 -0.125168
v 0.492202 -0.144308 -0.112209
v 0.492255 -0.141122 -0.110370
v 0.492078 -0.151812 -0.094089
v 0.492137 -0.148259 -0.093137
v 0.492035 -0.154372 -0.074643
v 0.492096 -0.150694 -0.074643
v 0.492078 -0.151812 -0.055198
v 0.492137 -0.148259 -0.056150
v 0.492202 -0.144307 -0.037078
v 0.492255 -0.141122 -0.038917
v 0.492400 -0.132370 -0.021517
v 0.492443 -0.129769 -0.024119
v 0.492658 -0.116811 -0.009578
v 0.492689 -0.114972 -0.012763
v 0.492959 -0.098693 -0.002072
v 0.492975 -0.097741 -0.005625
v 0.493282 -0.079251 0.000488
v 0.493282 -0.079251 -0.003190
v 0.493605 -0.059808 -0.002072
v 0.493589 -0.060759 -0.005625
v 0.493905 -0.041690 -0.009578
v 0.493875 -0.043529 -0.012763
v 0.494164 -0.026132 -0.021518
v 0.494120 -0.028733 -0.024119
v 0.494362 -0.014194 -0.037078
v 0.494309 -0.017379 -0.038917
v 0.494486 -0.006689 -0.055198
v 0.494427 -0.010241 -0.056150
v 0.494529 -0.004129 -0.074644
v 0.494468 -0.007808 -0.074644
v 0.494486 -0.006689 -0.094089
v 0.494427 -0.010241 -0.093137
v 0.494362 -0.014194 -0.112209
v 0.494309 -0.017379 -0.110370
v 0.494164 -0.026132 -0.127770
v 0.494120 -0.028733 -0.125168
v 0.493905 -0.041690 -0.139709
v 0.493875 -0.043529 -0.136524
v 0.493605 -0.059808 -0.147215
v 0.493589 -0.060759 -0.143662
v -0.432171 0.281690 -0.275358
v -0.440602 0.297382 -0.289306
v -0.492916 0.328295 -0.316254
v -0.435274 0.267281 -0.291476
v -0.443384 0.284463 -0.303758
v -0.456474 0.300414 -0.313084
v -0.473652 0.314048 -0.318819
v -0.493748 0.324434 -0.320573
v -0.443890 0.253948 -0.306497
v -0.451109 0.272509 -0.317225
v -0.462782 0.290654 -0.324080
v -0.478112 0.307146 -0.326595
v -0.496056 0.320862 -0.324597
v -0.457434 0.242601 -0.319395
v -0.463252 0.262336 -0.328789
v -0.472696 0.282348 -0.333522
v -0.485123 0.301273 -0.333271
v -0.499685 0.317822 -0.328053
v -0.474981 0.234013 -0.329292
v -0.478984 0.254636 -0.337663
v -0.485541 0.276061 -0.340767
v -0.494206 0.296828 -0.338394
v -0.504387 0.315520 -0.330705
v -0.495335 0.228769 -0.335514
v -0.497233 0.249935 -0.343241
v -0.500442 0.272223 -0.345322
v -0.504742 0.294113 -0.341615
v -0.509840 0.314116 -0.332372
v -0.517110 0.227227 -0.337636
v -0.516756 0.248552 -0.345144
v -0.516382 0.271093 -0.346875
v -0.516013 0.293315 -0.342713
v -0.515675 0.313701 -0.332941
v -0.515390 0.330865 -0.318224
v -0.590661 0.335295 -0.249824
v -0.580773 0.341986 -0.269047
v -0.574929 0.342995 -0.240950
v -0.567929 0.348272 -0.261802
v -0.515256 0.338942 -0.213079
v -0.515094 0.348713 -0.233469
v -0.515025 0.352874 -0.255694
v -0.515053 0.351142 -0.278238
v -0.515178 0.343635 -0.299566
v -0.493544 0.336677 -0.215201
v -0.495628 0.346682 -0.235372
v -0.499131 0.351217 -0.257247
v -0.503815 0.349971 -0.279337
v -0.509360 0.343029 -0.300135
v -0.473375 0.330761 -0.221423
v -0.477544 0.341378 -0.240950
v -0.484366 0.346885 -0.261802
v -0.493375 0.346908 -0.282557
v -0.503957 0.341444 -0.301802
v -0.456123 0.321595 -0.231320
v -0.462076 0.333161 -0.249824
v -0.471736 0.340176 -0.269047
v -0.484444 0.342163 -0.287680
v -0.499334 0.338988 -0.304454
v -0.442963 0.309805 -0.244218
v -0.450278 0.322589 -0.261388
v -0.462103 0.331545 -0.278489
v -0.477632 0.336060 -0.294357
v -0.495808 0.335829 -0.307910
v -0.434794 0.296195 -0.259239
v -0.442954 0.310386 -0.274855
v -0.456123 0.321581 -0.289485
v -0.473404 0.329015 -0.302132
v -0.493619 0.332182 -0.311935
v -0.454203 0.310963 -0.301285
v -0.472046 0.321506 -0.310476
v -0.539173 0.227593 -0.337636
v -0.538819 0.248919 -0.345144
v -0.538445 0.271459 -0.346875
v -0.538076 0.293681 -0.342713
v -0.537738 0.314068 -0.332941
v -0.560885 0.229857 -0.335514
v -0.558286 0.250948 -0.343241
v -0.554340 0.273117 -0.345322
v -0.549315 0.294853 -0.341615
v -0.543555 0.314675 -0.332372
v -0.581054 0.235774 -0.329292
v -0.576369 0.256253 -0.337663
v -0.569105 0.277448 -0.340767
v -0.559756 0.297916 -0.338394
v -0.548960 0.316260 -0.330705
v -0.598306 0.244939 -0.319395
v -0.591836 0.264471 -0.328789
v -0.581733 0.284158 -0.333522
v -0.568686 0.302660 -0.333271
v -0.553583 0.318716 -0.328053
v -0.611465 0.256729 -0.306497
v -0.603634 0.275041 -0.317225
v -0.591366 0.292789 -0.324080
v -0.575497 0.308762 -0.326595
v -0.557109 0.321875 -0.324597
v -0.619635 0.270341 -0.291476
v -0.610959 0.287244 -0.303758
v -0.597347 0.302752 -0.313084
v -0.579726 0.315809 -0.318819
v -0.559298 0.325522 -0.320573
v -0.622257 0.284845 -0.275358
v -0.613310 0.300249 -0.289306
v -0.599267 0.313371 -0.301285
v -0.581084 0.323316 -0.310476
v -0.560000 0.329408 -0.316254
v -0.619155 0.299255 -0.259239
v -0.610529 0.313167 -0.274855
v -0.596995 0.323919 -0.289485
v -0.579478 0.330776 -0.302132
v -0.559169 0.333270 -0.311935
v -0.610538 0.312586 -0.244218
v -0.602803 0.325121 -0.261388
v -0.590688 0.333679 -0.278489
v -0.575017 0.337676 -0.294357
v -0.556860 0.336842 -0.307910
v -0.537453 0.331231 -0.318224
v -0.596995 0.323933 -0.231320
v -0.568008 0.343550 -0.287680
v -0.553231 0.339882 -0.304454
v -0.579449 0.332521 -0.221423
v -0.558925 0.347996 -0.282557
v -0.548530 0.342184 -0.301802
v -0.559094 0.337765 -0.215201
v -0.556680 0.347696 -0.235372
v -0.553028 0.352112 -0.257247
v -0.548388 0.350710 -0.279337
v -0.543076 0.343588 -0.300135
v -0.537319 0.339308 -0.213079
v -0.537157 0.349079 -0.233469
v -0.537088 0.353240 -0.255694
v -0.537116 0.351508 -0.278238
v -0.537241 0.344001 -0.299566
v -0.442416 -0.335511 -0.275357
v -0.451362 -0.350914 -0.289306
v -0.504674 -0.380075 -0.316254
v -0.445038 -0.321006 -0.291476
v -0.453714 -0.337910 -0.303758
v -0.467326 -0.353418 -0.313084
v -0.484947 -0.366474 -0.318819
v -0.505376 -0.376188 -0.320573
v -0.453208 -0.307395 -0.306497
v -0.461038 -0.325706 -0.317225
v -0.473307 -0.343454 -0.324080
v -0.489176 -0.359429 -0.326595
v -0.507565 -0.372541 -0.324597
v -0.466367 -0.295605 -0.319395
v -0.472837 -0.315136 -0.328789
v -0.482940 -0.334823 -0.333522
v -0.495988 -0.353325 -0.333271
v -0.511091 -0.369382 -0.328053
v -0.483619 -0.286439 -0.329292
v -0.488304 -0.306918 -0.337663
v -0.495569 -0.328114 -0.340767
v -0.504918 -0.348581 -0.338394
v -0.515714 -0.366926 -0.330705
v -0.503789 -0.280523 -0.335514
v -0.506388 -0.301614 -0.343241
v -0.510334 -0.323783 -0.345322
v -0.515359 -0.345519 -0.341615
v -0.521118 -0.365341 -0.332372
v -0.525500 -0.278259 -0.337636
v -0.525854 -0.299584 -0.345144
v -0.526228 -0.322125 -0.346875
v -0.526597 -0.344347 -0.342713
v -0.526935 -0.364734 -0.332941
v -0.527220 -0.381897 -0.318224
v -0.602597 -0.383826 -0.249824
v -0.592937 -0.390841 -0.269047
v -0.587129 -0.392044 -0.240950
v -0.580308 -0.397551 -0.261802
v -0.527354 -0.389974 -0.213079
v -0.527516 -0.399744 -0.233469
v -0.527585 -0.403906 -0.255694
v -0.527557 -0.402174 -0.278238
v -0.527432 -0.394668 -0.299566
v -0.505580 -0.388431 -0.215201
v -0.507994 -0.398361 -0.235372
v -0.511645 -0.402777 -0.257247
v -0.516286 -0.401376 -0.279337
v -0.521597 -0.394254 -0.300135
v -0.485225 -0.383187 -0.221423
v -0.489744 -0.393660 -0.240950
v -0.496745 -0.398938 -0.261802
v -0.505749 -0.398661 -0.282557
v -0.516144 -0.392849 -0.301802
v -0.467678 -0.374599 -0.231320
v -0.474012 -0.385960 -0.249824
v -0.483900 -0.392651 -0.269047
v -0.496666 -0.394216 -0.287680
v -0.511443 -0.390548 -0.304454
v -0.454135 -0.363252 -0.244218
v -0.461870 -0.375787 -0.261388
v -0.473985 -0.384345 -0.278489
v -0.489656 -0.388342 -0.294357
v -0.507814 -0.387508 -0.307910
v -0.445518 -0.349920 -0.259239
v -0.454144 -0.363833 -0.274855
v -0.467678 -0.374585 -0.289485
v -0.485196 -0.381441 -0.302132
v -0.505505 -0.383936 -0.311935
v -0.465406 -0.364036 -0.301285
v -0.483590 -0.373982 -0.310476
v -0.547563 -0.277893 -0.337636
v -0.547917 -0.299218 -0.345144
v -0.548291 -0.321759 -0.346875
v -0.548660 -0.343981 -0.342713
v -0.548998 -0.364368 -0.332941
v -0.569339 -0.279435 -0.335514
v -0.567441 -0.300600 -0.343241
v -0.564232 -0.322889 -0.345322
v -0.559932 -0.344779 -0.341615
v -0.554833 -0.364781 -0.332372
v -0.589692 -0.284679 -0.329292
v -0.585689 -0.305302 -0.337663
v -0.579133 -0.326727 -0.340767
v -0.570468 -0.347493 -0.338394
v -0.560287 -0.366186 -0.330705
v -0.607239 -0.293267 -0.319395
v -0.601421 -0.313002 -0.328789
v -0.591977 -0.333013 -0.333522
v -0.579551 -0.351938 -0.333271
v -0.564989 -0.368487 -0.328053
v -0.620782 -0.304614 -0.306497
v -0.613563 -0.323175 -0.317225
v -0.601891 -0.341320 -0.324080
v -0.586561 -0.357813 -0.326595
v -0.568618 -0.371527 -0.324597
v -0.629399 -0.317946 -0.291476
v -0.621289 -0.335128 -0.303758
v -0.608199 -0.351080 -0.313084
v -0.591021 -0.364714 -0.318819
v -0.570926 -0.375100 -0.320573
v -0.632501 -0.332356 -0.275357
v -0.624071 -0.348048 -0.289306
v -0.610470 -0.361629 -0.301285
v -0.592628 -0.372172 -0.310476
v -0.571758 -0.378961 -0.316254
v -0.629879 -0.346860 -0.259239
v -0.621719 -0.361052 -0.274855
v -0.608550 -0.372247 -0.289485
v -0.591270 -0.379681 -0.302132
v -0.571055 -0.382848 -0.311935
v -0.621710 -0.360471 -0.244218
v -0.614395 -0.373255 -0.261388
v -0.602570 -0.382210 -0.278489
v -0.587040 -0.386726 -0.294357
v -0.568866 -0.386494 -0.307910
v -0.549283 -0.381531 -0.318224
v -0.608550 -0.372261 -0.231320
v -0.580230 -0.392829 -0.287680
v -0.565340 -0.389653 -0.304454
v -0.591299 -0.381426 -0.221423
v -0.571299 -0.397574 -0.282557
v -0.560717 -0.392109 -0.301802
v -0.571130 -0.387343 -0.215201
v -0.569046 -0.397348 -0.235372
v -0.565543 -0.401883 -0.257247
v -0.560859 -0.400636 -0.279337
v -0.555313 -0.393694 -0.300135
v -0.549417 -0.389608 -0.213079
v -0.549579 -0.399378 -0.233469
v -0.549648 -0.403540 -0.255694
v -0.549620 -0.401808 -0.278238
v -0.549495 -0.394302 -0.299566
v -0.432172 0.281690 0.275358
v -0.440602 0.297382 0.289306
v -0.492916 0.328295 0.316254
v -0.435274 0.267281 0.291476
v -0.443384 0.284463 0.303758
v -0.456474 0.300414 0.313084
v -0.473652 0.314048 0.318820
v -0.493748 0.324434 0.320573
v -0.443891 0.253948 0.306497
v -0.451109 0.272509 0.317225
v -0.462782 0.290654 0.324080
v -0.478112 0.307146 0.326595
v -0.496056 0.320862 0.324597
v -0.457434 0.242601 0.319395
v -0.463252 0.262336 0.328789
v -0.472696 0.282348 0.333522
v -0.485123 0.301273 0.333271
v -0.499685 0.317822 0.328053
v -0.474981 0.234013 0.329292
v -0.478984 0.254636 0.337663
v -0.485541 0.276061 0.340767
v -0.494206 0.296828 0.338394
v -0.504387 0.315520 0.330705
v -0.495335 0.228769 0.335514
v -0.497233 0.249935 0.343241
v -0.500442 0.272223 0.345322
v -0.504742 0.294113 0.341615
v -0.509840 0.314116 0.332372
v -0.517110 0.227227 0.337636
v -0.516756 0.248552 0.345144
v -0.516382 0.271093 0.346875
v -0.516013 0.293314 0.342713
v -0.515675 0.313701 0.332941
v -0.515390 0.330865 0.318224
v -0.590661 0.335295 0.249824
v -0.580773 0.341986 0.269047
v -0.574929 0.342995 0.240950
v -0.567929 0.348272 0.261802
v -0.515256 0.338942 0.213079
v -0.515094 0.348713 0.233469
v -0.515025 0.352874 0.255694
v -0.515053 0.351142 0.278238
v -0.515178 0.343635 0.299566
v -0.493544 0.336677 0.215201
v -0.495628 0.346682 0.235372
v -0.499131 0.351217 0.257247
v -0.503815 0.349971 0.279337
v -0.509360 0.343029 0.300135
v -0.473375 0.330761 0.221423
v -0.477544 0.341378 0.240950
v -0.484366 0.346885 0.261802
v -0.493375 0.346908 0.282557
v -0.503957 0.341444 0.301802
v -0.456123 0.321595 0.231320
v -0.462076 0.333161 0.249824
v -0.471736 0.340176 0.269047
v -0.484444 0.342163 0.287680
v -0.499334 0.338988 0.304454
v -0.442963 0.309805 0.244218
v -0.450278 0.322589 0.261388
v -0.462103 0.331545 0.278489
v -0.477632 0.336060 0.294357
v -0.495808 0.335829 0.307910
v -0.434794 0.296194 0.259239
v -0.442954 0.310386 0.274855
v -0.456123 0.321581 0.289485
v -0.473404 0.329015 0.302132
v -0.493619 0.332182 0.311935
v -0.454203 0.310963 0.301285
v -0.472046 0.321506 0.310476
v -0.539173 0.227593 0.337636
v -0.538819 0.248919 0.345144
v -0.538445 0.271459 0.346875
v -0.538076 0.293680 0.342713
v -0.537738 0.314068 0.332941
v -0.560885 0.229857 0.335514
v -0.558286 0.250948 0.343241
v -0.554340 0.273117 0.345322
v -0.549315 0.294853 0.341615
v -0.543555 0.314675 0.332372
v -0.581054 0.235774 0.329292
v -0.576369 0.256253 0.337663
v -0.569105 0.277448 0.340767
v -0.559756 0.297916 0.338394
v -0.548960 0.316260 0.330705
v -0.598306 0.244939 0.319395
v -0.591836 0.264471 0.328789
v -0.581733 0.284158 0.333522
v -0.568686 0.302660 0.333271
v -0.553583 0.318716 0.328053
v -0.611465 0.256729 0.306497
v -0.603634 0.275041 0.317225
v -0.591366 0.292789 0.324080
v -0.575497 0.308762 0.326595
v -0.557109 0.321875 0.324597
v -0.619635 0.270341 0.291476
v -0.610959 0.287244 0.303758
v -0.597347 0.302752 0.313084
v -0.579726 0.315809 0.318820
v -0.559298 0.325522 0.320573
v -0.622257 0.284845 0.275358
v -0.613310 0.300249 0.289306
v -0.599267 0.313371 0.301285
v -0.581084 0.323316 0.310476
v -0.560000 0.329408 0.316254
v -0.619155 0.299254 0.259239
v -0.610529 0.313167 0.274855
v -0.596995 0.323919 0.289485
v -0.579478 0.330776 0.302132
v -0.559169 0.333270 0.311935
v -0.610538 0.312586 0.244218
v -0.602803 0.325121 0.261388
v -0.590688 0.333679 0.278489
v -0.575017 0.337676 0.294357
v -0.556860 0.336842 0.307910
v -0.537453 0.331231 0.318224
v -0.596995 0.323933 0.231320
v -0.568008 0.343550 0.287680
v -0.553231 0.339882 0.304454
v -0.579449 0.332521 0.221423
v -0.558925 0.347996 0.282557
v -0.548530 0.342184 0.301802
v -0.559094 0.337765 0.215201
v -0.556680 0.347696 0.235372
v -0.553028 0.352112 0.257247
v -0.548388 0.350710 0.279337
v -0.543076 0.343588 0.300135
v -0.537319 0.339308 0.213079
v -0.537157 0.349079 0.233469
v -0.537088 0.353240 0.255694
v -0.537116 0.351508 0.278238
v -0.537241 0.344001 0.299566
v -0.442416 -0.335511 0.275358
v -0.451363 -0.350914 0.289306
v -0.504674 -0.380075 0.316254
v -0.445038 -0.321006 0.291476
v -0.453714 -0.337910 0.303758
v -0.467326 -0.353418 0.313084
v -0.484947 -0.366474 0.318820
v -0.505376 -0.376188 0.320573
v -0.453208 -0.307395 0.306497
v -0.461039 -0.325706 0.317225
v -0.473307 -0.343454 0.324080
v -0.489176 -0.359429 0.326595
v -0.507565 -0.372541 0.324597
v -0.466367 -0.295605 0.319395
v -0.472837 -0.315136 0.328789
v -0.482940 -0.334823 0.333522
v -0.495988 -0.353325 0.333271
v -0.511091 -0.369382 0.328053
v -0.483619 -0.286439 0.329292
v -0.488304 -0.306918 0.337663
v -0.495569 -0.328114 0.340767
v -0.504918 -0.348581 0.338394
v -0.515714 -0.366926 0.330705
v -0.503789 -0.280523 0.335514
v -0.506388 -0.301614 0.343241
v -0.510334 -0.323783 0.345322
v -0.515359 -0.345519 0.341615
v -0.521118 -0.365341 0.332372
v -0.525500 -0.278259 0.337636
v -0.525854 -0.299584 0.345144
v -0.526228 -0.322125 0.346875
v -0.526597 -0.344347 0.342713
v -0.526935 -0.364734 0.332941
v -0.527220 -0.381898 0.318224
v -0.602597 -0.383826 0.249824
v -0.592937 -0.390841 0.269047
v -0.587129 -0.392044 0.240950
v -0.580308 -0.397551 0.261802
v -0.527354 -0.389974 0.213079
v -0.527516 -0.399744 0.233469
v -0.527585 -0.403906 0.255694
v -0.527557 -0.402174 0.278238
v -0.527432 -0.394668 0.299566
v -0.505580 -0.388431 0.215201
v -0.507994 -0.398361 0.235372
v -0.511645 -0.402777 0.257247
v -0.516286 -0.401376 0.279337
v -0.521597 -0.394254 0.300135
v -0.485225 -0.383187 0.221423
v -0.489744 -0.393660 0.240950
v -0.496745 -0.398938 0.261802
v -0.505749 -0.398661 0.282557
v -0.516144 -0.392849 0.301802
v -0.467678 -0.374599 0.231320
v -0.474012 -0.385960 0.249824
v -0.483900 -0.392651 0.269047
v -0.496666 -0.394216 0.287680
v -0.511443 -0.390548 0.304454
v -0.454135 -0.363252 0.244218
v -0.461870 -0.375787 0.261388
v -0.473985 -0.384345 0.278489
v -0.489656 -0.388342 0.294357
v -0.507814 -0.387508 0.307910
v -0.445518 -0.349920 0.259239
v -0.454144 -0.363833 0.274855
v -0.467678 -0.374585 0.289485
v -0.485196 -0.381441 0.302132
v -0.505505 -0.383936 0.311935
v -0.465406 -0.364036 0.301285
v -0.483590 -0.373982 0.310476
v -0.547563 -0.277893 0.337636
v -0.547917 -0.299218 0.345144
v -0.548291 -0.321759 0.346875
v -0.548660 -0.343981 0.342713
v -0.548998 -0.364368 0.332941
v -0.569339 -0.279435 0.335514
v -0.567441 -0.300600 0.343241
v -0.564232 -0.322889 0.345322
v -0.559932 -0.344779 0.341615
v -0.554833 -0.364781 0.332372
v -0.589692 -0.284679 0.329292
v -0.585689 -0.305302 0.337663
v -0.579133 -0.326727 0.340767
v -0.570468 -0.347493 0.338394
v -0.560287 -0.366186 0.330705
v -0.607239 -0.293267 0.319395
v -0.601421 -0.313002 0.328789
v -0.591977 -0.333013 0.333522
v -0.579551 -0.351938 0.333271
v -0.564989 -0.368487 0.328053
v -0.620782 -0.304614 0.306497
v -0.613563 -0.323175 0.317225
v -0.601891 -0.341320 0.324080
v -0.586561 -0.357813 0.326595
v -0.568618 -0.371527 0.324597
v -0.629399 -0.317946 0.291476
v -0.621289 -0.335128 0.303758
v -0.608199 -0.351080 0.313084
v -0.591021 -0.364714 0.318820
v -0.570926 -0.375100 0.320573
v -0.632501 -0.332356 0.275358
v -0.624071 -0.348048 0.289306
v -0.610470 -0.361629 0.301285
v -0.592628 -0.372172 0.310476
v -0.571758 -0.378961 0.316254
v -0.629879 -0.346860 0.259239
v -0.621719 -0.361052 0.274855
v -0.608550 -0.372247 0.289485
v -0.591270 -0.379681 0.302132
v -0.571055 -0.382848 0.311935
v -0.621710 -0.360471 0.244218
v -0.614395 -0.373256 0.261388
v -0.602570 -0.382210 0.278489
v -0.587040 -0.386726 0.294357
v -0.568866 -0.386494 0.307910
v -0.549283 -0.381532 0.318224
v -0.608550 -0.372261 0.231320
v -0.580230 -0.392829 0.287680
v -0.565340 -0.389653 0.304454
v -0.591299 -0.381426 0.221423
v -0.571299 -0.397574 0.282557
v -0.560717 -0.392109 0.301802
v -0.571130 -0.387343 0.215201
v -0.569046 -0.397348 0.235372
v -0.565543 -0.401883 0.257247
v -0.560859 -0.400636 0.279337
v -0.555313 -0.393694 0.300135
v -0.549417 -0.389608 0.213079
v -0.549579 -0.399378 0.233469
v -0.549648 -0.403540 0.255694
v -0.549620 -0.401808 0.278238
v -0.549495 -0.394302 0.299566
vn 0.0166 0.9999 -0.0000
vn 0.2124 -0.0035 -0.9772
vn -0.0166 -0.9999 -0.0000
vn -0.0000 -0.0000 -1.0000
vn 0.9999 -0.0166 -0.0000
vn 0.2124 -0.0035 0.9772
vn -0.0000 -0.0000 1.0000
vn 0.3696 0.9292 -0.0000
vn -0.9839 -0.1788 -0.0000
vn -0.8406 -0.5416 -0.0000
vn -0.5692 -0.8222 -0.0000
vn -0.2114 -0.9774 -0.0000
vn -0.9999 0.0166 -0.0000
vn -0.0000 -0.0002 1.0000
vn 0.0290 0.0644 0.9975
vn 0.0207 0.0659 0.9976
vn 0.0301 0.0643 0.9975
vn 0.2739 0.9618 -0.0000
vn 0.0200 0.0577 -0.9981
vn 0.0047 0.0623 -0.9980
vn 0.0011 0.0633 -0.9980
vn -0.8966 0.4428 -0.0000
vn 0.8239 -0.5667 -0.0000
vn 0.9512 -0.3087 -0.0000
vn -0.7327 0.6805 -0.0000
vn 0.0207 0.0659 -0.9976
vn 0.0290 0.0644 -0.9975
vn 0.0301 0.0643 -0.9975
vn 0.0047 0.0623 0.9980
vn 0.0200 0.0577 0.9981
vn 0.0011 0.0633 0.9980
vn -0.1944 -0.9809 -0.0000
vn -0.0667 0.0011 0.9978
vn -0.0667 0.0011 -0.9978
vn 0.2102 0.9777 -0.0000
vn 0.0819 0.0240 -0.9964
vn 0.0819 0.0240 0.9964
vn 0.9996 -0.0279 -0.0000
vn 0.4042 0.4702 0.7846
vn 0.4036 0.4697 0.7852
vn 0.4042 0.4702 -0.7846
vn 0.4036 0.4697 -0.7852
vn 0.4043 0.4702 -0.7845
vn 0.0120 0.7222 -0.6916
vn -0.7222 0.0120 -0.6916
vn 0.7222 -0.0120 -0.6916
vn -0.0120 -0.7222 -0.6916
vn -0.7447 0.0124 0.6673
vn 0.0124 0.7447 0.6673
vn -0.0124 -0.7447 0.6673
vn 0.7447 -0.0124 0.6672
vn 0.0120 0.7222 0.6916
vn -0.7222 0.0120 0.6916
vn 0.7222 -0.0120 0.6916
vn -0.0120 -0.7222 0.6916
vn -0.7447 0.0124 -0.6673
vn 0.0124 0.7447 -0.6673
vn -0.0124 -0.7447 -0.6673
vn 0.7447 -0.0124 -0.6672
vn 0.0115 0.6930 0.7209
vn 0.0115 0.6930 -0.7209
vn -0.0070 -0.4200 -0.9075
vn -0.0070 -0.4200 0.9075
vn 0.0070 0.4200 0.9075
vn 0.0070 0.4200 -0.9075
vn -0.0133 -0.7995 0.6005
vn 0.0099 0.5992 0.8005
vn 0.0133 0.7995 -0.6005
vn -0.0133 -0.7995 -0.6005
vn 0.0099 0.5992 -0.8005
vn 0.0133 0.7995 0.6005
vn -0.1763 -0.9843 -0.0000
vn 0.1763 0.9843 -0.0000
vn -0.9844 0.1761 -0.0000
vn -0.9843 0.1764 -0.0000
vn 0.8708 -0.1561 -0.4661
vn 0.8709 -0.1559 -0.4661
vn 0.8709 -0.1559 0.4661
vn 0.8708 -0.1561 0.4661
vn 0.9843 -0.1764 -0.0000
vn 0.0014 0.0862 -0.9963
vn 0.0919 0.9840 -0.1526
vn 0.0890 0.9506 -0.2973
vn 0.1740 0.9731 -0.1511
vn 0.1684 0.9407 -0.2945
vn 0.9999 -0.0166 -0.0001
vn 0.0057 0.3437 -0.9391
vn 0.0057 0.3436 -0.9391
vn 0.0110 0.6623 -0.7492
vn 0.0150 0.9055 -0.4240
vn 0.0162 0.9750 -0.2216
vn 0.0162 0.9750 0.2216
vn 0.0150 0.9056 0.4239
vn 0.0110 0.6624 0.7491
vn 0.0057 0.3435 0.9391
vn 0.0014 0.0860 0.9963
vn 0.9999 -0.0166 0.0001
vn -0.0151 -0.9112 0.4118
vn 0.0068 0.4117 0.9113
vn 0.0151 0.9112 -0.4118
vn -0.0068 -0.4117 -0.9113
vn -0.0099 -0.5974 -0.8019
vn -0.0133 -0.8019 0.5973
vn 0.0099 0.5973 0.8020
vn 0.0133 0.8018 -0.5975
vn 0.0151 0.9112 0.4118
vn -0.0068 -0.4117 0.9113
vn -0.0151 -0.9112 -0.4118
vn 0.0068 0.4117 -0.9113
vn 0.0099 0.5973 -0.8020
vn 0.0133 0.8018 0.5975
vn -0.0099 -0.5974 0.8019
vn -0.0133 -0.8019 -0.5973
vn 0.1643 -0.0027 -0.9864
vn -0.0022 -0.1304 0.9915
vn -0.0022 -0.1306 -0.9914
vn 0.0022 0.1306 -0.9914
vn 0.0022 0.1304 0.9915
vn 0.0043 0.2588 -0.9659
vn 0.0160 0.9658 0.2588
vn -0.0117 -0.7070 -0.7071
vn -0.0144 -0.8659 -0.5000
vn -0.0160 -0.9658 0.2588
vn 0.0083 0.4999 -0.8660
vn 0.0160 0.9658 -0.2588
vn 0.0144 0.8659 -0.5000
vn -0.0043 -0.2588 -0.9659
vn -0.0083 -0.4999 -0.8660
vn 0.0043 0.2588 0.9659
vn 0.0083 0.5000 0.8660
vn 0.0117 0.7070 0.7071
vn -0.0144 -0.8659 0.5000
vn 0.0117 0.7070 -0.7071
vn 0.0144 0.8659 0.5000
vn -0.0083 -0.4999 0.8660
vn -0.0043 -0.2588 0.9659
vn 0.0083 0.4999 0.8660
vn -0.0160 -0.9658 -0.2588
vn -0.0117 -0.7070 0.7071
vn -0.0124 -0.7472 -0.6644
vn -0.0124 -0.7472 0.6644
vn 0.0124 0.7472 0.6644
vn 0.0124 0.7472 -0.6644
vn -0.1330 -0.9720 0.1938
vn -0.1333 -0.9911 -0.0000
vn -0.1285 -0.7002 0.7023
vn -0.1305 -0.8237 0.5518
vn -0.1320 -0.9155 0.3801
vn -0.1006 0.9759 -0.1938
vn -0.1003 0.9950 -0.0000
vn -0.1006 0.9759 -0.1937
vn -0.1330 -0.9720 -0.1938
vn -0.1320 -0.9155 -0.3801
vn -0.1305 -0.8237 -0.5518
vn -0.1285 -0.7002 -0.7023
vn -0.1168 0.0019 -0.9932
vn -0.1136 0.1957 -0.9741
vn -0.1136 0.1957 0.9741
vn -0.1168 0.0019 0.9932
vn -0.1031 0.8276 -0.5518
vn -0.1016 0.9194 -0.3801
vn -0.1200 -0.1918 0.9741
vn -0.1105 0.3820 -0.9176
vn -0.1260 -0.5497 -0.8258
vn -0.1077 0.5536 0.8258
vn -0.1105 0.3819 0.9176
vn -0.1231 -0.3781 -0.9176
vn -0.1260 -0.5497 0.8258
vn -0.1077 0.5536 -0.8258
vn -0.1052 0.7041 -0.7023
vn -0.1052 0.7041 0.7023
vn -0.1231 -0.3781 0.9176
vn -0.1016 0.9194 0.3801
vn -0.1031 0.8276 0.5518
vn -0.1200 -0.1918 -0.9741
vn -0.1006 0.9759 0.1938
vn -0.1105 0.3820 0.9176
vn 0.0886 0.4970 0.8632
vn 0.0846 0.2566 0.9628
vn 0.0760 -0.2593 0.9628
vn 0.0721 -0.4996 0.8632
vn 0.0686 -0.7061 0.7048
vn 0.0660 -0.8644 0.4984
vn 0.0643 -0.9640 0.2580
vn 0.0638 -0.9980 -0.0000
vn 0.0643 -0.9640 -0.2580
vn 0.0660 -0.8644 -0.4984
vn 0.0686 -0.7061 -0.7048
vn 0.0721 -0.4996 -0.8632
vn 0.0760 -0.2593 -0.9628
vn 0.0803 -0.0013 -0.9968
vn 0.0846 0.2566 -0.9628
vn 0.0886 0.4970 -0.8632
vn 0.0920 0.7034 -0.7048
vn 0.0947 0.8618 -0.4984
vn 0.0963 0.9613 -0.2580
vn 0.0969 0.9953 -0.0000
vn 0.0963 0.9613 0.2580
vn 0.0947 0.8618 0.4984
vn 0.0920 0.7034 0.7048
vn 0.0803 -0.0013 0.9968
vn 0.1633 0.2528 0.9536
vn 0.1591 -0.0026 0.9873
vn 0.1673 0.4909 0.8550
vn 0.1707 0.6954 0.6981
vn 0.1733 0.8522 0.4936
vn 0.1749 0.9509 0.2555
vn 0.1755 0.9845 -0.0000
vn 0.1749 0.9509 -0.2555
vn 0.1733 0.8522 -0.4936
vn 0.1707 0.6954 -0.6981
vn 0.1673 0.4909 -0.8550
vn 0.1633 0.2528 -0.9536
vn 0.1591 -0.0026 -0.9873
vn 0.1548 -0.2581 -0.9536
vn 0.1509 -0.4962 -0.8550
vn 0.1475 -0.7007 -0.6981
vn 0.1449 -0.8575 -0.4936
vn 0.1433 -0.9561 -0.2555
vn 0.1427 -0.9898 -0.0000
vn 0.1433 -0.9561 0.2555
vn 0.1449 -0.8575 0.4936
vn 0.1475 -0.7006 0.6981
vn 0.1509 -0.4962 0.8550
vn 0.1548 -0.2581 0.9536
vn -0.1074 0.2591 0.9599
vn -0.1117 0.0019 0.9937
vn -0.1034 0.4987 0.8606
vn -0.1000 0.7044 0.7027
vn -0.0974 0.8623 0.4969
vn -0.0957 0.9616 0.2572
vn -0.0952 0.9955 -0.0000
vn -0.0957 0.9616 -0.2572
vn -0.0974 0.8624 -0.4968
vn -0.1000 0.7045 -0.7026
vn -0.1034 0.4986 -0.8606
vn -0.1074 0.2590 -0.9599
vn -0.1117 0.0019 -0.9937
vn -0.1159 -0.2553 -0.9599
vn -0.1199 -0.4949 -0.8606
vn -0.1233 -0.7007 -0.7027
vn -0.1260 -0.8587 -0.4968
vn -0.1276 -0.9579 -0.2572
vn -0.1282 -0.9918 -0.0000
vn -0.1276 -0.9579 0.2572
vn -0.1260 -0.8586 0.4969
vn -0.1233 -0.7007 0.7027
vn -0.1199 -0.4950 0.8606
vn -0.0083 -0.5000 0.8660
vn -0.1159 -0.2554 0.9599
vn -0.0043 -0.2589 0.9659
vn -0.2100 0.8476 0.4873
vn -0.2159 0.4910 -0.8440
vn -0.2126 0.6928 -0.6891
vn -0.2321 -0.4835 -0.8440
vn -0.2380 -0.8402 0.4873
vn -0.2396 -0.9375 0.2523
vn -0.2159 0.4910 0.8440
vn -0.2100 0.8476 -0.4873
vn -0.2084 0.9450 -0.2523
vn -0.2198 0.2559 0.9414
vn -0.2240 0.0037 0.9746
vn -0.2282 -0.2484 -0.9414
vn -0.2240 0.0037 -0.9746
vn -0.2402 -0.9707 -0.0000
vn -0.2396 -0.9375 -0.2523
vn -0.2282 -0.2485 0.9414
vn -0.2321 -0.4835 0.8440
vn -0.2078 0.9782 -0.0000
vn -0.2084 0.9450 0.2523
vn -0.2354 -0.6853 -0.6891
vn -0.2125 0.6928 0.6891
vn -0.2198 0.2558 -0.9414
vn -0.2380 -0.8402 -0.4873
vn -0.2354 -0.6853 0.6892
vn -0.4722 0.0078 -0.8815
vn -0.8856 0.4645 -0.0000
vn -0.9005 -0.4349 -0.0000
vn 0.0087 0.5241 0.8516
vn -0.4719 0.0078 -0.8816
vn -0.7308 0.0121 0.6825
vn -0.0087 -0.5243 0.8515
vn -0.9995 0.0166 -0.0265
vn -0.0087 -0.5241 0.8516
vn -0.0441 0.0007 0.9990
vn -0.0398 0.2593 0.9650
vn -0.0358 0.5002 0.8652
vn -0.0324 0.7071 0.7064
vn -0.0297 0.8658 0.4995
vn -0.0281 0.9656 0.2586
vn -0.0275 0.9996 -0.0000
vn -0.0281 0.9656 -0.2585
vn -0.0297 0.8658 -0.4995
vn -0.0324 0.7071 -0.7064
vn -0.0358 0.5002 -0.8652
vn -0.0398 0.2593 -0.9650
vn -0.0441 0.0007 -0.9990
vn -0.0484 -0.2578 -0.9650
vn -0.0524 -0.4987 -0.8652
vn -0.0558 -0.7056 -0.7064
vn -0.0584 -0.8643 -0.4995
vn -0.0601 -0.9641 -0.2585
vn -0.0601 -0.9641 -0.2586
vn -0.0607 -0.9982 -0.0000
vn -0.0601 -0.9641 0.2586
vn -0.0584 -0.8643 0.4995
vn -0.0558 -0.7056 0.7064
vn -0.0524 -0.4987 0.8652
vn 0.0129 -0.9659 0.2587
vn 0.0145 -0.8660 0.4998
vn -0.0484 -0.2578 0.9650
vn -0.1756 0.6976 0.6946
vn -0.1790 0.4942 0.8507
vn -0.2035 -0.9791 -0.0000
vn -0.2029 -0.9456 -0.2542
vn -0.2029 -0.9456 -0.2543
vn -0.1829 0.2573 -0.9488
vn -0.1790 0.4942 -0.8507
vn -0.1731 0.8537 0.4911
vn -0.2029 -0.9456 0.2543
vn -0.1872 0.0031 -0.9823
vn -0.1830 0.2573 -0.9489
vn -0.1714 0.9518 0.2543
vn -0.2013 -0.8475 0.4912
vn -0.1914 -0.2511 -0.9489
vn -0.1708 0.9853 -0.0000
vn -0.1988 -0.6914 0.6946
vn -0.1953 -0.4880 -0.8507
vn -0.1714 0.9518 -0.2543
vn -0.1987 -0.6914 0.6946
vn -0.1953 -0.4880 0.8507
vn -0.1987 -0.6914 -0.6946
vn -0.1731 0.8537 -0.4911
vn -0.1914 -0.2511 0.9489
vn -0.1872 0.0031 0.9823
vn -0.1830 0.2573 0.9489
vn -0.2013 -0.8475 -0.4912
vn -0.1988 -0.6914 -0.6946
vn -0.1756 0.6976 -0.6946
vn -0.1829 0.2573 0.9488
vn 0.9944 -0.0165 0.1044
vn 0.0164 0.9883 0.1519
vn 0.0163 0.9849 0.1724
vn 0.9716 -0.0162 0.2360
vn 0.9116 -0.0151 0.4107
vn 0.0145 0.8730 0.4875
vn 0.0118 0.7098 0.7043
vn 0.0085 0.5149 0.8572
vn 0.0046 0.2742 0.9617
vn 0.9716 -0.0160 0.2360
vn -0.0164 -0.9883 0.1519
vn -0.0163 -0.9849 0.1723
vn -0.0145 -0.8730 0.4875
vn -0.0085 -0.5149 0.8572
vn -0.0118 -0.7098 0.7044
vn -0.0118 -0.7097 0.7044
vn -0.0046 -0.2742 0.9617
vn -0.0441 0.0008 0.9990
vn -0.0523 -0.4987 0.8652
vn -0.0585 -0.8643 0.4995
vn -0.0601 -0.9640 0.2591
vn -0.0601 -0.9640 0.2590
vn -0.0605 -0.9968 0.0531
vn -0.0604 -0.9968 0.0529
vn -0.0596 -0.9979 -0.0259
vn -0.0594 -0.9979 -0.0260
vn -0.0274 0.9982 0.0529
vn -0.0264 0.9993 -0.0260
vn -0.0275 0.9982 0.0531
vn -0.0281 0.9655 0.2591
vn -0.0323 0.7071 0.7064
vn -0.0399 0.2592 0.9650
vn 0.0484 0.2578 -0.9650
vn 0.0441 -0.0007 -0.9990
vn 0.0440 -0.0007 -0.9990
vn 0.0524 0.4987 -0.8652
vn 0.0558 0.7056 -0.7064
vn 0.0584 0.8643 -0.4995
vn 0.0601 0.9641 -0.2586
vn 0.0606 0.9968 -0.0525
vn 0.0605 0.9968 -0.0523
vn 0.0596 0.9979 0.0261
vn 0.0594 0.9979 0.0261
vn 0.0274 -0.9983 -0.0523
vn 0.0264 -0.9993 0.0261
vn 0.0263 -0.9993 0.0261
vn 0.0281 -0.9656 -0.2586
vn 0.0275 -0.9982 -0.0525
vn 0.0298 -0.8658 -0.4995
vn 0.0324 -0.7071 -0.7064
vn 0.0358 -0.5002 -0.8652
vn 0.0399 -0.2593 -0.9650
vn 0.0398 -0.2593 -0.9650
vn 0.9989 -0.0166 0.0440
vn 0.9987 -0.0280 0.0425
vn -0.9987 0.0280 -0.0425
vn -0.9989 0.0166 -0.0440
vn 0.9985 -0.0386 0.0381
vn -0.9985 0.0386 -0.0381
vn 0.9984 -0.0477 0.0311
vn -0.9984 0.0477 -0.0311
vn 0.9982 -0.0549 0.0222
vn -0.9983 0.0547 -0.0220
vn 0.9982 -0.0590 0.0114
vn -0.9982 0.0590 -0.0114
vn 0.9982 -0.0600 0.0023
vn 0.9982 -0.0590 0.0115
vn -0.9982 0.0601 -0.0023
vn -0.9982 0.0600 -0.0023
vn 0.9982 -0.0600 -0.0011
vn -0.9982 0.0601 0.0011
vn 0.9996 0.0269 -0.0011
vn 0.9996 0.0268 0.0023
vn -0.9996 -0.0269 0.0011
vn -0.9996 -0.0269 -0.0023
vn 0.9996 0.0269 0.0023
vn 0.9996 0.0258 0.0114
vn -0.9996 -0.0258 -0.0114
vn -0.9996 -0.0259 -0.0114
vn 0.9995 0.0215 0.0220
vn 0.9996 0.0259 0.0115
vn -0.9995 -0.0215 -0.0220
vn 0.9994 0.0145 0.0311
vn -0.9994 -0.0145 -0.0311
vn 0.9993 0.0054 0.0381
vn -0.9993 -0.0054 -0.0381
vn 0.9991 -0.0052 0.0425
vn -0.9991 0.0052 -0.0425
vn 0.0372 0.4992 -0.8657
vn 0.0332 0.2582 -0.9655
vn 0.0289 -0.0005 -0.9996
vn 0.0246 -0.2592 -0.9655
vn 0.0433 0.8651 0.4998
vn 0.0406 0.7062 0.7068
vn 0.0172 -0.7072 0.7068
vn 0.0206 -0.5002 -0.8657
vn 0.0206 -0.5002 -0.8656
vn 0.0449 0.9649 0.2587
vn 0.0206 -0.5002 0.8656
vn 0.0206 -0.5002 0.8657
vn 0.0172 -0.7072 -0.7068
vn 0.0455 0.9990 -0.0000
vn 0.0246 -0.2592 0.9655
vn 0.0145 -0.8660 -0.4998
vn 0.0449 0.9649 -0.2587
vn 0.0289 -0.0005 0.9996
vn 0.0129 -0.9659 -0.2587
vn 0.0433 0.8651 -0.4998
vn 0.0332 0.2582 0.9655
vn 0.0123 -0.9999 -0.0000
vn 0.0406 0.7062 -0.7068
vn 0.0372 0.4992 0.8657
vn -0.1709 0.9853 -0.0000
vn -0.1714 0.9518 -0.2542
vn -0.1954 -0.4880 0.8507
vn -0.1913 -0.2511 0.9489
vn 0.0118 0.7098 0.7044
vn 0.0118 0.7097 0.7044
vn -0.0163 -0.9849 0.1724
vn -0.0357 0.5001 0.8652
vn -0.0440 0.0007 0.9990
vn 0.0585 0.8643 -0.4995
vn 0.0605 0.9968 -0.0526
vn 0.0604 0.9968 -0.0523
vn 0.9983 -0.0547 0.0220
vn 0.9982 -0.0594 0.0115
vn 0.9982 -0.0593 0.0115
vn 0.9982 -0.0603 -0.0010
vn -0.9996 -0.0259 -0.0115
vn -0.0144 -0.8659 -0.4999
vn -0.0144 -0.8660 -0.4999
vn -0.0144 -0.8659 0.4999
vn -0.0144 -0.8660 0.4999
vn 0.0144 0.8660 0.4999
vn 0.0144 0.8660 -0.4999
vn 0.0144 0.8659 -0.4999
vn -0.0160 -0.9658 -0.2589
vn -0.0043 -0.2587 0.9659
vn 0.0083 0.4999 0.8661
vn 0.0043 0.2587 0.9659
vn -0.0160 -0.9658 0.2589
vn -0.0117 -0.7071 0.7070
vn 0.0144 0.8659 0.5001
vn 0.0117 0.7069 -0.7072
vn -0.0144 -0.8659 -0.5001
vn 0.0083 0.4998 -0.8661
vn -0.0160 -0.9658 -0.2587
vn 0.0160 0.9658 -0.2587
vn -0.0144 -0.8659 0.5001
vn 0.0083 0.5000 -0.8660
vn 0.0043 0.2587 -0.9659
vn -0.0083 -0.4999 0.8661
vn -0.0043 -0.2587 -0.9659
vn -0.0083 -0.5000 -0.8660
vn 0.0083 0.4998 0.8661
vn -0.0117 -0.7071 -0.7070
vn 0.0043 0.2589 -0.9659
vn -0.0083 -0.5001 0.8659
vn -0.0083 -0.5001 0.8660
vn -0.0144 -0.8658 0.5001
vn -0.0083 -0.4999 -0.8661
vn -0.0144 -0.8658 0.5002
vn 0.0160 0.9658 0.2587
vn -0.0144 -0.8658 -0.5002
vn 0.0117 0.7069 0.7072
vn -0.0144 -0.8658 -0.5001
vn -0.0083 -0.5001 -0.8660
vn 0.0043 0.2589 0.9659
vn -0.0083 -0.5001 -0.8659
vn -0.0083 -0.4998 0.8661
vn -0.0125 -0.7530 0.6579
vn -0.0103 -0.6188 0.7854
vn -0.0144 -0.8702 0.4926
vn -0.0148 -0.8943 0.4472
vn -0.0162 -0.9769 0.2133
vn 0.0083 0.5009 -0.8655
vn 0.0108 0.6521 -0.7581
vn -0.0108 -0.6521 -0.7581
vn -0.0115 -0.6919 -0.7219
vn 0.0115 0.6919 -0.7219
vn -0.0083 -0.5009 -0.8655
vn 0.0162 0.9769 0.2133
vn 0.0148 0.8943 0.4472
vn 0.0144 0.8702 0.4925
vn 0.0125 0.7530 0.6579
vn 0.0103 0.6188 0.7855
vn 0.0146 0.8800 -0.4747
vn 0.0145 0.8708 -0.4914
vn 0.0144 0.8703 -0.4924
vn 0.0149 0.8960 -0.4439
vn 0.0162 0.9776 -0.2098
vn -0.0109 -0.6545 0.7560
vn 0.0116 0.6981 0.7159
vn 0.0109 0.6545 0.7560
vn -0.0116 -0.6981 0.7159
vn -0.0162 -0.9776 -0.2099
vn -0.0149 -0.8960 -0.4439
vn -0.0144 -0.8703 -0.4924
vn -0.0144 -0.8702 -0.4924
vn -0.0145 -0.8708 -0.4914
vn -0.0146 -0.8800 -0.4747
vn -0.0103 -0.6188 -0.7854
vn -0.0125 -0.7530 -0.6579
vn -0.0144 -0.8702 -0.4926
vn -0.0150 -0.9015 -0.4325
vn -0.0162 -0.9761 -0.2167
vn -0.0166 -0.9997 -0.0198
vn -0.0166 -0.9997 -0.0193
vn 0.0083 0.5009 0.8655
vn -0.0166 -0.9991 -0.0388
vn 0.0107 0.6467 0.7627
vn -0.0113 -0.6816 0.7317
vn -0.0107 -0.6467 0.7627
vn 0.0113 0.6816 0.7317
vn -0.0083 -0.5009 0.8655
vn 0.0166 0.9991 -0.0387
vn 0.0166 0.9997 -0.0193
vn 0.0166 0.9997 -0.0198
vn 0.0162 0.9761 -0.2167
vn 0.0162 0.9761 -0.2166
vn 0.0150 0.9015 -0.4324
vn 0.0144 0.8702 -0.4925
vn 0.0125 0.7530 -0.6579
vn 0.0103 0.6188 -0.7855
vn 0.0145 0.8708 0.4913
vn 0.0146 0.8800 0.4747
vn 0.0144 0.8703 0.4924
vn 0.0150 0.9025 0.4303
vn 0.0162 0.9761 0.2168
vn 0.0166 0.9996 0.0222
vn -0.0108 -0.6525 -0.7577
vn 0.0108 0.6525 -0.7577
vn 0.0115 0.6943 -0.7196
vn -0.0115 -0.6943 -0.7196
vn -0.0166 -0.9996 0.0222
vn -0.0162 -0.9761 0.2168
vn -0.0150 -0.9026 0.4303
vn -0.0144 -0.8703 0.4924
vn -0.0145 -0.8708 0.4914
vn -0.0146 -0.8800 0.4747
vn 0.2798 0.7126 -0.6433
vn 0.4984 0.5457 -0.6737
vn 0.2699 0.6663 -0.6952
vn 0.8738 0.3554 -0.3318
vn 0.8936 0.1109 -0.4349
vn 0.8416 0.2053 -0.4996
vn 0.0543 0.7429 -0.6672
vn 0.7196 0.5116 -0.4695
vn 0.6932 0.3885 -0.6070
vn 0.5171 0.6333 -0.5758
vn 0.6201 0.2746 -0.7349
vn 0.4463 0.4645 -0.7649
vn 0.2423 0.6233 -0.7434
vn 0.7984 -0.0368 -0.6010
vn 0.7522 0.0664 -0.6556
vn 0.6492 -0.1623 -0.7431
vn 0.6119 -0.0516 -0.7892
vn 0.1991 0.5868 -0.7848
vn 0.5052 0.1778 -0.8445
vn 0.3645 0.3955 -0.8431
vn 0.2587 0.3432 -0.9029
vn 0.1432 0.5592 -0.8166
vn 0.4563 -0.2572 -0.8518
vn 0.4306 -0.1409 -0.8915
vn 0.3567 0.1045 -0.9284
vn 0.2207 -0.1953 -0.9556
vn 0.1847 0.0598 -0.9810
vn 0.1361 0.3113 -0.9405
vn 0.0783 0.5424 -0.8365
vn 0.2330 -0.3150 -0.9200
vn 0.0537 -0.3324 -0.9416
vn 0.0529 -0.2092 -0.9764
vn 0.0266 0.5414 -0.8403
vn 0.0472 0.0496 -0.9977
vn 0.0382 0.3056 -0.9514
vn -0.0298 0.9979 0.0579
vn 0.0721 0.9471 0.3128
vn 0.0629 0.9963 0.0579
vn -0.0407 0.9489 0.3128
vn 0.0742 0.8991 0.4314
vn -0.0169 0.9794 -0.2014
vn 0.0494 0.9783 -0.2014
vn -0.4879 0.8679 -0.0936
vn -0.4184 0.8788 0.2294
vn -0.3394 0.9406 -0.0093
vn -0.0598 -0.2074 -0.9764
vn -0.0455 0.0512 -0.9977
vn 0.0324 0.8936 -0.4476
vn -0.0027 0.8942 -0.4476
vn -0.0281 0.3067 -0.9514
vn -0.0086 0.5420 -0.8403
vn -0.0296 0.7443 -0.6672
vn 0.1470 0.9666 -0.2099
vn 0.0840 0.8892 -0.4498
vn 0.2393 0.9254 0.2939
vn 0.1999 0.9788 0.0437
vn 0.2528 0.8769 0.4088
vn 0.4473 0.8645 0.2294
vn 0.1483 0.8702 -0.4698
vn 0.3704 0.9288 -0.0093
vn 0.2685 0.9309 -0.2477
vn 0.2033 0.8408 -0.5016
vn 0.4741 0.8121 0.3403
vn 0.6255 0.7698 0.1267
vn 0.5164 0.8512 -0.0936
vn 0.3725 0.8755 -0.3078
vn 0.6280 0.7511 -0.2037
vn 0.4519 0.8041 -0.3863
vn 0.2453 0.8030 -0.5431
vn 0.6637 0.7114 0.2311
vn 0.7618 0.6478 -0.0074
vn 0.8087 0.5815 0.0885
vn 0.8466 0.5064 -0.1639
vn 0.2714 0.7593 -0.5915
vn 0.6973 0.6353 -0.3319
vn 0.5013 0.7215 -0.4777
vn 0.8989 0.4312 -0.0779
vn -0.1257 0.3156 -0.9405
vn -0.0602 0.5447 -0.8365
vn -0.0647 -0.3304 -0.9416
vn -0.2271 -0.1878 -0.9556
vn -0.1826 0.0659 -0.9810
vn -0.3531 0.1163 -0.9283
vn -0.2472 0.3516 -0.9029
vn -0.1245 0.5637 -0.8166
vn -0.2434 -0.3071 -0.9200
vn -0.4351 -0.1265 -0.8915
vn -0.1795 0.5931 -0.7848
vn -0.4646 -0.2419 -0.8518
vn -0.6133 -0.0313 -0.7892
vn -0.4991 0.1944 -0.8445
vn -0.3512 0.4073 -0.8430
vn -0.4306 0.4791 -0.7649
vn -0.2215 0.6310 -0.7434
vn -0.6542 -0.1407 -0.7431
vn -0.7495 0.0913 -0.6556
vn -0.6106 0.2951 -0.7349
vn -0.2476 0.6749 -0.6952
vn -0.6800 0.4113 -0.6070
vn -0.4800 0.5619 -0.6737
vn -0.7992 -0.0103 -0.6010
vn -0.8343 0.2331 -0.4996
vn -0.2560 0.7215 -0.6434
vn -0.8894 0.1405 -0.4349
vn -0.8616 0.3842 -0.3318
vn -0.7023 0.5351 -0.4695
vn -0.4958 0.6501 -0.5758
vn -0.6759 0.6581 -0.3319
vn -0.4771 0.7377 -0.4777
vn -0.2461 0.7679 -0.5915
vn -0.8841 0.4607 -0.0779
vn -0.8293 0.5342 -0.1639
vn -0.2185 0.8107 -0.5431
vn -0.7399 0.6727 -0.0074
vn -0.6027 0.7715 -0.2037
vn -0.4250 0.8186 -0.3863
vn -0.7890 0.6081 0.0885
vn -0.3433 0.8874 -0.3078
vn -0.1753 0.8471 -0.5016
vn -0.6397 0.7330 0.2311
vn -0.5997 0.7902 0.1267
vn -0.2375 0.9393 -0.2477
vn -0.1193 0.8747 -0.4698
vn -0.4469 0.8273 0.3403
vn -0.0544 0.8914 -0.4498
vn -0.2085 0.9328 0.2939
vn -0.1673 0.9849 0.0437
vn -0.1148 0.9710 -0.2099
vn -0.2236 0.8848 0.4088
vn -0.0443 0.9011 0.4314
vn 0.2560 -0.7215 -0.6434
vn 0.4800 -0.5619 -0.6737
vn 0.4958 -0.6501 -0.5757
vn 0.8616 -0.3842 -0.3318
vn 0.8894 -0.1405 -0.4349
vn 0.9184 -0.3012 -0.2565
vn 0.0296 -0.7443 -0.6672
vn 0.2476 -0.6748 -0.6952
vn 0.7022 -0.5351 -0.4695
vn 0.8343 -0.2331 -0.4996
vn 0.6800 -0.4113 -0.6070
vn 0.6106 -0.2951 -0.7349
vn 0.4306 -0.4791 -0.7649
vn 0.7992 0.0103 -0.6010
vn 0.2215 -0.6310 -0.7434
vn 0.7495 -0.0913 -0.6556
vn 0.6542 0.1407 -0.7431
vn 0.1795 -0.5931 -0.7848
vn 0.6133 0.0313 -0.7892
vn 0.4990 -0.1944 -0.8445
vn 0.3512 -0.4073 -0.8431
vn 0.2472 -0.3516 -0.9029
vn 0.4646 0.2419 -0.8518
vn 0.1245 -0.5637 -0.8166
vn 0.4350 0.1265 -0.8915
vn 0.3530 -0.1163 -0.9284
vn 0.2271 0.1878 -0.9556
vn 0.1826 -0.0659 -0.9810
vn 0.1257 -0.3156 -0.9405
vn 0.2434 0.3071 -0.9200
vn 0.0603 -0.5447 -0.8365
vn 0.0647 0.3304 -0.9416
vn 0.0086 -0.5420 -0.8403
vn 0.0599 0.2074 -0.9764
vn 0.0455 -0.0512 -0.9977
vn 0.0281 -0.3067 -0.9514
vn 0.0407 -0.9489 0.3128
vn -0.0629 -0.9963 0.0579
vn 0.0298 -0.9979 0.0579
vn 0.0443 -0.9011 0.4314
vn -0.0721 -0.9471 0.3128
vn -0.0494 -0.9783 -0.2014
vn 0.0169 -0.9794 -0.2014
vn -0.5164 -0.8512 -0.0936
vn -0.4473 -0.8645 0.2294
vn -0.6255 -0.7698 0.1267
vn -0.0529 0.2092 -0.9764
vn -0.0472 -0.0496 -0.9977
vn 0.0028 -0.8942 -0.4476
vn -0.0325 -0.8936 -0.4476
vn -0.0382 -0.3056 -0.9514
vn -0.0266 -0.5414 -0.8403
vn -0.0543 -0.7429 -0.6672
vn 0.1148 -0.9710 -0.2099
vn 0.0545 -0.8914 -0.4498
vn 0.2085 -0.9328 0.2939
vn 0.1673 -0.9849 0.0437
vn 0.4184 -0.8788 0.2294
vn 0.2236 -0.8848 0.4088
vn 0.1193 -0.8747 -0.4698
vn 0.3394 -0.9406 -0.0093
vn 0.2375 -0.9393 -0.2477
vn 0.1753 -0.8471 -0.5016
vn 0.5997 -0.7902 0.1267
vn 0.4469 -0.8273 0.3403
vn 0.4879 -0.8679 -0.0936
vn 0.3432 -0.8874 -0.3078
vn 0.6027 -0.7715 -0.2037
vn 0.4250 -0.8186 -0.3863
vn 0.2185 -0.8107 -0.5431
vn 0.7399 -0.6727 -0.0074
vn 0.6397 -0.7330 0.2311
vn 0.8293 -0.5342 -0.1639
vn 0.7890 -0.6081 0.0885
vn 0.2460 -0.7679 -0.5914
vn 0.6759 -0.6581 -0.3319
vn 0.4771 -0.7377 -0.4777
vn 0.8841 -0.4607 -0.0779
vn -0.1361 -0.3113 -0.9405
vn -0.0783 -0.5424 -0.8365
vn -0.2207 0.1953 -0.9556
vn -0.0537 0.3324 -0.9416
vn -0.1847 -0.0598 -0.9810
vn -0.3567 -0.1045 -0.9283
vn -0.2587 -0.3432 -0.9029
vn -0.1432 -0.5592 -0.8166
vn -0.4306 0.1409 -0.8915
vn -0.2331 0.3150 -0.9200
vn -0.1991 -0.5869 -0.7848
vn -0.6119 0.0516 -0.7892
vn -0.4563 0.2572 -0.8518
vn -0.5052 -0.1778 -0.8445
vn -0.3645 -0.3954 -0.8431
vn -0.4463 -0.4645 -0.7649
vn -0.2423 -0.6233 -0.7435
vn -0.7522 -0.0664 -0.6556
vn -0.6492 0.1623 -0.7431
vn -0.6201 -0.2746 -0.7349
vn -0.2698 -0.6662 -0.6952
vn -0.6932 -0.3885 -0.6070
vn -0.4984 -0.5457 -0.6737
vn -0.8416 -0.2053 -0.4996
vn -0.7984 0.0368 -0.6010
vn -0.2798 -0.7126 -0.6434
vn -0.8738 -0.3554 -0.3318
vn -0.8936 -0.1109 -0.4349
vn -0.7196 -0.5115 -0.4695
vn -0.5171 -0.6333 -0.5758
vn -0.6973 -0.6353 -0.3319
vn -0.5013 -0.7215 -0.4777
vn -0.8989 -0.4312 -0.0779
vn -0.9279 -0.2706 -0.2565
vn -0.2714 -0.7593 -0.5914
vn -0.8466 -0.5064 -0.1639
vn -0.2453 -0.8030 -0.5431
vn -0.7618 -0.6478 -0.0074
vn -0.6280 -0.7511 -0.2037
vn -0.4519 -0.8041 -0.3863
vn -0.8087 -0.5815 0.0885
vn -0.3725 -0.8755 -0.3078
vn -0.6637 -0.7114 0.2311
vn -0.2033 -0.8408 -0.5016
vn -0.3704 -0.9288 -0.0093
vn -0.2685 -0.9309 -0.2477
vn -0.4741 -0.8121 0.3403
vn -0.1483 -0.8702 -0.4698
vn -0.0840 -0.8891 -0.4498
vn -0.2393 -0.9254 0.2939
vn -0.1999 -0.9788 0.0437
vn -0.1470 -0.9666 -0.2099
vn -0.2528 -0.8769 0.4088
vn -0.0742 -0.8991 0.4314
vn 0.2798 0.7126 0.6433
vn 0.4984 0.5457 0.6737
vn 0.5171 0.6333 0.5757
vn 0.8738 0.3554 0.3318
vn 0.8936 0.1109 0.4349
vn 0.9279 0.2706 0.2565
vn 0.0543 0.7429 0.6672
vn 0.2698 0.6663 0.6952
vn 0.7196 0.5115 0.4695
vn 0.8416 0.2053 0.4996
vn 0.6932 0.3885 0.6070
vn 0.6201 0.2746 0.7349
vn 0.4463 0.4645 0.7649
vn 0.7984 -0.0368 0.6010
vn 0.2423 0.6233 0.7434
vn 0.7522 0.0664 0.6556
vn 0.6492 -0.1623 0.7431
vn 0.1991 0.5869 0.7848
vn 0.6119 -0.0516 0.7892
vn 0.5052 0.1778 0.8445
vn 0.3645 0.3955 0.8431
vn 0.2587 0.3432 0.9029
vn 0.4563 -0.2572 0.8518
vn 0.1432 0.5592 0.8166
vn 0.4306 -0.1409 0.8915
vn 0.3567 0.1045 0.9284
vn 0.2207 -0.1953 0.9556
vn 0.1847 0.0598 0.9810
vn 0.1361 0.3113 0.9405
vn 0.2330 -0.3150 0.9200
vn 0.0783 0.5424 0.8365
vn 0.0537 -0.3324 0.9416
vn 0.0266 0.5414 0.8404
vn 0.0529 -0.2092 0.9764
vn 0.0472 0.0496 0.9977
vn 0.0382 0.3056 0.9514
vn 0.0721 0.9471 -0.3128
vn -0.0298 0.9979 -0.0579
vn 0.0629 0.9963 -0.0579
vn 0.0742 0.8991 -0.4314
vn -0.0407 0.9489 -0.3128
vn -0.0169 0.9794 0.2014
vn 0.0494 0.9783 0.2014
vn -0.4879 0.8679 0.0936
vn -0.4184 0.8788 -0.2294
vn -0.5997 0.7902 -0.1267
vn -0.0598 -0.2074 0.9764
vn -0.0455 0.0512 0.9977
vn 0.0324 0.8936 0.4476
vn -0.0027 0.8942 0.4476
vn -0.0280 0.3067 0.9514
vn -0.0086 0.5420 0.8404
vn -0.0296 0.7443 0.6672
vn 0.1470 0.9666 0.2099
vn 0.0840 0.8892 0.4498
vn 0.2393 0.9254 -0.2939
vn 0.1999 0.9788 -0.0437
vn 0.4473 0.8645 -0.2294
vn 0.2528 0.8769 -0.4088
vn 0.1483 0.8702 0.4698
vn 0.3704 0.9288 0.0093
vn 0.2685 0.9309 0.2477
vn 0.2033 0.8408 0.5016
vn 0.6255 0.7698 -0.1267
vn 0.4741 0.8121 -0.3403
vn 0.5164 0.8512 0.0936
vn 0.3725 0.8755 0.3078
vn 0.6280 0.7511 0.2037
vn 0.4519 0.8041 0.3863
vn 0.2453 0.8030 0.5431
vn 0.7618 0.6478 0.0074
vn 0.6637 0.7114 -0.2311
vn 0.8466 0.5064 0.1639
vn 0.8087 0.5815 -0.0885
vn 0.2714 0.7593 0.5915
vn 0.6973 0.6353 0.3319
vn 0.5013 0.7215 0.4777
vn 0.8989 0.4311 0.0779
vn -0.1257 0.3156 0.9405
vn -0.0602 0.5447 0.8365
vn -0.2271 -0.1878 0.9556
vn -0.0647 -0.3304 0.9416
vn -0.1826 0.0659 0.9810
vn -0.3531 0.1163 0.9283
vn -0.2472 0.3516 0.9029
vn -0.1245 0.5637 0.8166
vn -0.4351 -0.1265 0.8915
vn -0.2434 -0.3071 0.9200
vn -0.1795 0.5931 0.7848
vn -0.6133 -0.0313 0.7892
vn -0.4646 -0.2419 0.8518
vn -0.4991 0.1944 0.8445
vn -0.3512 0.4073 0.8430
vn -0.4306 0.4791 0.7649
vn -0.2215 0.6310 0.7434
vn -0.7495 0.0913 0.6556
vn -0.6542 -0.1407 0.7431
vn -0.6106 0.2951 0.7349
vn -0.2476 0.6749 0.6952
vn -0.6800 0.4113 0.6070
vn -0.4800 0.5619 0.6737
vn -0.8343 0.2331 0.4996
vn -0.7992 -0.0103 0.6010
vn -0.2560 0.7215 0.6434
vn -0.8616 0.3842 0.3318
vn -0.8894 0.1405 0.4349
vn -0.7023 0.5351 0.4695
vn -0.4958 0.6501 0.5757
vn -0.6759 0.6581 0.3319
vn -0.4771 0.7377 0.4777
vn -0.8841 0.4607 0.0779
vn -0.9184 0.3012 0.2565
vn -0.2461 0.7679 0.5915
vn -0.8293 0.5342 0.1639
vn -0.2185 0.8107 0.5431
vn -0.7399 0.6727 0.0074
vn -0.6027 0.7715 0.2037
vn -0.4250 0.8186 0.3863
vn -0.7890 0.6080 -0.0885
vn -0.3433 0.8874 0.3078
vn -0.6397 0.7330 -0.2311
vn -0.1753 0.8471 0.5016
vn -0.3394 0.9406 0.0093
vn -0.2375 0.9393 0.2477
vn -0.4469 0.8273 -0.3403
vn -0.1193 0.8747 0.4698
vn -0.0544 0.8914 0.4498
vn -0.2085 0.9328 -0.2939
vn -0.1673 0.9849 -0.0437
vn -0.1148 0.9710 0.2099
vn -0.2236 0.8848 -0.4088
vn -0.0443 0.9011 -0.4314
vn 0.2560 -0.7215 0.6433
vn 0.4800 -0.5619 0.6737
vn 0.2476 -0.6748 0.6952
vn 0.8616 -0.3842 0.3318
vn 0.8894 -0.1405 0.4349
vn 0.8343 -0.2331 0.4996
vn 0.0296 -0.7443 0.6672
vn 0.7022 -0.5351 0.4695
vn 0.6800 -0.4113 0.6070
vn 0.4958 -0.6501 0.5757
vn 0.6106 -0.2951 0.7349
vn 0.4306 -0.4791 0.7649
vn 0.2215 -0.6310 0.7435
vn 0.7992 0.0103 0.6010
vn 0.7495 -0.0913 0.6556
vn 0.6542 0.1407 0.7431
vn 0.6133 0.0313 0.7892
vn 0.1795 -0.5931 0.7848
vn 0.4990 -0.1944 0.8445
vn 0.3512 -0.4073 0.8431
vn 0.2472 -0.3516 0.9029
vn 0.1245 -0.5637 0.8166
vn 0.4646 0.2419 0.8518
vn 0.4350 0.1265 0.8915
vn 0.3530 -0.1163 0.9284
vn 0.2271 0.1878 0.9556
vn 0.1826 -0.0659 0.9810
vn 0.1257 -0.3156 0.9405
vn 0.0603 -0.5447 0.8365
vn 0.2434 0.3071 0.9200
vn 0.0647 0.3304 0.9416
vn 0.0598 0.2074 0.9764
vn 0.0086 -0.5420 0.8403
vn 0.0455 -0.0512 0.9977
vn 0.0281 -0.3067 0.9514
vn -0.0629 -0.9963 -0.0579
vn 0.0407 -0.9489 -0.3128
vn 0.0298 -0.9979 -0.0579
vn -0.0721 -0.9471 -0.3128
vn 0.0443 -0.9011 -0.4314
vn -0.0494 -0.9783 0.2014
vn 0.0169 -0.9794 0.2014
vn -0.5164 -0.8512 0.0936
vn -0.4473 -0.8645 -0.2294
vn -0.3704 -0.9288 0.0093
vn -0.0529 0.2092 0.9764
vn -0.0472 -0.0496 0.9977
vn 0.0028 -0.8942 0.4476
vn -0.0325 -0.8936 0.4476
vn -0.0382 -0.3056 0.9514
vn -0.0266 -0.5414 0.8404
vn -0.0543 -0.7429 0.6672
vn 0.1148 -0.9710 0.2099
vn 0.0545 -0.8915 0.4498
vn 0.2085 -0.9328 -0.2939
vn 0.1673 -0.9849 -0.0437
vn 0.2236 -0.8848 -0.4088
vn 0.4184 -0.8788 -0.2294
vn 0.1193 -0.8747 0.4698
vn 0.3394 -0.9406 0.0093
vn 0.2375 -0.9393 0.2477
vn 0.1753 -0.8471 0.5016
vn 0.4469 -0.8273 -0.3403
vn 0.5997 -0.7902 -0.1267
vn 0.4879 -0.8679 0.0936
vn 0.3433 -0.8874 0.3078
vn 0.6027 -0.7715 0.2037
vn 0.4250 -0.8186 0.3863
vn 0.2185 -0.8107 0.5431
vn 0.6397 -0.7330 -0.2311
vn 0.7399 -0.6727 0.0074
vn 0.7890 -0.6081 -0.0885
vn 0.8293 -0.5342 0.1639
vn 0.2461 -0.7679 0.5914
vn 0.6759 -0.6581 0.3319
vn 0.4771 -0.7377 0.4777
vn 0.8841 -0.4607 0.0779
vn -0.1361 -0.3113 0.9405
vn -0.0783 -0.5424 0.8365
vn -0.0537 0.3324 0.9416
vn -0.2207 0.1953 0.9556
vn -0.1847 -0.0598 0.9810
vn -0.3567 -0.1045 0.9283
vn -0.2587 -0.3432 0.9029
vn -0.1432 -0.5592 0.8166
vn -0.2331 0.3150 0.9200
vn -0.4306 0.1409 0.8915
vn -0.1991 -0.5868 0.7848
vn -0.4563 0.2572 0.8518
vn -0.6119 0.0516 0.7892
vn -0.5052 -0.1778 0.8445
vn -0.3645 -0.3954 0.8431
vn -0.4463 -0.4645 0.7649
vn -0.2423 -0.6233 0.7435
vn -0.6492 0.1623 0.7431
vn -0.7522 -0.0664 0.6556
vn -0.6201 -0.2746 0.7349
vn -0.2698 -0.6662 0.6952
vn -0.6932 -0.3885 0.6070
vn -0.4984 -0.5457 0.6737
vn -0.7984 0.0368 0.6010
vn -0.8416 -0.2053 0.4996
vn -0.2798 -0.7126 0.6433
vn -0.8936 -0.1109 0.4349
vn -0.8738 -0.3554 0.3318
vn -0.7196 -0.5115 0.4695
vn -0.5171 -0.6333 0.5757
vn -0.6973 -0.6353 0.3319
vn -0.5013 -0.7215 0.4777
vn -0.2714 -0.7593 0.5914
vn -0.8989 -0.4312 0.0779
vn -0.8466 -0.5064 0.1639
vn -0.2453 -0.8030 0.5431
vn -0.7618 -0.6478 0.0075
vn -0.6280 -0.7511 0.2037
vn -0.4519 -0.8041 0.3863
vn -0.8087 -0.5815 -0.0885
vn -0.3725 -0.8755 0.3078
vn -0.2033 -0.8408 0.5016
vn -0.6637 -0.7114 -0.2311
vn -0.6255 -0.7698 -0.1267
vn -0.2685 -0.9309 0.2477
vn -0.1483 -0.8702 0.4698
vn -0.4741 -0.8121 -0.3403
vn -0.0841 -0.8892 0.4498
vn -0.2393 -0.9254 -0.2939
vn -0.1999 -0.9788 -0.0437
vn -0.1470 -0.9666 0.2099
vn -0.2528 -0.8769 -0.4088
vn -0.0742 -0.8991 -0.4314
vn 0.0188 0.0662 0.9976
vn 0.0262 0.0559 -0.9981
vn 0.0188 0.0662 -0.9976
vn 0.0262 0.0559 0.9981
vn 0.4043 0.4702 0.7845
vn -0.1260 -0.5498 -0.8258
vn -0.1260 -0.5498 0.8258
vn -0.0281 0.9656 -0.2586
vn -0.0263 0.9993 -0.0260
vn 0.0601 0.9641 -0.2585
vn 0.0144 0.8659 0.4999
vn -0.0165 -0.9999 -0.0000
vn 0.9279 0.2706 -0.2565
vn -0.9184 0.3012 -0.2565
vn 0.9184 -0.3012 0.2565
vn -0.9279 -0.2706 0.2565
vt 0.484234 0.022797
vt 0.527676 0.284498
vt 0.468149 0.285849
vt 0.456459 0.286172
vt 0.406231 0.025233
vt 0.401662 0.025861
vt 0.670212 0.693248
vt 0.697182 0.974230
vt 0.609125 0.974230
vt 0.404767 0.009167
vt 0.463527 0.392354
vt 0.609125 0.992386
vt 0.483970 0.005982
vt 0.530029 0.022831
vt 0.471762 0.395756
vt 0.459750 0.395671
vt 0.471741 0.400497
vt 0.526627 0.401126
vt 0.526587 0.405562
vt 0.452047 0.286768
vt 0.575816 0.023620
vt 0.587169 0.286919
vt 0.598852 0.287452
vt 0.658319 0.028169
vt 0.653762 0.027458
vt 0.655515 0.011422
vt 0.589876 0.393491
vt 0.576383 0.006813
vt 0.581580 0.396744
vt 0.593593 0.396875
vt 0.581516 0.401485
vt 0.603252 0.288127
vt 0.747968 0.530700
vt 0.744030 0.349405
vt 0.749119 0.349641
vt 0.700413 0.343850
vt 0.744328 0.273633
vt 0.750021 0.542083
vt 0.743716 0.530700
vt 0.749804 0.273633
vt 0.697844 0.273633
vt 0.703367 0.273633
vt 0.652934 0.382752
vt 0.690234 0.358473
vt 0.790995 0.348826
vt 0.792189 0.273633
vt 0.838410 0.382735
vt 0.798502 0.362510
vt 0.795204 0.360099
vt 0.699251 0.348381
vt 0.686918 0.354384
vt 0.693497 0.355741
vt 0.689696 0.351986
vt 0.696837 0.352633
vt 0.692025 0.349300
vt 0.693727 0.346075
vt 0.792346 0.356991
vt 0.986969 0.577004
vt 0.976963 0.599945
vt 0.979806 0.575302
vt 0.980432 0.601025
vt 0.976058 0.602849
vt 0.973050 0.575039
vt 0.962968 0.553827
vt 0.972609 0.545011
vt 0.953598 0.555698
vt 0.965856 0.576329
vt 0.959615 0.577789
vt 0.970300 0.600662
vt 0.967356 0.601408
vt 0.981472 0.545193
vt 0.973990 0.599837
vt 0.990770 0.554445
vt 0.924743 0.412328
vt 0.898589 0.380824
vt 0.922342 0.380592
vt 0.896809 0.412601
vt 0.875485 0.375303
vt 0.945334 0.374620
vt 0.898356 0.357071
vt 0.901635 0.324138
vt 0.922515 0.295669
vt 0.920173 0.324031
vt 0.882914 0.330116
vt 0.898809 0.296004
vt 0.939063 0.329642
vt 0.920788 0.343717
vt 0.901248 0.343830
vt 0.924792 0.291614
vt 0.896463 0.291958
vt 0.899343 0.347665
vt 0.922737 0.347530
vt 0.878749 0.331197
vt 0.016370 0.320234
vt 0.390372 0.191717
vt 0.390372 0.320234
vt 0.016370 0.067460
vt 0.390372 0.006019
vt 0.390372 0.067459
vt 0.196791 0.581106
vt 0.382287 0.517366
vt 0.382287 0.581106
vt 0.016370 0.444492
vt 0.390372 0.444492
vt 0.129898 0.629515
vt 0.122526 0.515044
vt 0.129898 0.515044
vt 0.184624 0.515044
vt 0.184624 0.629515
vt 0.016370 0.505932
vt 0.390372 0.505932
vt 0.016370 0.191717
vt 0.011847 0.629515
vt 0.122526 0.629515
vt 0.008093 0.191717
vt 0.008093 0.067460
vt 0.008092 0.320234
vt 0.639235 0.223522
vt 0.487806 0.218366
vt 0.639235 0.218366
vt 0.487806 0.223523
vt 0.482650 0.374951
vt 0.482650 0.223523
vt 0.487806 0.374951
vt 0.639235 0.380108
vt 0.487806 0.380108
vt 0.639235 0.374951
vt 0.644392 0.223522
vt 0.644392 0.374951
vt 0.766155 0.398025
vt 0.716195 0.315053
vt 0.766155 0.315053
vt 0.716195 0.398025
vt 0.713480 0.315053
vt 0.713480 0.398025
vt 0.663520 0.315053
vt 0.663520 0.398025
vt 0.660805 0.315053
vt 0.663520 0.312338
vt 0.713480 0.312338
vt 0.713480 0.400740
vt 0.901084 0.958614
vt 0.911096 0.948602
vt 0.911096 0.958614
vt 0.901084 0.948602
vt 0.911096 0.938590
vt 0.891072 0.948602
vt 0.881060 0.958614
vt 0.881060 0.948602
vt 0.901084 0.968626
vt 0.911096 0.968626
vt 0.871048 0.958614
vt 0.871048 0.948602
vt 0.891072 0.958614
vt 0.911972 0.423562
vt 0.905821 0.489332
vt 0.905172 0.423629
vt 0.918852 0.489567
vt 0.924126 0.495750
vt 0.917665 0.494934
vt 0.923532 0.423244
vt 0.925688 0.489092
vt 0.929319 0.422945
vt 0.933136 0.488537
vt 0.912490 0.490126
vt 0.917745 0.423450
vt 0.917822 0.497732
vt 0.936997 0.498153
vt 0.911263 0.494613
vt 0.901186 0.493817
vt 0.973867 0.788757
vt 0.962162 0.795288
vt 0.954856 0.788759
vt 0.923697 0.498898
vt 0.911584 0.497549
vt 0.901186 0.500188
vt 0.911636 0.499234
vt 0.923078 0.500082
vt 0.932913 0.504849
vt 0.930155 0.505273
vt 0.917543 0.499094
vt 0.967333 0.796059
vt 0.964065 0.797636
vt 0.961390 0.800476
vt 0.954856 0.807778
vt 0.973867 0.807775
vt 0.966560 0.801247
vt 0.964658 0.798899
vt 0.963715 0.798569
vt 0.965008 0.797966
vt 0.904005 0.501865
vt 0.420126 0.709870
vt 0.646707 0.658043
vt 0.641087 0.708783
vt 0.473132 0.764461
vt 0.588688 0.777599
vt 0.473199 0.778167
vt 0.588621 0.763893
vt 0.638438 0.434062
vt 0.427038 0.420950
vt 0.638438 0.420950
vt 0.671347 0.590201
vt 0.656583 0.633533
vt 0.658197 0.591988
vt 0.427038 0.434062
vt 0.401373 0.566519
vt 0.413018 0.432841
vt 0.463299 0.774009
vt 0.651014 0.718234
vt 0.598671 0.990643
vt 0.336986 0.835879
vt 0.598671 0.835879
vt 0.414761 0.660577
vt 0.407328 0.711605
vt 0.400389 0.664271
vt 0.660699 0.661129
vt 0.654957 0.710400
vt 0.648365 0.566594
vt 0.651338 0.432963
vt 0.662852 0.563227
vt 0.415374 0.569444
vt 0.391555 0.637398
vt 0.405796 0.594000
vt 0.404668 0.635448
vt 0.393672 0.591455
vt 0.668704 0.636222
vt 0.935120 0.866897
vt 0.908895 0.815560
vt 0.935120 0.815560
vt 0.908895 0.866897
vt 0.883934 0.815560
vt 0.883934 0.866897
vt 0.857709 0.815560
vt 0.883974 0.789335
vt 0.908935 0.789335
vt 0.883974 0.893122
vt 0.383222 0.862673
vt 0.407810 0.814597
vt 0.407810 0.862673
vt 0.374183 0.476463
vt 0.420526 0.485801
vt 0.419915 0.488186
vt 0.470810 0.864944
vt 0.498675 0.810465
vt 0.498675 0.864944
vt 0.419939 0.395190
vt 0.374242 0.404076
vt 0.419226 0.392383
vt 0.355980 0.865180
vt 0.331391 0.862673
vt 0.355980 0.862673
vt 0.361566 0.426051
vt 0.375696 0.406045
vt 0.364079 0.426788
vt 0.375900 0.474337
vt 0.361468 0.452743
vt 0.363957 0.452172
vt 0.407810 0.865180
vt 0.383222 0.865180
vt 0.412075 0.810465
vt 0.439939 0.864944
vt 0.412075 0.864944
vt 0.439939 0.795784
vt 0.331391 0.814597
vt 0.355979 0.801642
vt 0.932586 0.966915
vt 0.946897 0.967799
vt 0.932432 0.967799
vt 0.921587 0.959301
vt 0.920642 0.949460
vt 0.921587 0.949460
vt 0.946743 0.941846
vt 0.932586 0.949459
vt 0.932586 0.941846
vt 0.957741 0.949459
vt 0.957741 0.959301
vt 0.946743 0.966915
vt 0.932586 0.959301
vt 0.946743 0.959301
vt 0.924972 0.959301
vt 0.924972 0.949459
vt 0.946743 0.949459
vt 0.958686 0.949459
vt 0.921587 0.949459
vt 0.948765 0.938590
vt 0.947991 0.939711
vt 0.931337 0.939711
vt 0.958686 0.959301
vt 0.947335 0.940212
vt 0.931993 0.940212
vt 0.920642 0.959301
vt 0.931337 0.969050
vt 0.930563 0.970171
vt 0.930563 0.969226
vt 0.948765 0.939535
vt 0.932432 0.940962
vt 0.924074 0.949459
vt 0.924074 0.959301
vt 0.923206 0.949459
vt 0.923206 0.959301
vt 0.922381 0.949459
vt 0.922381 0.959301
vt 0.956948 0.949459
vt 0.956948 0.959301
vt 0.956122 0.949459
vt 0.956122 0.959301
vt 0.955254 0.949459
vt 0.955254 0.959301
vt 0.954356 0.949459
vt 0.946897 0.940962
vt 0.930563 0.938590
vt 0.947335 0.968549
vt 0.931993 0.968549
vt 0.947991 0.969050
vt 0.948765 0.970171
vt 0.948765 0.969226
vt 0.992130 0.752919
vt 0.978236 0.756515
vt 0.978236 0.752919
vt 0.992130 0.744903
vt 0.978236 0.747113
vt 0.978236 0.744903
vt 0.992130 0.747113
vt 0.978236 0.750709
vt 0.992130 0.750709
vt 0.813337 0.716316
vt 0.799443 0.719912
vt 0.799443 0.716316
vt 0.813337 0.708299
vt 0.799443 0.710510
vt 0.799443 0.708299
vt 0.813337 0.710510
vt 0.799443 0.714106
vt 0.813337 0.714106
vt 0.864009 0.324574
vt 0.784215 0.317660
vt 0.864017 0.317758
vt 0.785110 0.402860
vt 0.780430 0.476641
vt 0.778419 0.402985
vt 0.787056 0.476459
vt 0.864174 0.481538
vt 0.787184 0.483035
vt 0.842149 0.468219
vt 0.849454 0.462407
vt 0.864047 0.474962
vt 0.784207 0.324477
vt 0.777441 0.324561
vt 0.828009 0.402201
vt 0.832149 0.401574
vt 0.863152 0.401548
vt 0.816636 0.402356
vt 0.813033 0.402360
vt 0.813026 0.401930
vt 0.786309 0.367296
vt 0.823030 0.330206
vt 0.813447 0.331473
vt 0.870643 0.474883
vt 0.781144 0.682636
vt 0.777328 0.689191
vt 0.777328 0.682636
vt 0.992886 0.694475
vt 0.989070 0.701030
vt 0.989070 0.694475
vt 0.780968 0.694475
vt 0.777152 0.701030
vt 0.777152 0.694475
vt 0.993062 0.682636
vt 0.989246 0.689191
vt 0.989246 0.682636
vt 0.813041 0.402892
vt 0.804572 0.402372
vt 0.804646 0.406570
vt 0.797209 0.402550
vt 0.797423 0.412377
vt 0.787919 0.402784
vt 0.791941 0.419907
vt 0.788596 0.428642
vt 0.791510 0.402691
vt 0.858243 0.376135
vt 0.854635 0.384734
vt 0.848921 0.392105
vt 0.894654 0.689191
vt 0.885195 0.682636
vt 0.894654 0.682636
vt 0.837723 0.701030
vt 0.828264 0.694475
vt 0.837723 0.694475
vt 0.970151 0.701030
vt 0.960692 0.694475
vt 0.970151 0.694475
vt 0.828440 0.689191
vt 0.818981 0.682636
vt 0.828440 0.682636
vt 0.790427 0.701030
vt 0.790427 0.694475
vt 0.828264 0.701030
vt 0.818805 0.694475
vt 0.818805 0.701030
vt 0.809346 0.694475
vt 0.979611 0.694475
vt 0.885019 0.701030
vt 0.875560 0.694475
vt 0.885019 0.694475
vt 0.979787 0.689191
vt 0.970327 0.682636
vt 0.979787 0.682636
vt 0.818981 0.689191
vt 0.809521 0.682636
vt 0.941950 0.689191
vt 0.932491 0.682636
vt 0.941950 0.682636
vt 0.875736 0.689191
vt 0.866277 0.682636
vt 0.875736 0.682636
vt 0.809345 0.701030
vt 0.799886 0.694475
vt 0.979611 0.701030
vt 0.970327 0.689191
vt 0.960868 0.682636
vt 0.941774 0.701030
vt 0.932315 0.694475
vt 0.941774 0.694475
vt 0.885195 0.689191
vt 0.856641 0.701030
vt 0.847182 0.694475
vt 0.856641 0.694475
vt 0.960868 0.689191
vt 0.951409 0.682636
vt 0.856817 0.689191
vt 0.847358 0.682636
vt 0.856817 0.682636
vt 0.951409 0.689191
vt 0.790603 0.689191
vt 0.790603 0.682636
vt 0.866100 0.701030
vt 0.866100 0.694475
vt 0.960692 0.701030
vt 0.951233 0.694475
vt 0.841387 0.397815
vt 0.904113 0.689191
vt 0.904113 0.682636
vt 0.847182 0.701030
vt 0.866277 0.689191
vt 0.903937 0.701030
vt 0.894478 0.694475
vt 0.903937 0.694475
vt 0.913396 0.701030
vt 0.913396 0.694475
vt 0.847358 0.689191
vt 0.837899 0.682636
vt 0.875560 0.701030
vt 0.894478 0.701030
vt 0.837899 0.689191
vt 0.809521 0.689191
vt 0.800062 0.682636
vt 0.922856 0.701030
vt 0.922856 0.694475
vt 0.923032 0.689191
vt 0.913572 0.682636
vt 0.923032 0.682636
vt 0.800062 0.689191
vt 0.932491 0.689191
vt 0.932315 0.701030
vt 0.951233 0.701030
vt 0.913572 0.689191
vt 0.799886 0.701030
vt 0.804518 0.398513
vt 0.787648 0.376772
vt 0.787466 0.357716
vt 0.791072 0.348766
vt 0.796890 0.341075
vt 0.804525 0.335179
vt 0.859532 0.366839
vt 0.832579 0.331470
vt 0.841446 0.335148
vt 0.849023 0.340981
vt 0.854792 0.348574
vt 0.858371 0.357400
vt 0.869775 0.401545
vt 0.797099 0.392916
vt 0.791339 0.385506
vt 0.165397 0.882482
vt 0.132639 0.844821
vt 0.170986 0.812200
vt 0.852717 0.748215
vt 0.993704 0.993507
vt 0.993704 0.748215
vt 0.951141 0.553822
vt 0.977581 0.552603
vt 0.978800 0.553822
vt 0.724575 0.198609
vt 0.777337 0.009299
vt 0.994280 0.068645
vt 0.842441 0.680876
vt 0.701451 0.874403
vt 0.701451 0.680876
vt 0.852717 0.993507
vt 0.842441 0.562630
vt 0.701451 0.562630
vt 0.701451 0.992650
vt 0.842441 0.874403
vt 0.842441 0.992650
vt 0.993704 0.629437
vt 0.852717 0.629786
vt 0.993704 0.317103
vt 0.852717 0.435024
vt 0.852717 0.317129
vt 0.189042 0.738220
vt 0.167391 0.736088
vt 0.071518 0.701867
vt 0.951141 0.513464
vt 0.993704 0.434998
vt 0.978800 0.513464
vt 0.952328 0.552603
vt 0.977581 0.514713
vt 0.952328 0.514713
vt 0.202428 0.856921
vt 0.272594 0.857627
vt 0.268589 0.877795
vt 0.191425 0.874256
vt 0.249288 0.913889
vt 0.234732 0.928418
vt 0.199951 0.863409
vt 0.260721 0.896795
vt 0.133828 0.837955
vt 0.063698 0.837149
vt 0.067728 0.816990
vt 0.203470 0.843071
vt 0.268588 0.816903
vt 0.272594 0.837069
vt 0.260723 0.797908
vt 0.195251 0.824206
vt 0.249295 0.780815
vt 0.157883 0.743098
vt 0.178443 0.743078
vt 0.158469 0.881372
vt 0.157868 0.951671
vt 0.137688 0.947689
vt 0.140135 0.825626
vt 0.075618 0.798005
vt 0.087061 0.780926
vt 0.172433 0.882423
vt 0.178431 0.951665
vt 0.163961 0.812294
vt 0.137714 0.747115
vt 0.234744 0.766288
vt 0.146014 0.875242
vt 0.118669 0.939855
vt 0.101545 0.928462
vt 0.184372 0.815743
vt 0.217630 0.754888
vt 0.217617 0.939822
vt 0.150722 0.816599
vt 0.101611 0.766402
vt 0.118713 0.754984
vt 0.136358 0.831473
vt 0.140969 0.870481
vt 0.086982 0.913942
vt 0.179299 0.880960
vt 0.198606 0.947668
vt 0.134192 0.858515
vt 0.075545 0.896856
vt 0.067678 0.877863
vt 0.177866 0.813297
vt 0.198618 0.747053
vt 0.201989 0.836256
vt 0.132723 0.851752
vt 0.063680 0.857701
vt 0.151918 0.878902
vt 0.157119 0.813780
vt 0.145016 0.820646
vt 0.167391 0.958051
vt 0.189042 0.955919
vt 0.263264 0.992272
vt 0.136975 0.864841
vt 0.571355 0.956925
vt 0.558125 0.954778
vt 0.561045 0.950973
vt 0.616236 0.564066
vt 0.629493 0.564806
vt 0.616202 0.564806
vt 0.766411 0.564066
vt 0.752540 0.564806
vt 0.752448 0.564066
vt 0.594759 0.869580
vt 0.608094 0.868229
vt 0.606259 0.872661
vt 0.603039 0.564066
vt 0.602997 0.564806
vt 0.606259 0.956925
vt 0.619488 0.954778
vt 0.608094 0.961357
vt 0.738618 0.564806
vt 0.738551 0.564066
vt 0.589877 0.564806
vt 0.589929 0.564066
vt 0.561045 0.878613
vt 0.548822 0.884111
vt 0.558125 0.874808
vt 0.634020 0.920745
vt 0.638776 0.908214
vt 0.638776 0.921371
vt 0.724687 0.564066
vt 0.724737 0.564806
vt 0.548822 0.945475
vt 0.552627 0.942554
vt 0.576845 0.564806
vt 0.576906 0.564066
vt 0.710874 0.564066
vt 0.710912 0.564806
vt 0.546675 0.932245
vt 0.538838 0.921371
vt 0.543593 0.920745
vt 0.619488 0.874808
vt 0.616568 0.878613
vt 0.563902 0.564806
vt 0.563972 0.564066
vt 0.595385 0.964762
vt 0.594759 0.960006
vt 0.697126 0.564066
vt 0.697152 0.564806
vt 0.551050 0.564806
vt 0.551128 0.564066
vt 0.571355 0.872661
vt 0.569519 0.868229
vt 0.630939 0.932245
vt 0.635371 0.934080
vt 0.683449 0.564066
vt 0.683466 0.564806
vt 0.538290 0.564806
vt 0.538378 0.564066
vt 0.542015 0.587097
vt 0.550620 0.672940
vt 0.536884 0.672940
vt 0.286528 0.877999
vt 0.273684 0.881542
vt 0.273646 0.878001
vt 0.504705 0.587097
vt 0.509636 0.672940
vt 0.496172 0.672940
vt 0.492320 0.587097
vt 0.482848 0.672940
vt 0.479964 0.587097
vt 0.469699 0.672940
vt 0.467639 0.587097
vt 0.456761 0.672940
vt 0.455344 0.587097
vt 0.444077 0.672940
vt 0.443077 0.587097
vt 0.431694 0.672940
vt 0.729208 0.587097
vt 0.752311 0.672940
vt 0.739923 0.672940
vt 0.716805 0.587097
vt 0.727240 0.672940
vt 0.704386 0.587097
vt 0.714309 0.672940
vt 0.691948 0.587097
vt 0.701170 0.672940
vt 0.679494 0.587097
vt 0.687860 0.672940
vt 0.667024 0.587097
vt 0.674409 0.672940
vt 0.654541 0.587097
vt 0.660845 0.672940
vt 0.642045 0.587097
vt 0.647190 0.672940
vt 0.629540 0.587097
vt 0.633465 0.672940
vt 0.617029 0.587097
vt 0.619689 0.672940
vt 0.604514 0.587097
vt 0.605878 0.672940
vt 0.591999 0.587097
vt 0.592050 0.672940
vt 0.579489 0.587097
vt 0.578221 0.672940
vt 0.566985 0.587097
vt 0.564405 0.672940
vt 0.554492 0.587097
vt 0.517117 0.587097
vt 0.523216 0.672940
vt 0.683598 0.578180
vt 0.669854 0.564806
vt 0.669808 0.578180
vt 0.656320 0.564806
vt 0.656099 0.578180
vt 0.642865 0.564806
vt 0.642473 0.578180
vt 0.628930 0.578180
vt 0.615472 0.578180
vt 0.602100 0.578180
vt 0.588817 0.578180
vt 0.575623 0.578180
vt 0.562520 0.578180
vt 0.549510 0.578180
vt 0.536592 0.578180
vt 0.525628 0.564806
vt 0.523768 0.578180
vt 0.513071 0.564806
vt 0.511041 0.578180
vt 0.500639 0.564806
vt 0.498419 0.578180
vt 0.488375 0.564806
vt 0.485925 0.578180
vt 0.476377 0.564806
vt 0.473639 0.578180
vt 0.464544 0.564806
vt 0.783032 0.578180
vt 0.766544 0.564806
vt 0.780540 0.564806
vt 0.768432 0.578180
vt 0.753940 0.578180
vt 0.739633 0.578180
vt 0.725474 0.578180
vt 0.711425 0.578180
vt 0.697470 0.578180
vt 0.780273 0.564066
vt 0.634020 0.908841
vt 0.635371 0.895506
vt 0.552627 0.887031
vt 0.542243 0.895506
vt 0.629516 0.564066
vt 0.476527 0.564066
vt 0.464776 0.564066
vt 0.616568 0.950973
vt 0.628792 0.945475
vt 0.642879 0.564066
vt 0.582854 0.869580
vt 0.595385 0.864824
vt 0.488505 0.564066
vt 0.656324 0.564066
vt 0.582228 0.964762
vt 0.569519 0.961357
vt 0.500756 0.564066
vt 0.630939 0.897341
vt 0.628792 0.884111
vt 0.546675 0.897341
vt 0.538838 0.908214
vt 0.669848 0.564066
vt 0.513177 0.564066
vt 0.624987 0.942555
vt 0.582228 0.864824
vt 0.525725 0.564066
vt 0.582854 0.960006
vt 0.624987 0.887031
vt 0.543593 0.908841
vt 0.542243 0.934080
vt 0.529955 0.753499
vt 0.514375 0.753499
vt 0.545546 0.753499
vt 0.561141 0.753499
vt 0.576735 0.753499
vt 0.592323 0.753499
vt 0.607899 0.753499
vt 0.623457 0.753499
vt 0.638992 0.753499
vt 0.654497 0.753499
vt 0.669966 0.753499
vt 0.685390 0.753499
vt 0.700761 0.753499
vt 0.716069 0.753499
vt 0.731301 0.753499
vt 0.746442 0.753499
vt 0.761473 0.753499
vt 0.776370 0.753499
vt 0.421686 0.753499
vt 0.406458 0.753499
vt 0.436963 0.753499
vt 0.452338 0.753499
vt 0.467782 0.753499
vt 0.483279 0.753499
vt 0.498814 0.753499
vt 0.679739 0.492577
vt 0.692452 0.492577
vt 0.654511 0.492577
vt 0.667091 0.492577
vt 0.642000 0.492577
vt 0.629560 0.492577
vt 0.617192 0.492577
vt 0.604897 0.492577
vt 0.592677 0.492577
vt 0.580533 0.492577
vt 0.568467 0.492577
vt 0.556480 0.492577
vt 0.544573 0.492577
vt 0.532747 0.492577
vt 0.521003 0.492577
vt 0.509341 0.492577
vt 0.497757 0.492577
vt 0.486245 0.492577
vt 0.474781 0.492577
vt 0.756933 0.492577
vt 0.770435 0.492577
vt 0.743926 0.492577
vt 0.730970 0.492577
vt 0.718070 0.492577
vt 0.705230 0.492577
vt 0.529555 0.587097
vt 0.428246 0.882210
vt 0.441127 0.881516
vt 0.441125 0.882208
vt 0.325208 0.882226
vt 0.312329 0.881536
vt 0.325210 0.881534
vt 0.183097 0.877154
vt 0.196342 0.878018
vt 0.182996 0.877854
vt 0.376695 0.877294
vt 0.389573 0.877984
vt 0.376693 0.877985
vt 0.479770 0.882193
vt 0.493119 0.881670
vt 0.493018 0.882369
vt 0.376729 0.882218
vt 0.363851 0.881528
vt 0.376731 0.881526
vt 0.247885 0.877313
vt 0.235001 0.878007
vt 0.235003 0.877316
vt 0.428212 0.877286
vt 0.441089 0.877976
vt 0.428210 0.877978
vt 0.325174 0.877302
vt 0.312291 0.877995
vt 0.312293 0.877303
vt 0.222155 0.882242
vt 0.235039 0.881549
vt 0.235037 0.882240
vt 0.415369 0.881520
vt 0.428248 0.881518
vt 0.312327 0.882228
vt 0.299447 0.881538
vt 0.479737 0.877292
vt 0.493150 0.877888
vt 0.479740 0.877996
vt 0.363813 0.877987
vt 0.363815 0.877296
vt 0.466886 0.881511
vt 0.479776 0.881506
vt 0.363849 0.882220
vt 0.350971 0.881530
vt 0.222121 0.877318
vt 0.222119 0.878009
vt 0.415331 0.877980
vt 0.415333 0.877288
vt 0.299410 0.877997
vt 0.299412 0.877306
vt 0.209275 0.881552
vt 0.222157 0.881551
vt 0.415367 0.882212
vt 0.402490 0.881522
vt 0.286564 0.882232
vt 0.299445 0.882230
vt 0.466847 0.877973
vt 0.466849 0.877282
vt 0.350933 0.877989
vt 0.350935 0.877298
vt 0.286566 0.881540
vt 0.325172 0.877993
vt 0.338053 0.877991
vt 0.338090 0.881532
vt 0.402452 0.877982
vt 0.389610 0.881524
vt 0.453968 0.877974
vt 0.454006 0.881514
vt 0.182965 0.881637
vt 0.209236 0.878013
vt 0.196379 0.881529
vt 0.247883 0.878005
vt 0.260764 0.878003
vt 0.247921 0.881546
vt 0.260802 0.881544
vt 0.247919 0.882238
vt 0.441091 0.877284
vt 0.389608 0.882216
vt 0.183068 0.882369
vt 0.196381 0.882233
vt 0.273648 0.877309
vt 0.389575 0.877292
vt 0.209238 0.877321
vt 0.196348 0.877330
vt 0.338089 0.882224
vt 0.454004 0.882206
vt 0.260800 0.882236
vt 0.338055 0.877300
vt 0.453970 0.877282
vt 0.260766 0.877312
vt 0.273682 0.882234
vt 0.402488 0.882214
vt 0.209273 0.882243
vt 0.286530 0.877307
vt 0.402454 0.877290
vt 0.350969 0.882222
vt 0.466884 0.882203
vt 0.013578 0.989268
vt 0.083542 0.983968
vt 0.084210 0.987633
vt 0.013500 0.985685
vt 0.082960 0.980400
vt 0.013427 0.982109
vt 0.082455 0.976910
vt 0.013362 0.978539
vt 0.082021 0.973483
vt 0.013306 0.974974
vt 0.081652 0.970109
vt 0.013259 0.971413
vt 0.081344 0.966777
vt 0.013223 0.967858
vt 0.081092 0.963479
vt 0.013199 0.964306
vt 0.080894 0.960208
vt 0.013186 0.960758
vt 0.080747 0.956959
vt 0.013186 0.957214
vt 0.080648 0.953725
vt 0.013198 0.953672
vt 0.080597 0.950502
vt 0.013224 0.950132
vt 0.080593 0.947286
vt 0.013262 0.946594
vt 0.080636 0.944073
vt 0.013314 0.943057
vt 0.080727 0.940858
vt 0.013379 0.939521
vt 0.080866 0.937637
vt 0.013456 0.935985
vt 0.081054 0.934405
vt 0.013546 0.932449
vt 0.081296 0.931155
vt 0.013648 0.928911
vt 0.081594 0.927883
vt 0.013761 0.925372
vt 0.081951 0.924580
vt 0.013884 0.921830
vt 0.082374 0.921237
vt 0.014017 0.918285
vt 0.082868 0.917844
vt 0.014159 0.914735
vt 0.083441 0.914388
vt 0.014308 0.911180
vt 0.084103 0.910852
vt 0.014463 0.907619
vt 0.084864 0.907216
vt 0.100026 0.970215
vt 0.814032 0.433948
vt 0.830440 0.431788
vt 0.824107 0.447077
vt 0.098393 0.953118
vt 0.098519 0.955987
vt 0.098367 0.941641
vt 0.099956 0.924685
vt 0.099517 0.927471
vt 0.101173 0.975811
vt 0.098697 0.958852
vt 0.098930 0.961709
vt 0.101907 0.978581
vt 0.102771 0.981328
vt 0.098302 0.944506
vt 0.098286 0.947375
vt 0.099159 0.930277
vt 0.098871 0.933100
vt 0.101880 0.916465
vt 0.101123 0.919178
vt 0.099225 0.964556
vt 0.099587 0.967392
vt 0.098480 0.938784
vt 0.100550 0.973022
vt 0.098316 0.950247
vt 0.098647 0.935936
vt 0.100487 0.921919
vt 0.924830 0.284282
vt 0.907477 0.266500
vt 0.917439 0.263205
vt 0.905624 0.288085
vt 0.893061 0.264455
vt 0.885225 0.281511
vt 0.885450 0.259282
vt 0.899718 0.911269
vt 0.918967 0.921828
vt 0.899718 0.921828
vt 0.885184 0.258051
vt 0.886738 0.256966
vt 0.923027 0.272591
vt 0.918273 0.261906
vt 0.895513 0.262150
vt 0.905644 0.262843
vt 0.916883 0.260054
vt 0.891744 0.923452
vt 0.891744 0.909646
vt 0.878496 0.263956
vt 0.872929 0.248557
vt 0.811346 0.732049
vt 0.830595 0.742608
vt 0.811346 0.742608
vt 0.917989 0.252040
vt 0.938192 0.258672
vt 0.940298 0.267737
vt 0.876291 0.243650
vt 0.887810 0.250727
vt 0.873600 0.271162
vt 0.916453 0.252075
vt 0.800299 0.733314
vt 0.810567 0.741343
vt 0.800299 0.741343
vt 0.888924 0.251117
vt 0.896808 0.253608
vt 0.904803 0.253448
vt 0.810567 0.733314
vt 0.804267 0.308302
vt 0.800597 0.148851
vt 0.804267 0.148872
vt 0.798762 0.308271
vt 0.796928 0.148788
vt 0.793259 0.308176
vt 0.793260 0.148682
vt 0.787757 0.308017
vt 0.789593 0.148534
vt 0.782257 0.307796
vt 0.785929 0.148344
vt 0.771268 0.307163
vt 0.782266 0.148112
vt 0.778607 0.147838
vt 0.760295 0.306277
vt 0.774951 0.147522
vt 0.771299 0.147163
vt 0.754817 0.305739
vt 0.767651 0.146763
vt 0.743882 0.304476
vt 0.764009 0.146321
vt 0.738426 0.303749
vt 0.760371 0.145837
vt 0.848162 0.145837
vt 0.864651 0.304475
vt 0.844524 0.146321
vt 0.840882 0.146763
vt 0.859187 0.305139
vt 0.837234 0.147163
vt 0.853716 0.305739
vt 0.833582 0.147522
vt 0.848238 0.306277
vt 0.829926 0.147838
vt 0.842754 0.306751
vt 0.826267 0.148112
vt 0.837265 0.307163
vt 0.822604 0.148344
vt 0.826276 0.307796
vt 0.818940 0.148534
vt 0.820776 0.308017
vt 0.815273 0.148682
vt 0.811605 0.148788
vt 0.783275 0.932394
vt 0.841070 0.931553
vt 0.783706 0.937083
vt 0.815274 0.308176
vt 0.807936 0.148851
vt 0.809771 0.308271
vt 0.014548 0.389897
vt 0.021114 0.395633
vt 0.014548 0.396606
vt 0.826987 0.378017
vt 0.810257 0.365180
vt 0.829740 0.357110
vt 0.055501 0.413495
vt 0.055129 0.404880
vt 0.060326 0.408924
vt 0.055978 0.373003
vt 0.047671 0.375815
vt 0.050157 0.369606
vt 0.016306 0.383407
vt 0.021156 0.390679
vt 0.047208 0.410522
vt 0.051557 0.408236
vt 0.060711 0.377787
vt 0.051976 0.378348
vt 0.019700 0.377590
vt 0.022496 0.385892
vt 0.049663 0.416632
vt 0.042336 0.411593
vt 0.064030 0.383626
vt 0.055470 0.381901
vt 0.024495 0.372848
vt 0.025041 0.381607
vt 0.043249 0.418182
vt 0.037349 0.411722
vt 0.065705 0.390118
vt 0.057912 0.386227
vt 0.032985 0.375669
vt 0.028619 0.378119
vt 0.036694 0.418237
vt 0.032580 0.410533
vt 0.065621 0.396808
vt 0.059136 0.391026
vt 0.030361 0.369506
vt 0.037839 0.374427
vt 0.030283 0.416668
vt 0.028312 0.408128
vt 0.019695 0.408823
vt 0.022367 0.400409
vt 0.024826 0.404674
vt 0.063784 0.403228
vt 0.059060 0.395962
vt 0.036894 0.367794
vt 0.042848 0.374477
vt 0.024471 0.413465
vt 0.016305 0.403067
vt 0.057691 0.400690
vt 0.043647 0.367829
vt 0.700569 0.448855
vt 0.699547 0.443530
vt 0.702388 0.446126
vt 0.696402 0.447487
vt 0.674600 0.466627
vt 0.694675 0.445963
vt 0.778014 0.820111
vt 0.782703 0.787937
vt 0.782703 0.820111
vt 0.688901 0.478535
vt 0.685210 0.477121
vt 0.702819 0.440638
vt 0.705132 0.443507
vt 0.711401 0.440293
vt 0.715012 0.446933
vt 0.711399 0.446886
vt 0.780049 0.825749
vt 0.701575 0.438935
vt 0.706588 0.438234
vt 0.790940 0.823366
vt 0.794312 0.820111
vt 0.794408 0.823366
vt 0.698030 0.442016
vt 0.784088 0.823366
vt 0.783513 0.830103
vt 0.708129 0.441506
vt 0.790402 0.829711
vt 0.788037 0.833760
vt 0.710675 0.436713
vt 0.714993 0.439772
vt 0.794466 0.831463
vt 0.705704 0.436368
vt 0.793340 0.836015
vt 0.710188 0.434754
vt 0.714983 0.436175
vt 0.799016 0.832215
vt 0.799016 0.836894
vt 0.707919 0.477863
vt 0.701085 0.477956
vt 0.790860 0.820111
vt 0.715020 0.449690
vt 0.710974 0.449641
vt 0.794312 0.787937
vt 0.799016 0.820111
vt 0.715098 0.477851
vt 0.710958 0.477859
vt 0.799016 0.823366
vt 0.707965 0.449533
vt 0.708743 0.446763
vt 0.786906 0.826865
vt 0.790860 0.787937
vt 0.729465 0.448775
vt 0.730458 0.443445
vt 0.733626 0.447384
vt 0.755533 0.466404
vt 0.735344 0.445851
vt 0.815329 0.787937
vt 0.820018 0.820111
vt 0.815329 0.820111
vt 0.741297 0.478391
vt 0.727632 0.446056
vt 0.727170 0.440570
vt 0.718587 0.440274
vt 0.817983 0.825749
vt 0.723388 0.438188
vt 0.728405 0.438861
vt 0.807092 0.823366
vt 0.803720 0.820111
vt 0.807172 0.820111
vt 0.731968 0.441923
vt 0.814518 0.830103
vt 0.813944 0.823366
vt 0.721866 0.441468
vt 0.807630 0.829711
vt 0.811126 0.826865
vt 0.724874 0.443452
vt 0.719293 0.436689
vt 0.803624 0.823366
vt 0.803566 0.831463
vt 0.724262 0.436317
vt 0.809995 0.833760
vt 0.719769 0.434727
vt 0.804692 0.836015
vt 0.722276 0.477823
vt 0.729111 0.477879
vt 0.718625 0.446866
vt 0.719065 0.449619
vt 0.803720 0.787937
vt 0.719237 0.477836
vt 0.722074 0.449495
vt 0.721281 0.446728
vt 0.807172 0.787937
vt 0.944420 0.715554
vt 0.939330 0.710896
vt 0.944435 0.711015
vt 0.949338 0.715644
vt 0.949373 0.711202
vt 0.954152 0.711369
vt 0.954151 0.715735
vt 0.958867 0.711499
vt 0.958878 0.715850
vt 0.963681 0.711600
vt 0.963660 0.715943
vt 0.968537 0.711650
vt 0.968470 0.716165
vt 0.992300 0.712292
vt 0.992189 0.716971
vt 0.909233 0.715793
vt 0.883833 0.711613
vt 0.909183 0.711005
vt 0.914365 0.715581
vt 0.914320 0.710985
vt 0.919354 0.710988
vt 0.919468 0.715540
vt 0.924287 0.710986
vt 0.924442 0.715494
vt 0.929361 0.715481
vt 0.929227 0.710938
vt 0.934307 0.715455
vt 0.934213 0.710882
vt 0.939373 0.715472
vt 0.944402 0.716507
vt 0.939377 0.721242
vt 0.939362 0.716480
vt 0.949317 0.716574
vt 0.944420 0.721238
vt 0.954130 0.716647
vt 0.949330 0.721211
vt 0.958856 0.716718
vt 0.954114 0.721206
vt 0.963627 0.716892
vt 0.958809 0.721263
vt 0.968255 0.721582
vt 0.968431 0.717076
vt 0.991970 0.722312
vt 0.992158 0.717884
vt 0.909271 0.716765
vt 0.884146 0.722312
vt 0.883964 0.717581
vt 0.914389 0.716595
vt 0.909483 0.721616
vt 0.919475 0.716502
vt 0.914579 0.721436
vt 0.924448 0.716439
vt 0.919615 0.721274
vt 0.929421 0.721113
vt 0.929365 0.716382
vt 0.934335 0.721167
vt 0.934306 0.716412
vt 0.939344 0.709863
vt 0.944467 0.710029
vt 0.949410 0.710249
vt 0.954182 0.710463
vt 0.958887 0.710566
vt 0.963696 0.710632
vt 0.968553 0.710712
vt 0.992325 0.711354
vt 0.883932 0.716606
vt 0.909172 0.710007
vt 0.914320 0.709967
vt 0.919359 0.710037
vt 0.924283 0.710018
vt 0.929218 0.709964
vt 0.934208 0.709890
vt 0.782031 0.904321
vt 0.778556 0.899540
vt 0.782029 0.899647
vt 0.778613 0.908978
vt 0.778555 0.904258
vt 0.782209 0.913676
vt 0.782091 0.908998
vt 0.782386 0.918354
vt 0.778729 0.913698
vt 0.782621 0.923032
vt 0.778904 0.918419
vt 0.779428 0.927866
vt 0.779137 0.923142
vt 0.782917 0.927712
vt 0.780189 0.937342
vt 0.779777 0.932596
vt 0.780679 0.942125
vt 0.784231 0.941782
vt 0.781298 0.946990
vt 0.785804 0.951164
vt 0.784896 0.946488
vt 0.783800 0.957121
vt 0.782195 0.952004
vt 0.786236 0.848734
vt 0.784474 0.843198
vt 0.787380 0.844514
vt 0.781989 0.852511
vt 0.782970 0.847804
vt 0.784693 0.857777
vt 0.785374 0.853204
vt 0.784130 0.862392
vt 0.781269 0.857219
vt 0.783650 0.867025
vt 0.780693 0.861916
vt 0.783240 0.871669
vt 0.780206 0.866609
vt 0.779437 0.875997
vt 0.779791 0.871301
vt 0.782892 0.876320
vt 0.779144 0.880697
vt 0.782603 0.880977
vt 0.778909 0.885402
vt 0.782373 0.885638
vt 0.778733 0.890111
vt 0.782086 0.894974
vt 0.782200 0.890304
vt 0.778615 0.894824
vt 0.045688 0.482273
vt 0.018342 0.446634
vt 0.062879 0.440771
vt 0.839524 0.895916
vt 0.839522 0.903836
vt 0.841490 0.864380
vt 0.841074 0.868303
vt 0.841488 0.935503
vt 0.839498 0.899875
vt 0.839596 0.907797
vt 0.840706 0.872232
vt 0.841954 0.939448
vt 0.839718 0.911759
vt 0.840387 0.876168
vt 0.842468 0.943384
vt 0.839890 0.915721
vt 0.840116 0.880110
vt 0.787056 0.955608
vt 0.843027 0.947308
vt 0.840111 0.919682
vt 0.839894 0.884056
vt 0.842462 0.856563
vt 0.840381 0.923641
vt 0.839722 0.888006
vt 0.841953 0.860466
vt 0.840701 0.927598
vt 0.839598 0.891960
vt 0.776761 0.307511
vt 0.749346 0.305139
vt 0.870107 0.303749
vt 0.963520 0.721408
vt 0.843027 0.852522
vt 0.706535 0.014110
vt 0.865091 0.135909
vt 0.706535 0.135909
vt 0.865091 0.140980
vt 0.870162 0.014110
vt 0.865091 0.014110
vt 0.701464 0.135909
vt 0.706535 0.009039
vt 0.829552 0.752021
vt 0.844528 0.752407
vt 0.829718 0.753188
vt 0.968965 0.736653
vt 0.995831 0.738119
vt 0.968965 0.738119
vt 0.858006 0.753186
vt 0.872865 0.750657
vt 0.872997 0.752407
vt 0.879496 0.752513
vt 0.906362 0.753979
vt 0.879496 0.753979
vt 0.879591 0.738074
vt 0.894542 0.738460
vt 0.879756 0.739241
vt 0.857531 0.966032
vt 0.858997 0.939165
vt 0.858997 0.966032
vt 0.920760 0.751831
vt 0.935708 0.752216
vt 0.920925 0.752997
vt 0.932553 0.738119
vt 0.959419 0.736653
vt 0.959419 0.738119
vt 0.907852 0.738071
vt 0.922941 0.738459
vt 0.908017 0.739239
vt 0.843862 0.739232
vt 0.870728 0.740698
vt 0.843862 0.740698
vt 0.949185 0.752995
vt 0.963999 0.750466
vt 0.964131 0.752215
vt 0.814215 0.751924
vt 0.787349 0.753390
vt 0.787349 0.751924
vt 0.932553 0.734700
vt 0.932553 0.736653
vt 0.906362 0.755933
vt 0.825860 0.754780
vt 0.879496 0.750560
vt 0.906362 0.752513
vt 0.844594 0.754780
vt 0.904619 0.736486
vt 0.922808 0.736710
vt 0.854140 0.754780
vt 0.857841 0.752017
vt 0.876362 0.736492
vt 0.894408 0.736711
vt 0.894608 0.740832
vt 0.875899 0.740832
vt 0.826323 0.750439
vt 0.844394 0.750658
vt 0.870728 0.742651
vt 0.935774 0.754589
vt 0.843862 0.737278
vt 0.870728 0.739232
vt 0.860951 0.939165
vt 0.917069 0.754589
vt 0.855578 0.966032
vt 0.857531 0.939165
vt 0.923007 0.740832
vt 0.995831 0.740073
vt 0.945786 0.750241
vt 0.949019 0.751827
vt 0.904154 0.740832
vt 0.968965 0.734700
vt 0.995831 0.736653
vt 0.917532 0.750248
vt 0.935574 0.750467
vt 0.964197 0.754589
vt 0.945320 0.754589
vt 0.854607 0.750430
vt 0.787349 0.749970
vt 0.814215 0.755343
vt 0.814215 0.753390
vt 0.959419 0.740073
vt 0.873062 0.754780
vt 0.950396 0.846264
vt 0.952520 0.845788
vt 0.951898 0.846872
vt 0.949965 0.847877
vt 0.951591 0.848081
vt 0.949991 0.849541
vt 0.951585 0.849327
vt 0.951912 0.850525
vt 0.950420 0.851147
vt 0.952534 0.851597
vt 0.951253 0.852586
vt 0.952432 0.853758
vt 0.953411 0.852470
vt 0.954485 0.853082
vt 0.953876 0.854583
vt 0.955488 0.855002
vt 0.955683 0.853391
vt 0.956922 0.853374
vt 0.957156 0.854987
vt 0.958117 0.853029
vt 0.958769 0.854541
vt 0.959194 0.852397
vt 0.960196 0.853670
vt 0.960063 0.851497
vt 0.961372 0.852477
vt 0.962204 0.851020
vt 0.960673 0.850403
vt 0.960999 0.849194
vt 0.962606 0.849397
vt 0.960989 0.847946
vt 0.962604 0.847724
vt 0.962170 0.846109
vt 0.960658 0.846746
vt 0.961314 0.844680
vt 0.960041 0.845670
vt 0.959155 0.844806
vt 0.960135 0.843504
vt 0.958083 0.844191
vt 0.958682 0.842701
vt 0.956884 0.843894
vt 0.957075 0.842278
vt 0.955647 0.843904
vt 0.955415 0.842317
vt 0.953813 0.842762
vt 0.954455 0.844250
vt 0.952377 0.843610
vt 0.953388 0.844892
vt 0.951202 0.844801
vt 0.395050 0.773804
vt 0.395712 0.778200
vt 0.394009 0.777994
vt 0.596503 0.803570
vt 0.589907 0.799798
vt 0.591081 0.798248
vt 0.397109 0.770040
vt 0.396635 0.774423
vt 0.600346 0.810095
vt 0.594973 0.804760
vt 0.400061 0.766955
vt 0.398471 0.771039
vt 0.600444 0.817621
vt 0.598565 0.810844
vt 0.403715 0.764764
vt 0.401110 0.768272
vt 0.602349 0.817366
vt 0.600468 0.824622
vt 0.407819 0.763618
vt 0.404376 0.766309
vt 0.600395 0.832107
vt 0.602367 0.824879
vt 0.412092 0.763595
vt 0.408048 0.765286
vt 0.596574 0.838537
vt 0.598637 0.831356
vt 0.415587 0.766262
vt 0.411872 0.765271
vt 0.591175 0.843716
vt 0.595081 0.837345
vt 0.416238 0.764695
vt 0.418926 0.768194
vt 0.584583 0.847299
vt 0.590052 0.842167
vt 0.419967 0.766847
vt 0.421658 0.770938
vt 0.577239 0.849113
vt 0.583896 0.845500
vt 0.423017 0.769905
vt 0.423592 0.774305
vt 0.569635 0.849076
vt 0.577018 0.847185
vt 0.425174 0.773656
vt 0.424595 0.778062
vt 0.562270 0.847164
vt 0.569893 0.847147
vt 0.426299 0.782175
vt 0.426293 0.777842
vt 0.556806 0.841908
vt 0.562999 0.845363
vt 0.423618 0.785718
vt 0.424602 0.781954
vt 0.550216 0.838188
vt 0.555645 0.843458
vt 0.423086 0.790122
vt 0.425202 0.786361
vt 0.546362 0.831714
vt 0.551733 0.836996
vt 0.420105 0.793207
vt 0.421721 0.789104
vt 0.544343 0.824496
vt 0.548129 0.830962
vt 0.416439 0.795400
vt 0.419056 0.791883
vt 0.544313 0.817023
vt 0.546237 0.824237
vt 0.412332 0.796543
vt 0.415778 0.793852
vt 0.546277 0.809817
vt 0.546204 0.817279
vt 0.408071 0.796556
vt 0.412105 0.794878
vt 0.551591 0.804568
vt 0.548033 0.810568
vt 0.403959 0.795438
vt 0.408294 0.794890
vt 0.550092 0.803375
vt 0.556631 0.799697
vt 0.400286 0.793278
vt 0.404614 0.793891
vt 0.555490 0.798146
vt 0.562808 0.796276
vt 0.398627 0.789236
vt 0.401321 0.791957
vt 0.569453 0.792559
vt 0.562095 0.794472
vt 0.397312 0.790230
vt 0.396750 0.785863
vt 0.576818 0.794496
vt 0.569692 0.794490
vt 0.395135 0.786527
vt 0.395736 0.782105
vt 0.577075 0.792563
vt 0.583714 0.796299
vt 0.394032 0.782330
vt 0.584453 0.794496
vt 0.665109 0.812495
vt 0.664494 0.821255
vt 0.662850 0.821040
vt 0.670849 0.805835
vt 0.666643 0.813134
vt 0.669532 0.804816
vt 0.676824 0.799864
vt 0.675813 0.798534
vt 0.684157 0.795631
vt 0.683523 0.794083
vt 0.692345 0.793429
vt 0.692131 0.791768
vt 0.700830 0.793408
vt 0.709674 0.794021
vt 0.701051 0.791747
vt 0.716396 0.799764
vt 0.709034 0.795569
vt 0.717412 0.798436
vt 0.722416 0.805706
vt 0.728218 0.812349
vt 0.723738 0.804688
vt 0.730545 0.820891
vt 0.726680 0.812988
vt 0.728914 0.829498
vt 0.728897 0.821106
vt 0.730557 0.829722
vt 0.726731 0.837581
vt 0.728254 0.838227
vt 0.722502 0.844784
vt 0.717503 0.851928
vt 0.723797 0.845809
vt 0.709827 0.856153
vt 0.716529 0.850600
vt 0.701322 0.858212
vt 0.709237 0.854617
vt 0.692532 0.858033
vt 0.701151 0.856576
vt 0.683950 0.856027
vt 0.692749 0.856382
vt 0.676196 0.851894
vt 0.684537 0.854485
vt 0.669825 0.845850
vt 0.677165 0.850561
vt 0.666810 0.837677
vt 0.671114 0.844823
vt 0.662913 0.829856
vt 0.665292 0.838325
vt 0.664551 0.829631
vt 0.408347 0.767599
vt 0.569095 0.789452
vt 0.427794 0.787459
vt 0.724527 0.836641
vt 0.605430 0.825327
vt 0.963753 0.842864
vt 0.730673 0.839275
vt 0.576442 0.797268
vt 0.958844 0.847475
vt 0.419810 0.787683
vt 0.596130 0.830275
vt 0.392528 0.787557
vt 0.547751 0.840083
vt 0.720628 0.843299
vt 0.947602 0.845063
vt 0.407477 0.760849
vt 0.962011 0.841128
vt 0.725849 0.847456
vt 0.398110 0.781810
vt 0.958479 0.846847
vt 0.550659 0.829887
vt 0.954086 0.846986
vt 0.411550 0.767594
vt 0.577515 0.789460
vt 0.425308 0.791836
vt 0.715117 0.848678
vt 0.603223 0.833351
vt 0.959875 0.839911
vt 0.719043 0.854056
vt 0.946973 0.847435
vt 0.582649 0.798880
vt 0.957964 0.846341
vt 0.417603 0.790043
vt 0.953727 0.847635
vt 0.592958 0.835635
vt 0.391229 0.782662
vt 0.543499 0.832898
vt 0.708389 0.852396
vt 0.412490 0.760826
vt 0.398105 0.778488
vt 0.957503 0.839287
vt 0.710749 0.858606
vt 0.946977 0.849885
vt 0.585669 0.791606
vt 0.957337 0.845991
vt 0.548943 0.823874
vt 0.953545 0.848355
vt 0.414666 0.768428
vt 0.588220 0.802013
vt 0.421805 0.795427
vt 0.700917 0.854202
vt 0.598966 0.840487
vt 0.955050 0.839303
vt 0.701580 0.860814
vt 0.947603 0.852249
vt 0.660234 0.820681
vt 0.956640 0.845822
vt 0.414870 0.791705
vt 0.953543 0.849092
vt 0.588462 0.839948
vt 0.541280 0.824881
vt 0.693065 0.853941
vt 0.417350 0.762118
vt 0.668866 0.814071
vt 0.952685 0.839947
vt 0.692182 0.860631
vt 0.948814 0.854378
vt 0.662672 0.811462
vt 0.955922 0.845847
vt 0.548901 0.817653
vt 0.953731 0.849799
vt 0.417469 0.770054
vt 0.417495 0.797983
vt 0.685391 0.852252
vt 0.592966 0.846230
vt 0.672758 0.807322
vt 0.950559 0.841180
vt 0.682999 0.858471
vt 0.950539 0.856125
vt 0.667443 0.803180
vt 0.955229 0.846065
vt 0.411803 0.792571
vt 0.954095 0.850427
vt 0.582928 0.842909
vt 0.948822 0.842925
vt 0.541262 0.816581
vt 0.678578 0.848634
vt 0.421717 0.764642
vt 0.678286 0.801799
vt 0.954598 0.846450
vt 0.674636 0.854009
vt 0.952663 0.857366
vt 0.674217 0.796408
vt 0.550535 0.811651
vt 0.954609 0.850934
vt 0.419762 0.772362
vt 0.391217 0.777614
vt 0.412667 0.799312
vt 0.672991 0.843340
vt 0.585669 0.850199
vt 0.685072 0.797883
vt 0.667758 0.847475
vt 0.955043 0.858011
vt 0.682528 0.791613
vt 0.398842 0.775284
vt 0.408616 0.792586
vt 0.955237 0.851286
vt 0.576713 0.844407
vt 0.543451 0.808578
vt 0.669016 0.836745
vt 0.425284 0.768226
vt 0.692650 0.795843
vt 0.592997 0.795772
vt 0.662866 0.839343
vt 0.957513 0.858011
vt 0.691807 0.789123
vt 0.553724 0.806283
vt 0.955934 0.851457
vt 0.421387 0.775194
vt 0.592778 0.806458
vt 0.407660 0.799312
vt 0.666930 0.829315
vt 0.577571 0.852208
vt 0.700505 0.795819
vt 0.392455 0.772739
vt 0.660300 0.830197
vt 0.959900 0.857365
vt 0.701418 0.789106
vt 0.405535 0.791751
vt 0.666878 0.821577
vt 0.956654 0.851434
vt 0.570271 0.844374
vt 0.400361 0.772429
vt 0.547689 0.801430
vt 0.427802 0.772620
vt 0.708100 0.797814
vt 0.598989 0.801679
vt 0.962031 0.856114
vt 0.710708 0.791566
vt 0.558250 0.801927
vt 0.957345 0.851218
vt 0.422233 0.778357
vt 0.596014 0.811911
vt 0.402837 0.797986
vt 0.569194 0.852167
vt 0.714918 0.801690
vt 0.394883 0.768350
vt 0.963767 0.854363
vt 0.719044 0.796332
vt 0.402775 0.790129
vt 0.957974 0.850831
vt 0.564050 0.842783
vt 0.402555 0.770100
vt 0.553671 0.795633
vt 0.429099 0.777517
vt 0.720495 0.807182
vt 0.603229 0.808919
vt 0.964996 0.852222
vt 0.725854 0.803081
vt 0.563819 0.798872
vt 0.958484 0.850292
vt 0.422242 0.781636
vt 0.597718 0.817980
vt 0.398542 0.795442
vt 0.561069 0.850047
vt 0.724448 0.813912
vt 0.398359 0.764747
vt 0.965625 0.849838
vt 0.730674 0.811348
vt 0.400525 0.787830
vt 0.958841 0.849638
vt 0.558473 0.839691
vt 0.405279 0.768453
vt 0.560971 0.791565
vt 0.429091 0.782579
vt 0.726508 0.821415
vt 0.605430 0.816987
vt 0.965625 0.847377
vt 0.733171 0.820566
vt 0.570023 0.797262
vt 0.959034 0.848919
vt 0.421415 0.784813
vt 0.597756 0.824247
vt 0.395063 0.791893
vt 0.553749 0.845934
vt 0.726534 0.829171
vt 0.402655 0.762186
vt 0.964990 0.844995
vt 0.733171 0.830097
vt 0.398943 0.784995
vt 0.959034 0.848182
vt 0.553906 0.835294
vt 0.564149 0.405652
vt 0.560975 0.410898
vt 0.561021 0.407907
vt 0.571245 0.403390
vt 0.565018 0.407496
vt 0.579034 0.401090
vt 0.571853 0.405351
vt 0.587329 0.399238
vt 0.579517 0.402898
vt 0.595984 0.399154
vt 0.587528 0.401132
vt 0.628886 0.438939
vt 0.627793 0.430411
vt 0.629734 0.430322
vt 0.605084 0.400432
vt 0.595860 0.401192
vt 0.625671 0.446968
vt 0.626973 0.438478
vt 0.610489 0.401835
vt 0.604681 0.402287
vt 0.620357 0.453934
vt 0.623947 0.446005
vt 0.618912 0.408550
vt 0.609794 0.403463
vt 0.611330 0.461374
vt 0.618962 0.452649
vt 0.624479 0.414698
vt 0.617559 0.409965
vt 0.606086 0.463083
vt 0.610435 0.459751
vt 0.628175 0.421981
vt 0.622978 0.415737
vt 0.596948 0.464507
vt 0.605595 0.461077
vt 0.626385 0.422593
vt 0.588201 0.464627
vt 0.596773 0.462561
vt 0.579574 0.463024
vt 0.588363 0.462700
vt 0.571487 0.460827
vt 0.580020 0.461039
vt 0.564043 0.458541
vt 0.572067 0.458848
vt 0.560975 0.455729
vt 0.565043 0.456500
vt 0.561092 0.399919
vt 0.563260 0.402434
vt 0.561080 0.402667
vt 0.563133 0.400070
vt 0.570560 0.400770
vt 0.570113 0.398834
vt 0.578455 0.398587
vt 0.577995 0.396651
vt 0.587020 0.396715
vt 0.586825 0.394852
vt 0.596092 0.396475
vt 0.634722 0.430116
vt 0.631564 0.439619
vt 0.632548 0.430196
vt 0.596191 0.394284
vt 0.605675 0.397844
vt 0.633676 0.440181
vt 0.628019 0.448304
vt 0.606271 0.395693
vt 0.611479 0.399685
vt 0.629864 0.449385
vt 0.622257 0.455735
vt 0.612308 0.398202
vt 0.620641 0.406767
vt 0.623850 0.457322
vt 0.612510 0.463566
vt 0.622066 0.405231
vt 0.626566 0.413263
vt 0.613330 0.465156
vt 0.606727 0.465682
vt 0.628220 0.412141
vt 0.630682 0.421108
vt 0.607380 0.467836
vt 0.597115 0.467212
vt 0.632664 0.420422
vt 0.597269 0.469423
vt 0.587961 0.467226
vt 0.587753 0.469131
vt 0.579053 0.465632
vt 0.578633 0.467653
vt 0.570794 0.463585
vt 0.570341 0.465630
vt 0.563084 0.461890
vt 0.562883 0.464419
vt 0.560757 0.461497
vt 0.638208 0.429934
vt 0.636876 0.441015
vt 0.632617 0.450978
vt 0.614851 0.467812
vt 0.626027 0.459483
vt 0.597521 0.472459
vt 0.608328 0.470777
vt 0.587495 0.472021
vt 0.578010 0.470420
vt 0.569800 0.468338
vt 0.563206 0.467443
vt 0.560721 0.464498
vt 0.563440 0.397212
vt 0.561097 0.394580
vt 0.569541 0.396285
vt 0.577294 0.394006
vt 0.586470 0.392027
vt 0.596372 0.391268
vt 0.613670 0.395636
vt 0.607171 0.392758
vt 0.630638 0.410433
vt 0.623980 0.403142
vt 0.635638 0.419307
vt 0.557973 0.405564
vt 0.557074 0.407345
vt 0.551018 0.403280
vt 0.550411 0.405197
vt 0.543379 0.400989
vt 0.542894 0.402769
vt 0.535407 0.399145
vt 0.535171 0.400968
vt 0.527088 0.398833
vt 0.493682 0.426945
vt 0.491665 0.434967
vt 0.491823 0.426648
vt 0.527124 0.400785
vt 0.518404 0.399590
vt 0.493541 0.434756
vt 0.493736 0.442951
vt 0.518630 0.401364
vt 0.513262 0.400445
vt 0.495490 0.442242
vt 0.497957 0.450183
vt 0.513831 0.402067
vt 0.504232 0.406129
vt 0.499442 0.449095
vt 0.506101 0.458651
vt 0.505414 0.407593
vt 0.498403 0.411876
vt 0.507119 0.457040
vt 0.511540 0.460729
vt 0.499809 0.413020
vt 0.494154 0.418724
vt 0.512191 0.458633
vt 0.521252 0.462952
vt 0.495845 0.419493
vt 0.521568 0.460853
vt 0.530825 0.463566
vt 0.530750 0.461425
vt 0.540377 0.462305
vt 0.539976 0.460086
vt 0.549491 0.460284
vt 0.548973 0.458088
vt 0.557654 0.458266
vt 0.556850 0.456077
vt 0.558909 0.402403
vt 0.551704 0.400716
vt 0.559053 0.400058
vt 0.544001 0.398550
vt 0.552148 0.398812
vt 0.535739 0.396672
vt 0.544456 0.396681
vt 0.527039 0.396217
vt 0.535968 0.394849
vt 0.489039 0.435302
vt 0.487061 0.425931
vt 0.489132 0.426231
vt 0.518001 0.397066
vt 0.527019 0.394167
vt 0.491342 0.443936
vt 0.486973 0.435590
vt 0.512450 0.398403
vt 0.517582 0.395010
vt 0.495924 0.451724
vt 0.489457 0.444736
vt 0.502732 0.404287
vt 0.511778 0.396921
vt 0.504710 0.460652
vt 0.494186 0.453081
vt 0.496458 0.410287
vt 0.501480 0.402671
vt 0.510607 0.463477
vt 0.503698 0.462199
vt 0.491792 0.417640
vt 0.494920 0.409054
vt 0.520803 0.465944
vt 0.509704 0.465716
vt 0.489928 0.416798
vt 0.530929 0.466510
vt 0.520470 0.468319
vt 0.540884 0.465224
vt 0.531046 0.468684
vt 0.550115 0.463300
vt 0.541267 0.467471
vt 0.558399 0.461782
vt 0.550540 0.465541
vt 0.558531 0.464403
vt 0.483767 0.425411
vt 0.483858 0.436011
vt 0.486648 0.445901
vt 0.491785 0.454897
vt 0.501975 0.464657
vt 0.508349 0.468844
vt 0.519998 0.471715
vt 0.531190 0.471987
vt 0.541809 0.470590
vt 0.551074 0.468503
vt 0.558218 0.467519
vt 0.560717 0.470265
vt 0.558751 0.397215
vt 0.552710 0.396302
vt 0.545111 0.394106
vt 0.536373 0.392105
vt 0.527005 0.391268
vt 0.516929 0.392149
vt 0.510806 0.394482
vt 0.499803 0.400473
vt 0.492677 0.407193
vt 0.487150 0.415469
vt 0.670904 0.891903
vt 0.665842 0.898944
vt 0.664569 0.897909
vt 0.678585 0.887751
vt 0.671861 0.893234
vt 0.687089 0.885650
vt 0.679171 0.889285
vt 0.695686 0.887222
vt 0.687286 0.887292
vt 0.704376 0.887681
vt 0.695884 0.885586
vt 0.712012 0.891893
vt 0.703772 0.889206
vt 0.718269 0.897973
vt 0.711032 0.893205
vt 0.721187 0.906140
vt 0.716976 0.898980
vt 0.722706 0.905509
vt 0.723370 0.914188
vt 0.725008 0.913977
vt 0.723372 0.922564
vt 0.725015 0.922789
vt 0.721183 0.930681
vt 0.722715 0.931327
vt 0.716945 0.937972
vt 0.711953 0.945264
vt 0.718260 0.938997
vt 0.704226 0.949694
vt 0.710946 0.943930
vt 0.695607 0.951979
vt 0.703596 0.948143
vt 0.686689 0.951961
vt 0.695399 0.950317
vt 0.678085 0.949639
vt 0.686917 0.950302
vt 0.670385 0.945175
vt 0.678733 0.948098
vt 0.665452 0.937872
vt 0.671410 0.943856
vt 0.659730 0.931182
vt 0.664123 0.938876
vt 0.657511 0.922631
vt 0.661271 0.930561
vt 0.659248 0.914070
vt 0.659156 0.922437
vt 0.657615 0.913826
vt 0.661533 0.906052
vt 0.660028 0.905387
vt 0.707514 0.939351
vt 0.716076 0.950869
vt 0.701459 0.942824
vt 0.706761 0.956183
vt 0.694705 0.944623
vt 0.696380 0.958907
vt 0.687714 0.944623
vt 0.685644 0.958853
vt 0.680967 0.942824
vt 0.675292 0.956021
vt 0.659326 0.893515
vt 0.674927 0.939350
vt 0.675106 0.897789
vt 0.666038 0.950605
vt 0.667001 0.886315
vt 0.670007 0.934444
vt 0.681144 0.894560
vt 0.658522 0.942979
vt 0.676227 0.881365
vt 0.666546 0.928448
vt 0.687966 0.893040
vt 0.653266 0.933673
vt 0.686349 0.878862
vt 0.664779 0.921783
vt 0.695020 0.892866
vt 0.650637 0.923337
vt 0.696808 0.878821
vt 0.664824 0.914916
vt 0.701702 0.894411
vt 0.650818 0.912701
vt 0.706981 0.881374
vt 0.666669 0.908330
vt 0.707672 0.897668
vt 0.653790 0.902519
vt 0.716176 0.886478
vt 0.670177 0.902486
vt 0.712544 0.902397
vt 0.723724 0.893838
vt 0.715990 0.908270
vt 0.729075 0.902952
vt 0.717764 0.914881
vt 0.731847 0.913178
vt 0.717759 0.921769
vt 0.731847 0.923808
vt 0.715951 0.928445
vt 0.729064 0.934099
vt 0.712457 0.934444
vt 0.723685 0.943333
vt 0.864218 0.584454
vt 0.858484 0.594920
vt 0.861373 0.584060
vt 0.864069 0.620414
vt 0.848970 0.633143
vt 0.852391 0.618861
vt 0.864264 0.573349
vt 0.864121 0.607549
vt 0.855519 0.606353
vt 0.864170 0.595715
vt 0.847452 0.603077
vt 0.853179 0.592718
vt 0.858723 0.582949
vt 0.834463 0.627805
vt 0.841326 0.614534
vt 0.821454 0.618909
vt 0.831538 0.607543
vt 0.856445 0.581191
vt 0.840403 0.597863
vt 0.848587 0.589234
vt 0.845014 0.584674
vt 0.854690 0.578900
vt 0.810856 0.606835
vt 0.823690 0.598201
vt 0.834843 0.590982
vt 0.818385 0.587004
vt 0.831183 0.582830
vt 0.842713 0.579321
vt 0.853579 0.576225
vt 0.803466 0.592187
vt 0.799951 0.575725
vt 0.816117 0.574629
vt 0.853193 0.573348
vt 0.829730 0.573931
vt 0.841861 0.573529
vt 0.898809 0.561841
vt 0.912389 0.575032
vt 0.898780 0.574222
vt 0.912333 0.560931
vt 0.928546 0.576266
vt 0.886713 0.562363
vt 0.886645 0.573724
vt 0.887977 0.538150
vt 0.904508 0.537711
vt 0.893536 0.544939
vt 0.816293 0.560530
vt 0.829808 0.561552
vt 0.875342 0.573442
vt 0.875361 0.562600
vt 0.841908 0.562170
vt 0.853229 0.562506
vt 0.864299 0.562623
vt 0.885753 0.579503
vt 0.874929 0.576316
vt 0.910017 0.587387
vt 0.897255 0.583107
vt 0.924888 0.592695
vt 0.904619 0.598536
vt 0.873794 0.578981
vt 0.893529 0.591226
vt 0.883412 0.584835
vt 0.872019 0.581257
vt 0.917378 0.607274
vt 0.896697 0.607810
vt 0.887914 0.598059
vt 0.879804 0.589364
vt 0.880825 0.603213
vt 0.875185 0.592809
vt 0.869725 0.582995
vt 0.906685 0.619255
vt 0.886855 0.614718
vt 0.893609 0.628041
vt 0.875757 0.618956
vt 0.867066 0.584084
vt 0.872732 0.606424
vt 0.869862 0.594967
vt 0.879063 0.633262
vt 0.842853 0.556407
vt 0.853651 0.559637
vt 0.800552 0.558894
vt 0.818865 0.548340
vt 0.831442 0.552726
vt 0.835218 0.544699
vt 0.845224 0.551111
vt 0.854792 0.556982
vt 0.804346 0.542937
vt 0.824308 0.537385
vt 0.856568 0.554718
vt 0.811815 0.528696
vt 0.832189 0.528271
vt 0.840829 0.537959
vt 0.848838 0.546623
vt 0.853443 0.543215
vt 0.858858 0.552991
vt 0.822385 0.516946
vt 0.841941 0.521477
vt 0.847876 0.532877
vt 0.861507 0.551910
vt 0.855904 0.529713
vt 0.858736 0.541082
vt 0.835298 0.508306
vt 0.852924 0.517305
vt 0.864344 0.551543
vt 0.849668 0.503163
vt 0.864490 0.515867
vt 0.864439 0.528604
vt 0.864391 0.540343
vt 0.872965 0.529782
vt 0.870040 0.541128
vt 0.867178 0.551933
vt 0.879412 0.503277
vt 0.876045 0.517396
vt 0.869818 0.553037
vt 0.886998 0.521655
vt 0.880969 0.533011
vt 0.875317 0.543305
vt 0.893747 0.508534
vt 0.879895 0.546751
vt 0.872093 0.554783
vt 0.906598 0.517280
vt 0.896699 0.528531
vt 0.883475 0.551269
vt 0.873850 0.557062
vt 0.917077 0.529121
vt 0.874966 0.559728
vt 0.909863 0.548716
vt 0.897248 0.552998
vt 0.885807 0.556587
vt 0.924432 0.543433
vt 0.928090 0.559428
vt 0.864011 0.634828
vt 0.864546 0.501616
vt 0.683109 0.693248
vt 0.400148 0.009596
vt 0.697182 0.992386
vt 0.530180 0.005982
vt 0.660124 0.011935
vt 0.741107 0.542083
vt 0.694870 0.342356
vt 0.790875 0.353037
vt 0.649958 0.378118
vt 0.979527 0.603930
vt 0.922110 0.356839
vt 0.943259 0.330652
vt 0.016370 0.006019
vt 0.196791 0.517366
vt 0.011848 0.515044
vt 0.008092 0.444492
vt 0.660805 0.398025
vt 0.663520 0.400740
vt 0.901084 0.938590
vt 0.410293 0.719418
vt 0.598548 0.773343
vt 0.336986 0.990643
vt 0.857709 0.866897
vt 0.908935 0.893122
vt 0.383222 0.801642
vt 0.470811 0.795784
vt 0.331391 0.865180
vt 0.954356 0.959301
vt 0.930563 0.939535
vt 0.992130 0.756515
vt 0.813337 0.719912
vt 0.787624 0.437996
vt 0.831906 0.402654
vt 0.840838 0.406125
vt 0.789096 0.447384
vt 0.792910 0.456010
vt 0.848548 0.411739
vt 0.854475 0.419100
vt 0.798799 0.463336
vt 0.806361 0.468890
vt 0.858219 0.427708
vt 0.859571 0.436971
vt 0.815085 0.472303
vt 0.824375 0.473344
vt 0.858476 0.446238
vt 0.833599 0.471950
vt 0.855024 0.454911
vt 0.827157 0.402225
vt 0.781144 0.689191
vt 0.992886 0.701030
vt 0.780968 0.701030
vt 0.993062 0.689191
vt 0.870643 0.324649
vt 0.190240 0.819425
vt 0.199228 0.829887
vt 0.203557 0.850056
vt 0.196237 0.869263
vt 0.185706 0.878218
vt 0.994280 0.198609
vt 0.941517 0.257955
vt 0.777337 0.257955
vt 0.724575 0.068645
vt 0.941518 0.009299
vt 0.324885 0.771177
vt 0.324885 0.922962
vt 0.278372 0.847069
vt 0.276240 0.825418
vt 0.263264 0.701867
vt 0.009896 0.922962
vt 0.009896 0.771177
vt 0.058542 0.825418
vt 0.056409 0.847070
vt 0.064857 0.804598
vt 0.269924 0.804598
vt 0.259668 0.785411
vt 0.075113 0.785411
vt 0.245867 0.768593
vt 0.229049 0.754792
vt 0.088915 0.768593
vt 0.105733 0.754791
vt 0.209862 0.744536
vt 0.124920 0.744536
vt 0.145739 0.738220
vt 0.058542 0.868721
vt 0.064857 0.889540
vt 0.071518 0.992272
vt 0.276240 0.868721
vt 0.269924 0.889540
vt 0.075113 0.908727
vt 0.088915 0.925545
vt 0.259668 0.908727
vt 0.105732 0.939347
vt 0.124920 0.949603
vt 0.245866 0.925545
vt 0.229049 0.939347
vt 0.145739 0.955919
vt 0.209861 0.949603
vt 0.741665 0.587097
vt 0.461696 0.578180
vt 0.493048 0.877156
vt 0.014621 0.904081
vt 0.821613 0.447077
vt 0.819203 0.446432
vt 0.817043 0.445184
vt 0.815280 0.443421
vt 0.814032 0.441260
vt 0.813387 0.438851
vt 0.813387 0.436357
vt 0.815280 0.431788
vt 0.817043 0.430024
vt 0.819203 0.428777
vt 0.821613 0.428131
vt 0.824107 0.428131
vt 0.826516 0.428777
vt 0.828677 0.430024
vt 0.831687 0.433948
vt 0.832333 0.436357
vt 0.832333 0.438851
vt 0.831687 0.441260
vt 0.830440 0.443421
vt 0.828677 0.445184
vt 0.826516 0.446431
vt 0.102771 0.913809
vt 0.918967 0.911269
vt 0.867676 0.254695
vt 0.830595 0.732049
vt 0.936849 0.249329
vt 0.765779 0.306751
vt 0.831772 0.307511
vt 0.831987 0.359357
vt 0.833576 0.362110
vt 0.834399 0.365180
vt 0.834399 0.368358
vt 0.833576 0.371428
vt 0.831987 0.374180
vt 0.829740 0.376428
vt 0.823917 0.378840
vt 0.820739 0.378840
vt 0.817669 0.378017
vt 0.814916 0.376428
vt 0.812669 0.374180
vt 0.811080 0.371428
vt 0.810257 0.368358
vt 0.811080 0.362110
vt 0.812669 0.359357
vt 0.814916 0.357110
vt 0.817669 0.355520
vt 0.820739 0.354698
vt 0.823917 0.354698
vt 0.826987 0.355520
vt 0.778014 0.787937
vt 0.714977 0.434038
vt 0.799016 0.787937
vt 0.744981 0.476956
vt 0.820018 0.787937
vt 0.924547 0.721158
vt 0.883809 0.710612
vt 0.066265 0.446634
vt 0.068017 0.453174
vt 0.068017 0.459945
vt 0.066265 0.466485
vt 0.062879 0.472348
vt 0.058092 0.477135
vt 0.052228 0.480521
vt 0.038918 0.482273
vt 0.032378 0.480521
vt 0.026515 0.477135
vt 0.021727 0.472348
vt 0.018342 0.466485
vt 0.016589 0.459945
vt 0.016589 0.453174
vt 0.021727 0.440771
vt 0.026515 0.435983
vt 0.032378 0.432598
vt 0.038918 0.430846
vt 0.045688 0.430846
vt 0.052228 0.432598
vt 0.058092 0.435983
vt 0.706535 0.140980
vt 0.870162 0.135909
vt 0.701464 0.014110
vt 0.865091 0.009039
vt 0.959419 0.734700
vt 0.879496 0.755933
vt 0.906362 0.750560
vt 0.922609 0.734700
vt 0.894206 0.734700
vt 0.844193 0.748647
vt 0.843862 0.742651
vt 0.870728 0.737278
vt 0.860951 0.966032
vt 0.855578 0.939165
vt 0.968965 0.740073
vt 0.963800 0.748456
vt 0.995831 0.734700
vt 0.935372 0.748456
vt 0.872667 0.748647
vt 0.814215 0.749970
vt 0.787349 0.755343
vt 0.932553 0.740073
vt 0.561082 0.453196
s 1
g off
g Cube.003_Cube.004_Satellite2
usemtl Satellite2
f 3/1/1 30/2/1 4/3/1
f 3/1/1 8/4/1 7/5/1
s 2
f 8/4/2 5/6/2 7/5/2
s 3
f 6/7/3 1/8/3 5/9/3
s 4
f 5/6/4 11/10/4 7/5/4
s 1
f 4/3/1 15/11/1 8/4/1
s 3
f 1/8/3 12/12/3 5/9/3
s 1
f 7/5/1 9/13/1 3/1/1
f 9/13/1 29/14/1 3/1/1
f 30/2/1 14/15/1 4/3/1
s 5
f 14/15/5 16/16/5 15/11/5
f 13/17/5 37/18/5 36/19/5
s 6
f 8/4/4 16/16/4 6/20/4
s 1
f 30/2/1 19/21/1 20/22/1
f 19/21/1 24/23/1 20/22/1
s 7
f 21/24/6 24/23/6 23/25/6
s 8
f 17/8/3 22/7/3 21/9/3
s 9
f 27/26/7 21/24/7 23/25/7
s 1
f 34/27/1 20/22/1 24/23/1
s 8
f 28/12/3 17/8/3 21/9/3
s 1
f 25/28/1 23/25/1 19/21/1
f 29/14/1 25/28/1 19/21/1
f 33/29/1 30/2/1 20/22/1
s 5
f 35/30/5 33/29/5 34/27/5
f 32/31/5 37/18/5 33/29/5
s 10
f 35/30/7 24/23/7 22/32/7
s 11
f 45/33/8 42/34/8 44/35/8
s 12
f 56/36/4 47/37/4 42/34/4
s 13
f 41/38/5 43/39/5 45/33/5
s 14
f 42/34/1 46/40/1 44/35/1
s 15
f 56/36/3 48/41/3 49/42/3
s 12
f 43/39/4 38/43/4 55/44/4
s 16
f 50/45/7 46/40/7 48/46/7
f 40/47/7 45/33/7 51/48/7
f 54/49/7 51/48/7 44/35/7
s 12
f 59/50/4 56/36/4 43/39/4
s 17
f 51/51/9 57/52/9 55/44/9
s 18
f 54/53/10 58/54/10 57/52/10
s 19
f 53/55/11 59/50/11 58/54/11
s 20
f 52/56/12 56/36/12 59/50/12
s 21
f 38/43/13 51/51/13 55/44/13
s 22
f 64/34/8 67/33/8 66/35/8
s 23
f 69/37/7 78/36/7 64/34/7
s 24
f 65/39/5 63/38/5 67/33/5
s 25
f 68/40/1 64/34/1 66/35/1
s 26
f 70/41/3 78/36/3 71/42/3
s 23
f 60/43/7 65/39/7 77/44/7
s 27
f 72/45/4 68/40/4 66/35/4
f 62/47/4 67/33/4 63/38/4
f 66/35/4 76/49/4 75/57/4
s 23
f 65/39/7 81/50/14 80/54/7
s 28
f 79/52/9 73/51/9 77/44/9
s 29
f 80/54/10 76/53/10 79/52/10
s 30
f 81/50/11 75/55/11 80/54/11
s 31
f 78/36/12 74/56/12 81/50/12
s 32
f 73/51/13 60/43/13 77/44/13
s 54
f 107/94/3 108/95/3 106/96/3
s 55
f 115/97/7 112/98/7 114/99/7
s 56
f 113/100/1 110/101/1 112/102/1
s 57
f 117/103/4 106/96/4 116/104/4
s 58
f 115/105/1 120/106/1 117/107/1
s 59
f 115/105/5 111/108/5 113/109/5
s 57
f 111/110/4 116/104/4 110/111/4
s 55
f 109/112/7 114/99/7 108/95/7
s 60
f 119/113/5 120/106/5 121/114/5
s 54
f 107/94/3 119/115/3 109/112/3
s 55
f 109/112/7 121/116/7 115/97/7
s 57
f 117/103/4 118/117/4 107/94/4
s 128
f 225/192/5 227/193/5 220/194/5
s 129
f 224/195/1 218/196/1 223/197/1
s 128
f 225/192/5 221/198/5 224/195/5
s 130
f 212/199/3 214/200/3 210/201/3
s 131
f 234/202/4 211/203/4 213/204/4
s 132
f 216/205/7 230/206/7 214/207/7
s 133
f 223/208/60 225/192/60 224/195/60
s 134
f 219/209/61 221/198/61 220/194/61
s 135
f 230/210/13 210/211/13 214/212/13
s 136
f 232/213/7 222/214/7 231/215/7
s 137
f 220/194/4 229/216/4 219/217/4
s 138
f 226/218/4 210/219/4 228/220/4
s 128
f 226/218/5 232/213/5 233/221/5
f 226/218/5 211/203/5 227/193/5
s 139
f 228/220/62 213/204/62 226/218/62
s 128
f 233/221/5 212/199/5 226/218/5
s 140
f 237/222/7 215/223/7 217/224/7
s 141
f 233/221/63 236/225/63 230/206/63
s 128
f 232/213/5 215/223/5 233/221/5
s 142
f 231/215/64 217/224/64 232/213/64
s 143
f 227/193/65 235/226/65 229/216/65
s 218
f 702/483/13 710/484/13 687/485/13
s 219
f 745/486/4 721/487/4 746/488/4
s 220
f 750/489/4 760/490/4 752/491/4
s 221
f 726/492/5 723/493/5 742/494/5
s 222
f 725/495/3 733/496/3 719/497/3
s 223
f 729/498/7 741/488/7 730/487/7
s 224
f 633/499/140 718/497/140 720/500/140
s 225
f 731/501/141 637/502/141 636/503/141
s 226
f 738/504/142 645/486/142 737/505/142
s 227
f 747/506/143 743/507/143 640/508/143
s 228
f 790/509/13 789/510/13 639/511/13
s 229
f 751/489/1 647/504/1 646/505/1
f 756/512/1 648/513/1 754/514/1
f 754/514/1 647/504/1 753/491/1
f 751/489/1 649/507/1 756/512/1
s 230
f 759/515/1 762/516/1 761/490/1
s 231
f 757/512/13 650/515/13 644/489/13
s 232
f 755/514/7 653/517/7 641/512/7
s 233
f 643/491/5 652/516/5 638/514/5
s 234
f 607/518/144 781/519/145 670/520/144
f 610/521/146 672/522/147 673/523/146
f 672/522/147 608/524/148 671/525/148
f 623/526/149 795/527/150 780/528/151
f 605/529/152 778/530/153 779/531/152
f 781/519/145 605/529/152 779/531/152
f 776/532/154 602/533/155 773/534/155
f 598/485/156 768/535/157 766/536/156
f 615/537/158 677/538/159 678/539/158
f 625/540/160 777/541/161 775/542/160
f 677/538/159 613/543/162 676/544/162
f 629/545/157 769/546/163 768/535/157
f 602/533/155 772/547/164 773/534/155
f 617/548/165 680/549/166 679/550/165
f 772/547/164 600/551/167 770/552/167
f 674/553/168 610/521/146 673/523/146
f 627/554/169 774/555/170 771/556/169
f 624/557/161 780/528/151 777/541/161
f 618/558/171 679/550/165 682/559/171
f 612/560/172 674/553/168 675/561/172
f 620/562/173 683/563/174 681/564/173
f 599/565/175 766/536/156 767/566/175
f 604/567/153 776/532/154 778/530/153
f 795/527/150 621/568/176 685/569/176
f 671/525/148 607/518/144 670/520/144
f 616/570/177 678/539/158 680/549/166
f 628/571/163 771/556/169 769/546/163
f 685/569/176 620/562/173 681/564/173
f 770/552/167 599/565/175 767/566/175
f 613/543/162 675/561/172 676/544/162
f 626/572/170 775/542/160 774/555/170
s 228
f 654/573/13 656/574/13 635/575/13
s 234
f 619/576/174 682/559/171 683/563/174
s 1
f 3/1/1 29/14/1 30/2/1
f 3/1/1 4/3/1 8/4/1
s 2
f 8/4/2 6/20/2 5/6/2
s 3
f 6/7/3 2/2270/3 1/8/3
s 4
f 5/6/4 12/2271/4 11/10/4
s 1
f 4/3/1 14/15/1 15/11/1
s 3
f 1/8/3 10/2272/3 12/12/3
s 1
f 7/5/1 11/10/1 9/13/1
f 9/13/1 31/2273/1 29/14/1
f 30/2/1 37/18/1 14/15/1
s 5
f 14/15/5 13/17/5 16/16/5
f 13/17/5 14/15/5 37/18/5
s 6
f 8/4/4 15/11/4 16/16/4
s 1
f 30/2/1 29/14/1 19/21/1
f 19/21/1 23/25/1 24/23/1
s 7
f 21/24/6 22/32/6 24/23/6
s 8
f 17/8/3 18/2270/3 22/7/3
s 9
f 27/26/7 28/2274/7 21/24/7
s 1
f 34/27/1 33/29/1 20/22/1
s 8
f 28/12/3 26/2272/3 17/8/3
s 1
f 25/28/1 27/26/1 23/25/1
f 29/14/1 31/2273/1 25/28/1
f 33/29/1 37/18/1 30/2/1
s 5
f 35/30/5 32/31/5 33/29/5
f 32/31/5 36/19/5 37/18/5
s 10
f 35/30/7 34/27/7 24/23/7
s 11
f 45/33/8 43/39/8 42/34/8
s 12
f 56/36/4 49/42/4 47/37/4
s 13
f 41/38/5 39/2275/5 43/39/5
s 14
f 42/34/1 47/37/1 46/40/1
s 15
f 56/36/3 50/2276/3 48/41/3
s 12
f 43/39/4 39/2275/4 38/43/4
s 16
f 50/45/7 44/35/7 46/40/7
f 40/47/7 41/38/7 45/33/7
f 44/35/7 50/45/7 52/2277/7
f 44/35/7 52/2277/7 53/57/7
f 51/48/7 45/33/7 44/35/7
f 44/35/7 53/57/7 54/49/7
s 12
f 43/39/4 55/44/4 57/52/4
f 43/39/4 57/52/4 58/54/4
f 56/36/4 42/34/4 43/39/4
f 43/39/4 58/54/4 59/50/4
s 17
f 51/51/9 54/53/9 57/52/9
s 18
f 54/53/10 53/55/10 58/54/10
s 19
f 53/55/11 52/56/11 59/50/11
s 20
f 52/56/12 50/2276/12 56/36/12
s 21
f 38/43/13 40/2278/13 51/51/13
s 22
f 64/34/8 65/39/8 67/33/8
s 23
f 69/37/7 71/42/7 78/36/7
s 24
f 65/39/5 61/2275/5 63/38/5
s 25
f 68/40/1 69/37/1 64/34/1
s 26
f 70/41/3 72/2276/3 78/36/3
s 23
f 60/43/7 61/2275/7 65/39/7
s 27
f 72/45/4 70/46/4 68/40/4
f 62/47/4 73/48/4 67/33/4
f 74/2277/4 72/45/4 66/35/4
f 66/35/4 67/33/4 73/48/4
f 66/35/4 73/48/4 76/49/4
f 75/57/4 74/2277/4 66/35/4
s 23
f 79/52/7 77/44/7 65/39/7
f 65/39/7 64/34/7 78/36/7
f 65/39/7 78/36/7 81/50/14
f 80/54/7 79/52/7 65/39/7
s 28
f 79/52/9 76/53/9 73/51/9
s 29
f 80/54/10 75/55/10 76/53/10
s 30
f 81/50/11 74/56/11 75/55/11
s 31
f 78/36/12 72/2276/12 74/56/12
s 32
f 73/51/13 62/2278/13 60/43/13
s 54
f 107/94/3 109/112/3 108/95/3
s 55
f 115/97/7 113/2282/7 112/98/7
s 56
f 113/100/1 111/2283/1 110/101/1
s 57
f 117/103/4 107/94/4 106/96/4
s 58
f 115/105/1 121/114/1 120/106/1
s 59
f 115/105/5 117/107/5 111/108/5
s 57
f 111/110/4 117/103/4 116/104/4
s 55
f 109/112/7 115/97/7 114/99/7
s 60
f 119/113/5 118/2284/5 120/106/5
s 54
f 107/94/3 118/117/3 119/115/3
s 55
f 109/112/7 119/115/7 121/116/7
s 57
f 117/103/4 120/2285/4 118/117/4
s 128
f 225/192/5 232/213/5 227/193/5
s 129
f 224/195/1 221/198/1 218/196/1
s 128
f 225/192/5 220/194/5 221/198/5
s 130
f 212/199/3 216/205/3 214/200/3
s 131
f 234/202/4 235/226/4 211/203/4
s 132
f 216/205/7 233/221/7 230/206/7
s 133
f 223/208/60 222/2289/60 225/192/60
s 134
f 219/209/61 218/2290/61 221/198/61
s 135
f 230/210/13 228/2291/13 210/211/13
s 136
f 232/213/7 225/192/7 222/214/7
s 137
f 220/194/4 227/193/4 229/216/4
s 138
f 226/218/4 212/199/4 210/219/4
s 128
f 226/218/5 227/193/5 232/213/5
f 226/218/5 213/204/5 211/203/5
s 139
f 228/220/62 234/202/62 213/204/62
s 128
f 233/221/5 216/205/5 212/199/5
s 140
f 237/222/7 236/225/7 215/223/7
s 141
f 233/221/63 215/223/63 236/225/63
s 128
f 232/213/5 217/224/5 215/223/5
s 142
f 231/215/64 237/222/64 217/224/64
s 143
f 227/193/65 211/203/65 235/226/65
s 218
f 687/485/13 686/565/13 688/551/13
f 688/551/13 689/2323/13 690/533/13
f 690/533/13 691/2324/13 692/567/13
f 692/567/13 693/529/13 694/2325/13
f 694/2325/13 695/518/13 696/524/13
f 696/524/13 697/2326/13 698/521/13
f 698/521/13 699/2327/13 700/560/13
f 700/560/13 701/543/13 702/483/13
f 702/483/13 703/537/13 704/570/13
f 704/570/13 705/548/13 706/558/13
f 706/558/13 707/576/13 708/562/13
f 708/562/13 709/568/13 710/484/13
f 710/484/13 711/526/13 712/557/13
f 712/557/13 713/540/13 714/572/13
f 714/572/13 715/554/13 716/571/13
f 716/571/13 717/545/13 687/485/13
f 687/485/13 688/551/13 690/533/13
f 690/533/13 692/567/13 694/2325/13
f 694/2325/13 696/524/13 698/521/13
f 698/521/13 700/560/13 702/483/13
f 702/483/13 704/570/13 706/558/13
f 706/558/13 708/562/13 710/484/13
f 710/484/13 712/557/13 714/572/13
f 714/572/13 716/571/13 687/485/13
f 687/485/13 690/533/13 694/2325/13
f 694/2325/13 698/521/13 702/483/13
f 702/483/13 706/558/13 710/484/13
f 710/484/13 714/572/13 687/485/13
f 687/485/13 694/2325/13 702/483/13
s 219
f 745/486/4 722/498/4 721/487/4
s 220
f 750/489/4 758/515/4 760/490/4
s 221
f 742/494/5 736/2328/5 734/2329/5
f 734/2329/5 728/2330/5 726/492/5
f 726/492/5 724/2331/5 723/493/5
f 723/493/5 744/2332/5 742/494/5
f 742/494/5 734/2329/5 726/492/5
s 222
f 725/495/3 727/502/3 733/496/3
s 223
f 729/498/7 735/486/7 741/488/7
s 224
f 633/499/140 632/495/140 718/497/140
s 225
f 731/501/141 732/496/141 637/502/141
s 226
f 738/504/142 740/488/142 645/486/142
s 227
f 747/506/143 748/513/143 743/507/143
s 228
f 631/2333/13 634/2334/13 684/2335/13
f 631/2333/13 684/2335/13 796/2336/13
f 639/511/13 630/2337/13 631/2333/13
f 739/2338/13 749/2339/13 639/511/13
f 782/2340/13 669/2341/13 739/2338/13
f 783/2342/13 782/2340/13 739/2338/13
f 631/2333/13 796/2336/13 797/2343/13
f 631/2333/13 797/2343/13 793/2344/13
f 783/2342/13 739/2338/13 639/511/13
f 784/2345/13 783/2342/13 639/511/13
f 631/2333/13 793/2344/13 794/2346/13
f 631/2333/13 794/2346/13 792/2347/13
f 785/2348/13 784/2345/13 639/511/13
f 786/2349/13 785/2348/13 639/511/13
f 631/2333/13 792/2347/13 791/2350/13
f 631/2333/13 791/2350/13 790/509/13
f 787/2351/13 786/2349/13 639/511/13
f 788/2352/13 787/2351/13 639/511/13
f 639/511/13 631/2333/13 790/509/13
f 789/510/13 788/2352/13 639/511/13
s 229
f 751/489/1 753/491/1 647/504/1
f 756/512/1 649/507/1 648/513/1
f 754/514/1 648/513/1 647/504/1
f 751/489/1 646/505/1 649/507/1
s 230
f 759/515/1 764/517/1 762/516/1
s 231
f 757/512/13 765/517/13 650/515/13
s 232
f 755/514/7 763/516/7 653/517/7
s 233
f 643/491/5 651/490/5 652/516/5
s 234
f 607/518/144 606/2325/145 781/519/145
f 610/521/146 609/2326/147 672/522/147
f 672/522/147 609/2326/147 608/524/148
f 623/526/149 622/484/150 795/527/150
f 605/529/152 604/567/153 778/530/153
f 781/519/145 606/2325/145 605/529/152
f 776/532/154 603/2324/154 602/533/155
f 598/485/156 629/545/157 768/535/157
f 615/537/158 614/483/159 677/538/159
f 625/540/160 624/557/161 777/541/161
f 677/538/159 614/483/159 613/543/162
f 629/545/157 628/571/163 769/546/163
f 602/533/155 601/2323/1110 772/547/164
f 617/548/165 616/570/177 680/549/166
f 772/547/164 601/2323/1110 600/551/167
f 674/553/168 611/2327/1111 610/521/146
f 627/554/169 626/572/170 774/555/170
f 624/557/161 623/526/149 780/528/151
f 618/558/171 617/548/165 679/550/165
f 612/560/172 611/2327/1111 674/553/168
f 620/562/173 619/576/174 683/563/174
f 599/565/175 598/485/156 766/536/156
f 604/567/153 603/2324/154 776/532/154
f 795/527/150 622/484/150 621/568/176
f 671/525/148 608/524/148 607/518/144
f 616/570/177 615/537/158 678/539/158
f 628/571/163 627/554/169 771/556/169
f 685/569/176 621/568/176 620/562/173
f 770/552/167 600/551/167 599/565/175
f 613/543/162 612/560/172 675/561/172
f 626/572/170 625/540/160 775/542/160
s 228
f 739/2338/13 669/2341/13 667/2353/13
f 739/2338/13 667/2353/13 666/2354/13
f 635/575/13 642/2355/13 739/2338/13
f 668/2356/13 684/2335/13 634/2334/13
f 665/2357/13 668/2356/13 634/2334/13
f 739/2338/13 666/2354/13 664/2358/13
f 739/2338/13 664/2358/13 661/2359/13
f 665/2357/13 634/2334/13 635/575/13
f 663/2360/13 665/2357/13 635/575/13
f 739/2338/13 661/2359/13 660/2361/13
f 739/2338/13 660/2361/13 658/2362/13
f 662/2363/13 663/2360/13 635/575/13
f 659/2364/13 662/2363/13 635/575/13
f 635/575/13 739/2338/13 658/2362/13
f 635/575/13 658/2362/13 655/2365/13
f 657/2366/13 659/2364/13 635/575/13
f 656/574/13 657/2366/13 635/575/13
f 635/575/13 655/2365/13 654/573/13
s 234
f 619/576/174 618/558/171 682/559/171
s 33
g Cube.003_Cube.004_Satellite
usemtl Satellite
f 91/58/15 88/59/16 90/60/17
s 34
f 89/61/18 86/62/18 88/59/18
s 35
f 92/63/19 83/64/20 82/65/21
s 36
f 88/59/22 92/63/22 90/60/22
s 37
f 85/66/23 93/67/23 91/68/23
s 38
f 91/68/24 87/69/24 89/70/24
s 39
f 90/60/25 82/65/25 84/71/25
s 40
f 86/72/26 93/67/27 92/63/28
s 41
f 85/73/29 90/60/30 84/71/31
s 42
f 95/74/32 96/75/32 94/76/32
s 43
f 96/75/33 97/77/33 99/78/33
s 44
f 98/79/34 95/74/34 94/76/34
s 45
f 99/80/13 94/76/13 96/75/13
s 46
f 102/81/35 101/82/35 100/83/35
s 47
f 102/81/36 105/84/36 103/85/36
s 48
f 104/86/37 100/83/37 101/82/37
s 49
f 102/81/5 104/87/5 105/88/5
s 50
f 95/89/38 103/85/38 97/90/38
s 51
f 99/91/1 104/87/1 98/92/1
s 52
f 97/90/39 105/84/40 99/93/40
s 53
f 95/89/41 104/86/42 101/82/43
s 61
f 123/118/3 124/119/3 122/120/3
s 62
f 125/121/7 128/122/7 124/123/7
s 63
f 129/124/1 126/125/1 128/126/1
s 64
f 127/127/4 122/128/4 126/129/4
s 65
f 125/121/5 127/127/5 129/124/5
s 66
f 131/130/3 132/131/3 130/132/3
s 67
f 133/133/7 136/134/7 132/131/7
s 68
f 137/135/1 134/136/1 136/134/1
s 69
f 135/137/4 130/138/4 134/136/4
s 70
f 136/134/13 130/139/13 132/140/13
s 71
f 133/141/5 135/137/5 137/135/5
s 72
f 139/142/3 140/143/3 138/144/3
s 73
f 141/145/7 144/146/7 140/143/7
s 74
f 145/147/1 142/148/1 144/149/1
s 75
f 143/150/4 138/144/4 142/151/4
s 76
f 144/149/13 138/152/13 140/153/13
s 77
f 141/145/5 143/154/5 145/147/5
s 78
f 147/155/3 148/156/3 146/157/3
s 79
f 153/158/44 156/159/44 157/160/44
s 80
f 153/158/1 150/161/1 152/162/1
s 81
f 152/162/13 146/163/13 148/164/13
s 82
f 149/165/5 151/166/5 153/158/5
s 83
f 156/159/1 165/167/1 157/160/1
s 84
f 152/162/45 155/168/45 156/159/45
s 85
f 153/158/46 154/169/46 149/165/46
s 86
f 149/165/47 155/170/47 148/156/47
s 87
f 161/171/13 166/172/13 158/173/13
s 88
f 155/168/13 164/174/13 156/159/13
s 89
f 157/160/5 162/175/5 154/169/5
s 90
f 154/169/3 163/176/3 155/170/3
s 91
f 158/177/7 163/176/7 162/175/7
f 160/178/7 163/179/7 159/180/7
f 161/181/7 162/175/7 165/167/7
f 161/181/7 164/174/7 160/178/7
s 92
f 169/182/48 170/183/48 166/172/48
s 93
f 158/173/1 167/184/1 159/185/1
s 94
f 160/186/3 169/182/3 161/171/3
s 95
f 159/185/5 168/187/5 160/186/5
s 96
f 170/183/7 172/188/7 171/189/7
s 97
f 167/184/49 170/183/49 171/189/49
s 98
f 168/187/50 173/190/50 169/182/50
s 99
f 167/184/51 172/188/51 168/187/51
s 100
f 176/143/3 175/142/3 174/144/3
s 101
f 180/146/4 177/145/4 176/143/4
s 102
f 178/148/1 181/147/1 180/149/1
s 103
f 174/144/7 179/150/7 178/151/7
s 104
f 174/152/13 180/149/13 176/153/13
s 105
f 179/154/5 177/145/5 181/147/5
s 106
f 184/156/3 183/155/3 182/157/3
s 107
f 189/158/52 192/159/52 188/162/52
s 108
f 186/161/1 189/158/1 188/162/1
s 109
f 182/163/13 188/162/13 184/164/13
s 110
f 187/166/5 185/165/5 189/158/5
s 111
f 201/167/1 192/159/1 193/160/1
s 112
f 188/162/53 191/168/53 184/164/53
s 113
f 190/169/54 189/158/54 185/165/54
s 114
f 191/170/55 185/165/55 184/156/55
s 115
f 202/172/13 197/171/13 194/173/13
s 116
f 200/174/13 191/168/13 192/159/13
s 117
f 198/175/5 193/160/5 190/169/5
s 118
f 199/176/3 190/169/3 191/170/3
s 119
f 198/175/4 195/191/4 194/177/4
f 199/179/4 196/178/4 195/180/4
f 197/181/4 198/175/4 194/177/4
f 200/174/4 197/181/4 196/178/4
s 120
f 202/172/56 209/190/56 205/182/56
s 121
f 203/184/1 194/173/1 195/185/1
s 122
f 205/182/3 196/186/3 197/171/3
s 123
f 204/187/5 195/185/5 196/186/5
s 124
f 208/188/4 206/183/4 207/189/4
s 125
f 203/184/57 206/183/57 202/172/57
s 126
f 209/190/58 204/187/58 205/182/58
s 127
f 208/188/59 203/184/59 204/187/59
s 144
f 239/227/66 240/228/66 238/229/66
s 145
f 241/230/67 244/231/67 240/228/67
s 146
f 245/232/68 242/233/68 244/231/68
s 147
f 240/228/13 242/234/13 238/235/13
s 148
f 241/230/5 243/236/5 245/232/5
s 149
f 248/228/69 247/227/69 246/229/69
s 150
f 252/231/70 249/230/70 248/228/70
s 151
f 250/233/71 253/232/71 252/231/71
s 152
f 248/228/13 250/234/13 252/231/13
s 153
f 251/236/5 249/230/5 253/232/5
s 154
f 262/237/72 257/238/72 256/239/72
s 155
f 257/240/7 260/241/7 256/242/7
s 156
f 266/243/73 259/244/73 258/245/73
s 157
f 258/246/4 255/247/4 254/248/4
s 158
f 266/249/74 254/250/75 263/251/74
s 159
f 264/252/76 259/253/77 269/254/76
s 160
f 261/255/78 265/256/79 268/257/79
s 161
f 265/256/80 269/254/80 268/257/80
s 158
f 260/258/75 262/237/74 256/239/75
f 267/259/74 263/251/74 262/237/74
s 156
f 261/260/73 267/261/73 260/262/73
f 268/263/73 266/243/73 267/261/73
s 154
f 255/264/72 263/251/72 254/250/72
f 264/265/72 262/237/72 263/251/72
s 162
f 341/266/5 333/267/5 292/268/5
s 163
f 306/269/4 322/270/4 324/271/4
s 164
f 294/272/13 310/273/13 298/274/13
s 0
f 325/271/4 331/269/4 307/269/4
f 346/275/4 321/276/4 328/276/4
s 162
f 332/277/5 316/278/5 314/279/5
s 167
f 311/273/4 289/280/81 350/281/81
s 168
f 315/279/1 275/273/1 313/282/1
s 0
f 305/283/82 302/275/4 347/275/4
f 270/270/83 342/284/4 281/271/4
s 164
f 272/285/13 348/286/13 351/287/13
s 0
f 320/276/4 319/288/84 326/276/4
s 164
f 351/287/13 349/289/13 337/290/13
s 0
f 329/269/4 309/291/85 282/269/4
s 173
f 318/288/7 279/275/7 304/283/7
s 162
f 338/292/5 271/293/5 330/294/86
s 164
f 345/295/13 348/286/13 272/285/13
f 349/289/13 274/296/13 337/290/13
s 167
f 289/280/81 336/297/87 350/281/81
f 340/298/88 300/299/89 336/297/87
f 339/300/89 301/301/90 300/299/89
f 290/302/90 343/284/91 301/301/90
s 174
f 327/276/92 296/303/93 293/275/92
f 335/304/93 297/305/94 296/303/93
f 334/306/94 295/307/95 297/305/94
f 285/308/95 353/309/96 295/307/95
f 353/309/96 277/279/7 276/282/7
s 164
f 352/310/13 298/274/13 274/296/13
f 351/287/13 323/311/13 272/285/13
s 162
f 292/268/5 286/312/5 291/313/5
f 338/292/5 287/314/5 273/315/5
f 286/312/5 338/292/5 291/313/5
f 287/314/5 284/316/97 273/315/5
s 175
f 355/317/98 356/318/98 354/319/98
s 176
f 357/320/99 360/321/99 356/322/99
s 177
f 361/323/100 358/324/100 360/321/100
s 178
f 359/325/101 354/319/101 358/324/101
s 179
f 363/326/102 364/327/102 362/328/102
s 180
f 365/329/103 368/330/103 364/331/103
s 181
f 369/332/104 366/333/104 368/330/104
s 182
f 367/334/105 362/328/105 366/333/105
s 183
f 372/318/106 371/317/106 370/319/106
s 184
f 376/321/107 373/320/107 372/322/107
s 185
f 374/324/108 377/323/108 376/321/108
s 186
f 370/319/109 375/325/109 374/324/109
s 187
f 380/327/110 379/326/110 378/328/110
s 188
f 384/330/111 381/329/111 380/331/111
s 189
f 382/333/112 385/332/112 384/330/112
s 190
f 378/328/113 383/334/113 382/333/113
s 191
f 388/318/108 387/317/108 386/319/108
s 192
f 392/321/109 389/320/109 388/322/109
s 193
f 390/324/106 393/323/106 392/321/106
s 194
f 386/319/107 391/325/107 390/324/107
s 195
f 396/327/112 395/326/112 394/328/112
s 196
f 400/330/113 397/329/113 396/331/113
s 197
f 398/333/110 401/332/110 400/330/110
s 198
f 394/328/111 399/334/111 398/333/111
s 199
f 403/317/100 404/318/100 402/319/100
s 200
f 405/320/101 408/321/101 404/322/101
s 201
f 409/323/98 406/324/98 408/321/98
s 202
f 407/325/99 402/319/99 406/324/99
s 203
f 411/326/104 412/327/104 410/328/104
s 204
f 413/329/105 416/330/105 412/331/105
s 205
f 417/332/102 414/333/102 416/330/102
s 206
f 415/334/103 410/328/103 414/333/103
s 207
f 536/335/7 541/336/7 538/337/7
s 208
f 542/338/1 545/339/1 473/340/1
s 209
f 544/341/4 533/342/4 468/343/4
s 210
f 522/344/5 523/345/5 535/346/5
s 208
f 540/347/1 473/340/1 470/348/1
s 210
f 571/349/114 498/350/86 546/351/5
f 568/352/5 529/353/5 493/354/5
f 474/338/5 471/347/5 483/355/5
f 471/347/5 475/356/5 476/357/5
s 211
f 472/351/3 464/358/3 465/346/3
s 212
f 565/359/115 597/360/115 494/361/115
s 213
f 567/362/116 453/363/116 566/364/116
s 214
f 572/365/117 530/366/117 499/367/117
s 215
f 497/368/118 429/369/118 569/370/118
s 210
f 495/371/5 529/353/5 568/352/5
f 496/372/5 495/371/5 509/373/5
f 493/354/5 529/353/5 496/372/5
f 527/374/5 509/373/5 508/375/5
f 532/376/5 507/377/5 505/378/5
f 531/379/5 508/375/5 507/377/5
f 489/380/5 546/351/5 504/381/5
f 504/381/5 546/351/5 503/382/5
s 216
f 419/383/119 547/384/4 549/385/119
s 217
f 446/386/120 585/387/1 586/388/120
f 455/389/121 579/390/122 580/391/121
s 216
f 435/392/3 557/393/123 555/394/3
s 217
f 451/395/124 572/365/119 574/396/124
f 447/397/1 584/398/125 585/387/1
f 448/399/125 583/400/126 584/398/125
f 453/363/127 581/401/128 566/364/127
f 441/402/7 593/403/129 520/404/7
s 216
f 428/405/130 575/406/131 573/407/130
f 434/408/123 562/409/132 557/393/123
f 424/410/1 558/411/125 560/412/1
f 440/413/127 550/414/128 548/415/127
s 217
f 449/416/126 582/417/133 583/400/126
f 454/418/128 580/391/121 581/401/128
s 216
f 427/419/131 576/420/134 575/406/131
s 217
f 458/421/3 587/422/123 577/423/3
s 216
f 418/424/4 548/415/127 547/384/4
s 217
f 444/425/131 596/426/134 595/427/131
s 216
f 426/428/134 561/429/120 576/420/134
f 438/430/121 556/431/122 552/432/121
f 425/433/120 560/412/1 561/429/120
f 431/434/135 565/359/136 564/435/135
s 217
f 443/436/137 595/427/131 594/437/137
f 456/438/122 578/439/138 579/390/122
s 210
f 546/351/5 498/350/86 501/440/5
s 216
f 420/441/124 549/385/119 551/442/124
s 217
f 445/443/134 586/388/120 596/426/134
s 216
f 439/444/128 552/432/121 550/414/128
s 217
f 462/445/135 591/446/136 590/447/135
f 461/448/139 590/447/135 589/449/139
s 216
f 437/450/122 554/451/138 556/431/122
s 217
f 442/452/129 594/437/137 593/403/129
f 463/453/136 520/404/7 591/446/136
s 216
f 436/454/138 555/394/3 554/451/138
f 433/455/132 563/456/139 562/409/132
s 217
f 460/457/132 589/449/139 588/458/132
s 216
f 422/459/126 553/460/133 559/461/126
f 432/462/139 564/435/135 563/456/139
s 210
f 503/382/5 546/351/5 501/440/5
s 216
f 423/463/125 559/461/126 558/411/125
s 217
f 459/464/123 588/458/132 587/422/123
f 457/465/138 577/423/3 578/439/138
s 216
f 429/369/129 573/407/130 569/370/129
f 421/466/133 551/442/124 553/460/133
s 217
f 450/467/133 574/396/124 582/417/133
s 210
f 493/354/5 496/372/5 492/468/5
f 485/469/5 532/376/5 474/338/5
f 483/355/5 485/469/5 474/338/5
f 483/355/5 471/347/5 482/470/5
f 482/470/5 471/347/5 484/471/5
f 484/471/5 471/347/5 480/472/5
f 480/472/5 471/347/5 478/473/5
f 489/380/5 488/474/5 546/351/5
f 476/357/5 478/473/5 471/347/5
f 475/356/5 537/335/5 477/475/5
f 477/475/5 537/335/5 479/476/5
f 479/476/5 537/335/5 481/477/5
f 481/477/5 537/335/5 487/478/5
f 487/478/5 537/335/5 486/479/5
f 537/335/5 488/474/5 486/479/5
s 211
f 467/335/3 526/480/3 472/351/3
s 210
f 492/468/5 527/374/5 491/481/5
f 491/481/5 531/379/5 490/482/5
f 490/482/5 532/376/5 485/469/5
s 235
f 805/577/5 1066/578/5 803/579/5
s 236
f 1059/580/13 898/581/13 899/582/13
f 1046/583/13 913/584/13 1045/585/13
s 235
f 831/586/5 1079/587/5 829/588/5
s 236
f 1058/589/13 899/582/13 900/590/13
s 235
f 811/591/5 1071/592/5 1070/593/5
s 236
f 1045/585/13 1092/594/13 1044/595/13
f 1058/589/13 1105/596/13 1057/597/13
s 235
f 837/598/5 1084/599/5 1083/600/5
f 819/601/5 1075/602/5 1074/603/5
s 236
f 1043/604/13 1092/594/13 1091/605/13
s 235
f 803/579/5 1064/606/5 801/607/5
s 236
f 1057/597/13 1104/608/13 1056/609/13
f 1042/610/13 1091/605/13 1090/611/13
s 235
f 799/612/5 1087/613/5 845/614/5
f 829/588/5 1078/615/5 827/616/5
s 236
f 1056/609/13 1103/617/13 1055/618/13
s 235
f 811/591/5 1069/619/5 809/620/5
s 236
f 1040/621/13 1090/611/13 1088/622/13
f 1055/618/13 1102/623/13 1054/624/13
s 235
f 835/625/5 1083/600/5 1082/626/5
f 817/627/5 1074/603/5 1073/628/5
f 835/625/5 819/601/5 803/579/5
s 236
f 1041/629/13 1088/622/13 1089/630/13
f 1054/624/13 1101/631/13 1053/632/13
s 237
f 1160/633/129 919/634/178 918/635/179
s 238
f 1134/636/129 1038/637/7 1135/638/7
s 237
f 1203/639/135 940/640/180 939/641/181
f 1201/642/139 939/641/181 938/643/182
f 1007/644/132 938/643/182 937/645/183
f 1005/646/123 937/645/183 936/647/184
f 1195/648/3 936/647/184 935/649/185
f 1193/650/138 935/649/185 934/651/186
f 999/652/122 934/653/186 933/654/187
f 997/655/121 933/654/187 932/656/188
f 1187/657/128 932/656/188 931/658/189
f 1185/659/127 931/658/189 930/660/190
f 991/661/4 930/660/190 929/662/191
f 1181/663/119 929/662/191 928/664/192
f 1179/665/124 928/664/192 927/666/193
f 1177/667/133 927/666/193 926/668/194
f 1175/669/126 926/668/194 925/670/195
f 981/671/125 925/670/195 924/672/196
f 1171/673/1 924/672/196 923/674/197
f 1169/675/120 923/674/197 922/676/198
f 1167/677/134 922/676/198 921/678/199
f 973/679/131 921/678/199 920/680/200
f 1163/681/137 920/680/200 919/634/178
f 1205/682/136 941/683/201 940/640/180
s 239
f 871/684/7 1111/685/129 872/630/7
f 870/686/129 1110/687/137 1111/685/129
f 873/688/137 1109/689/131 1110/687/137
f 874/690/131 1108/581/134 1109/689/131
f 1068/691/134 1107/582/120 1108/581/134
f 876/692/120 1106/590/1 1107/582/120
f 877/693/1 901/596/125 1106/590/1
f 878/694/125 902/608/126 901/596/125
f 1072/695/126 903/617/133 902/608/126
f 880/696/133 904/623/124 903/617/133
f 881/697/124 905/631/119 904/623/124
f 882/698/119 1100/699/4 905/631/119
f 1076/700/4 1099/701/127 1100/699/4
f 1077/702/127 1098/703/128 1099/701/127
f 885/704/128 1097/705/121 1098/703/128
f 886/706/121 1096/707/122 1097/705/121
f 887/708/122 1095/709/138 1096/707/122
f 1081/710/138 1094/711/3 1095/712/138
f 889/713/3 1093/584/123 1094/711/3
f 890/714/123 914/594/132 1093/584/123
f 891/715/132 915/605/139 914/594/132
f 1085/716/139 916/611/135 915/605/139
f 1086/717/135 917/622/136 916/611/135
f 894/718/136 872/630/7 917/622/136
s 236
f 1047/719/13 912/711/13 1046/583/13
s 235
f 821/720/5 883/721/5 1075/602/5
f 839/722/5 892/723/5 1084/599/5
s 236
f 1060/724/13 897/689/13 898/581/13
f 1048/725/13 911/709/13 1047/726/13
s 235
f 813/727/5 879/728/5 1071/592/5
s 236
f 1061/729/13 896/687/13 897/689/13
s 235
f 833/730/5 1080/731/5 831/586/5
s 236
f 1049/732/13 910/707/13 1048/725/13
f 1062/733/13 895/685/13 896/687/13
s 235
f 805/577/5 875/734/5 1067/735/5
s 236
f 1050/736/13 909/705/13 1049/732/13
s 235
f 823/737/5 884/738/5 883/721/5
f 841/739/5 893/740/5 892/723/5
s 236
f 1041/629/13 895/685/13 1063/741/13
f 1051/742/13 908/703/13 1050/736/13
s 235
f 817/627/5 879/728/5 815/743/5
f 833/730/5 1082/626/5 888/744/5
s 236
f 1052/745/13 907/701/13 1051/742/13
s 235
f 809/620/5 875/734/5 807/746/5
s 236
f 1052/745/13 1101/631/13 906/699/13
s 235
f 825/747/5 1078/615/5 884/738/5
f 845/614/5 893/740/5 843/748/5
f 801/607/5 1065/749/5 799/612/5
s 237
f 941/683/201 800/750/202 798/751/203
f 800/750/202 919/634/178 802/752/204
f 919/634/178 804/753/205 802/752/204
f 804/753/205 921/678/199 806/754/206
f 806/754/206 922/676/198 808/755/207
f 922/676/198 810/756/208 808/755/207
f 810/756/208 924/672/196 812/757/209
f 924/672/196 814/758/210 812/757/209
f 925/670/195 816/759/211 814/758/210
f 926/668/194 818/760/212 816/759/211
f 927/666/193 820/761/213 818/760/212
f 820/761/213 929/662/191 822/762/214
f 929/662/191 824/763/215 822/762/214
f 824/763/215 931/658/189 826/764/216
f 931/658/189 828/765/217 826/764/216
f 932/656/188 830/766/218 828/765/217
f 933/654/187 832/767/219 830/766/218
f 934/651/186 834/768/220 832/769/219
f 935/649/185 836/770/221 834/768/220
f 936/647/184 838/771/222 836/770/221
f 838/771/222 938/643/182 840/772/223
f 938/643/182 842/773/224 840/772/223
f 939/641/181 844/774/225 842/773/224
f 844/774/225 941/683/201 798/751/203
s 240
f 869/621/136 1158/775/7 1204/776/136
f 847/741/129 1162/777/137 1159/778/129
f 848/733/137 1164/779/131 1162/777/137
f 849/729/131 1166/780/134 1164/779/131
f 850/724/134 1168/781/120 1166/780/134
f 851/580/120 1170/782/1 1168/781/120
f 852/589/1 1172/783/125 1170/782/1
f 853/597/125 982/784/126 1172/783/125
f 854/609/126 1176/785/133 982/784/126
f 855/618/133 1178/786/124 1176/785/133
f 856/624/124 988/787/119 1178/786/124
f 857/632/119 990/788/4 988/787/119
f 858/745/4 1184/789/127 990/788/4
f 859/742/127 1186/790/128 1184/789/127
f 860/736/128 1188/791/121 1186/790/128
f 861/732/121 1190/792/122 1188/791/121
f 862/725/122 1000/793/138 1190/792/122
f 863/719/138 1194/794/3 1000/795/138
f 864/583/3 1196/796/123 1194/794/3
f 865/585/123 1006/797/132 1196/796/123
f 866/595/132 1008/798/139 1006/797/132
f 867/604/139 1202/799/135 1008/798/139
f 868/610/135 1204/776/136 1202/799/135
s 237
f 1161/800/7 918/635/179 941/683/201
s 241
f 1183/801/13 1017/802/13 993/803/13
f 975/804/13 1155/805/13 956/806/13
s 242
f 1192/807/5 1026/808/5 1118/809/5
f 1174/810/5 947/811/5 1127/812/5
s 241
f 1191/813/13 1025/814/13 1001/815/13
f 983/816/13 1151/817/13 948/818/13
s 242
f 1010/819/5 1114/820/5 1200/821/5
f 1182/822/5 1016/823/5 1123/824/5
f 974/825/5 1132/826/5 972/827/5
s 241
f 1199/828/13 1033/829/13 1009/830/13
f 1183/801/13 1147/831/13 1146/832/13
f 1165/833/13 1156/834/13 1155/805/13
s 242
f 998/835/5 1118/836/5 1119/837/5
f 1174/810/5 1128/838/5 980/839/5
s 241
f 1191/813/13 1143/840/13 1142/841/13
f 1173/842/13 1152/843/13 1151/817/13
s 242
f 1198/844/5 1114/820/5 1115/845/5
f 1182/822/5 1124/846/5 1180/847/5
f 972/827/5 1133/848/5 970/849/5
s 241
f 1199/828/13 1139/850/13 1138/851/13
f 989/852/13 1148/853/13 1147/831/13
f 969/854/13 1156/834/13 971/855/13
s 242
f 998/835/5 1120/856/5 996/857/5
f 980/839/5 1129/858/5 978/859/5
s 240
f 846/629/7 1159/778/129 1158/775/7
s 238
f 961/848/137 962/860/129 1134/636/129
f 959/826/131 960/834/137 961/848/137
f 1131/861/134 958/805/131 959/826/131
f 1130/862/120 1154/806/134 1131/861/134
f 953/858/1 1153/863/120 1130/862/120
f 951/838/125 952/843/1 953/858/1
f 949/812/126 950/817/125 951/838/125
f 1126/811/133 1150/818/126 949/812/126
f 1125/864/124 1149/865/133 1126/811/133
f 943/846/119 944/853/124 1125/864/124
f 1014/824/4 942/831/119 943/846/119
f 1122/823/127 1015/832/4 1014/824/4
f 1121/866/128 1145/802/127 1122/823/127
f 1020/856/121 1144/867/128 1121/866/128
f 1022/837/122 1021/840/121 1020/856/121
f 1024/836/138 1023/841/122 1022/837/122
f 1117/808/3 1141/868/138 1024/809/138
f 1116/869/123 1140/870/3 1117/808/3
f 1030/845/132 1029/850/123 1116/869/123
f 1032/820/139 1031/851/132 1030/845/132
f 1112/871/135 1137/829/139 1032/820/139
f 1113/872/136 1136/873/135 1112/871/135
f 1135/638/7 1039/874/136 1113/872/136
s 241
f 1011/875/13 1033/829/13 1035/873/13
s 242
f 974/825/5 955/862/5 957/861/5
f 992/876/5 1018/866/5 1016/823/5
f 1010/819/5 1036/872/5 1034/871/5
s 241
f 983/816/13 946/865/13 985/877/13
f 1001/878/13 1027/870/13 1003/879/13
s 242
f 967/880/5 963/636/5 964/638/5
f 984/881/5 945/864/5 947/811/5
f 1004/882/5 1026/808/5 1002/883/5
s 241
f 975/804/13 954/863/13 977/884/13
f 993/803/13 1019/867/13 995/885/13
f 1011/875/13 1037/874/13 1013/886/13
s 242
f 976/887/5 1129/858/5 955/862/5
f 994/888/5 1120/856/5 1018/866/5
f 1012/889/5 964/638/5 1036/872/5
s 241
f 966/890/13 1157/860/13 969/854/13
f 985/877/13 1148/853/13 987/891/13
f 1197/892/13 1027/870/13 1139/850/13
f 1013/886/13 965/637/13 966/890/13
s 242
f 968/893/5 1133/848/5 963/636/5
f 1180/847/5 945/864/5 986/894/5
f 1198/844/5 1028/869/5 1004/882/5
s 241
f 977/884/13 1152/843/13 979/895/13
f 995/885/13 1143/840/13 1189/896/13
s 243
f 1207/897/7 1208/898/226 1206/899/227
f 1209/900/129 1210/901/228 1208/898/226
f 1211/902/130 1212/903/229 1210/901/228
f 1213/904/131 1214/905/230 1212/903/229
f 1215/906/134 1216/907/231 1214/905/230
f 1217/908/120 1218/909/232 1216/907/231
f 1219/910/1 1220/911/233 1218/909/232
f 1221/912/125 1222/913/234 1220/911/233
f 1223/914/126 1224/915/235 1222/913/234
f 1225/916/133 1226/917/236 1224/915/235
f 1227/918/124 1228/919/237 1226/917/236
f 1229/920/119 1230/921/238 1228/919/237
f 1231/922/4 1232/923/239 1230/921/238
f 1233/924/127 1234/925/240 1232/923/239
f 1235/926/128 1236/927/241 1234/925/240
f 1237/928/121 1238/929/242 1236/927/241
f 1239/930/122 1240/931/243 1238/929/242
f 1241/932/138 1242/933/244 1240/931/243
f 1243/934/3 1244/935/245 1242/933/244
f 1245/936/123 1246/937/246 1244/935/245
f 1247/938/132 1248/939/247 1246/937/246
f 1249/940/139 1250/941/248 1248/939/247
f 1251/942/249 1252/943/250 1250/941/248
f 1253/944/251 1206/945/227 1252/943/250
f 1216/907/231 1258/946/252 1214/905/230
s 244
f 1285/947/13 1293/948/13 1301/949/13
s 243
f 1224/915/235 1264/950/253 1263/951/254
f 1236/927/241 1268/952/255 1234/925/240
f 1244/935/245 1274/953/256 1273/954/257
f 1212/903/229 1256/955/258 1210/901/228
f 1220/911/233 1262/956/259 1261/957/260
f 1206/899/227 1255/958/261 1254/959/262
f 1230/921/238 1267/960/263 1266/961/264
f 1240/931/243 1272/962/265 1271/963/266
f 1250/941/248 1277/964/267 1276/965/268
f 1216/907/231 1260/966/269 1283/967/270
f 1228/919/237 1264/950/253 1226/917/236
f 1238/929/242 1269/968/271 1236/927/241
f 1248/939/247 1274/953/256 1246/937/246
f 1212/903/229 1258/946/252 1257/969/272
f 1222/913/234 1263/951/254 1262/956/259
f 1232/923/239 1268/952/255 1267/960/263
f 1244/935/245 1272/962/265 1242/933/244
f 1206/945/227 1277/964/267 1252/943/250
f 1210/901/228 1255/958/261 1208/898/226
f 1220/911/233 1260/966/269 1218/909/232
f 1230/921/238 1265/970/273 1228/919/237
f 1240/931/243 1270/971/274 1238/929/242
f 1250/941/248 1275/972/275 1248/939/247
s 245
f 1668/973/3 1681/974/3 1666/975/3
s 246
f 1400/976/7 1694/977/7 1682/974/7
s 247
f 1403/978/1 1670/979/1 1695/977/1
s 248
f 1686/980/5 1700/981/5 1691/982/5
s 249
f 1669/979/276 1688/983/276 1671/984/276
s 250
f 1685/985/4 1410/975/4 1683/986/4
s 251
f 1413/979/277 1696/987/277 1693/977/277
s 252
f 1667/975/278 1677/988/278 1674/989/278
s 250
f 1685/980/4 1405/990/4 1404/991/4
s 253
f 1402/992/1 1417/993/1 1687/983/1
s 254
f 1690/994/13 1702/995/13 1703/996/13
s 255
f 1704/997/3 1416/998/3 1684/986/3
f 1684/986/3 1699/999/3 1399/985/3
s 253
f 1687/983/1 1701/1000/1 1689/1001/1
s 250
f 1692/992/4 1669/979/4 1405/1002/4
s 256
f 1401/1001/279 1672/984/279 1415/983/279
s 257
f 1683/986/280 1410/975/280 1676/989/280
s 258
f 1412/977/281 1679/988/281 1411/974/281
s 259
f 1398/997/282 1675/989/282 1711/1003/282
s 260
f 1712/1004/13 1710/1005/13 1708/1006/13
s 261
f 1697/987/1 1423/1007/1 1713/1008/1
s 262
f 1678/988/7 1421/1008/7 1709/1009/7
s 263
f 1425/989/3 1418/1009/3 1419/1003/3
s 264
f 1703/996/283 1714/1010/283 1690/994/283
s 265
f 2222/973/3 2235/974/3 2220/975/3
s 266
f 1954/976/7 2248/977/7 2236/974/7
s 267
f 1957/978/1 2224/979/1 2249/977/1
s 268
f 2240/980/5 2254/981/5 2245/982/5
s 269
f 2223/979/280 2242/983/280 2225/984/280
s 270
f 2239/985/4 1964/975/4 2237/986/4
s 271
f 1967/979/277 2250/987/277 2247/977/277
s 272
f 2221/975/278 2231/988/278 2228/989/278
s 270
f 2239/980/4 1959/990/4 1958/991/4
s 273
f 1956/992/1 1971/993/1 2241/983/1
s 274
f 2244/994/13 2256/995/13 2257/996/13
s 275
f 2258/997/3 1970/998/3 2238/986/3
f 2238/986/3 2253/999/3 1953/985/3
s 273
f 2241/983/1 2255/1000/1 2243/1001/1
s 270
f 2246/992/4 2223/979/4 1959/1002/4
s 276
f 1955/1001/279 2226/984/279 1969/983/279
s 277
f 2237/986/280 1964/975/280 2230/989/280
s 278
f 1966/977/281 2233/988/281 1965/974/281
s 279
f 1952/997/284 2229/989/284 2265/1003/284
s 280
f 2266/1004/13 2264/1005/13 2262/1006/13
s 281
f 2251/987/1 1977/1007/1 2267/1008/1
s 282
f 2232/988/7 1975/1008/7 2263/1009/7
s 283
f 1979/989/3 1972/1009/3 1973/1003/3
s 284
f 2257/996/283 2268/1010/283 2244/994/283
s 285
f 1619/1011/285 1304/1012/286 1302/1013/285
f 1618/1014/286 1306/1015/287 1304/1012/286
f 1620/1016/287 1308/1017/288 1306/1015/287
f 1621/1018/288 1310/1019/289 1308/1017/288
f 1622/1020/289 1312/1021/290 1310/1019/289
f 1312/1021/290 1624/1022/291 1314/1023/291
f 1624/1022/291 1316/1024/292 1314/1023/291
f 1316/1024/292 1626/1025/293 1318/1026/293
f 1626/1025/293 1320/1027/294 1318/1026/293
f 1627/1028/294 1322/1029/295 1320/1027/294
f 1322/1029/295 1629/1030/296 1324/1031/296
f 1324/1031/296 1630/1032/297 1326/1033/297
f 1326/1034/297 1631/1035/298 1328/1036/298
f 1631/1035/298 1330/1037/299 1328/1036/298
f 1632/1038/299 1332/1039/300 1330/1037/299
f 1633/1040/300 1334/1041/301 1332/1039/300
f 1634/1042/301 1336/1043/302 1334/1041/301
f 1635/1044/303 1338/1045/304 1336/1043/302
f 1636/1046/304 1340/1047/305 1338/1045/304
f 1340/1047/305 1638/1048/306 1342/1049/306
f 1342/1049/306 1639/1050/307 1344/1051/307
f 1639/1050/307 1346/1052/308 1344/1051/307
s 286
f 1317/1053/309 1840/1054/310 1816/1055/310
s 285
f 1640/1056/308 1348/1057/311 1346/1052/308
f 1641/1058/311 1302/1013/285 1348/1057/311
s 287
f 1353/1059/312 1376/1060/313 1352/1061/313
s 288
f 1649/1062/13 1657/1063/13 1665/1064/13
s 287
f 1368/1065/314 1391/1066/315 1367/1067/316
f 1361/1068/317 1384/1069/318 1360/1070/318
f 1354/1071/319 1645/1072/312 1353/1059/312
f 1368/1065/314 1393/1073/320 1392/1074/314
f 1362/1075/321 1385/1076/322 1361/1068/317
f 1355/1077/323 1378/1078/319 1354/1071/319
f 1369/1079/320 1394/1080/324 1393/1073/320
f 1363/1081/325 1386/1082/321 1362/1075/321
f 1356/1083/326 1379/1084/323 1355/1077/323
f 1370/1085/324 1395/1086/327 1394/1080/324
f 1364/1087/328 1387/1088/325 1363/1081/325
f 1356/1083/326 1381/1089/329 1380/1090/326
f 1371/1091/330 1396/1092/331 1395/1086/327
f 1365/1093/332 1388/1094/328 1364/1087/328
f 1357/1095/329 1382/1096/333 1381/1089/329
f 1372/1097/331 1397/1098/334 1396/1092/331
f 1350/1099/335 1375/1100/336 1374/1101/335
f 1366/1102/337 1389/1103/338 1365/1093/332
f 1358/1104/333 1383/1105/339 1382/1096/333
f 1373/1106/334 1374/1101/335 1397/1098/334
f 1351/1107/340 1376/1060/313 1375/1100/336
f 1367/1067/316 1390/1108/337 1366/1102/337
f 1359/1109/339 1384/1069/318 1383/1105/339
s 289
f 1717/1110/341 1722/1111/5 1434/1112/86
s 290
f 1433/1113/342 1718/1114/1 1432/1115/343
s 291
f 1719/1116/13 1426/1117/13 1428/1118/13
s 289
f 1720/1113/344 1427/1119/345 1431/1120/345
f 1434/1112/86 1724/1121/5 1438/1122/5
f 1446/1123/5 1495/1124/86 1459/1125/86
s 290
f 1432/1115/343 1437/1111/346 1433/1113/342
s 291
f 1428/1118/13 1723/1126/13 1719/1116/13
s 290
f 1440/1127/347 1445/1128/348 1441/1121/347
s 291
f 1451/1129/13 1462/1130/13 1457/1131/13
s 290
f 1436/1132/346 1441/1121/347 1437/1111/346
s 291
f 1435/1133/13 1725/1134/13 1723/1126/13
s 289
f 1727/1128/5 1446/1123/5 1442/1135/5
s 291
f 1725/1134/13 1443/1136/13 1726/1137/13
s 289
f 1724/1121/5 1442/1135/5 1438/1122/5
f 1728/1138/5 1487/1139/5 1446/1123/5
s 291
f 1443/1136/13 1457/1131/13 1447/1140/13
s 290
f 1444/1141/348 1449/1138/349 1445/1128/348
s 291
f 1726/1137/13 1447/1140/13 1729/1142/13
s 290
f 1448/1143/349 1490/1144/7 1449/1138/349
s 291
f 1729/1142/13 1488/1145/13 1731/1146/13
s 289
f 1717/1110/341 1453/1147/5 1450/1148/5
s 292
f 1429/1110/3 1732/1148/3 1716/1119/3
s 291
f 1435/1133/13 1456/1149/13 1451/1129/13
s 289
f 1459/1125/86 1494/1150/86 1461/1151/86
s 291
f 1460/1152/13 1492/1153/13 1462/1130/13
s 289
f 1461/1151/86 1497/1154/5 1458/1155/5
s 291
f 1457/1131/13 1492/1153/13 1496/1156/13
f 1426/1117/13 1456/1149/13 1428/1118/13
s 289
f 1434/1112/86 1455/1157/86 1717/1110/341
f 1438/1122/5 1452/1158/86 1434/1112/86
s 291
f 1439/1159/13 1451/1129/13 1443/1136/13
s 289
f 1455/1157/86 1458/1155/5 1453/1147/5
s 291
f 1454/1160/13 1462/1130/13 1456/1149/13
s 289
f 1452/1158/86 1461/1151/86 1455/1157/86
f 1442/1135/5 1459/1125/86 1452/1158/86
s 291
f 1447/1140/13 1496/1156/13 1488/1145/13
s 289
f 1734/1161/341 1739/1162/5 1737/1163/350
s 290
f 1735/1164/3 1470/1163/351 1469/1165/352
s 291
f 1463/1166/13 1736/1167/13 1465/1168/13
s 289
f 1737/1163/350 1464/1169/345 1734/1161/341
f 1471/1170/86 1741/1171/5 1739/1162/5
f 1483/1172/5 1495/1124/86 1487/1139/5
s 290
f 1474/1162/353 1469/1165/352 1470/1163/351
s 291
f 1740/1173/13 1465/1168/13 1736/1167/13
s 290
f 1482/1174/354 1477/1175/355 1478/1171/356
s 291
f 1498/1176/13 1509/1177/13 1503/1178/13
s 290
f 1478/1171/356 1473/1179/353 1474/1162/353
s 291
f 1742/1180/13 1472/1181/13 1740/1173/13
s 289
f 1483/1172/5 1744/1174/5 1479/1182/5
s 291
f 1742/1180/13 1480/1183/13 1476/1184/13
s 289
f 1479/1182/5 1741/1171/5 1475/1185/5
f 1487/1139/5 1745/1186/5 1483/1172/5
s 291
f 1504/1187/13 1480/1183/13 1484/1188/13
s 290
f 1486/1186/357 1481/1189/354 1482/1174/354
s 291
f 1743/1190/13 1484/1188/13 1480/1183/13
s 290
f 1490/1144/7 1485/1191/357 1486/1186/357
s 291
f 1746/1192/13 1488/1145/13 1484/1188/13
s 289
f 1500/1193/5 1734/1161/341 1491/1194/5
s 293
f 1466/1161/1 1733/1169/1 1747/1194/1
s 291
f 1472/1181/13 1503/1178/13 1465/1168/13
s 289
f 1494/1150/86 1506/1195/86 1508/1196/86
s 291
f 1492/1153/13 1507/1197/13 1509/1177/13
s 289
f 1497/1154/5 1508/1196/86 1505/1198/5
s 291
f 1504/1187/13 1492/1153/13 1509/1177/13
f 1503/1178/13 1463/1166/13 1465/1168/13
s 289
f 1502/1199/86 1471/1170/86 1734/1161/341
f 1475/1185/5 1499/1200/86 1479/1182/5
s 291
f 1498/1176/13 1476/1184/13 1480/1183/13
s 289
f 1505/1198/5 1502/1199/86 1500/1193/5
s 291
f 1509/1177/13 1501/1201/13 1503/1178/13
s 289
f 1508/1196/86 1499/1200/86 1502/1199/86
f 1479/1182/5 1506/1195/86 1483/1172/5
s 291
f 1496/1156/13 1484/1188/13 1488/1145/13
s 294
f 1748/1202/311 1750/1203/358 1751/1204/311
f 1752/1205/308 1751/1204/311 1753/1206/359
f 1752/1205/308 1755/1207/307 1754/1208/307
f 1754/1208/307 1757/1209/360 1756/1210/360
f 1756/1210/360 1759/1211/361 1758/1212/362
f 1758/1212/362 1761/1213/363 1760/1214/364
f 1760/1214/364 1763/1215/365 1762/1216/366
f 1764/1217/367 1766/1218/368 1767/1219/369
f 1768/1220/370 1767/1219/369 1769/1221/370
f 1768/1220/370 1771/1222/289 1770/1223/289
f 1770/1223/289 1773/1224/371 1772/1225/288
f 1774/1226/287 1773/1224/371 1775/1227/287
f 1776/1228/372 1775/1227/287 1777/1229/372
f 1749/1230/358 1777/1229/372 1750/1203/358
s 295
f 1778/1231/373 1780/1232/374 1779/1233/375
f 1782/1234/376 1781/1235/373 1778/1231/373
f 1784/1236/377 1783/1237/376 1782/1234/376
f 1786/1238/378 1785/1239/377 1784/1236/377
f 1788/1240/379 1787/1241/378 1786/1238/378
f 1791/1242/380 1788/1240/379 1790/1243/381
f 1793/1244/382 1790/1243/381 1792/1245/383
f 1794/1246/384 1796/1247/385 1795/1248/386
f 1798/1249/387 1797/1250/388 1794/1246/384
f 1800/1251/389 1799/1252/387 1798/1249/387
f 1802/1253/390 1801/1254/389 1800/1251/389
f 1805/1255/391 1802/1253/390 1804/1256/391
f 1807/1257/392 1804/1256/391 1806/1258/393
f 1780/1232/374 1806/1258/393 1779/1233/375
s 296
f 1510/1230/394 1569/1231/395 1540/1233/394
s 297
f 1538/1204/396 1541/1259/397 1568/1260/396
s 296
f 1537/1205/398 1569/1231/395 1539/1202/395
s 297
f 1536/1206/399 1568/1260/396 1566/1261/399
s 296
f 1537/1205/398 1565/1236/400 1567/1234/398
s 297
f 1534/1207/401 1566/1261/399 1564/1262/401
s 296
f 1535/1208/400 1563/1238/402 1565/1236/400
s 297
f 1532/1209/403 1564/1262/401 1562/1263/403
s 296
f 1533/1210/402 1561/1240/404 1563/1238/402
s 297
f 1530/1211/405 1562/1263/403 1560/1264/405
s 296
f 1529/1214/406 1561/1240/404 1531/1212/407
s 297
f 1528/1213/408 1560/1264/405 1558/1265/409
s 296
f 1527/1216/410 1559/1243/406 1529/1214/406
s 297
f 1526/1215/411 1558/1265/409 1556/1266/411
s 296
f 1525/1267/412 1553/1246/413 1555/1248/412
s 297
f 1524/1218/414 1552/1268/415 1522/1219/415
s 296
f 1523/1217/416 1551/1249/417 1553/1246/413
s 297
f 1522/1219/415 1550/1269/418 1520/1221/419
s 296
f 1519/1223/420 1551/1249/417 1521/1220/421
s 297
f 1518/1222/422 1550/1269/418 1548/1270/422
s 296
f 1519/1223/420 1547/1253/423 1549/1251/420
s 297
f 1516/1224/424 1548/1270/422 1546/1271/424
s 296
f 1515/1226/425 1547/1253/423 1517/1225/423
s 297
f 1516/1224/424 1544/1272/426 1514/1227/426
s 296
f 1513/1228/427 1545/1256/425 1515/1226/425
s 297
f 1514/1227/426 1542/1273/428 1512/1229/428
s 296
f 1510/1230/394 1543/1258/427 1513/1228/427
s 297
f 1512/1229/428 1541/1259/397 1511/1203/397
s 298
f 1808/1274/5 1571/1275/5 1809/1276/5
f 1808/1274/5 1572/1277/5 1570/1278/5
f 1811/1279/5 1572/1277/5 1810/1280/5
f 1812/1281/5 1573/1282/5 1811/1279/5
f 1813/1283/5 1574/1284/5 1812/1281/5
f 1813/1283/5 1576/1285/5 1575/1286/5
f 1815/1053/5 1576/1285/5 1814/1287/5
f 1815/1053/5 1578/1288/5 1577/1289/5
f 1319/1055/5 1579/1290/5 1578/1288/5
f 1817/1291/5 1580/1292/5 1579/1290/5
f 1819/1293/5 1580/1292/5 1818/1294/5
f 1819/1293/5 1582/1295/5 1581/1296/5
f 1821/1297/5 1582/1298/5 1820/1299/5
f 1821/1297/5 1584/1300/5 1583/1301/5
f 1823/1302/5 1584/1300/5 1822/1303/5
f 1824/1304/5 1585/1305/5 1823/1302/5
f 1825/1306/5 1586/1307/5 1824/1304/5
f 1826/1308/5 1587/1309/5 1825/1306/5
f 1826/1308/5 1589/1310/5 1588/1311/5
f 1827/1312/5 1590/1313/5 1589/1310/5
f 1828/1314/5 1591/1315/5 1590/1313/5
f 1829/1316/5 1592/1317/5 1591/1315/5
f 1831/1318/5 1592/1317/5 1830/1319/5
f 1831/1318/5 1571/1275/5 1593/1320/5
s 299
f 1850/1321/5 1842/1322/5 1834/1323/5
s 286
f 1347/1319/429 1617/1324/430 1349/1318/430
f 1303/1276/431 1594/1325/432 1305/1274/432
f 1335/1304/433 1609/1326/434 1610/1327/433
f 1816/1055/310 1603/1328/435 1321/1291/435
f 1303/1276/431 1617/1324/430 1595/1329/431
f 1305/1274/432 1596/1330/436 1307/1280/437
f 1335/1304/433 1611/1331/438 1337/1306/438
f 1323/1294/439 1603/1328/435 1604/1332/440
f 1307/1280/437 1597/1333/441 1309/1279/441
f 1337/1306/438 1612/1334/442 1339/1308/442
f 1323/1294/439 1605/1335/443 1325/1293/443
f 1309/1279/441 1598/1336/444 1311/1281/444
f 1339/1308/442 1613/1337/445 1341/1312/445
f 1327/1338/446 1605/1335/443 1606/1339/446
f 1311/1281/444 1599/1340/447 1313/1283/447
f 1341/1312/445 1614/1341/448 1343/1314/448
f 1327/1299/446 1607/1342/449 1329/1297/449
f 1313/1283/447 1600/1343/450 1315/1287/450
f 1343/1314/448 1615/1344/451 1345/1316/451
f 1331/1303/452 1607/1342/449 1608/1345/452
f 1315/1287/450 1601/1346/309 1317/1053/309
f 1345/1316/451 1616/1347/429 1347/1319/429
f 1333/1302/434 1608/1345/452 1609/1326/434
s 300
f 2173/1011/285 1858/1012/286 1856/1013/285
f 2172/1014/286 1860/1015/287 1858/1012/286
f 2174/1016/287 1862/1017/288 1860/1015/287
f 2175/1018/288 1864/1019/289 1862/1017/288
f 2176/1020/289 1866/1021/290 1864/1019/289
f 2177/1348/290 1868/1023/291 1866/1021/290
f 2178/1022/291 1870/1024/292 1868/1023/291
f 1870/1024/292 2180/1025/293 1872/1026/293
f 1872/1026/293 2181/1028/294 1874/1027/294
f 2181/1028/294 1876/1029/295 1874/1027/294
f 2182/1349/295 1878/1031/296 1876/1029/295
f 2183/1030/296 1880/1033/297 1878/1031/296
f 2184/1350/297 1882/1036/298 1880/1034/297
f 2185/1035/298 1884/1037/299 1882/1036/298
f 2186/1038/299 1886/1039/300 1884/1037/299
f 2187/1040/300 1888/1041/301 1886/1039/300
f 2188/1042/301 1890/1043/303 1888/1041/301
f 2189/1044/303 1892/1045/304 1890/1043/303
f 2190/1046/304 1894/1047/305 1892/1045/304
f 1894/1047/305 2192/1048/306 1896/1049/306
f 2192/1048/306 1898/1051/307 1896/1049/306
f 2193/1050/307 1900/1052/308 1898/1051/307
s 301
f 2370/1055/310 2155/1346/309 2394/1054/310
s 300
f 2194/1056/308 1902/1057/311 1900/1052/308
f 2195/1058/311 1856/1013/285 1902/1057/311
s 302
f 1907/1059/312 1930/1060/313 1906/1061/313
s 303
f 2203/1062/13 2211/1063/13 2219/1064/13
s 302
f 1922/1065/314 1945/1066/315 1921/1067/316
f 1915/1068/317 1938/1069/318 1914/1070/318
f 1908/1071/319 2199/1072/312 1907/1059/312
f 1922/1065/314 1947/1073/320 1946/1074/314
f 1916/1075/321 1939/1076/322 1915/1068/317
f 1909/1077/323 1932/1078/319 1908/1071/319
f 1923/1079/320 1948/1080/324 1947/1073/320
f 1917/1081/325 1940/1082/321 1916/1075/321
f 1910/1083/453 1933/1084/323 1909/1077/323
f 1924/1085/324 1949/1086/327 1948/1080/324
f 1918/1087/328 1941/1088/325 1917/1081/325
f 1910/1083/453 1935/1089/454 1934/1090/453
f 1926/1097/455 1949/1086/327 1925/1091/327
f 1919/1093/332 1942/1094/328 1918/1087/328
f 1911/1095/329 1936/1096/333 1935/1089/454
f 1927/1106/334 1950/1092/331 1926/1097/455
f 1904/1099/335 1929/1100/336 1928/1101/335
f 1920/1102/337 1943/1103/338 1919/1093/332
f 1912/1104/333 1937/1105/339 1936/1096/333
f 1927/1106/334 1928/1101/335 1951/1098/456
f 1905/1107/340 1930/1060/313 1929/1100/336
f 1921/1067/316 1944/1108/337 1920/1102/337
f 1913/1109/339 1938/1069/318 1937/1105/339
s 304
f 2271/1110/341 2276/1111/5 1988/1112/86
s 305
f 1987/1113/342 2272/1114/1 1986/1115/343
s 306
f 2273/1116/13 1980/1117/13 1982/1118/13
s 304
f 2274/1113/344 1981/1119/345 1985/1120/345
f 1988/1112/86 2278/1121/5 1992/1122/5
f 2000/1123/5 2049/1124/86 2013/1125/86
s 305
f 1986/1115/343 1991/1111/346 1987/1113/342
s 306
f 1982/1118/13 2277/1126/13 2273/1116/13
s 305
f 1994/1127/457 1999/1128/348 1995/1121/458
s 306
f 2005/1129/13 2016/1130/13 2011/1131/13
s 305
f 1990/1132/346 1995/1121/458 1991/1111/346
s 306
f 1989/1133/13 2279/1134/13 2277/1126/13
s 304
f 2281/1128/5 2000/1123/5 1996/1135/5
s 306
f 2279/1134/13 1997/1136/13 2280/1137/13
s 304
f 2278/1121/5 1996/1135/5 1992/1122/5
f 2282/1138/5 2041/1139/5 2000/1123/5
s 306
f 1997/1136/13 2011/1131/13 2001/1140/13
s 305
f 1998/1141/348 2003/1138/349 1999/1128/348
s 306
f 2280/1137/13 2001/1140/13 2283/1142/13
s 305
f 2002/1143/349 2044/1144/7 2003/1138/349
s 306
f 2283/1142/13 2042/1145/13 2285/1146/13
s 304
f 2271/1110/341 2007/1147/5 2004/1148/5
s 307
f 1983/1110/3 2286/1148/3 2270/1119/3
s 306
f 1989/1133/13 2010/1149/13 2005/1129/13
s 304
f 2013/1125/86 2048/1150/86 2015/1151/86
s 306
f 2014/1152/13 2046/1153/13 2016/1130/13
s 304
f 2015/1151/86 2051/1154/5 2012/1155/5
s 306
f 2011/1131/13 2046/1153/13 2050/1156/13
f 1980/1117/13 2010/1149/13 1982/1118/13
s 304
f 1988/1112/86 2009/1157/86 2271/1110/341
f 1992/1122/5 2006/1158/86 1988/1112/86
s 306
f 1993/1159/13 2005/1129/13 1997/1136/13
s 304
f 2009/1157/86 2012/1155/5 2007/1147/5
s 306
f 2008/1160/13 2016/1130/13 2010/1149/13
s 304
f 2006/1158/86 2015/1151/86 2009/1157/86
f 1996/1135/5 2013/1125/86 2006/1158/86
s 306
f 2001/1140/13 2050/1156/13 2042/1145/13
s 304
f 2288/1161/341 2293/1162/5 2291/1163/350
s 305
f 2289/1164/3 2024/1163/351 2023/1165/459
s 306
f 2017/1166/13 2290/1167/13 2019/1168/13
s 304
f 2291/1163/350 2018/1169/345 2288/1161/341
f 2025/1170/86 2295/1171/5 2293/1162/5
f 2037/1172/5 2049/1124/86 2041/1139/5
s 305
f 2028/1162/353 2023/1165/459 2024/1163/351
s 306
f 2294/1173/13 2019/1168/13 2290/1167/13
s 305
f 2036/1174/354 2031/1175/355 2032/1171/356
s 306
f 2052/1176/13 2063/1177/13 2057/1178/13
s 305
f 2032/1171/356 2027/1179/353 2028/1162/353
s 306
f 2296/1180/13 2026/1181/13 2294/1173/13
s 304
f 2037/1172/5 2298/1174/5 2033/1182/5
s 306
f 2296/1180/13 2034/1183/13 2030/1184/13
s 304
f 2033/1182/5 2295/1171/5 2029/1185/5
f 2041/1139/5 2299/1186/5 2037/1172/5
s 306
f 2058/1187/13 2034/1183/13 2038/1188/13
s 305
f 2040/1186/357 2035/1189/354 2036/1174/354
s 306
f 2297/1190/13 2038/1188/13 2034/1183/13
s 305
f 2044/1144/7 2039/1191/357 2040/1186/357
s 306
f 2300/1192/13 2042/1145/13 2038/1188/13
s 304
f 2054/1193/5 2288/1161/341 2045/1194/5
s 308
f 2020/1161/1 2287/1169/1 2301/1194/1
s 306
f 2026/1181/13 2057/1178/13 2019/1168/13
s 304
f 2048/1150/86 2060/1195/86 2062/1196/86
s 306
f 2046/1153/13 2061/1197/13 2063/1177/13
s 304
f 2051/1154/5 2062/1196/86 2059/1198/5
s 306
f 2058/1187/13 2046/1153/13 2063/1177/13
f 2057/1178/13 2017/1166/13 2019/1168/13
s 304
f 2056/1199/86 2025/1170/86 2288/1161/341
f 2029/1185/5 2053/1200/86 2033/1182/5
s 306
f 2052/1176/13 2030/1184/13 2034/1183/13
s 304
f 2059/1198/5 2056/1199/86 2054/1193/5
s 306
f 2063/1177/13 2055/1201/13 2057/1178/13
s 304
f 2062/1196/86 2053/1200/86 2056/1199/86
f 2033/1182/5 2060/1195/86 2037/1172/5
s 306
f 2050/1156/13 2038/1188/13 2042/1145/13
s 309
f 2302/1202/311 2304/1203/285 2305/1204/311
f 2306/1205/308 2305/1204/311 2307/1206/359
f 2306/1205/308 2309/1207/307 2308/1208/307
f 2308/1208/307 2311/1209/360 2310/1210/360
f 2310/1210/360 2313/1211/361 2312/1212/362
f 2312/1212/362 2315/1213/363 2314/1214/364
f 2314/1214/364 2317/1215/365 2316/1216/366
f 2318/1217/367 2320/1218/368 2321/1219/369
f 2322/1220/370 2321/1219/369 2323/1221/370
f 2322/1220/370 2325/1222/289 2324/1223/289
f 2324/1223/289 2327/1224/371 2326/1225/288
f 2328/1226/287 2327/1224/371 2329/1227/460
f 2328/1226/287 2331/1229/286 2330/1228/286
f 2330/1228/286 2304/1203/285 2303/1230/461
s 310
f 2332/1231/373 2334/1232/374 2333/1233/375
f 2336/1234/376 2335/1235/373 2332/1231/373
f 2338/1236/377 2337/1237/376 2336/1234/376
f 2341/1241/462 2338/1236/377 2340/1238/462
f 2343/1351/379 2340/1238/462 2342/1240/379
f 2345/1242/463 2342/1240/379 2344/1243/464
f 2347/1244/382 2344/1243/464 2346/1245/383
f 2348/1246/384 2350/1247/385 2349/1248/386
f 2352/1249/387 2351/1250/388 2348/1246/384
f 2354/1251/389 2353/1252/387 2352/1249/387
f 2356/1253/390 2355/1254/389 2354/1251/389
f 2359/1255/391 2356/1253/390 2358/1256/391
f 2361/1257/392 2358/1256/391 2360/1258/393
f 2334/1232/374 2360/1258/393 2333/1233/375
s 311
f 2064/1230/394 2123/1231/395 2094/1233/394
s 312
f 2092/1204/396 2095/1259/397 2122/1260/396
s 311
f 2091/1205/398 2123/1231/395 2093/1202/395
s 312
f 2090/1206/399 2122/1260/396 2120/1261/399
s 311
f 2091/1205/398 2119/1236/400 2121/1234/398
s 312
f 2088/1207/401 2120/1261/399 2118/1262/401
s 311
f 2087/1210/465 2119/1236/400 2089/1208/400
s 312
f 2086/1209/403 2118/1262/401 2116/1263/403
s 311
f 2085/1212/466 2117/1238/465 2087/1210/465
s 312
f 2084/1211/405 2116/1263/403 2114/1264/405
s 311
f 2083/1214/406 2115/1240/467 2085/1212/466
s 312
f 2082/1213/408 2114/1264/405 2112/1265/409
s 311
f 2081/1216/468 2113/1243/406 2083/1214/406
s 312
f 2080/1215/411 2112/1265/409 2110/1266/411
s 311
f 2079/1267/412 2107/1246/413 2109/1248/412
s 312
f 2078/1218/414 2106/1268/415 2076/1219/415
s 311
f 2077/1217/416 2105/1249/417 2107/1246/413
s 312
f 2076/1219/415 2104/1269/418 2074/1221/469
s 311
f 2073/1223/420 2105/1249/417 2075/1220/421
s 312
f 2072/1222/422 2104/1269/418 2102/1270/422
s 311
f 2073/1223/420 2101/1253/423 2103/1251/420
s 312
f 2070/1224/424 2102/1270/422 2100/1271/424
s 311
f 2069/1226/425 2101/1253/423 2071/1225/423
s 312
f 2070/1224/424 2098/1272/426 2068/1227/426
s 311
f 2069/1226/425 2097/1258/427 2099/1256/425
s 312
f 2068/1227/426 2096/1273/428 2066/1229/428
s 311
f 2064/1230/394 2097/1258/427 2067/1228/427
s 312
f 2066/1229/428 2095/1259/397 2065/1203/397
s 313
f 2363/1276/5 2124/1278/5 2125/1275/5
f 2362/1274/5 2126/1277/5 2124/1278/5
f 2365/1279/5 2126/1277/5 2364/1280/5
f 2366/1281/5 2127/1282/5 2365/1279/5
f 2366/1281/5 2129/1286/5 2128/1284/5
f 2368/1287/5 2129/1286/5 2367/1283/5
f 2369/1053/5 2130/1285/5 2368/1287/5
f 1873/1055/5 2131/1289/5 2369/1053/5
f 1873/1055/5 2133/1290/5 2132/1288/5
f 2371/1291/5 2134/1292/5 2133/1290/5
f 2373/1293/5 2134/1292/5 2372/1294/5
f 2374/1338/5 2135/1296/5 2373/1293/5
f 2375/1297/5 2136/1298/5 2374/1299/5
f 2375/1297/5 2138/1300/5 2137/1301/5
f 2377/1302/5 2138/1300/5 2376/1303/5
f 2378/1304/5 2139/1305/5 2377/1302/5
f 2379/1306/5 2140/1307/5 2378/1304/5
f 2380/1308/5 2141/1309/5 2379/1306/5
f 2380/1308/5 2143/1310/5 2142/1311/5
f 2381/1312/5 2144/1313/5 2143/1310/5
f 2382/1314/5 2145/1315/5 2144/1313/5
f 2383/1316/5 2146/1317/5 2145/1315/5
f 2385/1318/5 2146/1317/5 2384/1319/5
f 2385/1318/5 2125/1275/5 2147/1320/5
s 314
f 2404/1321/5 2396/1322/5 2388/1323/5
s 301
f 1901/1319/429 2171/1324/430 1903/1318/430
f 1859/1274/432 2149/1329/431 2148/1325/432
f 1889/1304/433 2163/1326/434 2164/1327/433
f 2370/1055/310 2157/1328/435 1875/1291/435
f 1903/1318/430 2149/1329/431 1857/1276/431
f 1861/1280/436 2148/1325/432 2150/1330/436
f 1889/1304/433 2165/1331/438 1891/1306/438
f 1877/1294/440 2157/1328/435 2158/1332/440
f 1861/1280/436 2151/1333/441 1863/1279/441
f 1891/1306/438 2166/1334/442 1893/1308/442
f 1877/1294/440 2159/1335/443 1879/1293/443
f 1863/1279/441 2152/1336/444 1865/1281/444
f 1895/1312/445 2166/1334/442 2167/1337/445
f 1879/1293/443 2160/1339/446 1881/1338/446
f 1865/1281/444 2153/1340/447 1867/1283/447
f 1895/1312/445 2168/1341/448 1897/1314/448
f 1883/1297/449 2160/1352/446 2161/1342/449
f 1867/1283/447 2154/1343/450 1869/1287/450
f 1897/1314/448 2169/1344/451 1899/1316/451
f 1885/1303/452 2161/1342/449 2162/1345/452
f 1869/1287/450 2155/1346/309 1871/1053/309
f 1901/1319/429 2169/1344/451 2170/1347/429
f 1885/1303/452 2163/1326/434 1887/1302/434
s 315
f 2411/1353/4 2412/1354/4 2410/1355/4
s 316
f 2414/1356/3 2410/1355/3 2412/1354/3
s 317
f 2417/1357/5 2412/1354/5 2413/1358/5
s 318
f 2415/1359/13 2411/1353/13 2410/1355/13
s 319
f 2416/1360/1 2413/1358/1 2411/1353/1
s 320
f 2898/1361/5 2945/1362/5 2943/1363/5
s 321
f 2903/1364/5 2901/1365/5 2902/1366/5
s 322
f 2941/1367/5 2907/1368/5 2940/1369/5
s 323
f 2910/1370/5 2908/1371/5 2909/1372/5
s 324
f 2912/1373/5 2946/1374/5 2947/1375/5
s 325
f 2917/1376/5 2915/1377/5 2916/1378/5
s 326
f 2919/1379/5 2949/1380/5 2950/1381/5
s 327
f 2923/1382/5 2925/1383/5 2922/1384/5
s 328
f 2926/1385/5 2952/1386/5 2953/1387/5
s 329
f 2931/1388/5 2929/1389/5 2930/1390/5
s 330
f 2956/1391/5 2935/1392/5 2955/1393/5
s 331
f 2937/1394/5 2939/1395/5 2936/1396/5
s 332
f 2492/1397/132 2439/1383/132 2441/1398/132
s 333
f 2477/1399/7 2428/1372/7 2426/1371/7
s 334
f 2959/1400/4 2899/1361/4 2944/1363/4
s 335
f 2478/1401/4 2427/1402/4 2429/1370/4
s 336
f 2467/1403/3 2457/1363/3 2418/1362/3
s 337
f 2960/1404/135 2443/1405/135 2927/1385/135
s 338
f 2508/1406/470 2906/1407/471 2942/1367/471
s 339
f 2963/1408/128 2431/1409/128 2913/1373/128
s 340
f 2481/1410/137 2948/1375/137 2430/1374/137
s 341
f 2510/1411/472 2459/1373/473 2458/1375/473
s 342
f 2958/1412/1 2419/1413/1 2456/1361/1
s 343
f 2498/1414/4 2446/1390/4 2444/1389/4
s 344
f 2488/1415/1 2951/1381/1 2436/1380/1
s 345
f 2499/1416/7 2445/1417/7 2447/1388/7
s 346
f 2484/1418/134 2434/1378/134 2432/1377/134
s 347
f 2511/1419/7 2920/1379/7 2460/1381/7
s 348
f 2485/1420/122 2433/1421/122 2435/1376/122
s 349
f 2495/1422/124 2954/1387/124 2442/1386/124
s 350
f 2470/1423/132 2422/1366/132 2420/1365/132
s 351
f 2968/1424/137 2449/1392/137 2934/1425/137
s 352
f 2512/1426/474 2463/1385/474 2462/1387/474
s 353
f 2471/1427/126 2421/1428/126 2423/1364/126
s 354
f 2966/1429/3 2437/1430/3 2461/1379/3
s 355
f 2502/1431/128 2957/1391/128 2448/1393/128
s 356
f 2513/1432/475 2465/1425/475 2464/1391/476
s 357
f 2961/1433/124 2425/1368/124 2454/1407/124
s 358
f 2505/1434/122 2452/1394/122 2450/1396/122
s 359
f 2506/1435/134 2451/1395/134 2453/1436/134
s 360
f 2491/1437/126 2440/1382/126 2438/1384/126
s 361
f 2474/1438/135 2455/1367/135 2424/1369/135
s 362
f 2970/1439/5 2972/1440/5 2973/1441/5
f 2974/1442/5 2973/1441/5 2975/1443/5
f 2976/1444/5 2975/1443/5 2977/1445/5
f 2976/1444/5 2979/1446/5 2978/1447/5
f 2978/1447/5 2981/1448/5 2980/1449/5
f 2982/1450/5 2981/1448/5 2983/1451/5
f 2982/1450/5 2985/1452/5 2984/1453/5
f 2986/1454/5 2985/1452/5 2987/1455/5
f 2986/1454/5 2989/1456/5 2988/1457/5
f 2988/1457/5 2991/1458/5 2990/1459/5
f 2990/1459/5 2993/1460/5 2992/1461/5
f 2992/1461/5 2995/1462/5 2994/1463/5
f 2996/1464/5 2995/1462/5 2997/1465/5
f 2996/1464/5 2999/1466/5 2998/1467/5
f 2998/1467/5 3001/1468/5 3000/1469/5
f 3002/1470/5 3001/1468/5 3003/1471/5
f 3004/1472/5 3003/1471/5 3005/1473/5
f 3004/1472/5 3007/1474/5 3006/1475/5
f 3006/1475/5 3009/1476/5 3008/1477/5
f 3008/1477/5 3011/1478/5 3010/1479/5
f 3010/1479/5 3013/1480/5 3012/1481/5
f 3014/1482/5 3013/1480/5 3015/1483/5
f 3016/1484/5 3015/1483/5 3017/1485/5
f 3016/1484/5 2972/1440/5 2971/1486/5
s 363
f 3019/1487/5 3021/1488/5 3018/1489/5
s 364
f 3023/1490/5 3025/1491/5 3022/1492/5
s 363
f 3026/1493/5 3020/1494/5 3019/1487/5
s 364
f 3028/1495/5 3024/1496/5 3023/1490/5
s 363
f 3030/1497/5 3027/1498/5 3026/1493/5
s 364
f 3028/1495/5 3033/1499/5 3029/1500/5
s 363
f 3034/1501/5 3031/1502/5 3030/1497/5
s 364
f 3032/1503/5 3037/1504/5 3033/1499/5
s 363
f 3038/1505/5 3035/1506/5 3034/1501/5
s 364
f 3040/1507/5 3037/1504/5 3036/1508/5
s 363
f 3042/1509/5 3039/1510/5 3038/1505/5
s 364
f 3044/1511/5 3041/1512/5 3040/1507/5
s 363
f 3042/1509/5 3047/1513/5 3043/1514/5
s 364
f 3048/1515/5 3045/1516/5 3044/1511/5
s 363
f 3046/1517/5 3051/1518/5 3047/1513/5
s 364
f 3052/1519/5 3049/1520/5 3048/1515/5
s 363
f 3050/1521/5 3055/1522/5 3051/1518/5
s 364
f 3056/1523/5 3053/1524/5 3052/1519/5
s 363
f 3054/1525/5 3059/1526/5 3055/1522/5
s 364
f 3060/1527/5 3057/1528/5 3056/1523/5
s 363
f 3058/1529/5 3063/1530/5 3059/1526/5
s 364
f 3064/1531/5 3061/1532/5 3060/1527/5
s 363
f 3066/1533/5 3063/1530/5 3062/1534/5
s 364
f 3064/1531/5 3069/1535/5 3065/1536/5
s 363
f 3066/1533/5 3071/1537/5 3067/1538/5
s 364
f 3072/1539/5 3069/1535/5 3068/1540/5
s 363
f 3074/1541/5 3071/1537/5 3070/1542/5
s 364
f 3076/1543/5 3073/1544/5 3072/1539/5
s 363
f 3078/1545/5 3075/1546/5 3074/1541/5
s 364
f 3080/1547/5 3077/1548/5 3076/1543/5
s 363
f 3082/1549/5 3079/1550/5 3078/1545/5
s 364
f 3084/1551/5 3081/1552/5 3080/1547/5
s 363
f 3086/1553/5 3083/1554/5 3082/1549/5
s 364
f 3088/1555/5 3085/1556/5 3084/1551/5
s 363
f 3090/1557/5 3087/1558/5 3086/1553/5
s 364
f 3088/1555/5 3093/1559/5 3089/1560/5
s 363
f 3094/1561/5 3091/1562/5 3090/1557/5
s 364
f 3092/1563/5 3097/1564/5 3093/1559/5
s 363
f 3098/1565/5 3095/1566/5 3094/1561/5
s 364
f 3096/1567/5 3101/1568/5 3097/1564/5
s 363
f 3098/1565/5 3103/1569/5 3099/1570/5
s 364
f 3104/1571/5 3101/1568/5 3100/1572/5
s 363
f 3102/1573/5 3107/1574/5 3103/1569/5
s 364
f 3104/1571/5 3109/1575/5 3105/1576/5
s 363
f 3106/1577/5 3111/1578/5 3107/1574/5
s 364
f 3108/1579/5 3113/1580/5 3109/1575/5
s 363
f 3110/1581/5 3021/1488/5 3111/1578/5
s 364
f 3112/1582/5 3025/1491/5 3113/1580/5
s 365
f 3115/1583/5 3117/1584/5 3114/1585/5
f 3115/1583/5 3119/1586/5 3116/1587/5
f 3118/1588/5 3121/1589/5 3119/1586/5
f 3120/1590/5 3123/1591/5 3121/1589/5
f 3122/1592/5 3125/1593/5 3123/1591/5
f 3124/1594/5 3127/1595/5 3125/1593/5
f 3128/1596/5 3127/1595/5 3126/1597/5
f 3128/1596/5 3131/1598/5 3129/1599/5
f 3130/1600/5 3133/1601/5 3131/1598/5
f 3134/1602/5 3133/1601/5 3132/1603/5
f 3136/1604/5 3135/1605/5 3134/1602/5
f 3136/1604/5 3139/1606/5 3137/1607/5
f 3138/1608/5 3141/1609/5 3139/1606/5
f 3140/1610/5 3143/1611/5 3141/1609/5
f 3144/1612/5 3143/1611/5 3142/1613/5
f 3146/1614/5 3145/1615/5 3144/1612/5
f 3148/1616/5 3147/1617/5 3146/1614/5
f 3150/1618/5 3149/1619/5 3148/1616/5
f 3152/1620/5 3151/1621/5 3150/1618/5
f 3154/1622/5 3153/1623/5 3152/1620/5
f 3156/1624/5 3155/1625/5 3154/1622/5
f 3156/1624/5 3159/1626/5 3157/1627/5
f 3160/1628/5 3159/1626/5 3158/1629/5
f 3114/1585/5 3161/1630/5 3160/1628/5
s 366
f 2775/1631/125 2643/1506/126 2639/1510/125
s 367
f 2840/1632/131 2572/1579/137 2576/1571/131
s 368
f 2806/1633/119 2602/1541/124 2606/1542/119
s 369
f 2877/1634/136 2681/1606/7 2679/1609/136
s 367
f 2772/1635/132 2640/1507/123 2644/1508/132
s 370
f 2741/1636/477 2547/1470/471 2549/1472/477
s 371
f 2876/1637/119 2676/1613/124 2678/1610/119
s 372
f 2845/1638/128 2577/1576/121 2573/1575/128
s 373
f 2738/1639/474 2548/1473/120 2546/1471/474
s 366
f 2811/1640/135 2607/1537/478 2603/1546/249
s 372
f 2777/1641/125 2645/1504/126 2641/1512/125
s 368
f 2842/1642/479 2566/1581/129 2570/1577/137
s 367
f 2808/1643/119 2604/1543/124 2608/1539/119
s 369
f 2879/1644/135 2679/1609/136 2677/1611/135
s 370
f 2707/1645/480 2514/1486/7 2517/1439/480
s 368
f 2774/1646/123 2634/1509/3 2638/1505/123
s 370
f 2743/1647/3 2549/1472/477 2551/1475/3
s 371
f 2878/1648/124 2674/1612/133 2676/1613/124
s 366
f 2847/1649/127 2571/1574/128 2567/1578/127
s 373
f 2740/1650/120 2550/1474/1 2548/1473/120
s 372
f 2813/1651/135 2609/1544/136 2605/1548/135
s 373
f 2709/1652/4 2516/1441/127 2515/1440/4
s 366
f 2779/1653/1 2639/1510/125 2635/1514/1
s 367
f 2844/1654/137 2568/1582/129 2572/1579/137
s 368
f 2810/1655/124 2598/1545/133 2602/1541/124
s 369
f 2881/1656/139 2677/1611/135 2675/1615/139
s 367
f 2776/1657/123 2636/1511/3 2640/1507/123
s 370
f 2745/1658/481 2551/1475/3 2553/1477/481
s 371
f 2880/1659/133 2672/1614/126 2674/1612/133
s 370
f 2711/1660/130 2517/1439/480 2519/1442/130
s 372
f 2849/1661/127 2573/1575/128 2569/1580/127
s 373
f 2742/1662/1 2552/1476/125 2550/1474/1
s 366
f 2815/1663/139 2603/1546/249 2599/1550/139
s 373
f 2706/1664/127 2518/1443/128 2516/1441/127
s 372
f 2781/1665/1 2641/1512/125 2637/1516/1
s 368
f 2846/1666/129 2565/1489/7 2566/1581/129
s 367
f 2812/1667/124 2600/1547/133 2604/1543/124
s 369
f 2883/1668/132 2675/1615/139 2673/1617/132
s 368
f 2778/1669/3 2630/1517/138 2634/1509/3
s 366
f 2754/1670/4 2567/1578/127 2564/1488/4
s 370
f 2747/1671/132 2553/1477/481 2555/1479/132
s 371
f 2882/1672/126 2670/1616/125 2672/1614/126
s 370
f 2713/1673/131 2519/1442/130 2521/1444/131
s 367
f 2848/1674/129 2563/1492/7 2568/1582/129
s 373
f 2744/1675/125 2554/1478/476 2552/1476/125
s 372
f 2817/1676/139 2605/1548/135 2601/1552/139
s 373
f 2710/1677/128 2520/1445/121 2518/1443/128
s 366
f 2783/1678/120 2635/1514/1 2631/1513/120
s 372
f 2758/1679/4 2569/1580/127 2562/1491/4
s 368
f 2814/1680/133 2594/1549/126 2598/1545/133
s 369
f 2885/1681/123 2673/1617/132 2671/1619/123
s 367
f 2780/1682/3 2632/1515/138 2636/1511/3
s 370
f 2749/1683/482 2555/1479/132 2557/1481/482
s 371
f 2884/1684/125 2668/1618/1 2670/1616/125
s 370
f 2715/1685/483 2521/1444/131 2523/1447/483
s 371
f 2851/1686/7 2702/1583/136 2705/1585/7
s 373
f 2746/1687/476 2556/1480/484 2554/1478/476
s 366
f 2819/1688/132 2599/1550/139 2595/1554/132
s 373
f 2712/1689/121 2522/1446/485 2520/1445/121
s 372
f 2785/1690/120 2637/1516/1 2633/1520/120
s 367
f 2816/1691/133 2596/1551/126 2600/1547/133
s 369
f 2887/1692/3 2671/1619/123 2669/1621/3
s 368
f 2782/1693/138 2626/1521/122 2630/1517/138
s 369
f 2853/1694/119 2704/1584/4 2703/1587/119
s 370
f 2751/1695/135 2557/1481/482 2559/1482/135
s 371
f 2886/1696/1 2666/1620/120 2668/1618/1
s 370
f 2717/1697/120 2523/1447/483 2525/1449/120
s 371
f 2852/1698/136 2700/1588/135 2702/1583/136
s 373
f 2748/1699/484 2558/1483/486 2556/1480/484
s 372
f 2821/1700/132 2601/1552/139 2597/1556/132
s 373
f 2714/1701/485 2524/1448/487 2522/1446/485
s 366
f 2787/1702/134 2631/1513/120 2627/1518/134
s 368
f 2818/1703/126 2590/1553/125 2594/1549/126
s 369
f 2889/1704/138 2669/1621/3 2667/1623/138
s 367
f 2784/1705/138 2628/1519/122 2632/1515/138
s 369
f 2855/1706/124 2703/1587/119 2701/1586/124
s 370
f 2753/1707/478 2559/1482/135 2561/1484/478
s 371
f 2888/1708/120 2664/1622/134 2666/1620/120
s 370
f 2719/1709/1 2525/1449/120 2527/1450/1
s 371
f 2854/1710/135 2698/1590/139 2700/1588/135
s 373
f 2750/1711/486 2560/1485/119 2558/1483/486
s 366
f 2823/1712/123 2595/1554/132 2591/1558/123
s 373
f 2716/1713/138 2526/1451/3 2524/1448/487
s 372
f 2789/1714/134 2633/1520/120 2629/1524/134
s 370
f 2708/1715/7 2561/1484/478 2514/1486/7
s 367
f 2820/1716/126 2592/1555/125 2596/1551/126
s 369
f 2891/1717/122 2667/1623/138 2665/1625/122
s 368
f 2786/1718/122 2622/1525/121 2626/1521/122
s 369
f 2857/1719/133 2701/1586/124 2699/1589/133
s 373
f 2752/1720/119 2515/1440/4 2560/1485/119
s 371
f 2890/1721/134 2662/1624/131 2664/1622/134
s 370
f 2721/1722/488 2527/1450/1 2529/1453/488
s 371
f 2856/1723/139 2696/1592/132 2698/1590/139
s 372
f 2825/1724/123 2597/1556/132 2593/1560/123
s 373
f 2718/1725/3 2528/1452/123 2526/1451/3
s 366
f 2791/1726/131 2627/1518/134 2623/1522/131
s 368
f 2755/1727/7 2654/1487/136 2565/1489/7
f 2822/1728/125 2586/1557/1 2590/1553/125
s 369
f 2893/1729/121 2665/1625/122 2663/1627/121
s 367
f 2788/1730/122 2624/1523/121 2628/1519/122
s 369
f 2859/1731/126 2699/1589/133 2697/1591/126
s 371
f 2892/1732/131 2660/1629/137 2662/1624/131
s 370
f 2723/1733/126 2529/1453/488 2531/1454/126
s 371
f 2858/1734/132 2694/1594/123 2696/1592/132
s 366
f 2757/1735/119 2564/1488/4 2655/1494/119
f 2827/1736/3 2591/1558/123 2587/1562/3
s 373
f 2720/1737/123 2530/1455/489 2528/1452/123
s 372
f 2793/1738/131 2629/1524/134 2625/1528/131
s 367
f 2824/1739/125 2588/1563/1 2592/1555/125
s 369
f 2895/1740/128 2663/1627/121 2661/1626/128
s 368
f 2790/1741/121 2618/1529/128 2622/1525/121
s 369
f 2861/1742/125 2697/1591/126 2695/1593/125
s 367
f 2759/1743/7 2656/1490/136 2563/1492/7
s 371
f 2894/1744/137 2658/1628/129 2660/1629/137
s 370
f 2725/1745/133 2531/1454/126 2533/1457/133
s 371
f 2860/1746/123 2692/1597/3 2694/1594/123
s 372
f 2829/1747/3 2593/1560/123 2589/1559/3
s 373
f 2722/1748/489 2532/1456/482 2530/1455/489
s 366
f 2795/1749/130 2623/1522/131 2619/1526/130
s 372
f 2761/1750/119 2562/1491/4 2657/1496/119
s 368
f 2826/1751/1 2582/1561/120 2586/1557/1
s 369
f 2897/1752/127 2661/1626/128 2659/1630/127
s 367
f 2792/1753/121 2620/1527/128 2624/1523/121
s 369
f 2863/1754/1 2695/1593/125 2693/1595/1
s 368
f 2756/1755/136 2650/1493/135 2654/1487/136
s 371
f 2896/1756/129 2705/1585/7 2658/1628/129
s 370
f 2727/1757/490 2533/1457/133 2535/1459/490
s 371
f 2862/1758/3 2690/1596/138 2692/1597/3
s 366
f 2831/1759/477 2587/1562/3 2583/1566/477
s 369
f 2850/1760/4 2659/1630/127 2704/1584/4
s 373
f 2724/1761/482 2534/1458/135 2532/1456/482
s 372
f 2797/1762/137 2625/1528/131 2621/1532/137
s 366
f 2763/1763/124 2655/1494/119 2651/1498/124
s 367
f 2828/1764/1 2584/1567/120 2588/1563/1
s 368
f 2794/1765/128 2614/1534/127 2618/1529/128
s 369
f 2865/1766/120 2693/1595/1 2691/1599/120
s 367
f 2760/1767/136 2652/1495/135 2656/1490/136
s 370
f 2729/1768/491 2535/1459/490 2537/1461/491
s 371
f 2864/1769/138 2688/1600/122 2690/1596/138
s 372
f 2833/1770/138 2589/1559/3 2585/1564/138
s 373
f 2726/1771/135 2536/1460/136 2534/1458/135
s 366
f 2799/1772/480 2619/1526/130 2615/1530/480
s 372
f 2765/1773/124 2657/1496/119 2653/1500/124
s 368
f 2830/1774/120 2578/1565/134 2582/1561/120
s 367
f 2796/1775/128 2616/1531/127 2620/1527/128
s 369
f 2867/1776/134 2691/1599/120 2689/1598/134
s 368
f 2762/1777/492 2646/1497/139 2650/1493/135
s 370
f 2731/1778/4 2537/1461/491 2539/1463/4
s 371
f 2866/1779/122 2686/1603/121 2688/1600/122
s 366
f 2835/1780/122 2583/1566/477 2579/1570/122
s 373
f 2728/1781/136 2538/1462/7 2536/1460/136
s 372
f 2801/1782/129 2621/1532/137 2617/1536/129
s 366
f 2767/1783/133 2651/1498/124 2647/1502/133
s 367
f 2832/1784/120 2580/1572/134 2584/1567/120
s 368
f 2798/1785/127 2610/1533/4 2614/1534/127
s 369
f 2869/1786/131 2689/1598/134 2687/1601/131
s 367
f 2764/1787/135 2648/1503/139 2652/1495/135
s 370
f 2733/1788/493 2539/1463/4 2541/1464/493
s 371
f 2868/1789/121 2684/1602/128 2686/1603/121
s 372
f 2837/1790/122 2585/1564/138 2581/1568/122
s 373
f 2730/1791/7 2540/1465/129 2538/1462/7
s 366
f 2803/1792/7 2615/1530/480 2611/1538/7
s 372
f 2769/1793/133 2653/1500/124 2649/1499/133
s 368
f 2834/1794/134 2574/1573/131 2578/1565/134
s 367
f 2800/1795/127 2612/1540/4 2616/1531/127
s 369
f 2871/1796/137 2687/1601/131 2685/1605/137
s 368
f 2766/1797/139 2642/1501/132 2646/1497/139
s 370
f 2735/1798/128 2541/1464/493 2543/1467/128
s 371
f 2870/1799/494 2682/1604/127 2684/1602/128
s 366
f 2839/1800/121 2579/1570/122 2575/1569/121
s 373
f 2732/1801/129 2542/1466/495 2540/1465/129
s 372
f 2805/1802/7 2617/1536/129 2613/1535/7
s 366
f 2771/1803/126 2647/1502/133 2643/1506/126
s 367
f 2836/1804/134 2576/1571/131 2580/1572/134
s 368
f 2802/1805/4 2606/1542/119 2610/1533/4
s 369
f 2873/1806/129 2685/1605/137 2683/1607/129
s 367
f 2768/1807/139 2644/1508/132 2648/1503/139
s 370
f 2737/1808/496 2543/1467/128 2545/1469/496
s 371
f 2872/1809/127 2680/1608/4 2682/1604/127
s 372
f 2841/1810/121 2581/1568/122 2577/1576/121
s 373
f 2734/1811/495 2544/1468/131 2542/1466/495
s 366
f 2807/1812/478 2611/1538/7 2607/1537/478
s 372
f 2773/1813/126 2649/1499/133 2645/1504/126
s 368
f 2838/1814/131 2570/1577/137 2574/1573/131
s 367
f 2804/1815/4 2608/1539/119 2612/1540/4
s 369
f 2875/1816/7 2683/1607/129 2681/1606/7
s 368
f 2770/1817/132 2638/1505/123 2642/1501/132
s 370
f 2739/1818/471 2545/1469/496 2547/1470/471
s 371
f 2874/1819/4 2678/1610/119 2680/1608/4
s 366
f 2843/1820/128 2575/1569/121 2571/1574/128
s 373
f 2736/1821/131 2546/1471/474 2544/1468/131
s 372
f 2809/1822/136 2613/1535/7 2609/1544/136
s 374
f 3689/1362/5 3642/1361/5 3687/1363/5
s 375
f 3645/1365/5 3647/1364/5 3646/1366/5
s 376
f 3685/1367/5 3651/1368/5 3649/1407/5
s 377
f 3652/1371/5 3654/1370/5 3653/1372/5
s 378
f 3690/1374/5 3656/1373/5 3691/1375/5
s 379
f 3660/1378/5 3662/1421/5 3661/1376/5
s 380
f 3693/1380/5 3663/1379/5 3694/1381/5
s 381
f 3666/1384/5 3668/1398/5 3667/1382/5
s 382
f 3696/1386/5 3670/1385/5 3697/1387/5
s 383
f 3673/1389/5 3675/1388/5 3674/1390/5
s 384
f 3700/1391/5 3679/1392/5 3677/1425/5
s 385
f 3680/1396/5 3682/1436/5 3681/1394/5
s 386
f 3183/1383/122 3236/1397/122 3185/1398/122
s 387
f 3172/1372/4 3221/1399/4 3170/1371/4
s 388
f 3643/1361/7 3703/1400/7 3688/1363/7
s 389
f 3171/1402/7 3222/1401/7 3173/1370/7
s 390
f 3201/1363/3 3211/1403/3 3162/1362/3
s 391
f 3187/1405/128 3704/1404/128 3671/1385/128
s 392
f 3650/1407/473 3252/1406/473 3686/1367/473
s 393
f 3175/1409/135 3707/1408/135 3657/1373/135
s 394
f 3692/1375/124 3225/1410/124 3174/1374/124
s 395
f 3203/1373/485 3254/1411/485 3202/1375/485
s 396
f 3163/1413/1 3702/1412/1 3200/1361/1
s 397
f 3190/1390/7 3242/1414/7 3188/1389/7
s 398
f 3695/1381/1 3232/1415/1 3180/1380/1
s 399
f 3189/1417/4 3243/1416/4 3191/1388/4
s 400
f 3178/1378/126 3228/1418/126 3176/1377/126
s 401
f 3664/1379/4 3255/1419/4 3204/1381/4
s 402
f 3177/1421/132 3229/1420/132 3179/1376/132
s 403
f 3698/1387/137 3239/1422/137 3186/1386/137
s 404
f 3166/1366/122 3214/1423/122 3164/1365/122
s 405
f 3193/1392/124 3712/1424/124 3678/1425/124
s 406
f 3207/1385/475 3256/1426/475 3206/1387/475
s 407
f 3165/1428/134 3215/1427/134 3167/1364/134
s 408
f 3181/1430/3 3710/1429/3 3205/1379/3
s 409
f 3701/1391/135 3246/1431/135 3192/1393/135
s 410
f 3209/1425/474 3257/1432/474 3208/1391/474
s 411
f 3169/1368/137 3705/1433/137 3198/1407/137
s 412
f 3196/1394/132 3249/1434/132 3194/1396/132
s 413
f 3195/1395/126 3250/1435/126 3197/1436/126
s 414
f 3184/1382/134 3235/1437/134 3182/1384/134
s 415
f 3199/1367/128 3218/1438/128 3168/1369/128
s 416
f 3714/1439/5 3716/1440/5 3715/1486/5
f 3718/1442/5 3717/1441/5 3714/1439/5
f 3720/1444/5 3719/1443/5 3718/1442/5
f 3722/1447/5 3721/1445/5 3720/1444/5
f 3725/1448/5 3722/1447/5 3724/1449/5
f 3726/1450/5 3725/1448/5 3724/1449/5
f 3729/1452/5 3726/1450/5 3728/1453/5
f 3730/1454/5 3729/1452/5 3728/1453/5
f 3733/1456/5 3730/1454/5 3732/1457/5
f 3735/1458/5 3732/1457/5 3734/1459/5
f 3737/1460/5 3734/1459/5 3736/1461/5
f 3739/1462/5 3736/1461/5 3738/1463/5
f 3740/1464/5 3739/1462/5 3738/1463/5
f 3743/1466/5 3740/1464/5 3742/1467/5
f 3744/1469/5 3743/1466/5 3742/1467/5
f 3746/1470/5 3745/1468/5 3744/1469/5
f 3748/1472/5 3747/1471/5 3746/1470/5
f 3751/1474/5 3748/1472/5 3750/1475/5
f 3752/1477/5 3751/1474/5 3750/1475/5
f 3755/1478/5 3752/1477/5 3754/1479/5
f 3757/1480/5 3754/1479/5 3756/1481/5
f 3759/1483/5 3756/1481/5 3758/1482/5
f 3760/1484/5 3759/1483/5 3758/1482/5
f 3716/1440/5 3760/1484/5 3715/1486/5
s 417
f 3762/1489/5 3764/1494/5 3763/1487/5
s 418
f 3769/1491/5 3767/1490/5 3766/1492/5
s 417
f 3764/1494/5 3770/1493/5 3763/1487/5
s 418
f 3767/1490/5 3773/1500/5 3772/1495/5
s 417
f 3771/1498/5 3774/1497/5 3770/1493/5
s 418
f 3772/1495/5 3777/1499/5 3776/1503/5
s 417
f 3774/1497/5 3779/1506/5 3778/1501/5
s 418
f 3777/1499/5 3780/1508/5 3776/1503/5
s 417
f 3778/1501/5 3783/1510/5 3782/1505/5
s 418
f 3781/1504/5 3784/1507/5 3780/1508/5
s 417
f 3783/1510/5 3786/1509/5 3782/1505/5
s 418
f 3784/1507/5 3789/1516/5 3788/1511/5
s 417
f 3786/1509/5 3791/1513/5 3790/1517/5
s 418
f 3789/1516/5 3792/1515/5 3788/1511/5
s 417
f 3791/1513/5 3794/1521/5 3790/1517/5
s 418
f 3792/1515/5 3797/1524/5 3796/1519/5
s 417
f 3795/1518/5 3798/1525/5 3794/1521/5
s 418
f 3797/1524/5 3800/1523/5 3796/1519/5
s 417
f 3798/1525/5 3803/1526/5 3802/1529/5
s 418
f 3801/1528/5 3804/1527/5 3800/1523/5
s 417
f 3802/1529/5 3807/1530/5 3806/1534/5
s 418
f 3805/1532/5 3808/1531/5 3804/1527/5
s 417
f 3806/1534/5 3811/1538/5 3810/1533/5
s 418
f 3808/1531/5 3813/1535/5 3812/1540/5
s 417
f 3810/1533/5 3815/1537/5 3814/1542/5
s 418
f 3813/1535/5 3816/1539/5 3812/1540/5
s 417
f 3815/1537/5 3818/1541/5 3814/1542/5
s 418
f 3817/1544/5 3820/1543/5 3816/1539/5
s 417
f 3819/1546/5 3822/1545/5 3818/1541/5
s 418
f 3821/1548/5 3824/1547/5 3820/1543/5
s 417
f 3822/1545/5 3827/1554/5 3826/1549/5
s 418
f 3825/1552/5 3828/1551/5 3824/1547/5
s 417
f 3826/1549/5 3831/1558/5 3830/1553/5
s 418
f 3829/1556/5 3832/1555/5 3828/1551/5
s 417
f 3830/1553/5 3835/1562/5 3834/1557/5
s 418
f 3832/1555/5 3837/1559/5 3836/1563/5
s 417
f 3835/1562/5 3838/1561/5 3834/1557/5
s 418
f 3837/1559/5 3840/1567/5 3836/1563/5
s 417
f 3839/1566/5 3842/1565/5 3838/1561/5
s 418
f 3840/1567/5 3845/1568/5 3844/1572/5
s 417
f 3843/1570/5 3846/1573/5 3842/1565/5
s 418
f 3844/1572/5 3849/1576/5 3848/1571/5
s 417
f 3846/1573/5 3851/1574/5 3850/1577/5
s 418
f 3848/1571/5 3853/1575/5 3852/1579/5
s 417
f 3850/1577/5 3855/1578/5 3854/1581/5
s 418
f 3852/1579/5 3857/1580/5 3856/1582/5
s 417
f 3855/1578/5 3762/1489/5 3854/1581/5
s 418
f 3856/1582/5 3769/1491/5 3766/1492/5
s 419
f 3861/1584/5 3859/1583/5 3858/1585/5
f 3859/1583/5 3863/1586/5 3862/1588/5
f 3862/1588/5 3865/1589/5 3864/1590/5
f 3864/1590/5 3867/1591/5 3866/1592/5
f 3867/1591/5 3868/1594/5 3866/1592/5
f 3869/1593/5 3870/1597/5 3868/1594/5
f 3871/1595/5 3872/1596/5 3870/1597/5
f 3872/1596/5 3875/1598/5 3874/1600/5
f 3874/1600/5 3877/1601/5 3876/1603/5
f 3877/1601/5 3878/1602/5 3876/1603/5
f 3879/1605/5 3880/1604/5 3878/1602/5
f 3880/1604/5 3883/1606/5 3882/1608/5
f 3882/1608/5 3885/1609/5 3884/1610/5
f 3884/1610/5 3887/1611/5 3886/1613/5
f 3887/1611/5 3888/1612/5 3886/1613/5
f 3888/1612/5 3891/1617/5 3890/1614/5
f 3891/1617/5 3892/1616/5 3890/1614/5
f 3893/1619/5 3894/1618/5 3892/1616/5
f 3894/1618/5 3897/1623/5 3896/1620/5
f 3896/1620/5 3899/1625/5 3898/1622/5
f 3899/1625/5 3900/1624/5 3898/1622/5
f 3900/1624/5 3903/1626/5 3902/1629/5
f 3903/1626/5 3904/1628/5 3902/1629/5
f 3905/1630/5 3858/1585/5 3904/1628/5
s 420
f 3387/1506/134 3519/1631/120 3383/1510/120
s 421
f 3316/1579/124 3584/1632/133 3320/1571/133
s 422
f 3346/1541/137 3550/1633/129 3350/1542/129
s 423
f 3425/1606/4 3621/1634/127 3423/1609/127
s 421
f 3384/1507/138 3516/1635/122 3388/1508/122
s 424
f 3291/1470/473 3485/1636/481 3293/1472/481
s 425
f 3420/1613/137 3620/1637/129 3422/1610/129
s 426
f 3321/1576/139 3589/1638/249 3317/1575/249
s 427
f 3292/1473/125 3482/1639/126 3290/1471/126
s 420
f 3351/1537/127 3555/1640/494 3347/1546/494
s 426
f 3389/1504/134 3521/1641/120 3385/1512/120
s 422
f 3310/1581/119 3586/1642/124 3314/1577/124
s 421
f 3348/1543/137 3552/1643/129 3352/1539/129
s 423
f 3423/1609/127 3623/1644/128 3421/1611/128
s 424
f 3258/1486/4 3451/1645/497 3261/1439/497
s 422
f 3378/1509/3 3518/1646/138 3382/1505/138
s 424
f 3293/1472/481 3487/1647/3 3295/1475/3
s 425
f 3418/1612/131 3622/1648/137 3420/1613/137
s 420
f 3315/1574/249 3591/1649/136 3311/1578/136
s 427
f 3294/1474/1 3484/1650/125 3292/1473/125
s 426
f 3353/1544/127 3557/1651/494 3349/1548/494
s 427
f 3260/1441/136 3453/1652/7 3259/1440/7
s 420
f 3383/1510/120 3523/1653/1 3379/1514/1
s 421
f 3312/1582/119 3588/1654/124 3316/1579/124
s 422
f 3342/1545/131 3554/1655/137 3346/1541/137
s 423
f 3421/1611/128 3625/1656/121 3419/1615/121
s 421
f 3380/1511/3 3520/1657/138 3384/1507/138
s 424
f 3295/1475/3 3489/1658/477 3297/1477/477
s 425
f 3416/1614/134 3624/1659/131 3418/1612/131
s 424
f 3261/1439/497 3455/1660/124 3263/1442/124
s 426
f 3317/1575/249 3593/1661/136 3313/1580/136
s 427
f 3296/1476/120 3486/1662/1 3294/1474/1
s 420
f 3347/1546/494 3559/1663/121 3343/1550/121
s 427
f 3262/1443/498 3450/1664/136 3260/1441/136
s 426
f 3385/1512/120 3525/1665/1 3381/1516/1
s 422
f 3309/1489/4 3590/1666/119 3310/1581/119
s 421
f 3344/1547/131 3556/1667/137 3348/1543/137
s 423
f 3419/1615/121 3627/1668/122 3417/1617/122
s 422
f 3374/1517/123 3522/1669/3 3378/1509/3
s 420
f 3311/1578/136 3498/1670/7 3308/1488/7
s 424
f 3297/1477/477 3491/1671/471 3299/1479/471
s 425
f 3414/1616/120 3626/1672/134 3416/1614/134
s 424
f 3263/1442/124 3457/1673/484 3265/1444/484
s 421
f 3307/1492/4 3592/1674/119 3312/1582/119
s 427
f 3298/1478/134 3488/1675/120 3296/1476/120
s 426
f 3349/1548/494 3561/1676/121 3345/1552/121
s 427
f 3264/1445/482 3454/1677/499 3262/1443/498
s 420
f 3379/1514/1 3527/1678/125 3375/1513/125
s 426
f 3313/1580/136 3502/1679/7 3306/1491/7
s 422
f 3338/1549/134 3558/1680/131 3342/1545/131
s 423
f 3417/1617/122 3629/1681/138 3415/1619/138
s 421
f 3376/1515/123 3524/1682/3 3380/1511/3
s 424
f 3299/1479/471 3493/1683/121 3301/1481/121
s 425
f 3412/1618/1 3628/1684/120 3414/1616/120
s 424
f 3265/1444/484 3459/1685/126 3267/1447/126
s 425
f 3446/1583/127 3595/1686/4 3449/1585/4
s 427
f 3300/1480/131 3490/1687/134 3298/1478/134
s 420
f 3343/1550/121 3563/1688/122 3339/1554/122
s 427
f 3266/1446/500 3456/1689/482 3264/1445/482
s 426
f 3381/1516/1 3529/1690/125 3377/1520/125
s 421
f 3340/1551/134 3560/1691/131 3344/1547/131
s 423
f 3415/1619/138 3631/1692/3 3413/1621/3
s 422
f 3370/1521/132 3526/1693/123 3374/1517/123
s 423
f 3448/1584/7 3597/1694/129 3447/1587/129
s 424
f 3301/1481/121 3495/1695/501 3303/1482/501
s 425
f 3410/1620/125 3630/1696/1 3412/1618/1
s 424
f 3267/1447/126 3461/1697/488 3269/1449/488
s 425
f 3444/1588/128 3596/1698/127 3446/1583/127
s 427
f 3302/1483/130 3492/1699/131 3300/1480/131
s 426
f 3345/1552/121 3565/1700/122 3341/1556/122
s 427
f 3268/1448/123 3458/1701/502 3266/1446/500
s 420
f 3375/1513/125 3531/1702/126 3371/1518/126
s 422
f 3334/1553/120 3562/1703/134 3338/1549/134
s 423
f 3413/1621/3 3633/1704/123 3411/1623/123
s 421
f 3372/1519/132 3528/1705/123 3376/1515/123
s 423
f 3447/1587/129 3599/1706/137 3445/1586/137
s 424
f 3303/1482/501 3497/1707/127 3305/1484/127
s 425
f 3408/1622/126 3632/1708/125 3410/1620/125
s 424
f 3269/1449/488 3463/1709/1 3271/1450/1
s 425
f 3442/1590/121 3598/1710/128 3444/1588/128
s 427
f 3304/1485/129 3494/1711/130 3302/1483/130
s 420
f 3339/1554/122 3567/1712/138 3335/1558/138
s 427
f 3270/1451/3 3460/1713/123 3268/1448/123
s 426
f 3377/1520/125 3533/1714/126 3373/1524/126
s 424
f 3305/1484/127 3452/1715/4 3258/1486/4
s 421
f 3336/1555/120 3564/1716/134 3340/1551/134
s 423
f 3411/1623/123 3635/1717/132 3409/1625/132
s 422
f 3366/1525/139 3530/1718/132 3370/1521/132
s 423
f 3445/1586/137 3601/1719/131 3443/1589/131
s 427
f 3259/1440/7 3496/1720/129 3304/1485/129
s 425
f 3406/1624/133 3634/1721/126 3408/1622/126
s 424
f 3271/1450/1 3465/1722/503 3273/1453/503
s 425
f 3440/1592/122 3600/1723/121 3442/1590/121
s 426
f 3341/1556/122 3569/1724/138 3337/1560/138
s 427
f 3272/1452/138 3462/1725/3 3270/1451/3
s 420
f 3371/1518/126 3535/1726/133 3367/1522/133
s 422
f 3398/1487/127 3499/1727/4 3309/1489/4
f 3330/1557/1 3566/1728/120 3334/1553/120
s 423
f 3409/1625/132 3637/1729/139 3407/1627/139
s 421
f 3368/1523/139 3532/1730/132 3372/1519/132
s 423
f 3443/1589/131 3603/1731/134 3441/1591/134
s 425
f 3404/1629/124 3636/1732/133 3406/1624/133
s 424
f 3273/1453/503 3467/1733/134 3275/1454/134
s 425
f 3438/1594/138 3602/1734/122 3440/1592/122
s 420
f 3308/1488/7 3501/1735/129 3399/1494/129
f 3335/1558/138 3571/1736/3 3331/1562/3
s 427
f 3274/1455/504 3464/1737/138 3272/1452/138
s 426
f 3373/1524/126 3537/1738/133 3369/1528/133
s 421
f 3332/1563/1 3568/1739/120 3336/1555/120
s 423
f 3407/1627/139 3639/1740/135 3405/1626/135
s 422
f 3362/1529/135 3534/1741/139 3366/1525/139
s 423
f 3441/1591/134 3605/1742/120 3439/1593/120
s 421
f 3400/1490/127 3503/1743/4 3307/1492/4
s 425
f 3402/1628/119 3638/1744/124 3404/1629/124
s 424
f 3275/1454/134 3469/1745/505 3277/1457/505
s 425
f 3436/1597/3 3604/1746/138 3438/1594/138
s 426
f 3337/1560/138 3573/1747/3 3333/1559/3
s 427
f 3276/1456/496 3466/1748/506 3274/1455/504
s 420
f 3367/1522/133 3539/1749/490 3363/1526/490
s 426
f 3306/1491/7 3505/1750/129 3401/1496/129
s 422
f 3326/1561/125 3570/1751/1 3330/1557/1
s 423
f 3405/1626/135 3641/1752/136 3403/1630/136
s 421
f 3364/1527/135 3536/1753/139 3368/1523/139
s 423
f 3439/1593/120 3607/1754/1 3437/1595/1
s 422
f 3394/1493/128 3500/1755/127 3398/1487/127
s 425
f 3449/1585/4 3640/1756/119 3402/1628/119
s 424
f 3277/1457/505 3471/1757/137 3279/1459/137
s 425
f 3434/1596/123 3606/1758/3 3436/1597/3
s 420
f 3331/1562/3 3575/1759/123 3327/1566/123
s 423
f 3403/1630/136 3594/1760/7 3448/1584/7
s 427
f 3278/1458/507 3468/1761/496 3276/1456/496
s 426
f 3369/1528/133 3541/1762/490 3365/1532/490
s 420
f 3399/1494/129 3507/1763/130 3395/1498/130
s 421
f 3328/1567/125 3572/1764/1 3332/1563/1
s 422
f 3358/1534/136 3538/1765/135 3362/1529/135
s 423
f 3437/1595/1 3609/1766/125 3435/1599/125
s 421
f 3396/1495/128 3504/1767/127 3400/1490/127
s 424
f 3279/1459/137 3473/1768/508 3281/1461/508
s 425
f 3432/1600/132 3608/1769/123 3434/1596/123
s 426
f 3333/1559/3 3577/1770/123 3329/1564/123
s 427
f 3280/1460/127 3470/1771/509 3278/1458/507
s 420
f 3363/1526/490 3543/1772/119 3359/1530/119
s 426
f 3401/1496/129 3509/1773/137 3397/1500/137
s 422
f 3322/1565/126 3574/1774/125 3326/1561/125
s 421
f 3360/1531/136 3540/1775/135 3364/1527/135
s 423
f 3435/1599/125 3611/1776/126 3433/1598/126
s 422
f 3390/1497/121 3506/1777/128 3394/1493/128
s 424
f 3281/1461/508 3475/1778/7 3283/1463/7
s 425
f 3430/1603/139 3610/1779/132 3432/1600/132
s 420
f 3327/1566/123 3579/1780/132 3323/1570/132
s 427
f 3282/1462/4 3472/1781/127 3280/1460/127
s 426
f 3365/1532/490 3545/1782/119 3361/1536/119
s 420
f 3395/1498/130 3511/1783/131 3391/1502/131
s 421
f 3324/1572/126 3576/1784/125 3328/1567/125
s 422
f 3354/1533/7 3542/1785/136 3358/1534/136
s 423
f 3433/1598/126 3613/1786/133 3431/1601/133
s 421
f 3392/1503/121 3508/1787/128 3396/1495/128
s 424
f 3283/1463/7 3477/1788/136 3285/1464/136
s 425
f 3428/1602/135 3612/1789/139 3430/1603/139
s 426
f 3329/1564/123 3581/1790/132 3325/1568/132
s 427
f 3284/1465/119 3474/1791/4 3282/1462/4
s 420
f 3359/1530/119 3547/1792/4 3355/1538/4
s 426
f 3397/1500/137 3513/1793/131 3393/1499/131
s 422
f 3318/1573/133 3578/1794/126 3322/1565/126
s 421
f 3356/1540/7 3544/1795/136 3360/1531/136
s 423
f 3431/1601/133 3615/1796/124 3429/1605/124
s 422
f 3386/1501/122 3510/1797/121 3390/1497/121
s 424
f 3285/1464/136 3479/1798/510 3287/1467/492
s 425
f 3426/1604/136 3614/1799/135 3428/1602/135
s 420
f 3323/1570/132 3583/1800/139 3319/1569/139
s 427
f 3286/1466/490 3476/1801/119 3284/1465/119
s 426
f 3361/1536/119 3549/1802/4 3357/1535/4
s 420
f 3391/1502/131 3515/1803/134 3387/1506/134
s 421
f 3320/1571/133 3580/1804/126 3324/1572/126
s 422
f 3350/1542/129 3546/1805/7 3354/1533/7
s 423
f 3429/1605/124 3617/1806/119 3427/1607/119
s 421
f 3388/1508/122 3512/1807/121 3392/1503/121
s 424
f 3287/1467/492 3481/1808/139 3289/1469/139
s 425
f 3424/1608/7 3616/1809/136 3426/1604/136
s 426
f 3325/1568/132 3585/1810/139 3321/1576/139
s 427
f 3288/1468/133 3478/1811/490 3286/1466/490
s 420
f 3355/1538/4 3551/1812/127 3351/1537/127
s 426
f 3393/1499/131 3517/1813/134 3389/1504/134
s 422
f 3314/1577/124 3582/1814/133 3318/1573/133
s 421
f 3352/1539/129 3548/1815/7 3356/1540/7
s 423
f 3427/1607/119 3619/1816/4 3425/1606/4
s 422
f 3382/1505/138 3514/1817/122 3386/1501/122
s 424
f 3289/1469/139 3483/1818/473 3291/1470/473
s 425
f 3422/1610/129 3618/1819/7 3424/1608/7
s 420
f 3319/1569/139 3587/1820/249 3315/1574/249
s 427
f 3290/1471/126 3480/1821/133 3288/1468/133
s 426
f 3357/1535/4 3553/1822/127 3353/1544/127
s 428
f 4098/1823/511 4123/1824/512 4096/1825/512
f 4099/1826/513 4125/1827/511 4098/1823/511
f 4100/1828/514 4126/1829/513 4099/1826/513
f 4101/1830/515 4127/1831/514 4100/1828/514
f 4102/1832/3 4128/1833/515 4101/1830/515
s 429
f 4083/1834/119 4109/1835/4 4082/1836/4
s 428
f 4103/1837/3 4129/1838/3 4102/1832/3
s 429
f 4084/1839/516 4110/1840/119 4083/1834/119
s 428
f 4104/1841/3 4130/1842/3 4103/1837/3
s 429
f 4085/1843/517 4111/1844/516 4084/1839/516
f 4106/1845/518 4132/1846/519 4105/1841/519
f 4086/1847/520 4112/1848/517 4085/1843/517
f 4107/1849/521 4133/1850/518 4106/1845/518
s 430
f 4088/1851/1 4114/1852/1 4087/1847/1
s 429
f 4108/1853/127 4134/1854/521 4107/1849/521
s 430
f 4089/1855/1 4115/1856/1 4088/1851/1
s 429
f 4082/1836/4 4135/1857/127 4108/1853/127
s 430
f 4090/1858/522 4116/1859/1 4089/1855/1
f 4091/1860/523 4117/1861/522 4090/1858/522
f 4092/1862/524 4118/1863/523 4091/1860/523
f 4093/1864/525 4119/1865/524 4092/1862/524
f 4094/1866/526 4120/1867/525 4093/1864/525
s 431
f 4177/1868/527 4152/1869/528 4150/1870/527
f 4179/1871/528 4153/1872/529 4152/1869/528
f 4180/1873/529 4154/1874/530 4153/1872/529
f 4181/1875/530 4155/1876/531 4154/1874/530
f 4182/1877/531 4156/1878/1 4155/1876/531
s 432
f 4163/1879/7 4137/1880/136 4136/1881/7
s 431
f 4183/1882/1 4157/1883/1 4156/1878/1
s 432
f 4164/1884/136 4138/1885/135 4137/1880/136
s 431
f 4184/1886/1 4158/1887/1 4157/1883/1
s 432
f 4165/1888/135 4139/1889/532 4138/1885/135
f 4186/1890/533 4160/1891/534 4159/1887/533
f 4166/1892/532 4140/1893/535 4139/1889/532
f 4187/1894/534 4161/1895/137 4160/1891/534
s 433
f 4168/1896/3 4142/1897/3 4141/1893/3
s 432
f 4188/1898/137 4162/1899/129 4161/1895/137
s 433
f 4169/1900/3 4143/1901/3 4142/1897/3
s 432
f 4189/1902/129 4136/1881/7 4162/1899/129
s 433
f 4170/1903/3 4144/1904/536 4143/1901/3
f 4171/1905/536 4145/1906/537 4144/1904/536
f 4172/1907/537 4146/1908/538 4145/1906/537
f 4173/1909/539 4147/1910/540 4146/1908/538
f 4174/1911/540 4148/1912/541 4147/1910/540
s 434
f 3928/1836/5 3971/1880/5 3927/1834/5
f 3927/1834/5 3970/1885/5 3926/1839/5
f 3926/1839/5 3969/1889/5 3925/1843/5
f 3924/1847/5 3969/1889/5 3968/1893/5
f 3924/1847/5 3967/1897/5 3923/1851/5
f 3922/1855/5 3967/1897/5 3966/1901/5
f 3921/1858/5 3966/1901/5 3965/1904/5
f 3921/1858/5 3964/1906/5 3920/1860/5
f 3920/1860/5 3963/1908/5 3919/1862/5
f 3919/1862/5 3962/1910/5 3918/1864/5
f 3918/1864/5 4149/1912/5 4095/1866/5
f 3915/1823/5 4151/1870/5 3961/1869/5
f 3914/1826/5 3961/1869/5 3960/1872/5
f 3913/1828/5 3960/1872/5 3959/1874/5
f 3912/1830/5 3959/1874/5 3958/1876/5
f 3912/1830/5 3957/1878/5 3911/1832/5
f 3911/1832/5 3956/1883/5 3910/1837/5
f 3909/1841/5 3956/1883/5 3955/1887/5
f 3909/1841/5 3954/1891/5 3908/1845/5
f 3907/1849/5 3954/1891/5 3953/1895/5
f 3906/1853/5 3953/1895/5 3952/1899/5
f 3906/1853/5 3972/1881/5 3928/1836/5
s 435
f 3929/1913/13 3974/1884/13 3973/1879/13
f 3930/1914/13 3975/1888/13 3974/1884/13
f 3931/1915/13 3976/1892/13 3975/1888/13
f 3933/1916/13 3976/1892/13 3932/1917/13
f 3933/1916/13 3978/1900/13 3977/1896/13
f 3935/1918/13 3978/1900/13 3934/1919/13
f 3936/1920/13 3979/1903/13 3935/1918/13
f 3936/1920/13 3981/1907/13 3980/1905/13
f 3937/1921/13 3982/1909/13 3981/1907/13
f 3938/1922/13 3983/1911/13 3982/1909/13
f 3939/1923/13 4176/1924/13 3983/1911/13
f 3942/1925/13 4178/1868/13 4124/1926/13
f 3943/1927/13 3984/1871/13 3942/1925/13
f 3944/1928/13 3985/1873/13 3943/1927/13
f 3945/1929/13 3986/1875/13 3944/1928/13
f 3945/1929/13 3988/1882/13 3987/1877/13
f 3946/1930/13 3989/1886/13 3988/1882/13
f 3948/1931/13 3989/1886/13 3947/1932/13
f 3948/1931/13 3991/1894/13 3990/1890/13
f 3950/1933/13 3991/1894/13 3949/1934/13
f 3951/1935/13 3992/1898/13 3950/1933/13
f 3951/1935/13 3973/1879/13 3993/1902/13
s 436
f 3941/1824/542 4202/1936/543 3916/1825/542
f 4225/1937/543 4203/1938/544 4202/1936/543
f 4226/1939/544 4204/1940/545 4203/1938/544
f 4227/1941/545 4205/1942/546 4204/1940/545
f 4228/1943/546 4206/1944/547 4205/1942/546
s 437
f 4213/1945/7 4191/1946/129 4190/1947/7
s 436
f 4229/1948/547 4207/1949/548 4206/1944/547
s 437
f 4214/1950/129 4192/1951/549 4191/1946/129
s 436
f 4230/1952/548 4208/1953/550 4207/1949/548
s 437
f 4215/1954/549 4193/1955/551 4192/1951/549
f 4232/1956/552 4210/1957/553 4209/1953/552
f 4216/1958/551 4194/1959/554 4193/1955/551
f 4233/1960/553 4211/1961/555 4210/1957/553
s 438
f 4218/1962/556 4196/1963/557 4195/1959/556
s 437
f 4234/1964/555 4212/1965/136 4211/1961/555
s 438
f 4219/1966/557 4197/1967/558 4196/1963/557
s 437
f 4235/1968/136 4190/1947/7 4212/1965/136
s 438
f 4220/1969/558 4198/1970/559 4197/1967/558
f 4221/1971/560 4199/1972/561 4198/1970/559
f 4222/1973/561 4200/1974/562 4199/1972/561
f 4223/1975/562 4201/1976/563 4200/1974/562
f 4224/1977/563 3917/1866/564 4201/1976/563
s 439
f 4248/1978/565 4071/1868/566 4046/1870/566
f 4249/1979/567 4271/1980/565 4248/1978/565
f 4250/1981/568 4272/1982/567 4249/1979/567
f 4251/1983/569 4273/1984/568 4250/1981/568
f 4252/1985/570 4274/1986/569 4251/1983/569
s 440
f 4237/1987/127 4259/1988/4 4236/1989/4
s 439
f 4253/1990/1 4275/1991/570 4252/1985/570
s 440
f 4238/1992/128 4260/1993/127 4237/1987/127
s 439
f 4254/1994/1 4276/1995/1 4253/1990/1
s 440
f 4239/1996/571 4261/1997/128 4238/1992/128
f 4256/1998/572 4278/1999/573 4255/1994/573
f 4240/2000/574 4262/2001/571 4239/1996/571
f 4257/2002/124 4279/2003/572 4256/1998/572
s 441
f 4242/2004/3 4264/2005/3 4241/2000/3
s 440
f 4258/2006/119 4280/2007/124 4257/2002/124
s 441
f 4243/2008/575 4265/2009/3 4242/2004/3
s 440
f 4236/1989/4 4281/2010/119 4258/2006/119
s 441
f 4244/2011/576 4266/2012/575 4243/2008/575
f 4245/2013/577 4267/2014/576 4244/2011/576
f 4246/2015/578 4268/2016/577 4245/2013/577
f 4247/2017/579 4269/2018/578 4246/2015/578
f 4047/1912/580 4270/2019/579 4247/2017/579
s 434
f 4057/1987/5 4014/1947/5 4013/1946/5
f 4012/1951/5 4057/1987/5 4013/1946/5
f 4055/1996/5 4012/1951/5 4011/1955/5
f 4010/1959/5 4055/1996/5 4011/1955/5
f 4053/2004/5 4010/1959/5 4009/1963/5
f 4008/1967/5 4053/2004/5 4009/1963/5
f 4007/1970/5 4052/2008/5 4008/1967/5
f 4050/2013/5 4007/1970/5 4006/1972/5
f 4049/2015/5 4006/1972/5 4005/1974/5
f 4048/2017/5 4005/1974/5 4004/1976/5
f 4149/1912/5 4004/1976/5 4095/1866/5
f 4003/1936/5 4151/1870/5 4097/1825/5
f 4002/1938/5 4045/1978/5 4003/1936/5
f 4001/1940/5 4044/1979/5 4002/1938/5
f 4000/1942/5 4043/1981/5 4001/1940/5
f 4041/1985/5 4000/1942/5 3999/1944/5
f 4040/1990/5 3999/1944/5 3998/1949/5
f 3997/1953/5 4040/1990/5 3998/1949/5
f 4038/1998/5 3997/1953/5 3996/1957/5
f 3995/1961/5 4038/1998/5 3996/1957/5
f 4036/2006/5 3995/1961/5 3994/1965/5
f 4058/1989/5 3994/1965/5 4014/1947/5
s 435
f 4015/2020/13 4060/1993/13 4016/2021/13
f 4060/1993/13 4017/2022/13 4016/2021/13
f 4017/2022/13 4062/2001/13 4018/2023/13
f 4062/2001/13 4019/2024/13 4018/2023/13
f 4019/2024/13 4064/2009/13 4020/2025/13
f 4064/2009/13 4021/2026/13 4020/2025/13
f 4065/2012/13 4022/2027/13 4021/2026/13
f 4022/2027/13 4067/2016/13 4023/2028/13
f 4023/2028/13 4068/2018/13 4024/2029/13
f 4024/2029/13 4069/2019/13 4025/2030/13
f 4025/2030/13 4176/1924/13 4122/2031/13
f 4178/1868/13 4026/2032/13 4124/1926/13
f 4072/1980/13 4027/2033/13 4026/2032/13
f 4073/1982/13 4028/2034/13 4027/2033/13
f 4074/1984/13 4029/2035/13 4028/2034/13
f 4029/2035/13 4076/1991/13 4030/2036/13
f 4030/2036/13 4077/1995/13 4031/2037/13
f 4077/1995/13 4032/2038/13 4031/2037/13
f 4032/2038/13 4079/2003/13 4033/2039/13
f 4079/2003/13 4034/2040/13 4033/2039/13
f 4034/2040/13 4081/2010/13 4035/2041/13
f 4035/2041/13 4059/1988/13 4015/2020/13
s 442
f 4377/2042/5 4379/2043/5 4376/2044/5
f 4380/2045/5 4378/2046/5 4377/2042/5
f 4382/2047/5 4381/2048/5 4380/2045/5
f 4382/2047/5 4385/2049/5 4383/2050/5
f 4386/2051/5 4385/2049/5 4384/2052/5
f 4388/2053/5 4387/2054/5 4386/2051/5
f 4390/2055/5 4389/2056/5 4388/2053/5
f 4390/2055/5 4393/2057/5 4391/2058/5
f 4392/2059/5 4395/2060/5 4393/2057/5
f 4394/2061/5 4397/2062/5 4395/2060/5
f 4396/2063/5 4399/2064/5 4397/2062/5
f 4398/2065/5 4544/2066/5 4399/2064/5
f 4401/2067/5 4544/2066/5 4400/2068/5
f 4403/2069/5 4402/2070/5 4401/2067/5
f 4405/2071/5 4404/2072/5 4403/2069/5
f 4407/2073/5 4406/2074/5 4405/2071/5
f 4409/2075/5 4408/2076/5 4407/2073/5
f 4411/2077/5 4410/2078/5 4409/2075/5
f 4411/2077/5 4414/2079/5 4412/2080/5
f 4415/2081/5 4414/2079/5 4413/2082/5
f 4417/2083/5 4416/2084/5 4415/2081/5
f 4417/2083/5 4420/2085/5 4418/2086/5
f 4419/2087/5 4422/2088/5 4420/2085/5
f 4421/2089/5 4379/2043/5 4422/2088/5
s 443
f 4355/2090/136 4446/2066/3 4303/2070/136
s 444
f 4354/2091/119 4300/2069/124 4302/2067/119
s 443
f 4357/2092/135 4303/2070/136 4301/2072/135
s 444
f 4356/2093/124 4298/2071/133 4300/2069/124
s 443
f 4359/2094/139 4301/2072/135 4299/2074/139
s 444
f 4358/2095/133 4296/2073/126 4298/2071/133
s 443
f 4361/2096/132 4299/2074/139 4297/2076/132
s 444
f 4360/2097/126 4294/2075/125 4296/2073/126
s 443
f 4363/2098/123 4297/2076/132 4295/2078/123
s 444
f 4362/2099/125 4292/2077/1 4294/2075/125
f 4330/2100/7 4325/2042/136 4328/2044/7
s 443
f 4365/2101/3 4295/2078/123 4293/2080/3
f 4332/2102/119 4327/2043/4 4326/2046/119
s 444
f 4364/2103/1 4290/2082/120 4292/2077/1
f 4331/2104/136 4323/2045/135 4325/2042/136
s 443
f 4367/2105/138 4293/2080/3 4291/2079/138
f 4334/2106/124 4326/2046/119 4324/2048/124
s 444
f 4366/2107/120 4288/2081/134 4290/2082/120
f 4333/2108/135 4321/2047/139 4323/2045/135
s 443
f 4369/2109/122 4291/2079/138 4289/2084/122
f 4336/2110/133 4324/2048/124 4322/2050/133
s 444
f 4368/2111/134 4286/2083/131 4288/2081/134
f 4335/2112/139 4319/2052/132 4321/2047/139
s 443
f 4371/2113/121 4289/2084/122 4287/2086/121
f 4338/2114/126 4322/2050/133 4320/2049/126
s 444
f 4370/2115/131 4284/2087/137 4286/2083/131
f 4337/2116/132 4317/2051/123 4319/2052/132
s 443
f 4373/2117/128 4287/2086/121 4285/2085/128
f 4340/2118/125 4320/2049/126 4318/2054/125
s 444
f 4372/2119/137 4282/2089/129 4284/2087/137
f 4339/2120/123 4315/2053/3 4317/2051/123
s 443
f 4375/2121/127 4285/2085/128 4283/2088/127
f 4342/2122/1 4318/2054/125 4316/2056/1
s 444
f 4374/2123/129 4328/2044/7 4282/2089/129
f 4341/2124/3 4313/2055/138 4315/2053/3
s 443
f 4329/2125/4 4283/2088/127 4327/2043/4
f 4344/2126/120 4316/2056/1 4314/2058/120
s 444
f 4343/2127/138 4311/2059/122 4313/2055/138
s 443
f 4346/2128/134 4314/2058/120 4312/2057/134
s 444
f 4345/2129/122 4309/2061/121 4311/2059/122
s 443
f 4348/2130/131 4312/2057/134 4310/2060/131
s 444
f 4347/2131/121 4307/2063/128 4309/2061/121
s 443
f 4350/2132/137 4310/2060/131 4308/2062/137
s 444
f 4349/2133/128 4305/2065/127 4307/2063/128
s 443
f 4352/2134/129 4308/2062/137 4306/2064/129
s 444
f 4351/2135/127 4304/2068/4 4305/2065/127
s 443
f 4496/2136/3 4306/2064/129 4446/2066/3
s 444
f 4353/2137/4 4302/2067/119 4304/2068/4
s 445
f 4519/2044/5 4521/2046/5 4520/2042/5
f 4520/2042/5 4524/2048/5 4523/2045/5
f 4523/2045/5 4526/2050/5 4525/2047/5
f 4525/2047/5 4528/2049/5 4527/2052/5
f 4527/2052/5 4530/2054/5 4529/2051/5
f 4529/2051/5 4532/2056/5 4531/2053/5
f 4532/2056/5 4533/2055/5 4531/2053/5
f 4533/2055/5 4536/2057/5 4535/2059/5
f 4535/2059/5 4538/2060/5 4537/2061/5
f 4537/2061/5 4540/2062/5 4539/2063/5
f 4540/2062/5 4541/2065/5 4539/2063/5
f 4541/2065/5 4544/2066/5 4543/2068/5
f 4544/2066/5 4545/2067/5 4543/2068/5
f 4545/2067/5 4548/2072/5 4547/2069/5
f 4548/2072/5 4549/2071/5 4547/2069/5
f 4549/2071/5 4552/2076/5 4551/2073/5
f 4551/2073/5 4554/2078/5 4553/2075/5
f 4554/2078/5 4555/2077/5 4553/2075/5
f 4555/2077/5 4558/2079/5 4557/2082/5
f 4558/2079/5 4559/2081/5 4557/2082/5
f 4559/2081/5 4562/2086/5 4561/2083/5
f 4561/2083/5 4564/2085/5 4563/2087/5
f 4564/2085/5 4565/2089/5 4563/2087/5
f 4566/2088/5 4519/2044/5 4565/2089/5
s 446
f 4446/2066/3 4498/2090/127 4444/2070/127
s 447
f 4441/2069/137 4497/2091/129 4443/2067/129
s 446
f 4444/2070/127 4500/2092/128 4442/2072/128
s 447
f 4439/2071/131 4499/2093/137 4441/2069/137
s 446
f 4442/2072/128 4502/2094/121 4440/2074/121
s 447
f 4437/2073/134 4501/2095/131 4439/2071/131
s 446
f 4440/2074/121 4504/2096/122 4438/2076/122
s 447
f 4435/2075/120 4503/2097/134 4437/2073/134
s 446
f 4438/2076/122 4506/2098/138 4436/2078/138
s 447
f 4433/2077/1 4505/2099/120 4435/2075/120
f 4467/2042/127 4472/2100/4 4470/2044/4
s 446
f 4436/2078/138 4508/2101/3 4434/2080/3
f 4469/2043/7 4474/2102/129 4468/2046/129
s 447
f 4431/2082/125 4507/2103/1 4433/2077/1
f 4465/2045/128 4473/2104/127 4467/2042/127
s 446
f 4434/2080/3 4510/2105/123 4432/2079/123
f 4468/2046/129 4476/2106/137 4466/2048/137
s 447
f 4429/2081/126 4509/2107/125 4431/2082/125
f 4463/2047/121 4475/2108/128 4465/2045/128
s 446
f 4432/2079/123 4512/2109/132 4430/2084/132
f 4466/2048/137 4478/2110/131 4464/2050/131
s 447
f 4427/2083/133 4511/2111/126 4429/2081/126
f 4461/2052/122 4477/2112/121 4463/2047/121
s 446
f 4430/2084/132 4514/2113/139 4428/2086/139
f 4464/2050/131 4480/2114/134 4462/2049/134
s 447
f 4425/2087/124 4513/2115/133 4427/2083/133
f 4459/2051/138 4479/2116/122 4461/2052/122
s 446
f 4428/2086/139 4516/2117/249 4426/2085/135
f 4462/2049/134 4482/2118/120 4460/2054/120
s 447
f 4423/2089/119 4515/2119/124 4425/2087/124
f 4457/2053/3 4481/2120/138 4459/2051/138
s 446
f 4426/2085/135 4518/2121/136 4424/2088/136
f 4460/2054/120 4484/2122/1 4458/2056/1
s 447
f 4470/2044/4 4517/2123/119 4423/2089/119
f 4455/2055/123 4483/2124/3 4457/2053/3
s 446
f 4424/2088/136 4471/2125/7 4469/2043/7
f 4458/2056/1 4486/2126/125 4456/2058/125
s 447
f 4453/2059/132 4485/2127/123 4455/2055/123
s 446
f 4456/2058/125 4488/2128/126 4454/2057/126
s 447
f 4451/2061/139 4487/2129/132 4453/2059/132
s 446
f 4454/2057/126 4490/2130/133 4452/2060/133
s 447
f 4449/2063/135 4489/2131/139 4451/2061/139
s 446
f 4452/2060/133 4492/2132/124 4450/2062/124
s 447
f 4447/2065/136 4491/2133/135 4449/2063/135
s 446
f 4450/2062/124 4494/2134/119 4448/2064/119
s 447
f 4445/2068/7 4493/2135/136 4447/2065/136
s 446
f 4448/2064/119 4496/2136/3 4446/2066/3
s 447
f 4443/2067/129 4495/2137/7 4445/2068/7
s 448
f 4569/2138/581 4573/2139/582 4574/2140/583
f 4568/2141/584 4570/2142/585 4571/2143/586
f 4600/2144/587 4569/2138/581 4574/2140/583
f 4635/2145/588 4571/2143/586 4572/2146/589
f 4636/2147/590 4572/2146/589 4573/2139/582
f 4573/2139/582 4577/2148/591 4578/2149/592
f 4574/2140/583 4578/2149/592 4579/2150/593
f 4571/2143/586 4575/2151/594 4576/2152/595
f 4600/2144/587 4574/2140/583 4579/2150/593
f 4572/2146/589 4576/2152/595 4577/2148/591
f 4576/2152/595 4580/2153/596 4581/2154/597
f 4600/2144/587 4579/2150/593 4584/2155/598
f 4577/2148/591 4581/2154/597 4582/2156/599
f 4578/2149/592 4582/2156/599 4583/2157/600
f 4579/2150/593 4583/2157/600 4584/2155/598
f 4584/2155/598 4588/2158/601 4589/2159/602
f 4581/2154/597 4585/2160/603 4586/2161/604
f 4600/2144/587 4584/2155/598 4589/2159/602
f 4582/2156/599 4586/2161/604 4587/2162/605
f 4583/2157/600 4587/2162/605 4588/2158/601
f 4587/2162/605 4591/2163/606 4592/2164/607
f 4588/2158/601 4592/2164/607 4593/2165/608
f 4589/2159/602 4593/2165/608 4594/2166/609
f 4586/2161/604 4590/2167/610 4591/2163/606
f 4600/2144/587 4589/2159/602 4594/2166/609
f 4591/2163/606 4595/2168/611 4596/2169/612
f 4600/2144/587 4594/2166/609 4599/2170/613
f 4592/2164/607 4596/2169/612 4597/2171/614
f 4593/2165/608 4597/2171/614 4598/2172/615
f 4594/2166/609 4598/2172/615 4599/2170/613
f 4696/2173/616 4606/2174/617 4607/2175/618
f 4695/2176/619 4605/2177/620 4606/2174/617
f 4697/2178/621 4607/2175/618 4608/2179/622
f 4602/2180/623 4603/2181/624 4604/2182/625
f 4595/2168/611 4638/2183/626 4596/2169/612
f 4596/2169/612 4639/2184/627 4597/2171/614
f 4697/2178/621 4609/2185/628 4698/2186/629
f 4597/2171/614 4640/2187/630 4598/2172/615
f 4598/2172/615 4641/2188/631 4599/2170/613
f 4599/2170/613 4682/2189/632 4600/2144/587
f 4609/2185/628 4682/2189/632 4698/2186/629
f 4607/2175/618 4613/2190/633 4608/2179/622
f 4608/2179/622 4614/2191/634 4609/2185/628
f 4605/2177/620 4611/2192/635 4606/2174/617
f 4600/2144/587 4609/2185/628 4614/2191/634
f 4606/2174/617 4612/2193/636 4607/2175/618
f 4610/2194/637 4616/2195/638 4611/2192/635
f 4600/2144/587 4614/2191/634 4619/2196/639
f 4611/2192/635 4617/2197/640 4612/2193/636
f 4612/2193/636 4618/2198/641 4613/2190/633
f 4613/2190/633 4619/2196/639 4614/2191/634
f 4618/2198/641 4624/2199/642 4619/2196/639
f 4615/2200/643 4621/2201/644 4616/2195/638
f 4600/2144/587 4619/2196/639 4624/2199/642
f 4616/2195/638 4622/2202/645 4617/2197/640
f 4617/2197/640 4623/2203/646 4618/2198/641
f 4621/2201/644 4627/2204/647 4622/2202/645
f 4622/2202/645 4628/2205/648 4623/2203/646
f 4623/2203/646 4629/2206/649 4624/2199/642
f 4620/2207/650 4626/2208/651 4621/2201/644
f 4600/2144/587 4624/2199/642 4629/2206/649
f 4625/2209/652 4631/2210/653 4626/2208/651
f 4600/2144/587 4629/2206/649 4634/2211/654
f 4626/2208/651 4632/2212/655 4627/2204/647
f 4627/2204/647 4633/2213/656 4628/2205/648
f 4628/2205/648 4634/2211/654 4629/2206/649
f 4632/2212/655 4636/2147/590 4633/2213/656
f 4633/2213/656 4569/2138/581 4634/2211/654
f 4630/2214/657 4568/2141/584 4631/2210/653
f 4600/2144/587 4634/2211/654 4569/2138/581
f 4631/2210/653 4635/2145/588 4632/2212/655
f 4639/2184/627 4645/2215/658 4640/2187/630
f 4640/2187/630 4646/2216/659 4641/2188/631
f 4637/2217/660 4643/2218/661 4638/2183/626
f 4682/2189/632 4641/2188/631 4646/2216/659
f 4638/2183/626 4644/2219/662 4639/2184/627
f 4643/2218/661 4649/2220/663 4644/2219/662
f 4644/2219/662 4650/2221/664 4645/2215/658
f 4645/2215/658 4651/2222/665 4646/2216/659
f 4642/2223/666 4648/2224/667 4643/2218/661
f 4682/2189/632 4646/2216/659 4651/2222/665
f 4650/2221/664 4656/2225/668 4651/2222/665
f 4647/2226/669 4653/2227/670 4648/2224/667
f 4682/2189/632 4651/2222/665 4656/2225/668
f 4648/2224/667 4654/2228/671 4649/2220/663
f 4649/2220/663 4655/2229/672 4650/2221/664
f 4654/2228/671 4660/2230/673 4655/2229/672
f 4655/2229/672 4661/2231/674 4656/2225/668
f 4652/2232/675 4658/2233/676 4653/2227/670
f 4682/2189/632 4656/2225/668 4661/2231/674
f 4653/2227/670 4659/2234/677 4654/2228/671
f 4682/2189/632 4661/2231/674 4666/2235/678
f 4658/2233/676 4664/2236/679 4659/2234/677
f 4659/2234/677 4665/2237/680 4660/2230/673
f 4660/2230/673 4666/2235/678 4661/2231/674
f 4657/2238/681 4663/2239/682 4658/2233/676
f 4665/2237/680 4671/2240/683 4666/2235/678
f 4662/2241/684 4668/2242/685 4663/2239/682
f 4682/2189/632 4666/2235/678 4671/2240/683
f 4663/2239/682 4669/2243/686 4664/2236/679
f 4664/2236/679 4670/2244/687 4665/2237/680
f 4670/2244/687 4674/2245/688 4675/2246/689
f 4671/2240/683 4675/2246/689 4676/2247/690
f 4668/2242/685 4672/2248/691 4673/2249/692
f 4682/2189/632 4671/2240/683 4676/2247/690
f 4669/2243/686 4673/2249/692 4674/2245/688
f 4682/2189/632 4676/2247/690 4681/2250/693
f 4674/2245/688 4678/2251/694 4679/2252/695
f 4675/2246/689 4679/2252/695 4680/2253/696
f 4676/2247/690 4680/2253/696 4681/2250/693
f 4673/2249/692 4677/2254/697 4678/2251/694
f 4681/2250/693 4684/2255/698 4685/2256/699
f 4678/2251/694 4683/2257/700 4601/2258/701
f 4682/2189/632 4681/2250/693 4685/2256/699
f 4679/2252/695 4601/2258/701 4602/2180/623
f 4680/2253/696 4602/2180/623 4684/2255/698
f 4684/2255/698 4604/2182/625 4687/2259/702
f 4685/2256/699 4687/2259/702 4688/2260/703
f 4601/2258/701 4686/2261/704 4603/2181/624
f 4682/2189/632 4685/2256/699 4688/2260/703
f 4682/2189/632 4688/2260/703 4693/2262/705
f 4604/2182/625 4690/2263/706 4691/2264/707
f 4687/2259/702 4691/2264/707 4692/2265/708
f 4688/2260/703 4692/2265/708 4693/2262/705
f 4603/2181/624 4689/2266/709 4690/2263/706
f 4693/2262/705 4697/2178/621 4698/2186/629
f 4690/2263/706 4694/2267/710 4695/2176/619
f 4682/2189/632 4693/2262/705 4698/2186/629
f 4691/2264/707 4695/2176/619 4696/2173/616
f 4692/2265/708 4696/2173/616 4697/2178/621
s 449
f 4701/2138/711 4705/2139/712 4768/2147/713
f 4700/2141/714 4702/2142/715 4699/2268/716
f 4732/2144/717 4706/2140/718 4701/2138/711
f 4767/2145/719 4703/2143/720 4700/2141/714
f 4768/2147/713 4704/2146/721 4767/2145/719
f 4705/2139/712 4709/2148/722 4704/2146/721
f 4706/2140/718 4710/2149/723 4705/2139/712
f 4703/2143/720 4707/2151/724 4702/2142/715
f 4732/2144/717 4711/2150/725 4706/2140/718
f 4704/2146/721 4708/2152/726 4703/2143/720
f 4708/2152/726 4712/2153/727 4707/2151/724
f 4732/2144/717 4716/2155/728 4711/2150/725
f 4709/2148/722 4713/2154/729 4708/2152/726
f 4710/2149/723 4714/2156/730 4709/2148/722
f 4711/2150/725 4715/2157/731 4710/2149/723
f 4716/2155/728 4720/2158/732 4715/2157/731
f 4713/2154/729 4717/2160/733 4712/2153/727
f 4732/2144/717 4721/2159/734 4716/2155/728
f 4714/2156/730 4718/2161/735 4713/2154/729
f 4715/2157/731 4719/2162/736 4714/2156/730
f 4719/2162/736 4723/2163/737 4718/2161/735
f 4720/2158/732 4724/2164/738 4719/2162/736
f 4721/2159/734 4725/2165/739 4720/2158/732
f 4718/2161/735 4722/2167/740 4717/2160/733
f 4732/2144/717 4726/2166/741 4721/2159/734
f 4723/2163/737 4727/2168/742 4722/2167/740
f 4732/2144/717 4731/2170/743 4726/2166/741
f 4724/2164/738 4728/2169/744 4723/2163/737
f 4725/2165/739 4729/2171/745 4724/2164/738
f 4726/2166/741 4730/2172/746 4725/2165/739
f 4738/2174/747 4828/2173/748 4739/2175/749
f 4737/2177/750 4827/2176/751 4738/2174/747
f 4739/2175/749 4829/2178/752 4740/2179/753
f 4734/2180/754 4735/2181/755 4733/2258/756
f 4770/2183/757 4727/2168/742 4728/2169/744
f 4771/2184/758 4728/2169/744 4729/2171/745
f 4741/2185/759 4829/2178/752 4830/2186/760
f 4772/2187/761 4729/2171/745 4730/2172/746
f 4773/2188/762 4730/2172/746 4731/2170/743
f 4814/2189/763 4731/2170/743 4732/2144/717
f 4814/2189/763 4741/2185/759 4830/2186/760
f 4745/2190/764 4739/2175/749 4740/2179/753
f 4746/2191/765 4740/2179/753 4741/2185/759
f 4743/2192/766 4737/2177/750 4738/2174/747
f 4732/2144/717 4746/2191/765 4741/2185/759
f 4744/2193/767 4738/2174/747 4739/2175/749
f 4748/2195/768 4742/2194/769 4743/2192/766
f 4732/2144/717 4751/2196/770 4746/2191/765
f 4749/2197/771 4743/2192/766 4744/2193/767
f 4750/2198/772 4744/2193/767 4745/2190/764
f 4751/2196/770 4745/2190/764 4746/2191/765
f 4756/2199/773 4750/2198/772 4751/2196/770
f 4753/2201/774 4747/2200/775 4748/2195/768
f 4732/2144/717 4756/2199/773 4751/2196/770
f 4754/2202/776 4748/2195/768 4749/2197/771
f 4755/2203/777 4749/2197/771 4750/2198/772
f 4759/2204/778 4753/2201/774 4754/2202/776
f 4760/2205/779 4754/2202/776 4755/2203/777
f 4761/2206/780 4755/2203/777 4756/2199/773
f 4758/2208/781 4752/2207/782 4753/2201/774
f 4732/2144/717 4761/2206/780 4756/2199/773
f 4763/2210/783 4757/2209/784 4758/2208/781
f 4732/2144/717 4766/2211/785 4761/2206/780
f 4764/2212/786 4758/2208/781 4759/2204/778
f 4765/2213/787 4759/2204/778 4760/2205/779
f 4766/2211/785 4760/2205/779 4761/2206/780
f 4768/2147/713 4764/2212/786 4765/2213/787
f 4701/2138/711 4765/2213/787 4766/2211/785
f 4700/2141/714 4762/2214/788 4763/2210/783
f 4732/2144/717 4701/2138/711 4766/2211/785
f 4767/2145/719 4763/2210/783 4764/2212/786
f 4777/2215/789 4771/2184/758 4772/2187/761
f 4778/2216/790 4772/2187/761 4773/2188/762
f 4775/2218/791 4769/2217/792 4770/2183/757
f 4814/2189/763 4778/2216/790 4773/2188/762
f 4776/2219/793 4770/2183/757 4771/2184/758
f 4781/2220/794 4775/2218/791 4776/2219/793
f 4782/2221/795 4776/2219/793 4777/2215/789
f 4783/2222/796 4777/2215/789 4778/2216/790
f 4780/2224/797 4774/2223/798 4775/2218/791
f 4814/2189/763 4783/2222/796 4778/2216/790
f 4788/2225/799 4782/2221/795 4783/2222/796
f 4785/2227/800 4779/2226/801 4780/2224/797
f 4814/2189/763 4788/2225/799 4783/2222/796
f 4786/2228/802 4780/2224/797 4781/2220/794
f 4787/2229/803 4781/2220/794 4782/2221/795
f 4792/2230/804 4786/2228/802 4787/2229/803
f 4793/2231/805 4787/2229/803 4788/2225/799
f 4790/2233/806 4784/2232/807 4785/2227/800
f 4814/2189/763 4793/2231/805 4788/2225/799
f 4791/2234/808 4785/2227/800 4786/2228/802
f 4814/2189/763 4798/2235/809 4793/2231/805
f 4796/2236/810 4790/2233/806 4791/2234/808
f 4797/2237/811 4791/2234/808 4792/2230/804
f 4798/2235/809 4792/2230/804 4793/2231/805
f 4795/2239/812 4789/2238/813 4790/2233/806
f 4803/2240/814 4797/2237/811 4798/2235/809
f 4800/2242/815 4794/2241/816 4795/2239/812
f 4814/2189/763 4803/2240/814 4798/2235/809
f 4801/2243/817 4795/2239/812 4796/2236/810
f 4802/2244/818 4796/2236/810 4797/2237/811
f 4802/2244/818 4806/2245/819 4801/2243/817
f 4803/2240/814 4807/2246/820 4802/2244/818
f 4800/2242/815 4804/2248/821 4799/2269/822
f 4814/2189/763 4808/2247/823 4803/2240/814
f 4801/2243/817 4805/2249/824 4800/2242/815
f 4814/2189/763 4813/2250/825 4808/2247/823
f 4806/2245/819 4810/2251/826 4805/2249/824
f 4807/2246/820 4811/2252/827 4806/2245/819
f 4808/2247/823 4812/2253/828 4807/2246/820
f 4805/2249/824 4809/2254/829 4804/2248/821
f 4813/2250/825 4816/2255/830 4812/2253/828
f 4810/2251/826 4815/2257/831 4809/2254/829
f 4814/2189/763 4817/2256/832 4813/2250/825
f 4811/2252/827 4733/2258/756 4810/2251/826
f 4812/2253/828 4734/2180/754 4811/2252/827
f 4816/2255/830 4736/2182/833 4734/2180/754
f 4817/2256/832 4819/2259/834 4816/2255/830
f 4733/2258/756 4818/2261/835 4815/2257/831
f 4814/2189/763 4820/2260/836 4817/2256/832
f 4814/2189/763 4825/2262/837 4820/2260/836
f 4736/2182/833 4822/2263/838 4735/2181/755
f 4819/2259/834 4823/2264/839 4736/2182/833
f 4820/2260/836 4824/2265/840 4819/2259/834
f 4735/2181/755 4821/2266/841 4818/2261/835
f 4825/2262/837 4829/2178/752 4824/2265/840
f 4822/2263/838 4826/2267/842 4821/2266/841
f 4814/2189/763 4830/2186/760 4825/2262/837
f 4823/2264/839 4827/2176/751 4822/2263/838
f 4824/2265/840 4828/2173/748 4823/2264/839
s 450
f 4833/2138/843 4837/2139/844 4900/2147/845
f 4832/2141/846 4834/2142/847 4831/2268/848
f 4864/2144/849 4838/2140/850 4833/2138/843
f 4899/2145/851 4835/2143/852 4832/2141/846
f 4900/2147/845 4836/2146/853 4899/2145/851
f 4837/2139/844 4841/2148/854 4836/2146/853
f 4838/2140/850 4842/2149/855 4837/2139/844
f 4835/2143/852 4839/2151/856 4834/2142/847
f 4864/2144/849 4843/2150/857 4838/2140/850
f 4836/2146/853 4840/2152/858 4835/2143/852
f 4840/2152/858 4844/2153/859 4839/2151/856
f 4864/2144/849 4848/2155/860 4843/2150/857
f 4841/2148/854 4845/2154/861 4840/2152/858
f 4842/2149/855 4846/2156/862 4841/2148/854
f 4843/2150/857 4847/2157/863 4842/2149/855
f 4848/2155/860 4852/2158/864 4847/2157/863
f 4845/2154/861 4849/2160/865 4844/2153/859
f 4864/2144/849 4853/2159/866 4848/2155/860
f 4846/2156/862 4850/2161/867 4845/2154/861
f 4847/2157/863 4851/2162/868 4846/2156/862
f 4851/2162/868 4855/2163/869 4850/2161/867
f 4852/2158/864 4856/2164/870 4851/2162/868
f 4853/2159/866 4857/2165/871 4852/2158/864
f 4850/2161/867 4854/2167/872 4849/2160/865
f 4864/2144/849 4858/2166/873 4853/2159/866
f 4855/2163/869 4859/2168/874 4854/2167/872
f 4864/2144/849 4863/2170/875 4858/2166/873
f 4856/2164/870 4860/2169/876 4855/2163/869
f 4857/2165/871 4861/2171/877 4856/2164/870
f 4858/2166/873 4862/2172/878 4857/2165/871
f 4870/2174/879 4960/2173/880 4871/2175/881
f 4869/2177/882 4959/2176/883 4870/2174/879
f 4871/2175/881 4961/2178/884 4872/2179/885
f 4866/2180/886 4867/2181/887 4865/2258/888
f 4902/2183/889 4859/2168/874 4860/2169/876
f 4903/2184/890 4860/2169/876 4861/2171/877
f 4873/2185/891 4961/2178/884 4962/2186/892
f 4904/2187/893 4861/2171/877 4862/2172/878
f 4905/2188/894 4862/2172/878 4863/2170/875
f 4946/2189/895 4863/2170/875 4864/2144/849
f 4946/2189/895 4873/2185/891 4962/2186/892
f 4877/2190/896 4871/2175/881 4872/2179/885
f 4878/2191/897 4872/2179/885 4873/2185/891
f 4875/2192/898 4869/2177/882 4870/2174/879
f 4864/2144/849 4878/2191/897 4873/2185/891
f 4876/2193/899 4870/2174/879 4871/2175/881
f 4880/2195/900 4874/2194/901 4875/2192/898
f 4864/2144/849 4883/2196/902 4878/2191/897
f 4881/2197/903 4875/2192/898 4876/2193/899
f 4882/2198/904 4876/2193/899 4877/2190/896
f 4883/2196/902 4877/2190/896 4878/2191/897
f 4888/2199/905 4882/2198/904 4883/2196/902
f 4885/2201/906 4879/2200/907 4880/2195/900
f 4864/2144/849 4888/2199/905 4883/2196/902
f 4886/2202/908 4880/2195/900 4881/2197/903
f 4887/2203/909 4881/2197/903 4882/2198/904
f 4891/2204/910 4885/2201/906 4886/2202/908
f 4892/2205/911 4886/2202/908 4887/2203/909
f 4893/2206/912 4887/2203/909 4888/2199/905
f 4890/2208/913 4884/2207/914 4885/2201/906
f 4864/2144/849 4893/2206/912 4888/2199/905
f 4895/2210/915 4889/2209/916 4890/2208/913
f 4864/2144/849 4898/2211/917 4893/2206/912
f 4896/2212/918 4890/2208/913 4891/2204/910
f 4897/2213/919 4891/2204/910 4892/2205/911
f 4898/2211/917 4892/2205/911 4893/2206/912
f 4900/2147/845 4896/2212/918 4897/2213/919
f 4833/2138/843 4897/2213/919 4898/2211/917
f 4832/2141/846 4894/2214/920 4895/2210/915
f 4864/2144/849 4833/2138/843 4898/2211/917
f 4899/2145/851 4895/2210/915 4896/2212/918
f 4909/2215/921 4903/2184/890 4904/2187/893
f 4910/2216/922 4904/2187/893 4905/2188/894
f 4907/2218/923 4901/2217/924 4902/2183/889
f 4946/2189/895 4910/2216/922 4905/2188/894
f 4908/2219/925 4902/2183/889 4903/2184/890
f 4913/2220/926 4907/2218/923 4908/2219/925
f 4914/2221/927 4908/2219/925 4909/2215/921
f 4915/2222/928 4909/2215/921 4910/2216/922
f 4912/2224/929 4906/2223/930 4907/2218/923
f 4946/2189/895 4915/2222/928 4910/2216/922
f 4920/2225/931 4914/2221/927 4915/2222/928
f 4917/2227/932 4911/2226/933 4912/2224/929
f 4946/2189/895 4920/2225/931 4915/2222/928
f 4918/2228/934 4912/2224/929 4913/2220/926
f 4919/2229/935 4913/2220/926 4914/2221/927
f 4924/2230/936 4918/2228/934 4919/2229/935
f 4925/2231/937 4919/2229/935 4920/2225/931
f 4922/2233/938 4916/2232/939 4917/2227/932
f 4946/2189/895 4925/2231/937 4920/2225/931
f 4923/2234/940 4917/2227/932 4918/2228/934
f 4946/2189/895 4930/2235/941 4925/2231/937
f 4928/2236/942 4922/2233/938 4923/2234/940
f 4929/2237/943 4923/2234/940 4924/2230/936
f 4930/2235/941 4924/2230/936 4925/2231/937
f 4927/2239/944 4921/2238/945 4922/2233/938
f 4935/2240/946 4929/2237/943 4930/2235/941
f 4932/2242/947 4926/2241/948 4927/2239/944
f 4946/2189/895 4935/2240/946 4930/2235/941
f 4933/2243/949 4927/2239/944 4928/2236/942
f 4934/2244/950 4928/2236/942 4929/2237/943
f 4934/2244/950 4938/2245/951 4933/2243/949
f 4935/2240/946 4939/2246/952 4934/2244/950
f 4932/2242/947 4936/2248/953 4931/2269/954
f 4946/2189/895 4940/2247/955 4935/2240/946
f 4933/2243/949 4937/2249/956 4932/2242/947
f 4946/2189/895 4945/2250/957 4940/2247/955
f 4938/2245/951 4942/2251/958 4937/2249/956
f 4939/2246/952 4943/2252/959 4938/2245/951
f 4940/2247/955 4944/2253/960 4939/2246/952
f 4937/2249/956 4941/2254/961 4936/2248/953
f 4945/2250/957 4948/2255/962 4944/2253/960
f 4942/2251/958 4947/2257/963 4941/2254/961
f 4946/2189/895 4949/2256/964 4945/2250/957
f 4943/2252/959 4865/2258/888 4942/2251/958
f 4944/2253/960 4866/2180/886 4943/2252/959
f 4948/2255/962 4868/2182/965 4866/2180/886
f 4949/2256/964 4951/2259/966 4948/2255/962
f 4865/2258/888 4950/2261/967 4947/2257/963
f 4946/2189/895 4952/2260/968 4949/2256/964
f 4946/2189/895 4957/2262/969 4952/2260/968
f 4868/2182/965 4954/2263/970 4867/2181/887
f 4951/2259/966 4955/2264/971 4868/2182/965
f 4952/2260/968 4956/2265/972 4951/2259/966
f 4867/2181/887 4953/2266/973 4950/2261/967
f 4957/2262/969 4961/2178/884 4956/2265/972
f 4954/2263/970 4958/2267/974 4953/2266/973
f 4946/2189/895 4962/2186/892 4957/2262/969
f 4955/2264/971 4959/2176/883 4954/2263/970
f 4956/2265/972 4960/2173/880 4955/2264/971
s 451
f 4965/2138/975 4969/2139/976 4970/2140/977
f 4964/2141/978 4966/2142/979 4967/2143/980
f 4996/2144/981 4965/2138/975 4970/2140/977
f 5031/2145/982 4967/2143/980 4968/2146/983
f 5032/2147/984 4968/2146/983 4969/2139/976
f 4969/2139/976 4973/2148/985 4974/2149/986
f 4970/2140/977 4974/2149/986 4975/2150/987
f 4967/2143/980 4971/2151/988 4972/2152/989
f 4996/2144/981 4970/2140/977 4975/2150/987
f 4968/2146/983 4972/2152/989 4973/2148/985
f 4972/2152/989 4976/2153/990 4977/2154/991
f 4996/2144/981 4975/2150/987 4980/2155/992
f 4973/2148/985 4977/2154/991 4978/2156/993
f 4974/2149/986 4978/2156/993 4979/2157/994
f 4975/2150/987 4979/2157/994 4980/2155/992
f 4980/2155/992 4984/2158/995 4985/2159/996
f 4977/2154/991 4981/2160/997 4982/2161/998
f 4996/2144/981 4980/2155/992 4985/2159/996
f 4978/2156/993 4982/2161/998 4983/2162/999
f 4979/2157/994 4983/2162/999 4984/2158/995
f 4983/2162/999 4987/2163/1000 4988/2164/1001
f 4984/2158/995 4988/2164/1001 4989/2165/1002
f 4985/2159/996 4989/2165/1002 4990/2166/1003
f 4982/2161/998 4986/2167/1004 4987/2163/1000
f 4996/2144/981 4985/2159/996 4990/2166/1003
f 4987/2163/1000 4991/2168/1005 4992/2169/1006
f 4996/2144/981 4990/2166/1003 4995/2170/1007
f 4988/2164/1001 4992/2169/1006 4993/2171/1008
f 4989/2165/1002 4993/2171/1008 4994/2172/1009
f 4990/2166/1003 4994/2172/1009 4995/2170/1007
f 5092/2173/1010 5002/2174/1011 5003/2175/1012
f 5091/2176/1013 5001/2177/1014 5002/2174/1011
f 5093/2178/1015 5003/2175/1012 5004/2179/1016
f 4998/2180/1017 4999/2181/1018 5000/2182/1019
f 4991/2168/1005 5034/2183/1020 4992/2169/1006
f 4992/2169/1006 5035/2184/1021 4993/2171/1008
f 5093/2178/1015 5005/2185/1022 5094/2186/1023
f 4993/2171/1008 5036/2187/1024 4994/2172/1009
f 4994/2172/1009 5037/2188/1025 4995/2170/1007
f 4995/2170/1007 5078/2189/1026 4996/2144/981
f 5005/2185/1022 5078/2189/1026 5094/2186/1023
f 5003/2175/1012 5009/2190/1027 5004/2179/1016
f 5004/2179/1016 5010/2191/1028 5005/2185/1022
f 5001/2177/1014 5007/2192/1029 5002/2174/1011
f 4996/2144/981 5005/2185/1022 5010/2191/1028
f 5002/2174/1011 5008/2193/1030 5003/2175/1012
f 5006/2194/1031 5012/2195/1032 5007/2192/1029
f 4996/2144/981 5010/2191/1028 5015/2196/1033
f 5007/2192/1029 5013/2197/1034 5008/2193/1030
f 5008/2193/1030 5014/2198/1035 5009/2190/1027
f 5009/2190/1027 5015/2196/1033 5010/2191/1028
f 5014/2198/1035 5020/2199/1036 5015/2196/1033
f 5011/2200/1037 5017/2201/1038 5012/2195/1032
f 4996/2144/981 5015/2196/1033 5020/2199/1036
f 5012/2195/1032 5018/2202/1039 5013/2197/1034
f 5013/2197/1034 5019/2203/1040 5014/2198/1035
f 5017/2201/1038 5023/2204/1041 5018/2202/1039
f 5018/2202/1039 5024/2205/1042 5019/2203/1040
f 5019/2203/1040 5025/2206/1043 5020/2199/1036
f 5016/2207/1044 5022/2208/1045 5017/2201/1038
f 4996/2144/981 5020/2199/1036 5025/2206/1043
f 5021/2209/1046 5027/2210/1047 5022/2208/1045
f 4996/2144/981 5025/2206/1043 5030/2211/1048
f 5022/2208/1045 5028/2212/1049 5023/2204/1041
f 5023/2204/1041 5029/2213/1050 5024/2205/1042
f 5024/2205/1042 5030/2211/1048 5025/2206/1043
f 5028/2212/1049 5032/2147/984 5029/2213/1050
f 5029/2213/1050 4965/2138/975 5030/2211/1048
f 5026/2214/1051 4964/2141/978 5027/2210/1047
f 4996/2144/981 5030/2211/1048 4965/2138/975
f 5027/2210/1047 5031/2145/982 5028/2212/1049
f 5035/2184/1021 5041/2215/1052 5036/2187/1024
f 5036/2187/1024 5042/2216/1053 5037/2188/1025
f 5033/2217/1054 5039/2218/1055 5034/2183/1020
f 5078/2189/1026 5037/2188/1025 5042/2216/1053
f 5034/2183/1020 5040/2219/1056 5035/2184/1021
f 5039/2218/1055 5045/2220/1057 5040/2219/1056
f 5040/2219/1056 5046/2221/1058 5041/2215/1052
f 5041/2215/1052 5047/2222/1059 5042/2216/1053
f 5038/2223/1060 5044/2224/1061 5039/2218/1055
f 5078/2189/1026 5042/2216/1053 5047/2222/1059
f 5046/2221/1058 5052/2225/1062 5047/2222/1059
f 5043/2226/1063 5049/2227/1064 5044/2224/1061
f 5078/2189/1026 5047/2222/1059 5052/2225/1062
f 5044/2224/1061 5050/2228/1065 5045/2220/1057
f 5045/2220/1057 5051/2229/1066 5046/2221/1058
f 5050/2228/1065 5056/2230/1067 5051/2229/1066
f 5051/2229/1066 5057/2231/1068 5052/2225/1062
f 5048/2232/1069 5054/2233/1070 5049/2227/1064
f 5078/2189/1026 5052/2225/1062 5057/2231/1068
f 5049/2227/1064 5055/2234/1071 5050/2228/1065
f 5078/2189/1026 5057/2231/1068 5062/2235/1072
f 5054/2233/1070 5060/2236/1073 5055/2234/1071
f 5055/2234/1071 5061/2237/1074 5056/2230/1067
f 5056/2230/1067 5062/2235/1072 5057/2231/1068
f 5053/2238/1075 5059/2239/1076 5054/2233/1070
f 5061/2237/1074 5067/2240/1077 5062/2235/1072
f 5058/2241/1078 5064/2242/1079 5059/2239/1076
f 5078/2189/1026 5062/2235/1072 5067/2240/1077
f 5059/2239/1076 5065/2243/1080 5060/2236/1073
f 5060/2236/1073 5066/2244/1081 5061/2237/1074
f 5066/2244/1081 5070/2245/1082 5071/2246/1083
f 5067/2240/1077 5071/2246/1083 5072/2247/1084
f 5064/2242/1079 5068/2248/1085 5069/2249/1086
f 5078/2189/1026 5067/2240/1077 5072/2247/1084
f 5065/2243/1080 5069/2249/1086 5070/2245/1082
f 5078/2189/1026 5072/2247/1084 5077/2250/1087
f 5070/2245/1082 5074/2251/1088 5075/2252/1089
f 5071/2246/1083 5075/2252/1089 5076/2253/1090
f 5072/2247/1084 5076/2253/1090 5077/2250/1087
f 5069/2249/1086 5073/2254/1091 5074/2251/1088
f 5077/2250/1087 5080/2255/1092 5081/2256/1093
f 5074/2251/1088 5079/2257/1094 4997/2258/1095
f 5078/2189/1026 5077/2250/1087 5081/2256/1093
f 5075/2252/1089 4997/2258/1095 4998/2180/1017
f 5076/2253/1090 4998/2180/1017 5080/2255/1092
f 5080/2255/1092 5000/2182/1019 5083/2259/1096
f 5081/2256/1093 5083/2259/1096 5084/2260/1097
f 4997/2258/1095 5082/2261/1098 4999/2181/1018
f 5078/2189/1026 5081/2256/1093 5084/2260/1097
f 5078/2189/1026 5084/2260/1097 5089/2262/1099
f 5000/2182/1019 5086/2263/1100 5087/2264/1101
f 5083/2259/1096 5087/2264/1101 5088/2265/1102
f 5084/2260/1097 5088/2265/1102 5089/2262/1099
f 4999/2181/1018 5085/2266/1103 5086/2263/1100
f 5089/2262/1099 5093/2178/1015 5094/2186/1023
f 5086/2263/1100 5090/2267/1104 5091/2176/1013
f 5078/2189/1026 5089/2262/1099 5094/2186/1023
f 5087/2264/1101 5091/2176/1013 5092/2173/1010
f 5088/2265/1102 5092/2173/1010 5093/2178/1015
s 33
f 91/58/15 89/61/1105 88/59/16
s 34
f 89/61/18 87/2279/18 86/62/18
s 35
f 92/63/19 93/67/1106 83/64/20
s 36
f 88/59/22 86/72/22 92/63/22
s 37
f 85/66/23 83/64/23 93/67/23
s 38
f 91/68/24 93/67/24 87/69/24
s 39
f 90/60/25 92/63/25 82/65/25
s 40
f 86/72/26 87/69/1107 93/67/27
s 41
f 85/73/29 91/58/1108 90/60/30
s 42
f 95/74/32 97/77/32 96/75/32
s 45
f 99/80/13 98/2280/13 94/76/13
s 46
f 102/81/35 103/85/35 101/82/35
s 49
f 102/81/5 100/83/5 104/87/5
s 50
f 95/89/38 101/82/38 103/85/38
s 51
f 99/91/1 105/88/1 104/87/1
s 52
f 97/90/39 103/85/1109 105/84/40
s 53
f 95/89/41 98/2281/42 104/86/42
s 61
f 123/118/3 125/121/3 124/119/3
s 62
f 125/121/7 129/124/7 128/122/7
s 63
f 129/124/1 127/127/1 126/125/1
s 64
f 127/127/4 123/118/4 122/128/4
s 65
f 125/121/5 123/118/5 127/127/5
s 66
f 131/130/3 133/133/3 132/131/3
s 67
f 133/133/7 137/135/7 136/134/7
s 68
f 137/135/1 135/137/1 134/136/1
s 69
f 135/137/4 131/2286/4 130/138/4
s 70
f 136/134/13 134/136/13 130/139/13
s 71
f 133/141/5 131/2287/5 135/137/5
s 72
f 139/142/3 141/145/3 140/143/3
s 73
f 141/145/7 145/2288/7 144/146/7
s 74
f 145/147/1 143/154/1 142/148/1
s 75
f 143/150/4 139/142/4 138/144/4
s 76
f 144/149/13 142/148/13 138/152/13
s 77
f 141/145/5 139/142/5 143/154/5
s 78
f 147/155/3 149/165/3 148/156/3
s 79
f 153/158/44 152/162/44 156/159/44
s 80
f 153/158/1 151/166/1 150/161/1
s 81
f 152/162/13 150/161/13 146/163/13
s 82
f 149/165/5 147/155/5 151/166/5
s 83
f 156/159/1 164/174/1 165/167/1
s 84
f 152/162/45 148/164/45 155/168/45
s 85
f 153/158/46 157/160/46 154/169/46
s 86
f 149/165/47 154/169/47 155/170/47
s 87
f 161/171/13 169/182/13 166/172/13
s 88
f 155/168/13 163/179/13 164/174/13
s 89
f 157/160/5 165/167/5 162/175/5
s 90
f 154/169/3 162/175/3 163/176/3
s 91
f 158/177/7 159/191/7 163/176/7
f 160/178/7 164/174/7 163/179/7
f 161/181/7 158/177/7 162/175/7
f 161/181/7 165/167/7 164/174/7
s 92
f 169/182/48 173/190/48 170/183/48
s 93
f 158/173/1 166/172/1 167/184/1
s 94
f 160/186/3 168/187/3 169/182/3
s 95
f 159/185/5 167/184/5 168/187/5
s 96
f 170/183/7 173/190/7 172/188/7
s 97
f 167/184/49 166/172/49 170/183/49
s 98
f 168/187/50 172/188/50 173/190/50
s 99
f 167/184/51 171/189/51 172/188/51
s 100
f 176/143/3 177/145/3 175/142/3
s 101
f 180/146/4 181/2288/4 177/145/4
s 102
f 178/148/1 179/154/1 181/147/1
s 103
f 174/144/7 175/142/7 179/150/7
s 104
f 174/152/13 178/148/13 180/149/13
s 105
f 179/154/5 175/142/5 177/145/5
s 106
f 184/156/3 185/165/3 183/155/3
s 107
f 189/158/52 193/160/52 192/159/52
s 108
f 186/161/1 187/166/1 189/158/1
s 109
f 182/163/13 186/161/13 188/162/13
s 110
f 187/166/5 183/155/5 185/165/5
s 111
f 201/167/1 200/174/1 192/159/1
s 112
f 188/162/53 192/159/53 191/168/53
s 113
f 190/169/54 193/160/54 189/158/54
s 114
f 191/170/55 190/169/55 185/165/55
s 115
f 202/172/13 205/182/13 197/171/13
s 116
f 200/174/13 199/179/13 191/168/13
s 117
f 198/175/5 201/167/5 193/160/5
s 118
f 199/176/3 198/175/3 190/169/3
s 119
f 198/175/4 199/176/4 195/191/4
f 199/179/4 200/174/4 196/178/4
f 197/181/4 201/167/4 198/175/4
f 200/174/4 201/167/4 197/181/4
s 120
f 202/172/56 206/183/56 209/190/56
s 121
f 203/184/1 202/172/1 194/173/1
s 122
f 205/182/3 204/187/3 196/186/3
s 123
f 204/187/5 203/184/5 195/185/5
s 124
f 208/188/4 209/190/4 206/183/4
s 125
f 203/184/57 207/189/57 206/183/57
s 126
f 209/190/58 208/188/58 204/187/58
s 127
f 208/188/59 207/189/59 203/184/59
s 144
f 239/227/66 241/230/66 240/228/66
s 145
f 241/230/67 245/232/67 244/231/67
s 146
f 245/232/68 243/2292/68 242/233/68
s 147
f 240/228/13 244/231/13 242/234/13
s 148
f 241/230/5 239/2293/5 243/236/5
s 149
f 248/228/69 249/230/69 247/227/69
s 150
f 252/231/70 253/232/70 249/230/70
s 151
f 250/233/71 251/2292/71 253/232/71
s 152
f 248/228/13 246/235/13 250/234/13
s 153
f 251/236/5 247/2293/5 249/230/5
s 154
f 262/237/72 265/2294/72 257/238/72
s 155
f 257/240/7 261/255/7 260/241/7
s 156
f 266/243/73 269/2295/73 259/244/73
s 157
f 258/246/4 259/253/4 255/247/4
s 158
f 266/249/74 258/2296/75 254/250/75
s 159
f 264/252/76 255/247/77 259/253/77
s 160
f 261/255/78 257/240/78 265/256/79
s 161
f 265/256/80 264/252/80 269/254/80
s 158
f 260/258/75 267/259/74 262/237/74
f 267/259/74 266/249/74 263/251/74
s 156
f 261/260/73 268/263/73 267/261/73
f 268/263/73 269/2295/73 266/243/73
s 154
f 255/264/72 264/265/72 263/251/72
f 264/265/72 265/2294/72 262/237/72
s 162
f 341/266/5 332/277/5 333/267/5
s 163
f 306/269/4 308/291/4 322/270/4
s 164
f 294/272/13 312/282/13 310/273/13
s 0
f 325/271/4 344/284/4 331/269/4
f 346/275/4 303/275/4 321/276/4
s 162
f 332/277/5 341/266/5 316/278/5
s 167
f 311/273/4 317/278/4 289/280/81
s 168
f 315/279/1 278/278/1 275/273/1
s 164
f 351/287/13 348/286/13 349/289/13
s 173
f 318/288/7 280/276/7 279/275/7
s 162
f 338/292/5 273/315/5 271/293/5
s 164
f 349/289/13 352/310/13 274/296/13
s 167
f 289/280/81 340/298/88 336/297/87
f 340/298/88 339/300/89 300/299/89
f 339/300/89 290/302/90 301/301/90
f 290/302/90 288/269/91 343/284/91
s 174
f 327/276/92 335/304/93 296/303/93
f 335/304/93 334/306/94 297/305/94
f 334/306/94 285/308/95 295/307/95
f 285/308/95 283/2297/96 353/309/96
f 353/309/96 283/2297/96 277/279/7
s 164
f 352/310/13 294/272/13 298/274/13
f 351/287/13 299/2298/13 323/311/13
s 162
f 292/268/5 333/267/5 286/312/5
f 286/312/5 287/314/5 338/292/5
s 175
f 355/317/98 357/2299/98 356/318/98
s 176
f 357/320/99 361/323/99 360/321/99
s 177
f 361/323/100 359/325/100 358/324/100
s 178
f 359/325/101 355/317/101 354/319/101
s 179
f 363/326/102 365/2300/102 364/327/102
s 180
f 365/329/103 369/332/103 368/330/103
s 181
f 369/332/104 367/334/104 366/333/104
s 182
f 367/334/105 363/326/105 362/328/105
s 183
f 372/318/106 373/2299/106 371/317/106
s 184
f 376/321/107 377/323/107 373/320/107
s 185
f 374/324/108 375/325/108 377/323/108
s 186
f 370/319/109 371/317/109 375/325/109
s 187
f 380/327/110 381/2300/110 379/326/110
s 188
f 384/330/111 385/332/111 381/329/111
s 189
f 382/333/112 383/334/112 385/332/112
s 190
f 378/328/113 379/326/113 383/334/113
s 191
f 388/318/108 389/2299/108 387/317/108
s 192
f 392/321/109 393/323/109 389/320/109
s 193
f 390/324/106 391/325/106 393/323/106
s 194
f 386/319/107 387/317/107 391/325/107
s 195
f 396/327/112 397/2300/112 395/326/112
s 196
f 400/330/113 401/332/113 397/329/113
s 197
f 398/333/110 399/334/110 401/332/110
s 198
f 394/328/111 395/326/111 399/334/111
s 199
f 403/317/100 405/2299/100 404/318/100
s 200
f 405/320/101 409/323/101 408/321/101
s 201
f 409/323/98 407/325/98 406/324/98
s 202
f 407/325/99 403/317/99 402/319/99
s 203
f 411/326/104 413/2300/104 412/327/104
s 204
f 413/329/105 417/332/105 416/330/105
s 205
f 417/332/102 415/334/102 414/333/102
s 206
f 415/334/103 411/326/103 410/328/103
s 207
f 536/335/7 539/347/7 541/336/7
s 208
f 542/338/1 543/341/1 545/339/1
s 209
f 544/341/4 534/346/4 533/342/4
s 210
f 469/341/5 474/338/5 532/376/5
f 532/376/5 505/378/5 506/2301/5
f 469/341/5 532/376/5 506/2301/5
f 500/2302/5 571/349/114 546/351/5
f 502/2303/5 500/2302/5 546/351/5
f 469/341/5 506/2301/5 515/2304/5
f 469/341/5 515/2304/5 516/2305/5
f 510/2306/5 502/2303/5 546/351/5
f 511/2307/5 510/2306/5 546/351/5
f 469/341/5 516/2305/5 517/2308/5
f 469/341/5 517/2308/5 518/2309/5
f 512/2310/5 511/2307/5 546/351/5
f 514/2311/5 512/2310/5 546/351/5
f 469/341/5 518/2309/5 519/2312/5
f 469/341/5 519/2312/5 592/2313/5
f 514/2311/5 546/351/5 535/346/5
f 513/2314/5 514/2311/5 535/346/5
f 535/346/5 469/341/5 592/2313/5
f 535/346/5 592/2313/5 521/2315/5
f 524/2316/5 513/2314/5 535/346/5
f 523/345/5 524/2316/5 535/346/5
f 535/346/5 521/2315/5 522/344/5
s 208
f 540/347/1 542/338/1 473/340/1
s 210
f 571/349/114 570/2317/4 498/350/86
f 471/347/5 537/335/5 475/356/5
s 211
f 472/351/3 526/480/3 464/358/3
s 212
f 565/359/115 430/2318/115 597/360/115
s 213
f 567/362/116 525/2319/116 453/363/116
s 214
f 572/365/117 452/2320/117 530/366/117
s 215
f 497/368/118 528/2321/118 429/369/118
s 210
f 496/372/5 529/353/5 495/371/5
f 527/374/5 496/372/5 509/373/5
f 532/376/5 531/379/5 507/377/5
f 531/379/5 527/374/5 508/375/5
s 216
f 419/383/119 418/424/4 547/384/4
s 217
f 446/386/120 447/397/1 585/387/1
f 455/389/121 456/438/122 579/390/122
s 216
f 435/392/3 434/408/123 557/393/123
s 217
f 451/395/124 452/2320/119 572/365/119
f 447/397/1 448/399/125 584/398/125
f 448/399/125 449/416/126 583/400/126
f 453/363/127 454/418/128 581/401/128
f 441/402/7 442/452/129 593/403/129
s 216
f 428/405/130 427/419/131 575/406/131
f 434/408/123 433/455/132 562/409/132
f 424/410/1 423/463/125 558/411/125
f 440/413/127 439/444/128 550/414/128
s 217
f 449/416/126 450/467/133 582/417/133
f 454/418/128 455/389/121 580/391/121
s 216
f 427/419/131 426/428/134 576/420/134
s 217
f 458/421/3 459/464/123 587/422/123
s 216
f 418/424/4 440/413/127 548/415/127
s 217
f 444/425/131 445/443/134 596/426/134
s 216
f 426/428/134 425/433/120 561/429/120
f 438/430/121 437/450/122 556/431/122
f 425/433/120 424/410/1 560/412/1
f 431/434/135 430/2318/136 565/359/136
s 217
f 443/436/137 444/425/131 595/427/131
f 456/438/122 457/465/138 578/439/138
s 216
f 420/441/124 419/383/119 549/385/119
s 217
f 445/443/134 446/386/120 586/388/120
s 216
f 439/444/128 438/430/121 552/432/121
s 217
f 462/445/135 463/453/136 591/446/136
f 461/448/139 462/445/135 590/447/135
s 216
f 437/450/122 436/454/138 554/451/138
s 217
f 442/452/129 443/436/137 594/437/137
f 463/453/136 441/402/7 520/404/7
s 216
f 436/454/138 435/392/3 555/394/3
f 433/455/132 432/462/139 563/456/139
s 217
f 460/457/132 461/448/139 589/449/139
s 216
f 422/459/126 421/466/133 553/460/133
f 432/462/139 431/434/135 564/435/135
f 423/463/125 422/459/126 559/461/126
s 217
f 459/464/123 460/457/132 588/458/132
f 457/465/138 458/421/3 577/423/3
s 216
f 429/369/129 428/405/130 573/407/130
f 421/466/133 420/441/124 551/442/124
s 217
f 450/467/133 451/395/124 574/396/124
s 210
f 537/335/5 546/351/5 488/474/5
s 211
f 467/335/3 466/2322/3 526/480/3
s 210
f 492/468/5 496/372/5 527/374/5
f 491/481/5 527/374/5 531/379/5
f 490/482/5 531/379/5 532/376/5
s 235
f 805/577/5 1067/735/5 1066/578/5
s 236
f 1059/580/13 1060/724/13 898/581/13
f 1046/583/13 912/711/13 913/584/13
s 235
f 831/586/5 1080/731/5 1079/587/5
s 236
f 1058/589/13 1059/580/13 899/582/13
s 235
f 811/591/5 813/727/5 1071/592/5
s 236
f 1045/585/13 913/584/13 1092/594/13
f 1058/589/13 900/590/13 1105/596/13
s 235
f 837/598/5 839/722/5 1084/599/5
f 819/601/5 821/720/5 1075/602/5
s 236
f 1043/604/13 1044/595/13 1092/594/13
s 235
f 803/579/5 1066/578/5 1064/606/5
s 236
f 1057/597/13 1105/596/13 1104/608/13
f 1042/610/13 1043/604/13 1091/605/13
s 235
f 799/612/5 1065/749/5 1087/613/5
f 829/588/5 1079/587/5 1078/615/5
s 236
f 1056/609/13 1104/608/13 1103/617/13
s 235
f 811/591/5 1070/593/5 1069/619/5
s 236
f 1040/621/13 1042/610/13 1090/611/13
f 1055/618/13 1103/617/13 1102/623/13
s 235
f 835/625/5 837/598/5 1083/600/5
f 817/627/5 819/601/5 1074/603/5
f 803/579/5 801/607/5 799/612/5
f 799/612/5 845/614/5 843/748/5
f 843/748/5 841/739/5 839/722/5
f 839/722/5 837/598/5 835/625/5
f 835/625/5 833/730/5 831/586/5
f 831/586/5 829/588/5 827/616/5
f 827/616/5 825/747/5 823/737/5
f 823/737/5 821/720/5 819/601/5
f 819/601/5 817/627/5 815/743/5
f 815/743/5 813/727/5 811/591/5
f 811/591/5 809/620/5 807/746/5
f 807/746/5 805/577/5 803/579/5
f 803/579/5 799/612/5 843/748/5
f 843/748/5 839/722/5 835/625/5
f 835/625/5 831/586/5 827/616/5
f 827/616/5 823/737/5 819/601/5
f 819/601/5 815/743/5 811/591/5
f 811/591/5 807/746/5 803/579/5
f 803/579/5 843/748/5 835/625/5
f 835/625/5 827/616/5 819/601/5
f 819/601/5 811/591/5 803/579/5
s 236
f 1041/629/13 1040/621/13 1088/622/13
f 1054/624/13 1102/623/13 1101/631/13
s 237
f 1160/633/129 1163/681/137 919/634/178
s 238
f 1134/636/129 962/860/129 1038/637/7
s 237
f 1203/639/135 1205/682/136 940/640/180
f 1201/642/139 1203/639/135 939/641/181
f 1007/644/132 1201/642/139 938/643/182
f 1005/646/123 1007/644/132 937/645/183
f 1195/648/3 1005/646/123 936/647/184
f 1193/650/138 1195/648/3 935/649/185
f 999/652/122 1193/2367/138 934/653/186
f 997/655/121 999/652/122 933/654/187
f 1187/657/128 997/655/121 932/656/188
f 1185/659/127 1187/657/128 931/658/189
f 991/661/4 1185/659/127 930/660/190
f 1181/663/119 991/661/4 929/662/191
f 1179/665/124 1181/663/119 928/664/192
f 1177/667/133 1179/665/124 927/666/193
f 1175/669/126 1177/667/133 926/668/194
f 981/671/125 1175/669/126 925/670/195
f 1171/673/1 981/671/125 924/672/196
f 1169/675/120 1171/673/1 923/674/197
f 1167/677/134 1169/675/120 922/676/198
f 973/679/131 1167/677/134 921/678/199
f 1163/681/137 973/679/131 920/680/200
f 1205/682/136 1161/800/7 941/683/201
s 239
f 871/684/7 870/686/129 1111/685/129
f 870/686/129 873/688/137 1110/687/137
f 873/688/137 874/690/131 1109/689/131
f 874/690/131 1068/691/134 1108/581/134
f 1068/691/134 876/692/120 1107/582/120
f 876/692/120 877/693/1 1106/590/1
f 877/693/1 878/694/125 901/596/125
f 878/694/125 1072/695/126 902/608/126
f 1072/695/126 880/696/133 903/617/133
f 880/696/133 881/697/124 904/623/124
f 881/697/124 882/698/119 905/631/119
f 882/698/119 1076/700/4 1100/699/4
f 1076/700/4 1077/702/127 1099/701/127
f 1077/702/127 885/704/128 1098/703/128
f 885/704/128 886/706/121 1097/705/121
f 886/706/121 887/708/122 1096/707/122
f 887/708/122 1081/2368/138 1095/709/138
f 1081/710/138 889/713/3 1094/711/3
f 889/713/3 890/714/123 1093/584/123
f 890/714/123 891/715/132 914/594/132
f 891/715/132 1085/716/139 915/605/139
f 1085/716/139 1086/717/135 916/611/135
f 1086/717/135 894/718/136 917/622/136
f 894/718/136 871/684/7 872/630/7
s 236
f 1047/719/13 911/712/13 912/711/13
s 235
f 821/720/5 823/737/5 883/721/5
f 839/722/5 841/739/5 892/723/5
s 236
f 1060/724/13 1061/729/13 897/689/13
f 1048/725/13 910/707/13 911/709/13
s 235
f 813/727/5 815/743/5 879/728/5
s 236
f 1061/729/13 1062/733/13 896/687/13
s 235
f 833/730/5 888/744/5 1080/731/5
s 236
f 1049/732/13 909/705/13 910/707/13
f 1062/733/13 1063/741/13 895/685/13
s 235
f 805/577/5 807/746/5 875/734/5
s 236
f 1050/736/13 908/703/13 909/705/13
s 235
f 823/737/5 825/747/5 884/738/5
f 841/739/5 843/748/5 893/740/5
s 236
f 1041/629/13 1089/630/13 895/685/13
f 1051/742/13 907/701/13 908/703/13
s 235
f 817/627/5 1073/628/5 879/728/5
f 833/730/5 835/625/5 1082/626/5
s 236
f 1052/745/13 906/699/13 907/701/13
s 235
f 809/620/5 1069/619/5 875/734/5
s 236
f 1052/745/13 1053/632/13 1101/631/13
s 235
f 825/747/5 827/616/5 1078/615/5
f 845/614/5 1087/613/5 893/740/5
f 801/607/5 1064/606/5 1065/749/5
s 237
f 941/683/201 918/635/179 800/750/202
f 800/750/202 918/635/179 919/634/178
f 919/634/178 920/680/200 804/753/205
f 804/753/205 920/680/200 921/678/199
f 806/754/206 921/678/199 922/676/198
f 922/676/198 923/674/197 810/756/208
f 810/756/208 923/674/197 924/672/196
f 924/672/196 925/670/195 814/758/210
f 925/670/195 926/668/194 816/759/211
f 926/668/194 927/666/193 818/760/212
f 927/666/193 928/664/192 820/761/213
f 820/761/213 928/664/192 929/662/191
f 929/662/191 930/660/190 824/763/215
f 824/763/215 930/660/190 931/658/189
f 931/658/189 932/656/188 828/765/217
f 932/656/188 933/654/187 830/766/218
f 933/654/187 934/653/186 832/767/219
f 934/651/186 935/649/185 834/768/220
f 935/649/185 936/647/184 836/770/221
f 936/647/184 937/645/183 838/771/222
f 838/771/222 937/645/183 938/643/182
f 938/643/182 939/641/181 842/773/224
f 939/641/181 940/640/180 844/774/225
f 844/774/225 940/640/180 941/683/201
s 240
f 869/621/136 846/629/7 1158/775/7
f 847/741/129 848/733/137 1162/777/137
f 848/733/137 849/729/131 1164/779/131
f 849/729/131 850/724/134 1166/780/134
f 850/724/134 851/580/120 1168/781/120
f 851/580/120 852/589/1 1170/782/1
f 852/589/1 853/597/125 1172/783/125
f 853/597/125 854/609/126 982/784/126
f 854/609/126 855/618/133 1176/785/133
f 855/618/133 856/624/124 1178/786/124
f 856/624/124 857/632/119 988/787/119
f 857/632/119 858/745/4 990/788/4
f 858/745/4 859/742/127 1184/789/127
f 859/742/127 860/736/128 1186/790/128
f 860/736/128 861/732/121 1188/791/121
f 861/732/121 862/725/122 1190/792/122
f 862/725/122 863/726/138 1000/793/138
f 863/719/138 864/583/3 1194/794/3
f 864/583/3 865/585/123 1196/796/123
f 865/585/123 866/595/132 1006/797/132
f 866/595/132 867/604/139 1008/798/139
f 867/604/139 868/610/135 1202/799/135
f 868/610/135 869/621/136 1204/776/136
s 237
f 1161/800/7 1160/633/129 918/635/179
s 241
f 1183/801/13 1146/832/13 1017/802/13
f 975/804/13 1165/833/13 1155/805/13
s 242
f 1192/807/5 1002/883/5 1026/808/5
f 1174/810/5 984/881/5 947/811/5
s 241
f 1191/813/13 1142/841/13 1025/814/13
f 983/816/13 1173/842/13 1151/817/13
s 242
f 1010/819/5 1034/871/5 1114/820/5
f 1182/822/5 992/876/5 1016/823/5
f 974/825/5 957/861/5 1132/826/5
s 241
f 1199/828/13 1138/851/13 1033/829/13
f 1183/801/13 989/852/13 1147/831/13
f 1165/833/13 971/855/13 1156/834/13
s 242
f 998/835/5 1192/2369/5 1118/836/5
f 1174/810/5 1127/812/5 1128/838/5
s 241
f 1191/813/13 1189/896/13 1143/840/13
f 1173/842/13 979/895/13 1152/843/13
s 242
f 1198/844/5 1200/821/5 1114/820/5
f 1182/822/5 1123/824/5 1124/846/5
f 972/827/5 1132/826/5 1133/848/5
s 241
f 1199/828/13 1197/892/13 1139/850/13
f 989/852/13 987/891/13 1148/853/13
f 969/854/13 1157/860/13 1156/834/13
s 242
f 998/835/5 1119/837/5 1120/856/5
f 980/839/5 1128/838/5 1129/858/5
s 240
f 846/629/7 847/741/129 1159/778/129
s 238
f 961/848/137 960/834/137 962/860/129
f 959/826/131 958/805/131 960/834/137
f 1131/861/134 1154/806/134 958/805/131
f 1130/862/120 1153/863/120 1154/806/134
f 953/858/1 952/843/1 1153/863/120
f 951/838/125 950/817/125 952/843/1
f 949/812/126 1150/818/126 950/817/125
f 1126/811/133 1149/865/133 1150/818/126
f 1125/864/124 944/853/124 1149/865/133
f 943/846/119 942/831/119 944/853/124
f 1014/824/4 1015/832/4 942/831/119
f 1122/823/127 1145/802/127 1015/832/4
f 1121/866/128 1144/867/128 1145/802/127
f 1020/856/121 1021/840/121 1144/867/128
f 1022/837/122 1023/841/122 1021/840/121
f 1024/836/138 1141/814/138 1023/841/122
f 1117/808/3 1140/870/3 1141/868/138
f 1116/869/123 1029/850/123 1140/870/3
f 1030/845/132 1031/851/132 1029/850/123
f 1032/820/139 1137/829/139 1031/851/132
f 1112/871/135 1136/873/135 1137/829/139
f 1113/872/136 1039/874/136 1136/873/135
f 1135/638/7 1038/637/7 1039/874/136
s 241
f 1011/875/13 1009/830/13 1033/829/13
s 242
f 974/825/5 976/887/5 955/862/5
f 992/876/5 994/888/5 1018/866/5
f 1010/819/5 1012/889/5 1036/872/5
s 241
f 983/816/13 948/818/13 946/865/13
f 1001/878/13 1025/868/13 1027/870/13
s 242
f 967/880/5 968/893/5 963/636/5
f 984/881/5 986/894/5 945/864/5
f 1004/882/5 1028/869/5 1026/808/5
s 241
f 975/804/13 956/806/13 954/863/13
f 993/803/13 1017/802/13 1019/867/13
f 1011/875/13 1035/873/13 1037/874/13
s 242
f 976/887/5 978/859/5 1129/858/5
f 994/888/5 996/857/5 1120/856/5
f 1012/889/5 967/880/5 964/638/5
s 241
f 966/890/13 965/637/13 1157/860/13
f 985/877/13 946/865/13 1148/853/13
f 1197/892/13 1003/879/13 1027/870/13
f 1013/886/13 1037/874/13 965/637/13
s 242
f 968/893/5 970/849/5 1133/848/5
f 1180/847/5 1124/846/5 945/864/5
f 1198/844/5 1115/845/5 1028/869/5
s 241
f 977/884/13 954/863/13 1152/843/13
f 995/885/13 1019/867/13 1143/840/13
s 243
f 1207/897/7 1209/900/129 1208/898/226
f 1209/900/129 1211/902/130 1210/901/228
f 1211/902/130 1213/904/131 1212/903/229
f 1213/904/131 1215/906/134 1214/905/230
f 1215/906/134 1217/908/120 1216/907/231
f 1217/908/120 1219/910/1 1218/909/232
f 1219/910/1 1221/912/125 1220/911/233
f 1221/912/125 1223/914/126 1222/913/234
f 1223/914/126 1225/916/133 1224/915/235
f 1225/916/133 1227/918/124 1226/917/236
f 1227/918/124 1229/920/119 1228/919/237
f 1229/920/119 1231/922/4 1230/921/238
f 1231/922/4 1233/924/127 1232/923/239
f 1233/924/127 1235/926/128 1234/925/240
f 1235/926/128 1237/928/121 1236/927/241
f 1237/928/121 1239/930/122 1238/929/242
f 1239/930/122 1241/932/138 1240/931/243
f 1241/932/138 1243/934/3 1242/933/244
f 1243/934/3 1245/936/123 1244/935/245
f 1245/936/123 1247/938/132 1246/937/246
f 1247/938/132 1249/940/139 1248/939/247
f 1249/940/139 1251/942/249 1250/941/248
f 1251/942/249 1253/944/251 1252/943/250
f 1253/944/251 1207/2370/7 1206/945/227
f 1216/907/231 1283/967/270 1258/946/252
s 244
f 1301/949/13 1278/2371/13 1279/2372/13
f 1279/2372/13 1280/2373/13 1281/2374/13
f 1281/2374/13 1282/2375/13 1259/2376/13
f 1259/2376/13 1284/2377/13 1285/947/13
f 1285/947/13 1286/2378/13 1287/2379/13
f 1287/2379/13 1288/2380/13 1289/2381/13
f 1289/2381/13 1290/2382/13 1291/2383/13
f 1291/2383/13 1292/2384/13 1293/948/13
f 1293/948/13 1294/2385/13 1295/2386/13
f 1295/2386/13 1296/2387/13 1297/2388/13
f 1297/2388/13 1298/2389/13 1299/2390/13
f 1299/2390/13 1300/2391/13 1301/949/13
f 1301/949/13 1279/2372/13 1281/2374/13
f 1281/2374/13 1259/2376/13 1285/947/13
f 1285/947/13 1287/2379/13 1289/2381/13
f 1289/2381/13 1291/2383/13 1293/948/13
f 1293/948/13 1295/2386/13 1297/2388/13
f 1297/2388/13 1299/2390/13 1301/949/13
f 1301/949/13 1281/2374/13 1285/947/13
f 1285/947/13 1289/2381/13 1293/948/13
f 1293/948/13 1297/2388/13 1301/949/13
s 243
f 1224/915/235 1226/917/236 1264/950/253
f 1236/927/241 1269/968/271 1268/952/255
f 1244/935/245 1246/937/246 1274/953/256
f 1212/903/229 1257/969/272 1256/955/258
f 1220/911/233 1222/913/234 1262/956/259
f 1206/899/227 1208/898/226 1255/958/261
f 1230/921/238 1232/923/239 1267/960/263
f 1240/931/243 1242/933/244 1272/962/265
f 1250/941/248 1252/943/250 1277/964/267
f 1216/907/231 1218/909/232 1260/966/269
f 1228/919/237 1265/970/273 1264/950/253
f 1238/929/242 1270/971/274 1269/968/271
f 1248/939/247 1275/972/275 1274/953/256
f 1212/903/229 1214/905/230 1258/946/252
f 1222/913/234 1224/915/235 1263/951/254
f 1232/923/239 1234/925/240 1268/952/255
f 1244/935/245 1273/954/257 1272/962/265
f 1206/945/227 1254/2392/262 1277/964/267
f 1210/901/228 1256/955/258 1255/958/261
f 1220/911/233 1261/957/260 1260/966/269
f 1230/921/238 1266/961/264 1265/970/273
f 1240/931/243 1271/963/266 1270/971/274
f 1250/941/248 1276/965/268 1275/972/275
s 245
f 1668/973/3 1705/976/3 1681/974/3
s 246
f 1400/976/7 1706/978/7 1694/977/7
s 247
f 1403/978/1 1707/1002/1 1670/979/1
s 248
f 1686/980/5 1407/2393/5 1700/981/5
s 250
f 1685/985/4 1404/973/4 1410/975/4
s 251
f 1413/979/277 1673/984/277 1696/987/277
s 252
f 1667/975/278 1680/974/278 1677/988/278
s 250
f 1685/980/4 1692/982/4 1405/990/4
s 253
f 1402/992/1 1408/2394/1 1417/993/1
s 254
f 1690/994/13 1409/2395/13 1702/995/13
s 255
f 1704/997/3 1406/2396/3 1416/998/3
f 1684/986/3 1416/998/3 1699/999/3
s 253
f 1687/983/1 1417/993/1 1701/1000/1
s 250
f 1692/992/4 1688/983/4 1669/979/4
s 256
f 1401/1001/279 1715/1007/279 1672/984/279
s 258
f 1412/977/281 1698/987/281 1679/988/281
s 259
f 1398/997/282 1414/986/282 1675/989/282
s 260
f 1712/1004/13 1714/1010/13 1710/1005/13
s 261
f 1697/987/1 1424/984/1 1423/1007/1
s 262
f 1678/988/7 1422/987/7 1421/1008/7
s 263
f 1425/989/3 1420/988/3 1418/1009/3
s 264
f 1703/996/283 1710/1005/283 1714/1010/283
s 265
f 2222/973/3 2259/976/3 2235/974/3
s 266
f 1954/976/7 2260/978/7 2248/977/7
s 267
f 1957/978/1 2261/1002/1 2224/979/1
s 268
f 2240/980/5 1961/2393/5 2254/981/5
s 270
f 2239/985/4 1958/973/4 1964/975/4
s 271
f 1967/979/277 2227/984/277 2250/987/277
s 272
f 2221/975/278 2234/974/278 2231/988/278
s 270
f 2239/980/4 2246/982/4 1959/990/4
s 273
f 1956/992/1 1962/2394/1 1971/993/1
s 274
f 2244/994/13 1963/2395/13 2256/995/13
s 275
f 2258/997/3 1960/2396/3 1970/998/3
f 2238/986/3 1970/998/3 2253/999/3
s 273
f 2241/983/1 1971/993/1 2255/1000/1
s 270
f 2246/992/4 2242/983/4 2223/979/4
s 276
f 1955/1001/279 2269/1007/279 2226/984/279
s 278
f 1966/977/281 2252/987/281 2233/988/281
s 279
f 1952/997/284 1968/986/284 2229/989/284
s 280
f 2266/1004/13 2268/1010/13 2264/1005/13
s 281
f 2251/987/1 1978/984/1 1977/1007/1
s 282
f 2232/988/7 1976/987/7 1975/1008/7
s 283
f 1979/989/3 1974/988/3 1972/1009/3
s 284
f 2257/996/283 2264/1005/283 2268/1010/283
s 285
f 1619/1011/285 1618/1014/286 1304/1012/286
f 1618/1014/286 1620/1016/287 1306/1015/287
f 1620/1016/287 1621/1018/288 1308/1017/288
f 1621/1018/288 1622/1020/289 1310/1019/289
f 1622/1020/289 1623/1348/290 1312/1021/290
f 1312/1021/290 1623/1348/290 1624/1022/291
f 1624/1022/291 1625/2397/1112 1316/1024/292
f 1316/1024/292 1625/2397/1112 1626/1025/293
f 1626/1025/293 1627/1028/294 1320/1027/294
f 1627/1028/294 1628/1349/295 1322/1029/295
f 1322/1029/295 1628/1349/295 1629/1030/296
f 1324/1031/296 1629/1030/296 1630/1032/297
f 1326/1034/297 1630/1350/297 1631/1035/298
f 1631/1035/298 1632/1038/299 1330/1037/299
f 1632/1038/299 1633/1040/300 1332/1039/300
f 1633/1040/300 1634/1042/301 1334/1041/301
f 1634/1042/301 1635/1044/303 1336/1043/302
f 1635/1044/303 1636/1046/304 1338/1045/304
f 1636/1046/304 1637/2398/305 1340/1047/305
f 1340/1047/305 1637/2398/305 1638/1048/306
f 1342/1049/306 1638/1048/306 1639/1050/307
f 1639/1050/307 1640/1056/308 1346/1052/308
s 286
f 1317/1053/309 1601/1346/309 1840/1054/310
s 285
f 1640/1056/308 1641/1058/311 1348/1057/311
f 1641/1058/311 1619/1011/285 1302/1013/285
s 287
f 1353/1059/312 1645/1072/312 1376/1060/313
s 288
f 1665/1064/13 1642/2399/13 1643/2400/13
f 1643/2400/13 1644/2401/13 1377/2402/13
f 1377/2402/13 1646/2403/13 1647/2404/13
f 1647/2404/13 1648/2405/13 1649/1062/13
f 1649/1062/13 1650/2406/13 1651/2407/13
f 1651/2407/13 1652/2408/13 1653/2409/13
f 1653/2409/13 1654/2410/13 1655/2411/13
f 1655/2411/13 1656/2412/13 1657/1063/13
f 1657/1063/13 1658/2413/13 1659/2414/13
f 1659/2414/13 1660/2415/13 1661/2416/13
f 1661/2416/13 1662/2417/13 1663/2418/13
f 1663/2418/13 1664/2419/13 1665/1064/13
f 1665/1064/13 1643/2400/13 1377/2402/13
f 1377/2402/13 1647/2404/13 1649/1062/13
f 1649/1062/13 1651/2407/13 1653/2409/13
f 1653/2409/13 1655/2411/13 1657/1063/13
f 1657/1063/13 1659/2414/13 1661/2416/13
f 1661/2416/13 1663/2418/13 1665/1064/13
f 1665/1064/13 1377/2402/13 1649/1062/13
f 1649/1062/13 1653/2409/13 1657/1063/13
f 1657/1063/13 1661/2416/13 1665/1064/13
s 287
f 1368/1065/314 1392/1074/314 1391/1066/315
f 1361/1068/317 1385/1076/322 1384/1069/318
f 1354/1071/319 1378/1078/319 1645/1072/312
f 1368/1065/314 1369/1079/320 1393/1073/320
f 1362/1075/321 1386/1082/321 1385/1076/322
f 1355/1077/323 1379/1084/323 1378/1078/319
f 1369/1079/320 1370/1085/324 1394/1080/324
f 1363/1081/325 1387/1088/325 1386/1082/321
f 1356/1083/326 1380/1090/326 1379/1084/323
f 1370/1085/324 1371/1091/330 1395/1086/327
f 1364/1087/328 1388/1094/328 1387/1088/325
f 1356/1083/326 1357/1095/329 1381/1089/329
f 1371/1091/330 1372/1097/331 1396/1092/331
f 1365/1093/332 1389/1103/338 1388/1094/328
f 1357/1095/329 1358/1104/333 1382/1096/333
f 1372/1097/331 1373/1106/334 1397/1098/334
f 1350/1099/335 1351/1107/340 1375/1100/336
f 1366/1102/337 1390/1108/337 1389/1103/338
f 1358/1104/333 1359/1109/339 1383/1105/339
f 1373/1106/334 1350/1099/335 1374/1101/335
f 1351/1107/340 1352/1061/313 1376/1060/313
f 1367/1067/316 1391/1066/315 1390/1108/337
f 1359/1109/339 1360/1070/318 1384/1069/318
s 289
f 1717/1110/341 1720/1113/344 1722/1111/5
s 290
f 1433/1113/342 1721/1120/1 1718/1114/1
s 291
f 1719/1116/13 1430/2420/13 1426/1117/13
s 289
f 1720/1113/344 1717/1110/341 1427/1119/345
f 1434/1112/86 1722/1111/5 1724/1121/5
f 1446/1123/5 1487/1139/5 1495/1124/86
s 290
f 1432/1115/343 1436/1132/346 1437/1111/346
s 291
f 1428/1118/13 1435/1133/13 1723/1126/13
s 290
f 1440/1127/347 1444/1141/348 1445/1128/348
s 291
f 1451/1129/13 1456/1149/13 1462/1130/13
s 290
f 1436/1132/346 1440/1127/347 1441/1121/347
s 291
f 1435/1133/13 1439/1159/13 1725/1134/13
s 289
f 1727/1128/5 1728/1138/5 1446/1123/5
s 291
f 1725/1134/13 1439/1159/13 1443/1136/13
s 289
f 1724/1121/5 1727/1128/5 1442/1135/5
f 1728/1138/5 1730/1144/5 1487/1139/5
s 291
f 1443/1136/13 1451/1129/13 1457/1131/13
s 290
f 1444/1141/348 1448/1143/349 1449/1138/349
s 291
f 1726/1137/13 1443/1136/13 1447/1140/13
s 290
f 1448/1143/349 1489/2421/7 1490/1144/7
s 291
f 1729/1142/13 1447/1140/13 1488/1145/13
s 289
f 1717/1110/341 1455/1157/86 1453/1147/5
s 291
f 1435/1133/13 1428/1118/13 1456/1149/13
s 289
f 1459/1125/86 1495/1124/86 1494/1150/86
s 291
f 1460/1152/13 1493/2422/13 1492/1153/13
s 289
f 1461/1151/86 1494/1150/86 1497/1154/5
s 291
f 1457/1131/13 1462/1130/13 1492/1153/13
f 1426/1117/13 1454/1160/13 1456/1149/13
s 289
f 1434/1112/86 1452/1158/86 1455/1157/86
f 1438/1122/5 1442/1135/5 1452/1158/86
s 291
f 1439/1159/13 1435/1133/13 1451/1129/13
s 289
f 1455/1157/86 1461/1151/86 1458/1155/5
s 291
f 1454/1160/13 1460/1152/13 1462/1130/13
s 289
f 1452/1158/86 1459/1125/86 1461/1151/86
f 1442/1135/5 1446/1123/5 1459/1125/86
s 291
f 1447/1140/13 1457/1131/13 1496/1156/13
s 289
f 1734/1161/341 1471/1170/86 1739/1162/5
s 290
f 1735/1164/3 1738/2423/3 1470/1163/351
s 291
f 1463/1166/13 1467/2424/13 1736/1167/13
s 289
f 1737/1163/350 1468/2423/345 1464/1169/345
f 1471/1170/86 1475/1185/5 1741/1171/5
f 1483/1172/5 1506/1195/86 1495/1124/86
s 290
f 1474/1162/353 1473/1179/353 1469/1165/352
s 291
f 1740/1173/13 1472/1181/13 1465/1168/13
s 290
f 1482/1174/354 1481/1189/354 1477/1175/355
s 291
f 1498/1176/13 1504/1187/13 1509/1177/13
s 290
f 1478/1171/356 1477/1175/355 1473/1179/353
s 291
f 1742/1180/13 1476/1184/13 1472/1181/13
s 289
f 1483/1172/5 1745/1186/5 1744/1174/5
s 291
f 1742/1180/13 1743/1190/13 1480/1183/13
s 289
f 1479/1182/5 1744/1174/5 1741/1171/5
f 1487/1139/5 1730/1144/5 1745/1186/5
s 291
f 1504/1187/13 1498/1176/13 1480/1183/13
s 290
f 1486/1186/357 1485/1191/357 1481/1189/354
s 291
f 1743/1190/13 1746/1192/13 1484/1188/13
s 290
f 1490/1144/7 1489/2421/7 1485/1191/357
s 291
f 1746/1192/13 1731/1146/13 1488/1145/13
s 289
f 1500/1193/5 1502/1199/86 1734/1161/341
s 291
f 1472/1181/13 1498/1176/13 1503/1178/13
s 289
f 1494/1150/86 1495/1124/86 1506/1195/86
s 291
f 1492/1153/13 1493/2422/13 1507/1197/13
s 289
f 1497/1154/5 1494/1150/86 1508/1196/86
s 291
f 1504/1187/13 1496/1156/13 1492/1153/13
f 1503/1178/13 1501/1201/13 1463/1166/13
s 289
f 1502/1199/86 1499/1200/86 1471/1170/86
f 1475/1185/5 1471/1170/86 1499/1200/86
s 291
f 1498/1176/13 1472/1181/13 1476/1184/13
s 289
f 1505/1198/5 1508/1196/86 1502/1199/86
s 291
f 1509/1177/13 1507/1197/13 1501/1201/13
s 289
f 1508/1196/86 1506/1195/86 1499/1200/86
f 1479/1182/5 1499/1200/86 1506/1195/86
s 291
f 1496/1156/13 1504/1187/13 1484/1188/13
s 294
f 1748/1202/311 1749/1230/358 1750/1203/358
f 1752/1205/308 1748/1202/311 1751/1204/311
f 1752/1205/308 1753/1206/359 1755/1207/307
f 1754/1208/307 1755/1207/307 1757/1209/360
f 1756/1210/360 1757/1209/360 1759/1211/361
f 1758/1212/362 1759/1211/361 1761/1213/363
f 1760/1214/364 1761/1213/363 1763/1215/365
f 1764/1217/367 1765/1267/1113 1766/1218/368
f 1768/1220/370 1764/1217/367 1767/1219/369
f 1768/1220/370 1769/1221/370 1771/1222/289
f 1770/1223/289 1771/1222/289 1773/1224/371
f 1774/1226/287 1772/1225/288 1773/1224/371
f 1776/1228/372 1774/1226/287 1775/1227/287
f 1749/1230/358 1776/1228/372 1777/1229/372
s 295
f 1778/1231/373 1781/1235/373 1780/1232/374
f 1782/1234/376 1783/1237/376 1781/1235/373
f 1784/1236/377 1785/1239/377 1783/1237/376
f 1786/1238/378 1787/1241/378 1785/1239/377
f 1788/1240/379 1789/1351/1114 1787/1241/378
f 1791/1242/380 1789/1351/1114 1788/1240/379
f 1793/1244/382 1791/1242/380 1790/1243/381
f 1794/1246/384 1797/1250/388 1796/1247/385
f 1798/1249/387 1799/1252/387 1797/1250/388
f 1800/1251/389 1801/1254/389 1799/1252/387
f 1802/1253/390 1803/2425/390 1801/1254/389
f 1805/1255/391 1803/2425/390 1802/1253/390
f 1807/1257/392 1805/1255/391 1804/1256/391
f 1780/1232/374 1807/1257/392 1806/1258/393
s 296
f 1510/1230/394 1539/1202/395 1569/1231/395
s 297
f 1538/1204/396 1511/1203/397 1541/1259/397
s 296
f 1537/1205/398 1567/1234/398 1569/1231/395
s 297
f 1536/1206/399 1538/1204/396 1568/1260/396
s 296
f 1537/1205/398 1535/1208/400 1565/1236/400
s 297
f 1534/1207/401 1536/1206/399 1566/1261/399
s 296
f 1535/1208/400 1533/1210/402 1563/1238/402
s 297
f 1532/1209/403 1534/1207/401 1564/1262/401
s 296
f 1533/1210/402 1531/1212/407 1561/1240/404
s 297
f 1530/1211/405 1532/1209/403 1562/1263/403
s 296
f 1529/1214/406 1559/1243/406 1561/1240/404
s 297
f 1528/1213/408 1530/1211/405 1560/1264/405
s 296
f 1527/1216/410 1557/1245/410 1559/1243/406
s 297
f 1526/1215/411 1528/1213/408 1558/1265/409
s 296
f 1525/1267/412 1523/1217/416 1553/1246/413
s 297
f 1524/1218/414 1554/2426/414 1552/1268/415
s 296
f 1523/1217/416 1521/1220/421 1551/1249/417
s 297
f 1522/1219/415 1552/1268/415 1550/1269/418
s 296
f 1519/1223/420 1549/1251/420 1551/1249/417
s 297
f 1518/1222/422 1520/1221/419 1550/1269/418
s 296
f 1519/1223/420 1517/1225/423 1547/1253/423
s 297
f 1516/1224/424 1518/1222/422 1548/1270/422
s 296
f 1515/1226/425 1545/1256/425 1547/1253/423
s 297
f 1516/1224/424 1546/1271/424 1544/1272/426
s 296
f 1513/1228/427 1543/1258/427 1545/1256/425
s 297
f 1514/1227/426 1544/1272/426 1542/1273/428
s 296
f 1510/1230/394 1540/1233/394 1543/1258/427
s 297
f 1512/1229/428 1542/1273/428 1541/1259/397
s 298
f 1808/1274/5 1570/1278/5 1571/1275/5
f 1808/1274/5 1810/1280/5 1572/1277/5
f 1811/1279/5 1573/1282/5 1572/1277/5
f 1812/1281/5 1574/1284/5 1573/1282/5
f 1813/1283/5 1575/1286/5 1574/1284/5
f 1813/1283/5 1814/1287/5 1576/1285/5
f 1815/1053/5 1577/1289/5 1576/1285/5
f 1815/1053/5 1319/1055/5 1578/1288/5
f 1319/1055/5 1817/1291/5 1579/1290/5
f 1817/1291/5 1818/1294/5 1580/1292/5
f 1819/1293/5 1581/1296/5 1580/1292/5
f 1819/1293/5 1820/1338/5 1582/1295/5
f 1821/1297/5 1583/1301/5 1582/1298/5
f 1821/1297/5 1822/1303/5 1584/1300/5
f 1823/1302/5 1585/1305/5 1584/1300/5
f 1824/1304/5 1586/1307/5 1585/1305/5
f 1825/1306/5 1587/1309/5 1586/1307/5
f 1826/1308/5 1588/1311/5 1587/1309/5
f 1826/1308/5 1827/1312/5 1589/1310/5
f 1827/1312/5 1828/1314/5 1590/1313/5
f 1828/1314/5 1829/1316/5 1591/1315/5
f 1829/1316/5 1830/1319/5 1592/1317/5
f 1831/1318/5 1593/1320/5 1592/1317/5
f 1831/1318/5 1809/1276/5 1571/1275/5
s 299
f 1834/1323/5 1832/2427/5 1833/2428/5
f 1833/2428/5 1855/2429/5 1854/2430/5
f 1854/2430/5 1853/2431/5 1852/2432/5
f 1852/2432/5 1851/2433/5 1850/1321/5
f 1850/1321/5 1849/2434/5 1848/2435/5
f 1848/2435/5 1847/2436/5 1846/2437/5
f 1846/2437/5 1845/2438/5 1844/2439/5
f 1844/2439/5 1843/2440/5 1842/1322/5
f 1842/1322/5 1841/2441/5 1602/2442/5
f 1602/2442/5 1839/2443/5 1838/2444/5
f 1838/2444/5 1837/2445/5 1836/2446/5
f 1836/2446/5 1835/2447/5 1834/1323/5
f 1834/1323/5 1833/2428/5 1854/2430/5
f 1854/2430/5 1852/2432/5 1850/1321/5
f 1850/1321/5 1848/2435/5 1846/2437/5
f 1846/2437/5 1844/2439/5 1842/1322/5
f 1842/1322/5 1602/2442/5 1838/2444/5
f 1838/2444/5 1836/2446/5 1834/1323/5
f 1834/1323/5 1854/2430/5 1850/1321/5
f 1850/1321/5 1846/2437/5 1842/1322/5
f 1842/1322/5 1838/2444/5 1834/1323/5
s 286
f 1347/1319/429 1616/1347/429 1617/1324/430
f 1303/1276/431 1595/1329/431 1594/1325/432
f 1335/1304/433 1333/1302/434 1609/1326/434
f 1816/1055/310 1840/1054/310 1603/1328/435
f 1303/1276/431 1349/1318/430 1617/1324/430
f 1305/1274/432 1594/1325/432 1596/1330/436
f 1335/1304/433 1610/1327/433 1611/1331/438
f 1323/1294/439 1321/1291/435 1603/1328/435
f 1307/1280/437 1596/1330/436 1597/1333/441
f 1337/1306/438 1611/1331/438 1612/1334/442
f 1323/1294/439 1604/1332/440 1605/1335/443
f 1309/1279/441 1597/1333/441 1598/1336/444
f 1339/1308/442 1612/1334/442 1613/1337/445
f 1327/1338/446 1325/1293/443 1605/1335/443
f 1311/1281/444 1598/1336/444 1599/1340/447
f 1341/1312/445 1613/1337/445 1614/1341/448
f 1327/1299/446 1606/1352/446 1607/1342/449
f 1313/1283/447 1599/1340/447 1600/1343/450
f 1343/1314/448 1614/1341/448 1615/1344/451
f 1331/1303/452 1329/1297/449 1607/1342/449
f 1315/1287/450 1600/1343/450 1601/1346/309
f 1345/1316/451 1615/1344/451 1616/1347/429
f 1333/1302/434 1331/1303/452 1608/1345/452
s 300
f 2173/1011/285 2172/1014/286 1858/1012/286
f 2172/1014/286 2174/1016/287 1860/1015/287
f 2174/1016/287 2175/1018/288 1862/1017/288
f 2175/1018/288 2176/1020/289 1864/1019/289
f 2176/1020/289 2177/1348/290 1866/1021/290
f 2177/1348/290 2178/1022/291 1868/1023/291
f 2178/1022/291 2179/2397/1112 1870/1024/292
f 1870/1024/292 2179/2397/1112 2180/1025/293
f 1872/1026/293 2180/1025/293 2181/1028/294
f 2181/1028/294 2182/1349/295 1876/1029/295
f 2182/1349/295 2183/1030/296 1878/1031/296
f 2183/1030/296 2184/1032/297 1880/1033/297
f 2184/1350/297 2185/1035/298 1882/1036/298
f 2185/1035/298 2186/1038/299 1884/1037/299
f 2186/1038/299 2187/1040/300 1886/1039/300
f 2187/1040/300 2188/1042/301 1888/1041/301
f 2188/1042/301 2189/1044/303 1890/1043/303
f 2189/1044/303 2190/1046/304 1892/1045/304
f 2190/1046/304 2191/2398/305 1894/1047/305
f 1894/1047/305 2191/2398/305 2192/1048/306
f 2192/1048/306 2193/1050/307 1898/1051/307
f 2193/1050/307 2194/1056/308 1900/1052/308
s 301
f 2370/1055/310 1871/1053/309 2155/1346/309
s 300
f 2194/1056/308 2195/1058/311 1902/1057/311
f 2195/1058/311 2173/1011/285 1856/1013/285
s 302
f 1907/1059/312 2199/1072/312 1930/1060/313
s 303
f 2219/1064/13 2196/2399/13 2197/2400/13
f 2197/2400/13 2198/2401/13 1931/2402/13
f 1931/2402/13 2200/2403/13 2201/2404/13
f 2201/2404/13 2202/2405/13 2203/1062/13
f 2203/1062/13 2204/2406/13 2205/2407/13
f 2205/2407/13 2206/2408/13 2207/2409/13
f 2207/2409/13 2208/2410/13 2209/2411/13
f 2209/2411/13 2210/2412/13 2211/1063/13
f 2211/1063/13 2212/2413/13 2213/2414/13
f 2213/2414/13 2214/2415/13 2215/2416/13
f 2215/2416/13 2216/2417/13 2217/2418/13
f 2217/2418/13 2218/2419/13 2219/1064/13
f 2219/1064/13 2197/2400/13 1931/2402/13
f 1931/2402/13 2201/2404/13 2203/1062/13
f 2203/1062/13 2205/2407/13 2207/2409/13
f 2207/2409/13 2209/2411/13 2211/1063/13
f 2211/1063/13 2213/2414/13 2215/2416/13
f 2215/2416/13 2217/2418/13 2219/1064/13
f 2219/1064/13 1931/2402/13 2203/1062/13
f 2203/1062/13 2207/2409/13 2211/1063/13
f 2211/1063/13 2215/2416/13 2219/1064/13
s 302
f 1922/1065/314 1946/1074/314 1945/1066/315
f 1915/1068/317 1939/1076/322 1938/1069/318
f 1908/1071/319 1932/1078/319 2199/1072/312
f 1922/1065/314 1923/1079/320 1947/1073/320
f 1916/1075/321 1940/1082/321 1939/1076/322
f 1909/1077/323 1933/1084/323 1932/1078/319
f 1923/1079/320 1924/1085/324 1948/1080/324
f 1917/1081/325 1941/1088/325 1940/1082/321
f 1910/1083/453 1934/1090/453 1933/1084/323
f 1924/1085/324 1925/1091/327 1949/1086/327
f 1918/1087/328 1942/1094/328 1941/1088/325
f 1910/1083/453 1911/1095/329 1935/1089/454
f 1926/1097/455 1950/1092/331 1949/1086/327
f 1919/1093/332 1943/1103/338 1942/1094/328
f 1911/1095/329 1912/1104/333 1936/1096/333
f 1927/1106/334 1951/1098/456 1950/1092/331
f 1904/1099/335 1905/1107/340 1929/1100/336
f 1920/1102/337 1944/1108/337 1943/1103/338
f 1912/1104/333 1913/1109/339 1937/1105/339
f 1927/1106/334 1904/1099/335 1928/1101/335
f 1905/1107/340 1906/1061/313 1930/1060/313
f 1921/1067/316 1945/1066/315 1944/1108/337
f 1913/1109/339 1914/1070/318 1938/1069/318
s 304
f 2271/1110/341 2274/1113/344 2276/1111/5
s 305
f 1987/1113/342 2275/1120/1 2272/1114/1
s 306
f 2273/1116/13 1984/2420/13 1980/1117/13
s 304
f 2274/1113/344 2271/1110/341 1981/1119/345
f 1988/1112/86 2276/1111/5 2278/1121/5
f 2000/1123/5 2041/1139/5 2049/1124/86
s 305
f 1986/1115/343 1990/1132/346 1991/1111/346
s 306
f 1982/1118/13 1989/1133/13 2277/1126/13
s 305
f 1994/1127/457 1998/1141/348 1999/1128/348
s 306
f 2005/1129/13 2010/1149/13 2016/1130/13
s 305
f 1990/1132/346 1994/1127/457 1995/1121/458
s 306
f 1989/1133/13 1993/1159/13 2279/1134/13
s 304
f 2281/1128/5 2282/1138/5 2000/1123/5
s 306
f 2279/1134/13 1993/1159/13 1997/1136/13
s 304
f 2278/1121/5 2281/1128/5 1996/1135/5
f 2282/1138/5 2284/1144/5 2041/1139/5
s 306
f 1997/1136/13 2005/1129/13 2011/1131/13
s 305
f 1998/1141/348 2002/1143/349 2003/1138/349
s 306
f 2280/1137/13 1997/1136/13 2001/1140/13
s 305
f 2002/1143/349 2043/2421/7 2044/1144/7
s 306
f 2283/1142/13 2001/1140/13 2042/1145/13
s 304
f 2271/1110/341 2009/1157/86 2007/1147/5
s 306
f 1989/1133/13 1982/1118/13 2010/1149/13
s 304
f 2013/1125/86 2049/1124/86 2048/1150/86
s 306
f 2014/1152/13 2047/2422/13 2046/1153/13
s 304
f 2015/1151/86 2048/1150/86 2051/1154/5
s 306
f 2011/1131/13 2016/1130/13 2046/1153/13
f 1980/1117/13 2008/1160/13 2010/1149/13
s 304
f 1988/1112/86 2006/1158/86 2009/1157/86
f 1992/1122/5 1996/1135/5 2006/1158/86
s 306
f 1993/1159/13 1989/1133/13 2005/1129/13
s 304
f 2009/1157/86 2015/1151/86 2012/1155/5
s 306
f 2008/1160/13 2014/1152/13 2016/1130/13
s 304
f 2006/1158/86 2013/1125/86 2015/1151/86
f 1996/1135/5 2000/1123/5 2013/1125/86
s 306
f 2001/1140/13 2011/1131/13 2050/1156/13
s 304
f 2288/1161/341 2025/1170/86 2293/1162/5
s 305
f 2289/1164/3 2292/2423/3 2024/1163/351
s 306
f 2017/1166/13 2021/2424/13 2290/1167/13
s 304
f 2291/1163/350 2022/2423/345 2018/1169/345
f 2025/1170/86 2029/1185/5 2295/1171/5
f 2037/1172/5 2060/1195/86 2049/1124/86
s 305
f 2028/1162/353 2027/1179/353 2023/1165/459
s 306
f 2294/1173/13 2026/1181/13 2019/1168/13
s 305
f 2036/1174/354 2035/1189/354 2031/1175/355
s 306
f 2052/1176/13 2058/1187/13 2063/1177/13
s 305
f 2032/1171/356 2031/1175/355 2027/1179/353
s 306
f 2296/1180/13 2030/1184/13 2026/1181/13
s 304
f 2037/1172/5 2299/1186/5 2298/1174/5
s 306
f 2296/1180/13 2297/1190/13 2034/1183/13
s 304
f 2033/1182/5 2298/1174/5 2295/1171/5
f 2041/1139/5 2284/1144/5 2299/1186/5
s 306
f 2058/1187/13 2052/1176/13 2034/1183/13
s 305
f 2040/1186/357 2039/1191/357 2035/1189/354
s 306
f 2297/1190/13 2300/1192/13 2038/1188/13
s 305
f 2044/1144/7 2043/2421/7 2039/1191/357
s 306
f 2300/1192/13 2285/1146/13 2042/1145/13
s 304
f 2054/1193/5 2056/1199/86 2288/1161/341
s 306
f 2026/1181/13 2052/1176/13 2057/1178/13
s 304
f 2048/1150/86 2049/1124/86 2060/1195/86
s 306
f 2046/1153/13 2047/2422/13 2061/1197/13
s 304
f 2051/1154/5 2048/1150/86 2062/1196/86
s 306
f 2058/1187/13 2050/1156/13 2046/1153/13
f 2057/1178/13 2055/1201/13 2017/1166/13
s 304
f 2056/1199/86 2053/1200/86 2025/1170/86
f 2029/1185/5 2025/1170/86 2053/1200/86
s 306
f 2052/1176/13 2026/1181/13 2030/1184/13
s 304
f 2059/1198/5 2062/1196/86 2056/1199/86
s 306
f 2063/1177/13 2061/1197/13 2055/1201/13
s 304
f 2062/1196/86 2060/1195/86 2053/1200/86
f 2033/1182/5 2053/1200/86 2060/1195/86
s 306
f 2050/1156/13 2058/1187/13 2038/1188/13
s 309
f 2302/1202/311 2303/1230/461 2304/1203/285
f 2306/1205/308 2302/1202/311 2305/1204/311
f 2306/1205/308 2307/1206/359 2309/1207/307
f 2308/1208/307 2309/1207/307 2311/1209/360
f 2310/1210/360 2311/1209/360 2313/1211/361
f 2312/1212/362 2313/1211/361 2315/1213/363
f 2314/1214/364 2315/1213/363 2317/1215/365
f 2318/1217/367 2319/1267/1113 2320/1218/368
f 2322/1220/370 2318/1217/367 2321/1219/369
f 2322/1220/370 2323/1221/370 2325/1222/289
f 2324/1223/289 2325/1222/289 2327/1224/371
f 2328/1226/287 2326/1225/288 2327/1224/371
f 2328/1226/287 2329/1227/460 2331/1229/286
f 2330/1228/286 2331/1229/286 2304/1203/285
s 310
f 2332/1231/373 2335/1235/373 2334/1232/374
f 2336/1234/376 2337/1237/376 2335/1235/373
f 2338/1236/377 2339/1239/377 2337/1237/376
f 2341/1241/462 2339/1239/377 2338/1236/377
f 2343/1351/379 2341/1241/462 2340/1238/462
f 2345/1242/463 2343/1351/379 2342/1240/379
f 2347/1244/382 2345/1242/463 2344/1243/464
f 2348/1246/384 2351/1250/388 2350/1247/385
f 2352/1249/387 2353/1252/387 2351/1250/388
f 2354/1251/389 2355/1254/389 2353/1252/387
f 2356/1253/390 2357/2425/390 2355/1254/389
f 2359/1255/391 2357/2425/390 2356/1253/390
f 2361/1257/392 2359/1255/391 2358/1256/391
f 2334/1232/374 2361/1257/392 2360/1258/393
s 311
f 2064/1230/394 2093/1202/395 2123/1231/395
s 312
f 2092/1204/396 2065/1203/397 2095/1259/397
s 311
f 2091/1205/398 2121/1234/398 2123/1231/395
s 312
f 2090/1206/399 2092/1204/396 2122/1260/396
s 311
f 2091/1205/398 2089/1208/400 2119/1236/400
s 312
f 2088/1207/401 2090/1206/399 2120/1261/399
s 311
f 2087/1210/465 2117/1238/465 2119/1236/400
s 312
f 2086/1209/403 2088/1207/401 2118/1262/401
s 311
f 2085/1212/466 2115/1240/467 2117/1238/465
s 312
f 2084/1211/405 2086/1209/403 2116/1263/403
s 311
f 2083/1214/406 2113/1243/406 2115/1240/467
s 312
f 2082/1213/408 2084/1211/405 2114/1264/405
s 311
f 2081/1216/468 2111/1245/468 2113/1243/406
s 312
f 2080/1215/411 2082/1213/408 2112/1265/409
s 311
f 2079/1267/412 2077/1217/416 2107/1246/413
s 312
f 2078/1218/414 2108/2426/414 2106/1268/415
s 311
f 2077/1217/416 2075/1220/421 2105/1249/417
s 312
f 2076/1219/415 2106/1268/415 2104/1269/418
s 311
f 2073/1223/420 2103/1251/420 2105/1249/417
s 312
f 2072/1222/422 2074/1221/469 2104/1269/418
s 311
f 2073/1223/420 2071/1225/423 2101/1253/423
s 312
f 2070/1224/424 2072/1222/422 2102/1270/422
s 311
f 2069/1226/425 2099/1256/425 2101/1253/423
s 312
f 2070/1224/424 2100/1271/424 2098/1272/426
s 311
f 2069/1226/425 2067/1228/427 2097/1258/427
s 312
f 2068/1227/426 2098/1272/426 2096/1273/428
s 311
f 2064/1230/394 2094/1233/394 2097/1258/427
s 312
f 2066/1229/428 2096/1273/428 2095/1259/397
s 313
f 2363/1276/5 2362/1274/5 2124/1278/5
f 2362/1274/5 2364/1280/5 2126/1277/5
f 2365/1279/5 2127/1282/5 2126/1277/5
f 2366/1281/5 2128/1284/5 2127/1282/5
f 2366/1281/5 2367/1283/5 2129/1286/5
f 2368/1287/5 2130/1285/5 2129/1286/5
f 2369/1053/5 2131/1289/5 2130/1285/5
f 1873/1055/5 2132/1288/5 2131/1289/5
f 1873/1055/5 2371/1291/5 2133/1290/5
f 2371/1291/5 2372/1294/5 2134/1292/5
f 2373/1293/5 2135/1296/5 2134/1292/5
f 2374/1338/5 2136/1295/5 2135/1296/5
f 2375/1297/5 2137/1301/5 2136/1298/5
f 2375/1297/5 2376/1303/5 2138/1300/5
f 2377/1302/5 2139/1305/5 2138/1300/5
f 2378/1304/5 2140/1307/5 2139/1305/5
f 2379/1306/5 2141/1309/5 2140/1307/5
f 2380/1308/5 2142/1311/5 2141/1309/5
f 2380/1308/5 2381/1312/5 2143/1310/5
f 2381/1312/5 2382/1314/5 2144/1313/5
f 2382/1314/5 2383/1316/5 2145/1315/5
f 2383/1316/5 2384/1319/5 2146/1317/5
f 2385/1318/5 2147/1320/5 2146/1317/5
f 2385/1318/5 2363/1276/5 2125/1275/5
s 314
f 2388/1323/5 2386/2427/5 2387/2428/5
f 2387/2428/5 2409/2429/5 2408/2430/5
f 2408/2430/5 2407/2431/5 2406/2432/5
f 2406/2432/5 2405/2433/5 2404/1321/5
f 2404/1321/5 2403/2434/5 2402/2435/5
f 2402/2435/5 2401/2436/5 2400/2437/5
f 2400/2437/5 2399/2438/5 2398/2439/5
f 2398/2439/5 2397/2440/5 2396/1322/5
f 2396/1322/5 2395/2441/5 2156/2442/5
f 2156/2442/5 2393/2443/5 2392/2444/5
f 2392/2444/5 2391/2445/5 2390/2446/5
f 2390/2446/5 2389/2447/5 2388/1323/5
f 2388/1323/5 2387/2428/5 2408/2430/5
f 2408/2430/5 2406/2432/5 2404/1321/5
f 2404/1321/5 2402/2435/5 2400/2437/5
f 2400/2437/5 2398/2439/5 2396/1322/5
f 2396/1322/5 2156/2442/5 2392/2444/5
f 2392/2444/5 2390/2446/5 2388/1323/5
f 2388/1323/5 2408/2430/5 2404/1321/5
f 2404/1321/5 2400/2437/5 2396/1322/5
f 2396/1322/5 2392/2444/5 2388/1323/5
s 301
f 1901/1319/429 2170/1347/429 2171/1324/430
f 1859/1274/432 1857/1276/431 2149/1329/431
f 1889/1304/433 1887/1302/434 2163/1326/434
f 2370/1055/310 2394/1054/310 2157/1328/435
f 1903/1318/430 2171/1324/430 2149/1329/431
f 1861/1280/436 1859/1274/432 2148/1325/432
f 1889/1304/433 2164/1327/433 2165/1331/438
f 1877/1294/440 1875/1291/435 2157/1328/435
f 1861/1280/436 2150/1330/436 2151/1333/441
f 1891/1306/438 2165/1331/438 2166/1334/442
f 1877/1294/440 2158/1332/440 2159/1335/443
f 1863/1279/441 2151/1333/441 2152/1336/444
f 1895/1312/445 1893/1308/442 2166/1334/442
f 1879/1293/443 2159/1335/443 2160/1339/446
f 1865/1281/444 2152/1336/444 2153/1340/447
f 1895/1312/445 2167/1337/445 2168/1341/448
f 1883/1297/449 1881/1299/446 2160/1352/446
f 1867/1283/447 2153/1340/447 2154/1343/450
f 1897/1314/448 2168/1341/448 2169/1344/451
f 1885/1303/452 1883/1297/449 2161/1342/449
f 1869/1287/450 2154/1343/450 2155/1346/309
f 1901/1319/429 1899/1316/451 2169/1344/451
f 1885/1303/452 2162/1345/452 2163/1326/434
s 315
f 2411/1353/4 2413/1358/4 2412/1354/4
s 316
f 2414/1356/3 2415/2448/3 2410/1355/3
s 317
f 2417/1357/5 2414/2449/5 2412/1354/5
s 318
f 2415/1359/13 2416/2450/13 2411/1353/13
s 319
f 2416/1360/1 2417/2451/1 2413/1358/1
s 320
f 2898/1361/5 2900/1413/5 2945/1362/5
s 321
f 2903/1364/5 2904/1428/5 2901/1365/5
s 322
f 2941/1367/5 2905/1407/5 2907/1368/5
s 323
f 2910/1370/5 2911/1402/5 2908/1371/5
s 324
f 2912/1373/5 2914/1409/5 2946/1374/5
s 325
f 2917/1376/5 2918/1421/5 2915/1377/5
s 326
f 2919/1379/5 2921/1430/5 2949/1380/5
s 327
f 2923/1382/5 2924/1398/5 2925/1383/5
s 328
f 2926/1385/5 2928/1405/5 2952/1386/5
s 329
f 2931/1388/5 2932/1417/5 2929/1389/5
s 330
f 2956/1391/5 2933/1425/5 2935/1392/5
s 331
f 2937/1394/5 2938/1436/5 2939/1395/5
s 332
f 2492/1397/132 2490/2452/132 2439/1383/132
s 333
f 2477/1399/7 2479/2453/7 2428/1372/7
s 334
f 2959/1400/4 2468/1412/4 2899/1361/4
s 335
f 2478/1401/4 2476/2454/4 2427/1402/4
s 336
f 2467/1403/3 2509/1400/3 2457/1363/3
s 337
f 2960/1404/135 2494/2455/135 2443/1405/135
s 338
f 2508/1406/470 2475/1433/470 2906/1407/471
s 339
f 2963/1408/128 2480/2456/128 2431/1409/128
s 340
f 2481/1410/137 2964/1411/137 2948/1375/137
s 341
f 2510/1411/472 2482/1408/472 2459/1373/473
s 342
f 2958/1412/1 2466/2457/1 2419/1413/1
s 343
f 2498/1414/4 2500/2458/4 2446/1390/4
s 344
f 2488/1415/1 2965/1419/1 2951/1381/1
s 345
f 2499/1416/7 2497/2459/7 2445/1417/7
s 346
f 2484/1418/134 2486/2460/134 2434/1378/134
s 347
f 2511/1419/7 2489/1429/7 2920/1379/7
s 348
f 2485/1420/122 2483/2461/122 2433/1421/122
s 349
f 2495/1422/124 2967/1426/124 2954/1387/124
s 350
f 2470/1423/132 2472/2462/132 2422/1366/132
s 351
f 2968/1424/137 2501/2463/137 2449/1392/137
s 352
f 2512/1426/474 2496/1404/474 2463/1385/474
s 353
f 2471/1427/126 2469/2464/126 2421/1428/126
s 354
f 2966/1429/3 2487/2465/3 2437/1430/3
s 355
f 2502/1431/128 2969/1432/128 2957/1391/128
s 356
f 2513/1432/475 2503/1424/475 2465/1425/475
s 357
f 2961/1433/124 2473/2466/124 2425/1368/124
s 358
f 2505/1434/122 2507/2467/122 2452/1394/122
s 359
f 2506/1435/134 2504/2468/134 2451/1395/134
s 360
f 2491/1437/126 2493/2469/126 2440/1382/126
s 361
f 2474/1438/135 2962/1406/135 2455/1367/135
s 362
f 2970/1439/5 2971/1486/5 2972/1440/5
f 2974/1442/5 2970/1439/5 2973/1441/5
f 2976/1444/5 2974/1442/5 2975/1443/5
f 2976/1444/5 2977/1445/5 2979/1446/5
f 2978/1447/5 2979/1446/5 2981/1448/5
f 2982/1450/5 2980/1449/5 2981/1448/5
f 2982/1450/5 2983/1451/5 2985/1452/5
f 2986/1454/5 2984/1453/5 2985/1452/5
f 2986/1454/5 2987/1455/5 2989/1456/5
f 2988/1457/5 2989/1456/5 2991/1458/5
f 2990/1459/5 2991/1458/5 2993/1460/5
f 2992/1461/5 2993/1460/5 2995/1462/5
f 2996/1464/5 2994/1463/5 2995/1462/5
f 2996/1464/5 2997/1465/5 2999/1466/5
f 2998/1467/5 2999/1466/5 3001/1468/5
f 3002/1470/5 3000/1469/5 3001/1468/5
f 3004/1472/5 3002/1470/5 3003/1471/5
f 3004/1472/5 3005/1473/5 3007/1474/5
f 3006/1475/5 3007/1474/5 3009/1476/5
f 3008/1477/5 3009/1476/5 3011/1478/5
f 3010/1479/5 3011/1478/5 3013/1480/5
f 3014/1482/5 3012/1481/5 3013/1480/5
f 3016/1484/5 3014/1482/5 3015/1483/5
f 3016/1484/5 3017/1485/5 2972/1440/5
s 363
f 3019/1487/5 3020/1494/5 3021/1488/5
s 364
f 3023/1490/5 3024/1496/5 3025/1491/5
s 363
f 3026/1493/5 3027/1498/5 3020/1494/5
s 364
f 3028/1495/5 3029/1500/5 3024/1496/5
s 363
f 3030/1497/5 3031/1502/5 3027/1498/5
s 364
f 3028/1495/5 3032/1503/5 3033/1499/5
s 363
f 3034/1501/5 3035/1506/5 3031/1502/5
s 364
f 3032/1503/5 3036/1508/5 3037/1504/5
s 363
f 3038/1505/5 3039/1510/5 3035/1506/5
s 364
f 3040/1507/5 3041/1512/5 3037/1504/5
s 363
f 3042/1509/5 3043/1514/5 3039/1510/5
s 364
f 3044/1511/5 3045/1516/5 3041/1512/5
s 363
f 3042/1509/5 3046/1517/5 3047/1513/5
s 364
f 3048/1515/5 3049/1520/5 3045/1516/5
s 363
f 3046/1517/5 3050/1521/5 3051/1518/5
s 364
f 3052/1519/5 3053/1524/5 3049/1520/5
s 363
f 3050/1521/5 3054/1525/5 3055/1522/5
s 364
f 3056/1523/5 3057/1528/5 3053/1524/5
s 363
f 3054/1525/5 3058/1529/5 3059/1526/5
s 364
f 3060/1527/5 3061/1532/5 3057/1528/5
s 363
f 3058/1529/5 3062/1534/5 3063/1530/5
s 364
f 3064/1531/5 3065/1536/5 3061/1532/5
s 363
f 3066/1533/5 3067/1538/5 3063/1530/5
s 364
f 3064/1531/5 3068/1540/5 3069/1535/5
s 363
f 3066/1533/5 3070/1542/5 3071/1537/5
s 364
f 3072/1539/5 3073/1544/5 3069/1535/5
s 363
f 3074/1541/5 3075/1546/5 3071/1537/5
s 364
f 3076/1543/5 3077/1548/5 3073/1544/5
s 363
f 3078/1545/5 3079/1550/5 3075/1546/5
s 364
f 3080/1547/5 3081/1552/5 3077/1548/5
s 363
f 3082/1549/5 3083/1554/5 3079/1550/5
s 364
f 3084/1551/5 3085/1556/5 3081/1552/5
s 363
f 3086/1553/5 3087/1558/5 3083/1554/5
s 364
f 3088/1555/5 3089/1560/5 3085/1556/5
s 363
f 3090/1557/5 3091/1562/5 3087/1558/5
s 364
f 3088/1555/5 3092/1563/5 3093/1559/5
s 363
f 3094/1561/5 3095/1566/5 3091/1562/5
s 364
f 3092/1563/5 3096/1567/5 3097/1564/5
s 363
f 3098/1565/5 3099/1570/5 3095/1566/5
s 364
f 3096/1567/5 3100/1572/5 3101/1568/5
s 363
f 3098/1565/5 3102/1573/5 3103/1569/5
s 364
f 3104/1571/5 3105/1576/5 3101/1568/5
s 363
f 3102/1573/5 3106/1577/5 3107/1574/5
s 364
f 3104/1571/5 3108/1579/5 3109/1575/5
s 363
f 3106/1577/5 3110/1581/5 3111/1578/5
s 364
f 3108/1579/5 3112/1582/5 3113/1580/5
s 363
f 3110/1581/5 3018/1489/5 3021/1488/5
s 364
f 3112/1582/5 3022/1492/5 3025/1491/5
s 365
f 3115/1583/5 3116/1587/5 3117/1584/5
f 3115/1583/5 3118/1588/5 3119/1586/5
f 3118/1588/5 3120/1590/5 3121/1589/5
f 3120/1590/5 3122/1592/5 3123/1591/5
f 3122/1592/5 3124/1594/5 3125/1593/5
f 3124/1594/5 3126/1597/5 3127/1595/5
f 3128/1596/5 3129/1599/5 3127/1595/5
f 3128/1596/5 3130/1600/5 3131/1598/5
f 3130/1600/5 3132/1603/5 3133/1601/5
f 3134/1602/5 3135/1605/5 3133/1601/5
f 3136/1604/5 3137/1607/5 3135/1605/5
f 3136/1604/5 3138/1608/5 3139/1606/5
f 3138/1608/5 3140/1610/5 3141/1609/5
f 3140/1610/5 3142/1613/5 3143/1611/5
f 3144/1612/5 3145/1615/5 3143/1611/5
f 3146/1614/5 3147/1617/5 3145/1615/5
f 3148/1616/5 3149/1619/5 3147/1617/5
f 3150/1618/5 3151/1621/5 3149/1619/5
f 3152/1620/5 3153/1623/5 3151/1621/5
f 3154/1622/5 3155/1625/5 3153/1623/5
f 3156/1624/5 3157/1627/5 3155/1625/5
f 3156/1624/5 3158/1629/5 3159/1626/5
f 3160/1628/5 3161/1630/5 3159/1626/5
f 3114/1585/5 3117/1584/5 3161/1630/5
s 366
f 2775/1631/125 2771/1803/126 2643/1506/126
s 367
f 2840/1632/131 2844/1654/137 2572/1579/137
s 368
f 2806/1633/119 2810/1655/124 2602/1541/124
s 369
f 2877/1634/136 2875/1816/7 2681/1606/7
s 367
f 2772/1635/132 2776/1657/123 2640/1507/123
s 370
f 2741/1636/477 2739/1818/471 2547/1470/471
s 371
f 2876/1637/119 2878/1648/124 2676/1613/124
s 372
f 2845/1638/128 2841/1810/121 2577/1576/121
s 373
f 2738/1639/474 2740/1650/120 2548/1473/120
s 366
f 2811/1640/135 2807/1812/478 2607/1537/478
s 372
f 2777/1641/125 2773/1813/126 2645/1504/126
s 368
f 2842/1642/479 2846/1666/129 2566/1581/129
s 367
f 2808/1643/119 2812/1667/124 2604/1543/124
s 369
f 2879/1644/135 2877/1634/136 2679/1609/136
s 370
f 2707/1645/480 2708/1715/7 2514/1486/7
s 368
f 2774/1646/123 2778/1669/3 2634/1509/3
s 370
f 2743/1647/3 2741/1636/477 2549/1472/477
s 371
f 2878/1648/124 2880/1659/133 2674/1612/133
s 366
f 2847/1649/127 2843/1820/128 2571/1574/128
s 373
f 2740/1650/120 2742/1662/1 2550/1474/1
s 372
f 2813/1651/135 2809/1822/136 2609/1544/136
s 373
f 2709/1652/4 2706/1664/127 2516/1441/127
s 366
f 2779/1653/1 2775/1631/125 2639/1510/125
s 367
f 2844/1654/137 2848/1674/129 2568/1582/129
s 368
f 2810/1655/124 2814/1680/133 2598/1545/133
s 369
f 2881/1656/139 2879/1644/135 2677/1611/135
s 367
f 2776/1657/123 2780/1682/3 2636/1511/3
s 370
f 2745/1658/481 2743/1647/3 2551/1475/3
s 371
f 2880/1659/133 2882/1672/126 2672/1614/126
s 370
f 2711/1660/130 2707/1645/480 2517/1439/480
s 372
f 2849/1661/127 2845/1638/128 2573/1575/128
s 373
f 2742/1662/1 2744/1675/125 2552/1476/125
s 366
f 2815/1663/139 2811/1640/135 2603/1546/249
s 373
f 2706/1664/127 2710/1677/128 2518/1443/128
s 372
f 2781/1665/1 2777/1641/125 2641/1512/125
s 368
f 2846/1666/129 2755/1727/7 2565/1489/7
s 367
f 2812/1667/124 2816/1691/133 2600/1547/133
s 369
f 2883/1668/132 2881/1656/139 2675/1615/139
s 368
f 2778/1669/3 2782/1693/138 2630/1517/138
s 366
f 2754/1670/4 2847/1649/127 2567/1578/127
s 370
f 2747/1671/132 2745/1658/481 2553/1477/481
s 371
f 2882/1672/126 2884/1684/125 2670/1616/125
s 370
f 2713/1673/131 2711/1660/130 2519/1442/130
s 367
f 2848/1674/129 2759/1743/7 2563/1492/7
s 373
f 2744/1675/125 2746/1687/476 2554/1478/476
s 372
f 2817/1676/139 2813/1651/135 2605/1548/135
s 373
f 2710/1677/128 2712/1689/121 2520/1445/121
s 366
f 2783/1678/120 2779/1653/1 2635/1514/1
s 372
f 2758/1679/4 2849/1661/127 2569/1580/127
s 368
f 2814/1680/133 2818/1703/126 2594/1549/126
s 369
f 2885/1681/123 2883/1668/132 2673/1617/132
s 367
f 2780/1682/3 2784/1705/138 2632/1515/138
s 370
f 2749/1683/482 2747/1671/132 2555/1479/132
s 371
f 2884/1684/125 2886/1696/1 2668/1618/1
s 370
f 2715/1685/483 2713/1673/131 2521/1444/131
s 371
f 2851/1686/7 2852/1698/136 2702/1583/136
s 373
f 2746/1687/476 2748/1699/484 2556/1480/484
s 366
f 2819/1688/132 2815/1663/139 2599/1550/139
s 373
f 2712/1689/121 2714/1701/485 2522/1446/485
s 372
f 2785/1690/120 2781/1665/1 2637/1516/1
s 367
f 2816/1691/133 2820/1716/126 2596/1551/126
s 369
f 2887/1692/3 2885/1681/123 2671/1619/123
s 368
f 2782/1693/138 2786/1718/122 2626/1521/122
s 369
f 2853/1694/119 2850/1760/4 2704/1584/4
s 370
f 2751/1695/135 2749/1683/482 2557/1481/482
s 371
f 2886/1696/1 2888/1708/120 2666/1620/120
s 370
f 2717/1697/120 2715/1685/483 2523/1447/483
s 371
f 2852/1698/136 2854/1710/135 2700/1588/135
s 373
f 2748/1699/484 2750/1711/486 2558/1483/486
s 372
f 2821/1700/132 2817/1676/139 2601/1552/139
s 373
f 2714/1701/485 2716/1713/138 2524/1448/487
s 366
f 2787/1702/134 2783/1678/120 2631/1513/120
s 368
f 2818/1703/126 2822/1728/125 2590/1553/125
s 369
f 2889/1704/138 2887/1692/3 2669/1621/3
s 367
f 2784/1705/138 2788/1730/122 2628/1519/122
s 369
f 2855/1706/124 2853/1694/119 2703/1587/119
s 370
f 2753/1707/478 2751/1695/135 2559/1482/135
s 371
f 2888/1708/120 2890/1721/134 2664/1622/134
s 370
f 2719/1709/1 2717/1697/120 2525/1449/120
s 371
f 2854/1710/135 2856/1723/139 2698/1590/139
s 373
f 2750/1711/486 2752/1720/119 2560/1485/119
s 366
f 2823/1712/123 2819/1688/132 2595/1554/132
s 373
f 2716/1713/138 2718/1725/3 2526/1451/3
s 372
f 2789/1714/134 2785/1690/120 2633/1520/120
s 370
f 2708/1715/7 2753/1707/478 2561/1484/478
s 367
f 2820/1716/126 2824/1739/125 2592/1555/125
s 369
f 2891/1717/122 2889/1704/138 2667/1623/138
s 368
f 2786/1718/122 2790/1741/121 2622/1525/121
s 369
f 2857/1719/133 2855/1706/124 2701/1586/124
s 373
f 2752/1720/119 2709/1652/4 2515/1440/4
s 371
f 2890/1721/134 2892/1732/131 2662/1624/131
s 370
f 2721/1722/488 2719/1709/1 2527/1450/1
s 371
f 2856/1723/139 2858/1734/132 2696/1592/132
s 372
f 2825/1724/123 2821/1700/132 2597/1556/132
s 373
f 2718/1725/3 2720/1737/123 2528/1452/123
s 366
f 2791/1726/131 2787/1702/134 2627/1518/134
s 368
f 2755/1727/7 2756/1755/136 2654/1487/136
f 2822/1728/125 2826/1751/1 2586/1557/1
s 369
f 2893/1729/121 2891/1717/122 2665/1625/122
s 367
f 2788/1730/122 2792/1753/121 2624/1523/121
s 369
f 2859/1731/126 2857/1719/133 2699/1589/133
s 371
f 2892/1732/131 2894/1744/137 2660/1629/137
s 370
f 2723/1733/126 2721/1722/488 2529/1453/488
s 371
f 2858/1734/132 2860/1746/123 2694/1594/123
s 366
f 2757/1735/119 2754/1670/4 2564/1488/4
f 2827/1736/3 2823/1712/123 2591/1558/123
s 373
f 2720/1737/123 2722/1748/489 2530/1455/489
s 372
f 2793/1738/131 2789/1714/134 2629/1524/134
s 367
f 2824/1739/125 2828/1764/1 2588/1563/1
s 369
f 2895/1740/128 2893/1729/121 2663/1627/121
s 368
f 2790/1741/121 2794/1765/128 2618/1529/128
s 369
f 2861/1742/125 2859/1731/126 2697/1591/126
s 367
f 2759/1743/7 2760/1767/136 2656/1490/136
s 371
f 2894/1744/137 2896/1756/129 2658/1628/129
s 370
f 2725/1745/133 2723/1733/126 2531/1454/126
s 371
f 2860/1746/123 2862/1758/3 2692/1597/3
s 372
f 2829/1747/3 2825/1724/123 2593/1560/123
s 373
f 2722/1748/489 2724/1761/482 2532/1456/482
s 366
f 2795/1749/130 2791/1726/131 2623/1522/131
s 372
f 2761/1750/119 2758/1679/4 2562/1491/4
s 368
f 2826/1751/1 2830/1774/120 2582/1561/120
s 369
f 2897/1752/127 2895/1740/128 2661/1626/128
s 367
f 2792/1753/121 2796/1775/128 2620/1527/128
s 369
f 2863/1754/1 2861/1742/125 2695/1593/125
s 368
f 2756/1755/136 2762/1777/492 2650/1493/135
s 371
f 2896/1756/129 2851/1686/7 2705/1585/7
s 370
f 2727/1757/490 2725/1745/133 2533/1457/133
s 371
f 2862/1758/3 2864/1769/138 2690/1596/138
s 366
f 2831/1759/477 2827/1736/3 2587/1562/3
s 369
f 2850/1760/4 2897/1752/127 2659/1630/127
s 373
f 2724/1761/482 2726/1771/135 2534/1458/135
s 372
f 2797/1762/137 2793/1738/131 2625/1528/131
s 366
f 2763/1763/124 2757/1735/119 2655/1494/119
s 367
f 2828/1764/1 2832/1784/120 2584/1567/120
s 368
f 2794/1765/128 2798/1785/127 2614/1534/127
s 369
f 2865/1766/120 2863/1754/1 2693/1595/1
s 367
f 2760/1767/136 2764/1787/135 2652/1495/135
s 370
f 2729/1768/491 2727/1757/490 2535/1459/490
s 371
f 2864/1769/138 2866/1779/122 2688/1600/122
s 372
f 2833/1770/138 2829/1747/3 2589/1559/3
s 373
f 2726/1771/135 2728/1781/136 2536/1460/136
s 366
f 2799/1772/480 2795/1749/130 2619/1526/130
s 372
f 2765/1773/124 2761/1750/119 2657/1496/119
s 368
f 2830/1774/120 2834/1794/134 2578/1565/134
s 367
f 2796/1775/128 2800/1795/127 2616/1531/127
s 369
f 2867/1776/134 2865/1766/120 2691/1599/120
s 368
f 2762/1777/492 2766/1797/139 2646/1497/139
s 370
f 2731/1778/4 2729/1768/491 2537/1461/491
s 371
f 2866/1779/122 2868/1789/121 2686/1603/121
s 366
f 2835/1780/122 2831/1759/477 2583/1566/477
s 373
f 2728/1781/136 2730/1791/7 2538/1462/7
s 372
f 2801/1782/129 2797/1762/137 2621/1532/137
s 366
f 2767/1783/133 2763/1763/124 2651/1498/124
s 367
f 2832/1784/120 2836/1804/134 2580/1572/134
s 368
f 2798/1785/127 2802/1805/4 2610/1533/4
s 369
f 2869/1786/131 2867/1776/134 2689/1598/134
s 367
f 2764/1787/135 2768/1807/139 2648/1503/139
s 370
f 2733/1788/493 2731/1778/4 2539/1463/4
s 371
f 2868/1789/121 2870/1799/494 2684/1602/128
s 372
f 2837/1790/122 2833/1770/138 2585/1564/138
s 373
f 2730/1791/7 2732/1801/129 2540/1465/129
s 366
f 2803/1792/7 2799/1772/480 2615/1530/480
s 372
f 2769/1793/133 2765/1773/124 2653/1500/124
s 368
f 2834/1794/134 2838/1814/131 2574/1573/131
s 367
f 2800/1795/127 2804/1815/4 2612/1540/4
s 369
f 2871/1796/137 2869/1786/131 2687/1601/131
s 368
f 2766/1797/139 2770/1817/132 2642/1501/132
s 370
f 2735/1798/128 2733/1788/493 2541/1464/493
s 371
f 2870/1799/494 2872/1809/127 2682/1604/127
s 366
f 2839/1800/121 2835/1780/122 2579/1570/122
s 373
f 2732/1801/129 2734/1811/495 2542/1466/495
s 372
f 2805/1802/7 2801/1782/129 2617/1536/129
s 366
f 2771/1803/126 2767/1783/133 2647/1502/133
s 367
f 2836/1804/134 2840/1632/131 2576/1571/131
s 368
f 2802/1805/4 2806/1633/119 2606/1542/119
s 369
f 2873/1806/129 2871/1796/137 2685/1605/137
s 367
f 2768/1807/139 2772/1635/132 2644/1508/132
s 370
f 2737/1808/496 2735/1798/128 2543/1467/128
s 371
f 2872/1809/127 2874/1819/4 2680/1608/4
s 372
f 2841/1810/121 2837/1790/122 2581/1568/122
s 373
f 2734/1811/495 2736/1821/131 2544/1468/131
s 366
f 2807/1812/478 2803/1792/7 2611/1538/7
s 372
f 2773/1813/126 2769/1793/133 2649/1499/133
s 368
f 2838/1814/131 2842/1642/479 2570/1577/137
s 367
f 2804/1815/4 2808/1643/119 2608/1539/119
s 369
f 2875/1816/7 2873/1806/129 2683/1607/129
s 368
f 2770/1817/132 2774/1646/123 2638/1505/123
s 370
f 2739/1818/471 2737/1808/496 2545/1469/496
s 371
f 2874/1819/4 2876/1637/119 2678/1610/119
s 366
f 2843/1820/128 2839/1800/121 2575/1569/121
s 373
f 2736/1821/131 2738/1639/474 2546/1471/474
s 372
f 2809/1822/136 2805/1802/7 2613/1535/7
s 374
f 3689/1362/5 3644/1413/5 3642/1361/5
s 375
f 3645/1365/5 3648/1428/5 3647/1364/5
s 376
f 3685/1367/5 3684/1369/5 3651/1368/5
s 377
f 3652/1371/5 3655/1402/5 3654/1370/5
s 378
f 3690/1374/5 3658/1409/5 3656/1373/5
s 379
f 3660/1378/5 3659/1377/5 3662/1421/5
s 380
f 3693/1380/5 3665/1430/5 3663/1379/5
s 381
f 3666/1384/5 3669/1383/5 3668/1398/5
s 382
f 3696/1386/5 3672/1405/5 3670/1385/5
s 383
f 3673/1389/5 3676/1417/5 3675/1388/5
s 384
f 3700/1391/5 3699/1393/5 3679/1392/5
s 385
f 3680/1396/5 3683/1395/5 3682/1436/5
s 386
f 3183/1383/122 3234/2452/122 3236/1397/122
s 387
f 3172/1372/4 3223/2453/4 3221/1399/4
s 388
f 3643/1361/7 3212/1412/7 3703/1400/7
s 389
f 3171/1402/7 3220/2454/7 3222/1401/7
s 390
f 3201/1363/3 3253/1400/3 3211/1403/3
s 391
f 3187/1405/128 3238/2455/128 3704/1404/128
s 392
f 3650/1407/473 3219/1433/472 3252/1406/473
s 393
f 3175/1409/135 3224/2456/135 3707/1408/135
s 394
f 3692/1375/124 3708/1411/124 3225/1410/124
s 395
f 3203/1373/485 3226/1408/485 3254/1411/485
s 396
f 3163/1413/1 3210/2457/1 3702/1412/1
s 397
f 3190/1390/7 3244/2458/7 3242/1414/7
s 398
f 3695/1381/1 3709/1419/1 3232/1415/1
s 399
f 3189/1417/4 3241/2459/4 3243/1416/4
s 400
f 3178/1378/126 3230/2460/126 3228/1418/126
s 401
f 3664/1379/4 3233/1429/4 3255/1419/4
s 402
f 3177/1421/132 3227/2461/132 3229/1420/132
s 403
f 3698/1387/137 3711/1426/137 3239/1422/137
s 404
f 3166/1366/122 3216/2462/122 3214/1423/122
s 405
f 3193/1392/124 3245/2463/124 3712/1424/124
s 406
f 3207/1385/475 3240/1404/475 3256/1426/475
s 407
f 3165/1428/134 3213/2464/134 3215/1427/134
s 408
f 3181/1430/3 3231/2465/3 3710/1429/3
s 409
f 3701/1391/135 3713/1432/135 3246/1431/135
s 410
f 3209/1425/474 3247/1424/1115 3257/1432/474
s 411
f 3169/1368/137 3217/2466/137 3705/1433/137
s 412
f 3196/1394/132 3251/2467/132 3249/1434/132
s 413
f 3195/1395/126 3248/2468/126 3250/1435/126
s 414
f 3184/1382/134 3237/2469/134 3235/1437/134
s 415
f 3199/1367/128 3706/1406/128 3218/1438/128
s 416
f 3714/1439/5 3717/1441/5 3716/1440/5
f 3718/1442/5 3719/1443/5 3717/1441/5
f 3720/1444/5 3721/1445/5 3719/1443/5
f 3722/1447/5 3723/1446/5 3721/1445/5
f 3725/1448/5 3723/1446/5 3722/1447/5
f 3726/1450/5 3727/1451/5 3725/1448/5
f 3729/1452/5 3727/1451/5 3726/1450/5
f 3730/1454/5 3731/1455/5 3729/1452/5
f 3733/1456/5 3731/1455/5 3730/1454/5
f 3735/1458/5 3733/1456/5 3732/1457/5
f 3737/1460/5 3735/1458/5 3734/1459/5
f 3739/1462/5 3737/1460/5 3736/1461/5
f 3740/1464/5 3741/1465/5 3739/1462/5
f 3743/1466/5 3741/1465/5 3740/1464/5
f 3744/1469/5 3745/1468/5 3743/1466/5
f 3746/1470/5 3747/1471/5 3745/1468/5
f 3748/1472/5 3749/1473/5 3747/1471/5
f 3751/1474/5 3749/1473/5 3748/1472/5
f 3752/1477/5 3753/1476/5 3751/1474/5
f 3755/1478/5 3753/1476/5 3752/1477/5
f 3757/1480/5 3755/1478/5 3754/1479/5
f 3759/1483/5 3757/1480/5 3756/1481/5
f 3760/1484/5 3761/1485/5 3759/1483/5
f 3716/1440/5 3761/1485/5 3760/1484/5
s 417
f 3762/1489/5 3765/1488/5 3764/1494/5
s 418
f 3769/1491/5 3768/1496/5 3767/1490/5
s 417
f 3764/1494/5 3771/1498/5 3770/1493/5
s 418
f 3767/1490/5 3768/1496/5 3773/1500/5
s 417
f 3771/1498/5 3775/1502/5 3774/1497/5
s 418
f 3772/1495/5 3773/1500/5 3777/1499/5
s 417
f 3774/1497/5 3775/1502/5 3779/1506/5
s 418
f 3777/1499/5 3781/1504/5 3780/1508/5
s 417
f 3778/1501/5 3779/1506/5 3783/1510/5
s 418
f 3781/1504/5 3785/1512/5 3784/1507/5
s 417
f 3783/1510/5 3787/1514/5 3786/1509/5
s 418
f 3784/1507/5 3785/1512/5 3789/1516/5
s 417
f 3786/1509/5 3787/1514/5 3791/1513/5
s 418
f 3789/1516/5 3793/1520/5 3792/1515/5
s 417
f 3791/1513/5 3795/1518/5 3794/1521/5
s 418
f 3792/1515/5 3793/1520/5 3797/1524/5
s 417
f 3795/1518/5 3799/1522/5 3798/1525/5
s 418
f 3797/1524/5 3801/1528/5 3800/1523/5
s 417
f 3798/1525/5 3799/1522/5 3803/1526/5
s 418
f 3801/1528/5 3805/1532/5 3804/1527/5
s 417
f 3802/1529/5 3803/1526/5 3807/1530/5
s 418
f 3805/1532/5 3809/1536/5 3808/1531/5
s 417
f 3806/1534/5 3807/1530/5 3811/1538/5
s 418
f 3808/1531/5 3809/1536/5 3813/1535/5
s 417
f 3810/1533/5 3811/1538/5 3815/1537/5
s 418
f 3813/1535/5 3817/1544/5 3816/1539/5
s 417
f 3815/1537/5 3819/1546/5 3818/1541/5
s 418
f 3817/1544/5 3821/1548/5 3820/1543/5
s 417
f 3819/1546/5 3823/1550/5 3822/1545/5
s 418
f 3821/1548/5 3825/1552/5 3824/1547/5
s 417
f 3822/1545/5 3823/1550/5 3827/1554/5
s 418
f 3825/1552/5 3829/1556/5 3828/1551/5
s 417
f 3826/1549/5 3827/1554/5 3831/1558/5
s 418
f 3829/1556/5 3833/1560/5 3832/1555/5
s 417
f 3830/1553/5 3831/1558/5 3835/1562/5
s 418
f 3832/1555/5 3833/1560/5 3837/1559/5
s 417
f 3835/1562/5 3839/1566/5 3838/1561/5
s 418
f 3837/1559/5 3841/1564/5 3840/1567/5
s 417
f 3839/1566/5 3843/1570/5 3842/1565/5
s 418
f 3840/1567/5 3841/1564/5 3845/1568/5
s 417
f 3843/1570/5 3847/1569/5 3846/1573/5
s 418
f 3844/1572/5 3845/1568/5 3849/1576/5
s 417
f 3846/1573/5 3847/1569/5 3851/1574/5
s 418
f 3848/1571/5 3849/1576/5 3853/1575/5
s 417
f 3850/1577/5 3851/1574/5 3855/1578/5
s 418
f 3852/1579/5 3853/1575/5 3857/1580/5
s 417
f 3855/1578/5 3765/1488/5 3762/1489/5
s 418
f 3856/1582/5 3857/1580/5 3769/1491/5
s 419
f 3861/1584/5 3860/1587/5 3859/1583/5
f 3859/1583/5 3860/1587/5 3863/1586/5
f 3862/1588/5 3863/1586/5 3865/1589/5
f 3864/1590/5 3865/1589/5 3867/1591/5
f 3867/1591/5 3869/1593/5 3868/1594/5
f 3869/1593/5 3871/1595/5 3870/1597/5
f 3871/1595/5 3873/1599/5 3872/1596/5
f 3872/1596/5 3873/1599/5 3875/1598/5
f 3874/1600/5 3875/1598/5 3877/1601/5
f 3877/1601/5 3879/1605/5 3878/1602/5
f 3879/1605/5 3881/1607/5 3880/1604/5
f 3880/1604/5 3881/1607/5 3883/1606/5
f 3882/1608/5 3883/1606/5 3885/1609/5
f 3884/1610/5 3885/1609/5 3887/1611/5
f 3887/1611/5 3889/1615/5 3888/1612/5
f 3888/1612/5 3889/1615/5 3891/1617/5
f 3891/1617/5 3893/1619/5 3892/1616/5
f 3893/1619/5 3895/1621/5 3894/1618/5
f 3894/1618/5 3895/1621/5 3897/1623/5
f 3896/1620/5 3897/1623/5 3899/1625/5
f 3899/1625/5 3901/1627/5 3900/1624/5
f 3900/1624/5 3901/1627/5 3903/1626/5
f 3903/1626/5 3905/1630/5 3904/1628/5
f 3905/1630/5 3861/1584/5 3858/1585/5
s 420
f 3387/1506/134 3515/1803/134 3519/1631/120
s 421
f 3316/1579/124 3588/1654/124 3584/1632/133
s 422
f 3346/1541/137 3554/1655/137 3550/1633/129
s 423
f 3425/1606/4 3619/1816/4 3621/1634/127
s 421
f 3384/1507/138 3520/1657/138 3516/1635/122
s 424
f 3291/1470/473 3483/1818/473 3485/1636/481
s 425
f 3420/1613/137 3622/1648/137 3620/1637/129
s 426
f 3321/1576/139 3585/1810/139 3589/1638/249
s 427
f 3292/1473/125 3484/1650/125 3482/1639/126
s 420
f 3351/1537/127 3551/1812/127 3555/1640/494
s 426
f 3389/1504/134 3517/1813/134 3521/1641/120
s 422
f 3310/1581/119 3590/1666/119 3586/1642/124
s 421
f 3348/1543/137 3556/1667/137 3552/1643/129
s 423
f 3423/1609/127 3621/1634/127 3623/1644/128
s 424
f 3258/1486/4 3452/1715/4 3451/1645/497
s 422
f 3378/1509/3 3522/1669/3 3518/1646/138
s 424
f 3293/1472/481 3485/1636/481 3487/1647/3
s 425
f 3418/1612/131 3624/1659/131 3622/1648/137
s 420
f 3315/1574/249 3587/1820/249 3591/1649/136
s 427
f 3294/1474/1 3486/1662/1 3484/1650/125
s 426
f 3353/1544/127 3553/1822/127 3557/1651/494
s 427
f 3260/1441/136 3450/1664/136 3453/1652/7
s 420
f 3383/1510/120 3519/1631/120 3523/1653/1
s 421
f 3312/1582/119 3592/1674/119 3588/1654/124
s 422
f 3342/1545/131 3558/1680/131 3554/1655/137
s 423
f 3421/1611/128 3623/1644/128 3625/1656/121
s 421
f 3380/1511/3 3524/1682/3 3520/1657/138
s 424
f 3295/1475/3 3487/1647/3 3489/1658/477
s 425
f 3416/1614/134 3626/1672/134 3624/1659/131
s 424
f 3261/1439/497 3451/1645/497 3455/1660/124
s 426
f 3317/1575/249 3589/1638/249 3593/1661/136
s 427
f 3296/1476/120 3488/1675/120 3486/1662/1
s 420
f 3347/1546/494 3555/1640/494 3559/1663/121
s 427
f 3262/1443/498 3454/1677/499 3450/1664/136
s 426
f 3385/1512/120 3521/1641/120 3525/1665/1
s 422
f 3309/1489/4 3499/1727/4 3590/1666/119
s 421
f 3344/1547/131 3560/1691/131 3556/1667/137
s 423
f 3419/1615/121 3625/1656/121 3627/1668/122
s 422
f 3374/1517/123 3526/1693/123 3522/1669/3
s 420
f 3311/1578/136 3591/1649/136 3498/1670/7
s 424
f 3297/1477/477 3489/1658/477 3491/1671/471
s 425
f 3414/1616/120 3628/1684/120 3626/1672/134
s 424
f 3263/1442/124 3455/1660/124 3457/1673/484
s 421
f 3307/1492/4 3503/1743/4 3592/1674/119
s 427
f 3298/1478/134 3490/1687/134 3488/1675/120
s 426
f 3349/1548/494 3557/1651/494 3561/1676/121
s 427
f 3264/1445/482 3456/1689/482 3454/1677/499
s 420
f 3379/1514/1 3523/1653/1 3527/1678/125
s 426
f 3313/1580/136 3593/1661/136 3502/1679/7
s 422
f 3338/1549/134 3562/1703/134 3558/1680/131
s 423
f 3417/1617/122 3627/1668/122 3629/1681/138
s 421
f 3376/1515/123 3528/1705/123 3524/1682/3
s 424
f 3299/1479/471 3491/1671/471 3493/1683/121
s 425
f 3412/1618/1 3630/1696/1 3628/1684/120
s 424
f 3265/1444/484 3457/1673/484 3459/1685/126
s 425
f 3446/1583/127 3596/1698/127 3595/1686/4
s 427
f 3300/1480/131 3492/1699/131 3490/1687/134
s 420
f 3343/1550/121 3559/1663/121 3563/1688/122
s 427
f 3266/1446/500 3458/1701/502 3456/1689/482
s 426
f 3381/1516/1 3525/1665/1 3529/1690/125
s 421
f 3340/1551/134 3564/1716/134 3560/1691/131
s 423
f 3415/1619/138 3629/1681/138 3631/1692/3
s 422
f 3370/1521/132 3530/1718/132 3526/1693/123
s 423
f 3448/1584/7 3594/1760/7 3597/1694/129
s 424
f 3301/1481/121 3493/1683/121 3495/1695/501
s 425
f 3410/1620/125 3632/1708/125 3630/1696/1
s 424
f 3267/1447/126 3459/1685/126 3461/1697/488
s 425
f 3444/1588/128 3598/1710/128 3596/1698/127
s 427
f 3302/1483/130 3494/1711/130 3492/1699/131
s 426
f 3345/1552/121 3561/1676/121 3565/1700/122
s 427
f 3268/1448/123 3460/1713/123 3458/1701/502
s 420
f 3375/1513/125 3527/1678/125 3531/1702/126
s 422
f 3334/1553/120 3566/1728/120 3562/1703/134
s 423
f 3413/1621/3 3631/1692/3 3633/1704/123
s 421
f 3372/1519/132 3532/1730/132 3528/1705/123
s 423
f 3447/1587/129 3597/1694/129 3599/1706/137
s 424
f 3303/1482/501 3495/1695/501 3497/1707/127
s 425
f 3408/1622/126 3634/1721/126 3632/1708/125
s 424
f 3269/1449/488 3461/1697/488 3463/1709/1
s 425
f 3442/1590/121 3600/1723/121 3598/1710/128
s 427
f 3304/1485/129 3496/1720/129 3494/1711/130
s 420
f 3339/1554/122 3563/1688/122 3567/1712/138
s 427
f 3270/1451/3 3462/1725/3 3460/1713/123
s 426
f 3377/1520/125 3529/1690/125 3533/1714/126
s 424
f 3305/1484/127 3497/1707/127 3452/1715/4
s 421
f 3336/1555/120 3568/1739/120 3564/1716/134
s 423
f 3411/1623/123 3633/1704/123 3635/1717/132
s 422
f 3366/1525/139 3534/1741/139 3530/1718/132
s 423
f 3445/1586/137 3599/1706/137 3601/1719/131
s 427
f 3259/1440/7 3453/1652/7 3496/1720/129
s 425
f 3406/1624/133 3636/1732/133 3634/1721/126
s 424
f 3271/1450/1 3463/1709/1 3465/1722/503
s 425
f 3440/1592/122 3602/1734/122 3600/1723/121
s 426
f 3341/1556/122 3565/1700/122 3569/1724/138
s 427
f 3272/1452/138 3464/1737/138 3462/1725/3
s 420
f 3371/1518/126 3531/1702/126 3535/1726/133
s 422
f 3398/1487/127 3500/1755/127 3499/1727/4
f 3330/1557/1 3570/1751/1 3566/1728/120
s 423
f 3409/1625/132 3635/1717/132 3637/1729/139
s 421
f 3368/1523/139 3536/1753/139 3532/1730/132
s 423
f 3443/1589/131 3601/1719/131 3603/1731/134
s 425
f 3404/1629/124 3638/1744/124 3636/1732/133
s 424
f 3273/1453/503 3465/1722/503 3467/1733/134
s 425
f 3438/1594/138 3604/1746/138 3602/1734/122
s 420
f 3308/1488/7 3498/1670/7 3501/1735/129
f 3335/1558/138 3567/1712/138 3571/1736/3
s 427
f 3274/1455/504 3466/1748/506 3464/1737/138
s 426
f 3373/1524/126 3533/1714/126 3537/1738/133
s 421
f 3332/1563/1 3572/1764/1 3568/1739/120
s 423
f 3407/1627/139 3637/1729/139 3639/1740/135
s 422
f 3362/1529/135 3538/1765/135 3534/1741/139
s 423
f 3441/1591/134 3603/1731/134 3605/1742/120
s 421
f 3400/1490/127 3504/1767/127 3503/1743/4
s 425
f 3402/1628/119 3640/1756/119 3638/1744/124
s 424
f 3275/1454/134 3467/1733/134 3469/1745/505
s 425
f 3436/1597/3 3606/1758/3 3604/1746/138
s 426
f 3337/1560/138 3569/1724/138 3573/1747/3
s 427
f 3276/1456/496 3468/1761/496 3466/1748/506
s 420
f 3367/1522/133 3535/1726/133 3539/1749/490
s 426
f 3306/1491/7 3502/1679/7 3505/1750/129
s 422
f 3326/1561/125 3574/1774/125 3570/1751/1
s 423
f 3405/1626/135 3639/1740/135 3641/1752/136
s 421
f 3364/1527/135 3540/1775/135 3536/1753/139
s 423
f 3439/1593/120 3605/1742/120 3607/1754/1
s 422
f 3394/1493/128 3506/1777/128 3500/1755/127
s 425
f 3449/1585/4 3595/1686/4 3640/1756/119
s 424
f 3277/1457/505 3469/1745/505 3471/1757/137
s 425
f 3434/1596/123 3608/1769/123 3606/1758/3
s 420
f 3331/1562/3 3571/1736/3 3575/1759/123
s 423
f 3403/1630/136 3641/1752/136 3594/1760/7
s 427
f 3278/1458/507 3470/1771/509 3468/1761/496
s 426
f 3369/1528/133 3537/1738/133 3541/1762/490
s 420
f 3399/1494/129 3501/1735/129 3507/1763/130
s 421
f 3328/1567/125 3576/1784/125 3572/1764/1
s 422
f 3358/1534/136 3542/1785/136 3538/1765/135
s 423
f 3437/1595/1 3607/1754/1 3609/1766/125
s 421
f 3396/1495/128 3508/1787/128 3504/1767/127
s 424
f 3279/1459/137 3471/1757/137 3473/1768/508
s 425
f 3432/1600/132 3610/1779/132 3608/1769/123
s 426
f 3333/1559/3 3573/1747/3 3577/1770/123
s 427
f 3280/1460/127 3472/1781/127 3470/1771/509
s 420
f 3363/1526/490 3539/1749/490 3543/1772/119
s 426
f 3401/1496/129 3505/1750/129 3509/1773/137
s 422
f 3322/1565/126 3578/1794/126 3574/1774/125
s 421
f 3360/1531/136 3544/1795/136 3540/1775/135
s 423
f 3435/1599/125 3609/1766/125 3611/1776/126
s 422
f 3390/1497/121 3510/1797/121 3506/1777/128
s 424
f 3281/1461/508 3473/1768/508 3475/1778/7
s 425
f 3430/1603/139 3612/1789/139 3610/1779/132
s 420
f 3327/1566/123 3575/1759/123 3579/1780/132
s 427
f 3282/1462/4 3474/1791/4 3472/1781/127
s 426
f 3365/1532/490 3541/1762/490 3545/1782/119
s 420
f 3395/1498/130 3507/1763/130 3511/1783/131
s 421
f 3324/1572/126 3580/1804/126 3576/1784/125
s 422
f 3354/1533/7 3546/1805/7 3542/1785/136
s 423
f 3433/1598/126 3611/1776/126 3613/1786/133
s 421
f 3392/1503/121 3512/1807/121 3508/1787/128
s 424
f 3283/1463/7 3475/1778/7 3477/1788/136
s 425
f 3428/1602/135 3614/1799/135 3612/1789/139
s 426
f 3329/1564/123 3577/1770/123 3581/1790/132
s 427
f 3284/1465/119 3476/1801/119 3474/1791/4
s 420
f 3359/1530/119 3543/1772/119 3547/1792/4
s 426
f 3397/1500/137 3509/1773/137 3513/1793/131
s 422
f 3318/1573/133 3582/1814/133 3578/1794/126
s 421
f 3356/1540/7 3548/1815/7 3544/1795/136
s 423
f 3431/1601/133 3613/1786/133 3615/1796/124
s 422
f 3386/1501/122 3514/1817/122 3510/1797/121
s 424
f 3285/1464/136 3477/1788/136 3479/1798/510
s 425
f 3426/1604/136 3616/1809/136 3614/1799/135
s 420
f 3323/1570/132 3579/1780/132 3583/1800/139
s 427
f 3286/1466/490 3478/1811/490 3476/1801/119
s 426
f 3361/1536/119 3545/1782/119 3549/1802/4
s 420
f 3391/1502/131 3511/1783/131 3515/1803/134
s 421
f 3320/1571/133 3584/1632/133 3580/1804/126
s 422
f 3350/1542/129 3550/1633/129 3546/1805/7
s 423
f 3429/1605/124 3615/1796/124 3617/1806/119
s 421
f 3388/1508/122 3516/1635/122 3512/1807/121
s 424
f 3287/1467/492 3479/1798/510 3481/1808/139
s 425
f 3424/1608/7 3618/1819/7 3616/1809/136
s 426
f 3325/1568/132 3581/1790/132 3585/1810/139
s 427
f 3288/1468/133 3480/1821/133 3478/1811/490
s 420
f 3355/1538/4 3547/1792/4 3551/1812/127
s 426
f 3393/1499/131 3513/1793/131 3517/1813/134
s 422
f 3314/1577/124 3586/1642/124 3582/1814/133
s 421
f 3352/1539/129 3552/1643/129 3548/1815/7
s 423
f 3427/1607/119 3617/1806/119 3619/1816/4
s 422
f 3382/1505/138 3518/1646/138 3514/1817/122
s 424
f 3289/1469/139 3481/1808/139 3483/1818/473
s 425
f 3422/1610/129 3620/1637/129 3618/1819/7
s 420
f 3319/1569/139 3583/1800/139 3587/1820/249
s 427
f 3290/1471/126 3482/1639/126 3480/1821/133
s 426
f 3357/1535/4 3549/1802/4 3553/1822/127
s 428
f 4098/1823/511 4125/1827/511 4123/1824/512
f 4099/1826/513 4126/1829/513 4125/1827/511
f 4100/1828/514 4127/1831/514 4126/1829/513
f 4101/1830/515 4128/1833/515 4127/1831/514
f 4102/1832/3 4129/1838/3 4128/1833/515
s 429
f 4083/1834/119 4110/1840/119 4109/1835/4
s 428
f 4103/1837/3 4130/1842/3 4129/1838/3
s 429
f 4084/1839/516 4111/1844/516 4110/1840/119
s 428
f 4104/1841/3 4131/1846/3 4130/1842/3
s 429
f 4085/1843/517 4112/1848/517 4111/1844/516
f 4106/1845/518 4133/1850/518 4132/1846/519
f 4086/1847/520 4113/1852/520 4112/1848/517
f 4107/1849/521 4134/1854/521 4133/1850/518
s 430
f 4088/1851/1 4115/1856/1 4114/1852/1
s 429
f 4108/1853/127 4135/1857/127 4134/1854/521
s 430
f 4089/1855/1 4116/1859/1 4115/1856/1
s 429
f 4082/1836/4 4109/1835/4 4135/1857/127
s 430
f 4090/1858/522 4117/1861/522 4116/1859/1
f 4091/1860/523 4118/1863/523 4117/1861/522
f 4092/1862/524 4119/1865/524 4118/1863/523
f 4093/1864/525 4120/1867/525 4119/1865/524
f 4094/1866/526 4121/2470/526 4120/1867/525
s 431
f 4177/1868/527 4179/1871/528 4152/1869/528
f 4179/1871/528 4180/1873/529 4153/1872/529
f 4180/1873/529 4181/1875/530 4154/1874/530
f 4181/1875/530 4182/1877/531 4155/1876/531
f 4182/1877/531 4183/1882/1 4156/1878/1
s 432
f 4163/1879/7 4164/1884/136 4137/1880/136
s 431
f 4183/1882/1 4184/1886/1 4157/1883/1
s 432
f 4164/1884/136 4165/1888/135 4138/1885/135
s 431
f 4184/1886/1 4185/1890/1 4158/1887/1
s 432
f 4165/1888/135 4166/1892/532 4139/1889/532
f 4186/1890/533 4187/1894/534 4160/1891/534
f 4166/1892/532 4167/1896/535 4140/1893/535
f 4187/1894/534 4188/1898/137 4161/1895/137
s 433
f 4168/1896/3 4169/1900/3 4142/1897/3
s 432
f 4188/1898/137 4189/1902/129 4162/1899/129
s 433
f 4169/1900/3 4170/1903/3 4143/1901/3
s 432
f 4189/1902/129 4163/1879/7 4136/1881/7
s 433
f 4170/1903/3 4171/1905/536 4144/1904/536
f 4171/1905/536 4172/1907/537 4145/1906/537
f 4172/1907/537 4173/1909/539 4146/1908/538
f 4173/1909/539 4174/1911/540 4147/1910/540
f 4174/1911/540 4175/1924/541 4148/1912/541
s 434
f 3928/1836/5 3972/1881/5 3971/1880/5
f 3927/1834/5 3971/1880/5 3970/1885/5
f 3926/1839/5 3970/1885/5 3969/1889/5
f 3924/1847/5 3925/1843/5 3969/1889/5
f 3924/1847/5 3968/1893/5 3967/1897/5
f 3922/1855/5 3923/1851/5 3967/1897/5
f 3921/1858/5 3922/1855/5 3966/1901/5
f 3921/1858/5 3965/1904/5 3964/1906/5
f 3920/1860/5 3964/1906/5 3963/1908/5
f 3919/1862/5 3963/1908/5 3962/1910/5
f 3918/1864/5 3962/1910/5 4149/1912/5
f 3915/1823/5 4097/1825/5 4151/1870/5
f 3914/1826/5 3915/1823/5 3961/1869/5
f 3913/1828/5 3914/1826/5 3960/1872/5
f 3912/1830/5 3913/1828/5 3959/1874/5
f 3912/1830/5 3958/1876/5 3957/1878/5
f 3911/1832/5 3957/1878/5 3956/1883/5
f 3909/1841/5 3910/1837/5 3956/1883/5
f 3909/1841/5 3955/1887/5 3954/1891/5
f 3907/1849/5 3908/1845/5 3954/1891/5
f 3906/1853/5 3907/1849/5 3953/1895/5
f 3906/1853/5 3952/1899/5 3972/1881/5
s 435
f 3929/1913/13 3930/1914/13 3974/1884/13
f 3930/1914/13 3931/1915/13 3975/1888/13
f 3931/1915/13 3932/1917/13 3976/1892/13
f 3933/1916/13 3977/1896/13 3976/1892/13
f 3933/1916/13 3934/1919/13 3978/1900/13
f 3935/1918/13 3979/1903/13 3978/1900/13
f 3936/1920/13 3980/1905/13 3979/1903/13
f 3936/1920/13 3937/1921/13 3981/1907/13
f 3937/1921/13 3938/1922/13 3982/1909/13
f 3938/1922/13 3939/1923/13 3983/1911/13
f 3939/1923/13 4122/2031/13 4176/1924/13
f 3942/1925/13 3984/1871/13 4178/1868/13
f 3943/1927/13 3985/1873/13 3984/1871/13
f 3944/1928/13 3986/1875/13 3985/1873/13
f 3945/1929/13 3987/1877/13 3986/1875/13
f 3945/1929/13 3946/1930/13 3988/1882/13
f 3946/1930/13 3947/1932/13 3989/1886/13
f 3948/1931/13 3990/1890/13 3989/1886/13
f 3948/1931/13 3949/1934/13 3991/1894/13
f 3950/1933/13 3992/1898/13 3991/1894/13
f 3951/1935/13 3993/1902/13 3992/1898/13
f 3951/1935/13 3929/1913/13 3973/1879/13
s 436
f 3941/1824/542 4225/1937/543 4202/1936/543
f 4225/1937/543 4226/1939/544 4203/1938/544
f 4226/1939/544 4227/1941/545 4204/1940/545
f 4227/1941/545 4228/1943/546 4205/1942/546
f 4228/1943/546 4229/1948/547 4206/1944/547
s 437
f 4213/1945/7 4214/1950/129 4191/1946/129
s 436
f 4229/1948/547 4230/1952/548 4207/1949/548
s 437
f 4214/1950/129 4215/1954/549 4192/1951/549
s 436
f 4230/1952/548 4231/1956/550 4208/1953/550
s 437
f 4215/1954/549 4216/1958/551 4193/1955/551
f 4232/1956/552 4233/1960/553 4210/1957/553
f 4216/1958/551 4217/1962/554 4194/1959/554
f 4233/1960/553 4234/1964/555 4211/1961/555
s 438
f 4218/1962/556 4219/1966/557 4196/1963/557
s 437
f 4234/1964/555 4235/1968/136 4212/1965/136
s 438
f 4219/1966/557 4220/1969/558 4197/1967/558
s 437
f 4235/1968/136 4213/1945/7 4190/1947/7
s 438
f 4220/1969/558 4221/1971/560 4198/1970/559
f 4221/1971/560 4222/1973/561 4199/1972/561
f 4222/1973/561 4223/1975/562 4200/1974/562
f 4223/1975/562 4224/1977/563 4201/1976/563
f 4224/1977/563 3940/2470/564 3917/1866/564
s 439
f 4248/1978/565 4271/1980/565 4071/1868/566
f 4249/1979/567 4272/1982/567 4271/1980/565
f 4250/1981/568 4273/1984/568 4272/1982/567
f 4251/1983/569 4274/1986/569 4273/1984/568
f 4252/1985/570 4275/1991/570 4274/1986/569
s 440
f 4237/1987/127 4260/1993/127 4259/1988/4
s 439
f 4253/1990/1 4276/1995/1 4275/1991/570
s 440
f 4238/1992/128 4261/1997/128 4260/1993/127
s 439
f 4254/1994/1 4277/1999/1 4276/1995/1
s 440
f 4239/1996/571 4262/2001/571 4261/1997/128
f 4256/1998/572 4279/2003/572 4278/1999/573
f 4240/2000/574 4263/2005/574 4262/2001/571
f 4257/2002/124 4280/2007/124 4279/2003/572
s 441
f 4242/2004/3 4265/2009/3 4264/2005/3
s 440
f 4258/2006/119 4281/2010/119 4280/2007/124
s 441
f 4243/2008/575 4266/2012/575 4265/2009/3
s 440
f 4236/1989/4 4259/1988/4 4281/2010/119
s 441
f 4244/2011/576 4267/2014/576 4266/2012/575
f 4245/2013/577 4268/2016/577 4267/2014/576
f 4246/2015/578 4269/2018/578 4268/2016/577
f 4247/2017/579 4270/2019/579 4269/2018/578
f 4047/1912/580 4070/1924/580 4270/2019/579
s 434
f 4057/1987/5 4058/1989/5 4014/1947/5
f 4012/1951/5 4056/1992/5 4057/1987/5
f 4055/1996/5 4056/1992/5 4012/1951/5
f 4010/1959/5 4054/2000/5 4055/1996/5
f 4053/2004/5 4054/2000/5 4010/1959/5
f 4008/1967/5 4052/2008/5 4053/2004/5
f 4007/1970/5 4051/2011/5 4052/2008/5
f 4050/2013/5 4051/2011/5 4007/1970/5
f 4049/2015/5 4050/2013/5 4006/1972/5
f 4048/2017/5 4049/2015/5 4005/1974/5
f 4149/1912/5 4048/2017/5 4004/1976/5
f 4003/1936/5 4045/1978/5 4151/1870/5
f 4002/1938/5 4044/1979/5 4045/1978/5
f 4001/1940/5 4043/1981/5 4044/1979/5
f 4000/1942/5 4042/1983/5 4043/1981/5
f 4041/1985/5 4042/1983/5 4000/1942/5
f 4040/1990/5 4041/1985/5 3999/1944/5
f 3997/1953/5 4039/1994/5 4040/1990/5
f 4038/1998/5 4039/1994/5 3997/1953/5
f 3995/1961/5 4037/2002/5 4038/1998/5
f 4036/2006/5 4037/2002/5 3995/1961/5
f 4058/1989/5 4036/2006/5 3994/1965/5
s 435
f 4015/2020/13 4059/1988/13 4060/1993/13
f 4060/1993/13 4061/1997/13 4017/2022/13
f 4017/2022/13 4061/1997/13 4062/2001/13
f 4062/2001/13 4063/2005/13 4019/2024/13
f 4019/2024/13 4063/2005/13 4064/2009/13
f 4064/2009/13 4065/2012/13 4021/2026/13
f 4065/2012/13 4066/2014/13 4022/2027/13
f 4022/2027/13 4066/2014/13 4067/2016/13
f 4023/2028/13 4067/2016/13 4068/2018/13
f 4024/2029/13 4068/2018/13 4069/2019/13
f 4025/2030/13 4069/2019/13 4176/1924/13
f 4178/1868/13 4072/1980/13 4026/2032/13
f 4072/1980/13 4073/1982/13 4027/2033/13
f 4073/1982/13 4074/1984/13 4028/2034/13
f 4074/1984/13 4075/1986/13 4029/2035/13
f 4029/2035/13 4075/1986/13 4076/1991/13
f 4030/2036/13 4076/1991/13 4077/1995/13
f 4077/1995/13 4078/1999/13 4032/2038/13
f 4032/2038/13 4078/1999/13 4079/2003/13
f 4079/2003/13 4080/2007/13 4034/2040/13
f 4034/2040/13 4080/2007/13 4081/2010/13
f 4035/2041/13 4081/2010/13 4059/1988/13
s 442
f 4377/2042/5 4378/2046/5 4379/2043/5
f 4380/2045/5 4381/2048/5 4378/2046/5
f 4382/2047/5 4383/2050/5 4381/2048/5
f 4382/2047/5 4384/2052/5 4385/2049/5
f 4386/2051/5 4387/2054/5 4385/2049/5
f 4388/2053/5 4389/2056/5 4387/2054/5
f 4390/2055/5 4391/2058/5 4389/2056/5
f 4390/2055/5 4392/2059/5 4393/2057/5
f 4392/2059/5 4394/2061/5 4395/2060/5
f 4394/2061/5 4396/2063/5 4397/2062/5
f 4396/2063/5 4398/2065/5 4399/2064/5
f 4398/2065/5 4400/2068/5 4544/2066/5
f 4401/2067/5 4402/2070/5 4544/2066/5
f 4403/2069/5 4404/2072/5 4402/2070/5
f 4405/2071/5 4406/2074/5 4404/2072/5
f 4407/2073/5 4408/2076/5 4406/2074/5
f 4409/2075/5 4410/2078/5 4408/2076/5
f 4411/2077/5 4412/2080/5 4410/2078/5
f 4411/2077/5 4413/2082/5 4414/2079/5
f 4415/2081/5 4416/2084/5 4414/2079/5
f 4417/2083/5 4418/2086/5 4416/2084/5
f 4417/2083/5 4419/2087/5 4420/2085/5
f 4419/2087/5 4421/2089/5 4422/2088/5
f 4421/2089/5 4376/2044/5 4379/2043/5
s 443
f 4355/2090/136 4496/2136/1116 4446/2066/3
s 444
f 4354/2091/119 4356/2093/124 4300/2069/124
s 443
f 4357/2092/135 4355/2090/136 4303/2070/136
s 444
f 4356/2093/124 4358/2095/133 4298/2071/133
s 443
f 4359/2094/139 4357/2092/135 4301/2072/135
s 444
f 4358/2095/133 4360/2097/126 4296/2073/126
s 443
f 4361/2096/132 4359/2094/139 4299/2074/139
s 444
f 4360/2097/126 4362/2099/125 4294/2075/125
s 443
f 4363/2098/123 4361/2096/132 4297/2076/132
s 444
f 4362/2099/125 4364/2103/1 4292/2077/1
f 4330/2100/7 4331/2104/136 4325/2042/136
s 443
f 4365/2101/3 4363/2098/123 4295/2078/123
f 4332/2102/119 4329/2125/4 4327/2043/4
s 444
f 4364/2103/1 4366/2107/120 4290/2082/120
f 4331/2104/136 4333/2108/135 4323/2045/135
s 443
f 4367/2105/138 4365/2101/3 4293/2080/3
f 4334/2106/124 4332/2102/119 4326/2046/119
s 444
f 4366/2107/120 4368/2111/134 4288/2081/134
f 4333/2108/135 4335/2112/139 4321/2047/139
s 443
f 4369/2109/122 4367/2105/138 4291/2079/138
f 4336/2110/133 4334/2106/124 4324/2048/124
s 444
f 4368/2111/134 4370/2115/131 4286/2083/131
f 4335/2112/139 4337/2116/132 4319/2052/132
s 443
f 4371/2113/121 4369/2109/122 4289/2084/122
f 4338/2114/126 4336/2110/133 4322/2050/133
s 444
f 4370/2115/131 4372/2119/137 4284/2087/137
f 4337/2116/132 4339/2120/123 4317/2051/123
s 443
f 4373/2117/128 4371/2113/121 4287/2086/121
f 4340/2118/125 4338/2114/126 4320/2049/126
s 444
f 4372/2119/137 4374/2123/129 4282/2089/129
f 4339/2120/123 4341/2124/3 4315/2053/3
s 443
f 4375/2121/127 4373/2117/128 4285/2085/128
f 4342/2122/1 4340/2118/125 4318/2054/125
s 444
f 4374/2123/129 4330/2100/7 4328/2044/7
f 4341/2124/3 4343/2127/138 4313/2055/138
s 443
f 4329/2125/4 4375/2121/127 4283/2088/127
f 4344/2126/120 4342/2122/1 4316/2056/1
s 444
f 4343/2127/138 4345/2129/122 4311/2059/122
s 443
f 4346/2128/134 4344/2126/120 4314/2058/120
s 444
f 4345/2129/122 4347/2131/121 4309/2061/121
s 443
f 4348/2130/131 4346/2128/134 4312/2057/134
s 444
f 4347/2131/121 4349/2133/128 4307/2063/128
s 443
f 4350/2132/137 4348/2130/131 4310/2060/131
s 444
f 4349/2133/128 4351/2135/127 4305/2065/127
s 443
f 4352/2134/129 4350/2132/137 4308/2062/137
s 444
f 4351/2135/127 4353/2137/4 4304/2068/4
s 443
f 4496/2136/3 4352/2134/129 4306/2064/129
s 444
f 4353/2137/4 4354/2091/119 4302/2067/119
s 445
f 4519/2044/5 4522/2043/5 4521/2046/5
f 4520/2042/5 4521/2046/5 4524/2048/5
f 4523/2045/5 4524/2048/5 4526/2050/5
f 4525/2047/5 4526/2050/5 4528/2049/5
f 4527/2052/5 4528/2049/5 4530/2054/5
f 4529/2051/5 4530/2054/5 4532/2056/5
f 4532/2056/5 4534/2058/5 4533/2055/5
f 4533/2055/5 4534/2058/5 4536/2057/5
f 4535/2059/5 4536/2057/5 4538/2060/5
f 4537/2061/5 4538/2060/5 4540/2062/5
f 4540/2062/5 4542/2064/5 4541/2065/5
f 4541/2065/5 4542/2064/5 4544/2066/5
f 4544/2066/5 4546/2070/5 4545/2067/5
f 4545/2067/5 4546/2070/5 4548/2072/5
f 4548/2072/5 4550/2074/5 4549/2071/5
f 4549/2071/5 4550/2074/5 4552/2076/5
f 4551/2073/5 4552/2076/5 4554/2078/5
f 4554/2078/5 4556/2080/5 4555/2077/5
f 4555/2077/5 4556/2080/5 4558/2079/5
f 4558/2079/5 4560/2084/5 4559/2081/5
f 4559/2081/5 4560/2084/5 4562/2086/5
f 4561/2083/5 4562/2086/5 4564/2085/5
f 4564/2085/5 4566/2088/5 4565/2089/5
f 4566/2088/5 4522/2043/5 4519/2044/5
s 446
f 4446/2066/3 4496/2136/1116 4498/2090/127
s 447
f 4441/2069/137 4499/2093/137 4497/2091/129
s 446
f 4444/2070/127 4498/2090/127 4500/2092/128
s 447
f 4439/2071/131 4501/2095/131 4499/2093/137
s 446
f 4442/2072/128 4500/2092/128 4502/2094/121
s 447
f 4437/2073/134 4503/2097/134 4501/2095/131
s 446
f 4440/2074/121 4502/2094/121 4504/2096/122
s 447
f 4435/2075/120 4505/2099/120 4503/2097/134
s 446
f 4438/2076/122 4504/2096/122 4506/2098/138
s 447
f 4433/2077/1 4507/2103/1 4505/2099/120
f 4467/2042/127 4473/2104/127 4472/2100/4
s 446
f 4436/2078/138 4506/2098/138 4508/2101/3
f 4469/2043/7 4471/2125/7 4474/2102/129
s 447
f 4431/2082/125 4509/2107/125 4507/2103/1
f 4465/2045/128 4475/2108/128 4473/2104/127
s 446
f 4434/2080/3 4508/2101/3 4510/2105/123
f 4468/2046/129 4474/2102/129 4476/2106/137
s 447
f 4429/2081/126 4511/2111/126 4509/2107/125
f 4463/2047/121 4477/2112/121 4475/2108/128
s 446
f 4432/2079/123 4510/2105/123 4512/2109/132
f 4466/2048/137 4476/2106/137 4478/2110/131
s 447
f 4427/2083/133 4513/2115/133 4511/2111/126
f 4461/2052/122 4479/2116/122 4477/2112/121
s 446
f 4430/2084/132 4512/2109/132 4514/2113/139
f 4464/2050/131 4478/2110/131 4480/2114/134
s 447
f 4425/2087/124 4515/2119/124 4513/2115/133
f 4459/2051/138 4481/2120/138 4479/2116/122
s 446
f 4428/2086/139 4514/2113/139 4516/2117/249
f 4462/2049/134 4480/2114/134 4482/2118/120
s 447
f 4423/2089/119 4517/2123/119 4515/2119/124
f 4457/2053/3 4483/2124/3 4481/2120/138
s 446
f 4426/2085/135 4516/2117/249 4518/2121/136
f 4460/2054/120 4482/2118/120 4484/2122/1
s 447
f 4470/2044/4 4472/2100/4 4517/2123/119
f 4455/2055/123 4485/2127/123 4483/2124/3
s 446
f 4424/2088/136 4518/2121/136 4471/2125/7
f 4458/2056/1 4484/2122/1 4486/2126/125
s 447
f 4453/2059/132 4487/2129/132 4485/2127/123
s 446
f 4456/2058/125 4486/2126/125 4488/2128/126
s 447
f 4451/2061/139 4489/2131/139 4487/2129/132
s 446
f 4454/2057/126 4488/2128/126 4490/2130/133
s 447
f 4449/2063/135 4491/2133/135 4489/2131/139
s 446
f 4452/2060/133 4490/2130/133 4492/2132/124
s 447
f 4447/2065/136 4493/2135/136 4491/2133/135
s 446
f 4450/2062/124 4492/2132/124 4494/2134/119
s 447
f 4445/2068/7 4495/2137/7 4493/2135/136
s 446
f 4448/2064/119 4494/2134/119 4496/2136/3
s 447
f 4443/2067/129 4497/2091/129 4495/2137/7
s 448
f 4569/2138/581 4636/2147/590 4573/2139/582
f 4568/2141/584 4567/2268/1117 4570/2142/585
f 4635/2145/588 4568/2141/584 4571/2143/586
f 4636/2147/590 4635/2145/588 4572/2146/589
f 4573/2139/582 4572/2146/589 4577/2148/591
f 4574/2140/583 4573/2139/582 4578/2149/592
f 4571/2143/586 4570/2142/585 4575/2151/594
f 4572/2146/589 4571/2143/586 4576/2152/595
f 4576/2152/595 4575/2151/594 4580/2153/596
f 4577/2148/591 4576/2152/595 4581/2154/597
f 4578/2149/592 4577/2148/591 4582/2156/599
f 4579/2150/593 4578/2149/592 4583/2157/600
f 4584/2155/598 4583/2157/600 4588/2158/601
f 4581/2154/597 4580/2153/596 4585/2160/603
f 4582/2156/599 4581/2154/597 4586/2161/604
f 4583/2157/600 4582/2156/599 4587/2162/605
f 4587/2162/605 4586/2161/604 4591/2163/606
f 4588/2158/601 4587/2162/605 4592/2164/607
f 4589/2159/602 4588/2158/601 4593/2165/608
f 4586/2161/604 4585/2160/603 4590/2167/610
f 4591/2163/606 4590/2167/610 4595/2168/611
f 4592/2164/607 4591/2163/606 4596/2169/612
f 4593/2165/608 4592/2164/607 4597/2171/614
f 4594/2166/609 4593/2165/608 4598/2172/615
f 4696/2173/616 4695/2176/619 4606/2174/617
f 4695/2176/619 4694/2267/710 4605/2177/620
f 4697/2178/621 4696/2173/616 4607/2175/618
f 4602/2180/623 4601/2258/701 4603/2181/624
f 4595/2168/611 4637/2217/660 4638/2183/626
f 4596/2169/612 4638/2183/626 4639/2184/627
f 4697/2178/621 4608/2179/622 4609/2185/628
f 4597/2171/614 4639/2184/627 4640/2187/630
f 4598/2172/615 4640/2187/630 4641/2188/631
f 4599/2170/613 4641/2188/631 4682/2189/632
f 4609/2185/628 4600/2144/587 4682/2189/632
f 4607/2175/618 4612/2193/636 4613/2190/633
f 4608/2179/622 4613/2190/633 4614/2191/634
f 4605/2177/620 4610/2194/637 4611/2192/635
f 4606/2174/617 4611/2192/635 4612/2193/636
f 4610/2194/637 4615/2200/643 4616/2195/638
f 4611/2192/635 4616/2195/638 4617/2197/640
f 4612/2193/636 4617/2197/640 4618/2198/641
f 4613/2190/633 4618/2198/641 4619/2196/639
f 4618/2198/641 4623/2203/646 4624/2199/642
f 4615/2200/643 4620/2207/650 4621/2201/644
f 4616/2195/638 4621/2201/644 4622/2202/645
f 4617/2197/640 4622/2202/645 4623/2203/646
f 4621/2201/644 4626/2208/651 4627/2204/647
f 4622/2202/645 4627/2204/647 4628/2205/648
f 4623/2203/646 4628/2205/648 4629/2206/649
f 4620/2207/650 4625/2209/652 4626/2208/651
f 4625/2209/652 4630/2214/657 4631/2210/653
f 4626/2208/651 4631/2210/653 4632/2212/655
f 4627/2204/647 4632/2212/655 4633/2213/656
f 4628/2205/648 4633/2213/656 4634/2211/654
f 4632/2212/655 4635/2145/588 4636/2147/590
f 4633/2213/656 4636/2147/590 4569/2138/581
f 4630/2214/657 4567/2268/1117 4568/2141/584
f 4631/2210/653 4568/2141/584 4635/2145/588
f 4639/2184/627 4644/2219/662 4645/2215/658
f 4640/2187/630 4645/2215/658 4646/2216/659
f 4637/2217/660 4642/2223/666 4643/2218/661
f 4638/2183/626 4643/2218/661 4644/2219/662
f 4643/2218/661 4648/2224/667 4649/2220/663
f 4644/2219/662 4649/2220/663 4650/2221/664
f 4645/2215/658 4650/2221/664 4651/2222/665
f 4642/2223/666 4647/2226/669 4648/2224/667
f 4650/2221/664 4655/2229/672 4656/2225/668
f 4647/2226/669 4652/2232/675 4653/2227/670
f 4648/2224/667 4653/2227/670 4654/2228/671
f 4649/2220/663 4654/2228/671 4655/2229/672
f 4654/2228/671 4659/2234/677 4660/2230/673
f 4655/2229/672 4660/2230/673 4661/2231/674
f 4652/2232/675 4657/2238/681 4658/2233/676
f 4653/2227/670 4658/2233/676 4659/2234/677
f 4658/2233/676 4663/2239/682 4664/2236/679
f 4659/2234/677 4664/2236/679 4665/2237/680
f 4660/2230/673 4665/2237/680 4666/2235/678
f 4657/2238/681 4662/2241/684 4663/2239/682
f 4665/2237/680 4670/2244/687 4671/2240/683
f 4662/2241/684 4667/2269/1118 4668/2242/685
f 4663/2239/682 4668/2242/685 4669/2243/686
f 4664/2236/679 4669/2243/686 4670/2244/687
f 4670/2244/687 4669/2243/686 4674/2245/688
f 4671/2240/683 4670/2244/687 4675/2246/689
f 4668/2242/685 4667/2269/1118 4672/2248/691
f 4669/2243/686 4668/2242/685 4673/2249/692
f 4674/2245/688 4673/2249/692 4678/2251/694
f 4675/2246/689 4674/2245/688 4679/2252/695
f 4676/2247/690 4675/2246/689 4680/2253/696
f 4673/2249/692 4672/2248/691 4677/2254/697
f 4681/2250/693 4680/2253/696 4684/2255/698
f 4678/2251/694 4677/2254/697 4683/2257/700
f 4679/2252/695 4678/2251/694 4601/2258/701
f 4680/2253/696 4679/2252/695 4602/2180/623
f 4684/2255/698 4602/2180/623 4604/2182/625
f 4685/2256/699 4684/2255/698 4687/2259/702
f 4601/2258/701 4683/2257/700 4686/2261/704
f 4604/2182/625 4603/2181/624 4690/2263/706
f 4687/2259/702 4604/2182/625 4691/2264/707
f 4688/2260/703 4687/2259/702 4692/2265/708
f 4603/2181/624 4686/2261/704 4689/2266/709
f 4693/2262/705 4692/2265/708 4697/2178/621
f 4690/2263/706 4689/2266/709 4694/2267/710
f 4691/2264/707 4690/2263/706 4695/2176/619
f 4692/2265/708 4691/2264/707 4696/2173/616
s 449
f 4701/2138/711 4706/2140/718 4705/2139/712
f 4700/2141/714 4703/2143/720 4702/2142/715
f 4767/2145/719 4704/2146/721 4703/2143/720
f 4768/2147/713 4705/2139/712 4704/2146/721
f 4705/2139/712 4710/2149/723 4709/2148/722
f 4706/2140/718 4711/2150/725 4710/2149/723
f 4703/2143/720 4708/2152/726 4707/2151/724
f 4704/2146/721 4709/2148/722 4708/2152/726
f 4708/2152/726 4713/2154/729 4712/2153/727
f 4709/2148/722 4714/2156/730 4713/2154/729
f 4710/2149/723 4715/2157/731 4714/2156/730
f 4711/2150/725 4716/2155/728 4715/2157/731
f 4716/2155/728 4721/2159/734 4720/2158/732
f 4713/2154/729 4718/2161/735 4717/2160/733
f 4714/2156/730 4719/2162/736 4718/2161/735
f 4715/2157/731 4720/2158/732 4719/2162/736
f 4719/2162/736 4724/2164/738 4723/2163/737
f 4720/2158/732 4725/2165/739 4724/2164/738
f 4721/2159/734 4726/2166/741 4725/2165/739
f 4718/2161/735 4723/2163/737 4722/2167/740
f 4723/2163/737 4728/2169/744 4727/2168/742
f 4724/2164/738 4729/2171/745 4728/2169/744
f 4725/2165/739 4730/2172/746 4729/2171/745
f 4726/2166/741 4731/2170/743 4730/2172/746
f 4738/2174/747 4827/2176/751 4828/2173/748
f 4737/2177/750 4826/2267/842 4827/2176/751
f 4739/2175/749 4828/2173/748 4829/2178/752
f 4734/2180/754 4736/2182/833 4735/2181/755
f 4770/2183/757 4769/2217/792 4727/2168/742
f 4771/2184/758 4770/2183/757 4728/2169/744
f 4741/2185/759 4740/2179/753 4829/2178/752
f 4772/2187/761 4771/2184/758 4729/2171/745
f 4773/2188/762 4772/2187/761 4730/2172/746
f 4814/2189/763 4773/2188/762 4731/2170/743
f 4814/2189/763 4732/2144/717 4741/2185/759
f 4745/2190/764 4744/2193/767 4739/2175/749
f 4746/2191/765 4745/2190/764 4740/2179/753
f 4743/2192/766 4742/2194/769 4737/2177/750
f 4744/2193/767 4743/2192/766 4738/2174/747
f 4748/2195/768 4747/2200/775 4742/2194/769
f 4749/2197/771 4748/2195/768 4743/2192/766
f 4750/2198/772 4749/2197/771 4744/2193/767
f 4751/2196/770 4750/2198/772 4745/2190/764
f 4756/2199/773 4755/2203/777 4750/2198/772
f 4753/2201/774 4752/2207/782 4747/2200/775
f 4754/2202/776 4753/2201/774 4748/2195/768
f 4755/2203/777 4754/2202/776 4749/2197/771
f 4759/2204/778 4758/2208/781 4753/2201/774
f 4760/2205/779 4759/2204/778 4754/2202/776
f 4761/2206/780 4760/2205/779 4755/2203/777
f 4758/2208/781 4757/2209/784 4752/2207/782
f 4763/2210/783 4762/2214/788 4757/2209/784
f 4764/2212/786 4763/2210/783 4758/2208/781
f 4765/2213/787 4764/2212/786 4759/2204/778
f 4766/2211/785 4765/2213/787 4760/2205/779
f 4768/2147/713 4767/2145/719 4764/2212/786
f 4701/2138/711 4768/2147/713 4765/2213/787
f 4700/2141/714 4699/2268/716 4762/2214/788
f 4767/2145/719 4700/2141/714 4763/2210/783
f 4777/2215/789 4776/2219/793 4771/2184/758
f 4778/2216/790 4777/2215/789 4772/2187/761
f 4775/2218/791 4774/2223/798 4769/2217/792
f 4776/2219/793 4775/2218/791 4770/2183/757
f 4781/2220/794 4780/2224/797 4775/2218/791
f 4782/2221/795 4781/2220/794 4776/2219/793
f 4783/2222/796 4782/2221/795 4777/2215/789
f 4780/2224/797 4779/2226/801 4774/2223/798
f 4788/2225/799 4787/2229/803 4782/2221/795
f 4785/2227/800 4784/2232/807 4779/2226/801
f 4786/2228/802 4785/2227/800 4780/2224/797
f 4787/2229/803 4786/2228/802 4781/2220/794
f 4792/2230/804 4791/2234/808 4786/2228/802
f 4793/2231/805 4792/2230/804 4787/2229/803
f 4790/2233/806 4789/2238/813 4784/2232/807
f 4791/2234/808 4790/2233/806 4785/2227/800
f 4796/2236/810 4795/2239/812 4790/2233/806
f 4797/2237/811 4796/2236/810 4791/2234/808
f 4798/2235/809 4797/2237/811 4792/2230/804
f 4795/2239/812 4794/2241/816 4789/2238/813
f 4803/2240/814 4802/2244/818 4797/2237/811
f 4800/2242/815 4799/2269/822 4794/2241/816
f 4801/2243/817 4800/2242/815 4795/2239/812
f 4802/2244/818 4801/2243/817 4796/2236/810
f 4802/2244/818 4807/2246/820 4806/2245/819
f 4803/2240/814 4808/2247/823 4807/2246/820
f 4800/2242/815 4805/2249/824 4804/2248/821
f 4801/2243/817 4806/2245/819 4805/2249/824
f 4806/2245/819 4811/2252/827 4810/2251/826
f 4807/2246/820 4812/2253/828 4811/2252/827
f 4808/2247/823 4813/2250/825 4812/2253/828
f 4805/2249/824 4810/2251/826 4809/2254/829
f 4813/2250/825 4817/2256/832 4816/2255/830
f 4810/2251/826 4733/2258/756 4815/2257/831
f 4811/2252/827 4734/2180/754 4733/2258/756
f 4812/2253/828 4816/2255/830 4734/2180/754
f 4816/2255/830 4819/2259/834 4736/2182/833
f 4817/2256/832 4820/2260/836 4819/2259/834
f 4733/2258/756 4735/2181/755 4818/2261/835
f 4736/2182/833 4823/2264/839 4822/2263/838
f 4819/2259/834 4824/2265/840 4823/2264/839
f 4820/2260/836 4825/2262/837 4824/2265/840
f 4735/2181/755 4822/2263/838 4821/2266/841
f 4825/2262/837 4830/2186/760 4829/2178/752
f 4822/2263/838 4827/2176/751 4826/2267/842
f 4823/2264/839 4828/2173/748 4827/2176/751
f 4824/2265/840 4829/2178/752 4828/2173/748
s 450
f 4833/2138/843 4838/2140/850 4837/2139/844
f 4832/2141/846 4835/2143/852 4834/2142/847
f 4899/2145/851 4836/2146/853 4835/2143/852
f 4900/2147/845 4837/2139/844 4836/2146/853
f 4837/2139/844 4842/2149/855 4841/2148/854
f 4838/2140/850 4843/2150/857 4842/2149/855
f 4835/2143/852 4840/2152/858 4839/2151/856
f 4836/2146/853 4841/2148/854 4840/2152/858
f 4840/2152/858 4845/2154/861 4844/2153/859
f 4841/2148/854 4846/2156/862 4845/2154/861
f 4842/2149/855 4847/2157/863 4846/2156/862
f 4843/2150/857 4848/2155/860 4847/2157/863
f 4848/2155/860 4853/2159/866 4852/2158/864
f 4845/2154/861 4850/2161/867 4849/2160/865
f 4846/2156/862 4851/2162/868 4850/2161/867
f 4847/2157/863 4852/2158/864 4851/2162/868
f 4851/2162/868 4856/2164/870 4855/2163/869
f 4852/2158/864 4857/2165/871 4856/2164/870
f 4853/2159/866 4858/2166/873 4857/2165/871
f 4850/2161/867 4855/2163/869 4854/2167/872
f 4855/2163/869 4860/2169/876 4859/2168/874
f 4856/2164/870 4861/2171/877 4860/2169/876
f 4857/2165/871 4862/2172/878 4861/2171/877
f 4858/2166/873 4863/2170/875 4862/2172/878
f 4870/2174/879 4959/2176/883 4960/2173/880
f 4869/2177/882 4958/2267/974 4959/2176/883
f 4871/2175/881 4960/2173/880 4961/2178/884
f 4866/2180/886 4868/2182/965 4867/2181/887
f 4902/2183/889 4901/2217/924 4859/2168/874
f 4903/2184/890 4902/2183/889 4860/2169/876
f 4873/2185/891 4872/2179/885 4961/2178/884
f 4904/2187/893 4903/2184/890 4861/2171/877
f 4905/2188/894 4904/2187/893 4862/2172/878
f 4946/2189/895 4905/2188/894 4863/2170/875
f 4946/2189/895 4864/2144/849 4873/2185/891
f 4877/2190/896 4876/2193/899 4871/2175/881
f 4878/2191/897 4877/2190/896 4872/2179/885
f 4875/2192/898 4874/2194/901 4869/2177/882
f 4876/2193/899 4875/2192/898 4870/2174/879
f 4880/2195/900 4879/2200/907 4874/2194/901
f 4881/2197/903 4880/2195/900 4875/2192/898
f 4882/2198/904 4881/2197/903 4876/2193/899
f 4883/2196/902 4882/2198/904 4877/2190/896
f 4888/2199/905 4887/2203/909 4882/2198/904
f 4885/2201/906 4884/2207/914 4879/2200/907
f 4886/2202/908 4885/2201/906 4880/2195/900
f 4887/2203/909 4886/2202/908 4881/2197/903
f 4891/2204/910 4890/2208/913 4885/2201/906
f 4892/2205/911 4891/2204/910 4886/2202/908
f 4893/2206/912 4892/2205/911 4887/2203/909
f 4890/2208/913 4889/2209/916 4884/2207/914
f 4895/2210/915 4894/2214/920 4889/2209/916
f 4896/2212/918 4895/2210/915 4890/2208/913
f 4897/2213/919 4896/2212/918 4891/2204/910
f 4898/2211/917 4897/2213/919 4892/2205/911
f 4900/2147/845 4899/2145/851 4896/2212/918
f 4833/2138/843 4900/2147/845 4897/2213/919
f 4832/2141/846 4831/2268/848 4894/2214/920
f 4899/2145/851 4832/2141/846 4895/2210/915
f 4909/2215/921 4908/2219/925 4903/2184/890
f 4910/2216/922 4909/2215/921 4904/2187/893
f 4907/2218/923 4906/2223/930 4901/2217/924
f 4908/2219/925 4907/2218/923 4902/2183/889
f 4913/2220/926 4912/2224/929 4907/2218/923
f 4914/2221/927 4913/2220/926 4908/2219/925
f 4915/2222/928 4914/2221/927 4909/2215/921
f 4912/2224/929 4911/2226/933 4906/2223/930
f 4920/2225/931 4919/2229/935 4914/2221/927
f 4917/2227/932 4916/2232/939 4911/2226/933
f 4918/2228/934 4917/2227/932 4912/2224/929
f 4919/2229/935 4918/2228/934 4913/2220/926
f 4924/2230/936 4923/2234/940 4918/2228/934
f 4925/2231/937 4924/2230/936 4919/2229/935
f 4922/2233/938 4921/2238/945 4916/2232/939
f 4923/2234/940 4922/2233/938 4917/2227/932
f 4928/2236/942 4927/2239/944 4922/2233/938
f 4929/2237/943 4928/2236/942 4923/2234/940
f 4930/2235/941 4929/2237/943 4924/2230/936
f 4927/2239/944 4926/2241/948 4921/2238/945
f 4935/2240/946 4934/2244/950 4929/2237/943
f 4932/2242/947 4931/2269/954 4926/2241/948
f 4933/2243/949 4932/2242/947 4927/2239/944
f 4934/2244/950 4933/2243/949 4928/2236/942
f 4934/2244/950 4939/2246/952 4938/2245/951
f 4935/2240/946 4940/2247/955 4939/2246/952
f 4932/2242/947 4937/2249/956 4936/2248/953
f 4933/2243/949 4938/2245/951 4937/2249/956
f 4938/2245/951 4943/2252/959 4942/2251/958
f 4939/2246/952 4944/2253/960 4943/2252/959
f 4940/2247/955 4945/2250/957 4944/2253/960
f 4937/2249/956 4942/2251/958 4941/2254/961
f 4945/2250/957 4949/2256/964 4948/2255/962
f 4942/2251/958 4865/2258/888 4947/2257/963
f 4943/2252/959 4866/2180/886 4865/2258/888
f 4944/2253/960 4948/2255/962 4866/2180/886
f 4948/2255/962 4951/2259/966 4868/2182/965
f 4949/2256/964 4952/2260/968 4951/2259/966
f 4865/2258/888 4867/2181/887 4950/2261/967
f 4868/2182/965 4955/2264/971 4954/2263/970
f 4951/2259/966 4956/2265/972 4955/2264/971
f 4952/2260/968 4957/2262/969 4956/2265/972
f 4867/2181/887 4954/2263/970 4953/2266/973
f 4957/2262/969 4962/2186/892 4961/2178/884
f 4954/2263/970 4959/2176/883 4958/2267/974
f 4955/2264/971 4960/2173/880 4959/2176/883
f 4956/2265/972 4961/2178/884 4960/2173/880
s 451
f 4965/2138/975 5032/2147/984 4969/2139/976
f 4964/2141/978 4963/2268/1119 4966/2142/979
f 5031/2145/982 4964/2141/978 4967/2143/980
f 5032/2147/984 5031/2145/982 4968/2146/983
f 4969/2139/976 4968/2146/983 4973/2148/985
f 4970/2140/977 4969/2139/976 4974/2149/986
f 4967/2143/980 4966/2142/979 4971/2151/988
f 4968/2146/983 4967/2143/980 4972/2152/989
f 4972/2152/989 4971/2151/988 4976/2153/990
f 4973/2148/985 4972/2152/989 4977/2154/991
f 4974/2149/986 4973/2148/985 4978/2156/993
f 4975/2150/987 4974/2149/986 4979/2157/994
f 4980/2155/992 4979/2157/994 4984/2158/995
f 4977/2154/991 4976/2153/990 4981/2160/997
f 4978/2156/993 4977/2154/991 4982/2161/998
f 4979/2157/994 4978/2156/993 4983/2162/999
f 4983/2162/999 4982/2161/998 4987/2163/1000
f 4984/2158/995 4983/2162/999 4988/2164/1001
f 4985/2159/996 4984/2158/995 4989/2165/1002
f 4982/2161/998 4981/2160/997 4986/2167/1004
f 4987/2163/1000 4986/2167/1004 4991/2168/1005
f 4988/2164/1001 4987/2163/1000 4992/2169/1006
f 4989/2165/1002 4988/2164/1001 4993/2171/1008
f 4990/2166/1003 4989/2165/1002 4994/2172/1009
f 5092/2173/1010 5091/2176/1013 5002/2174/1011
f 5091/2176/1013 5090/2267/1104 5001/2177/1014
f 5093/2178/1015 5092/2173/1010 5003/2175/1012
f 4998/2180/1017 4997/2258/1095 4999/2181/1018
f 4991/2168/1005 5033/2217/1054 5034/2183/1020
f 4992/2169/1006 5034/2183/1020 5035/2184/1021
f 5093/2178/1015 5004/2179/1016 5005/2185/1022
f 4993/2171/1008 5035/2184/1021 5036/2187/1024
f 4994/2172/1009 5036/2187/1024 5037/2188/1025
f 4995/2170/1007 5037/2188/1025 5078/2189/1026
f 5005/2185/1022 4996/2144/981 5078/2189/1026
f 5003/2175/1012 5008/2193/1030 5009/2190/1027
f 5004/2179/1016 5009/2190/1027 5010/2191/1028
f 5001/2177/1014 5006/2194/1031 5007/2192/1029
f 5002/2174/1011 5007/2192/1029 5008/2193/1030
f 5006/2194/1031 5011/2200/1037 5012/2195/1032
f 5007/2192/1029 5012/2195/1032 5013/2197/1034
f 5008/2193/1030 5013/2197/1034 5014/2198/1035
f 5009/2190/1027 5014/2198/1035 5015/2196/1033
f 5014/2198/1035 5019/2203/1040 5020/2199/1036
f 5011/2200/1037 5016/2207/1044 5017/2201/1038
f 5012/2195/1032 5017/2201/1038 5018/2202/1039
f 5013/2197/1034 5018/2202/1039 5019/2203/1040
f 5017/2201/1038 5022/2208/1045 5023/2204/1041
f 5018/2202/1039 5023/2204/1041 5024/2205/1042
f 5019/2203/1040 5024/2205/1042 5025/2206/1043
f 5016/2207/1044 5021/2209/1046 5022/2208/1045
f 5021/2209/1046 5026/2214/1051 5027/2210/1047
f 5022/2208/1045 5027/2210/1047 5028/2212/1049
f 5023/2204/1041 5028/2212/1049 5029/2213/1050
f 5024/2205/1042 5029/2213/1050 5030/2211/1048
f 5028/2212/1049 5031/2145/982 5032/2147/984
f 5029/2213/1050 5032/2147/984 4965/2138/975
f 5026/2214/1051 4963/2268/1119 4964/2141/978
f 5027/2210/1047 4964/2141/978 5031/2145/982
f 5035/2184/1021 5040/2219/1056 5041/2215/1052
f 5036/2187/1024 5041/2215/1052 5042/2216/1053
f 5033/2217/1054 5038/2223/1060 5039/2218/1055
f 5034/2183/1020 5039/2218/1055 5040/2219/1056
f 5039/2218/1055 5044/2224/1061 5045/2220/1057
f 5040/2219/1056 5045/2220/1057 5046/2221/1058
f 5041/2215/1052 5046/2221/1058 5047/2222/1059
f 5038/2223/1060 5043/2226/1063 5044/2224/1061
f 5046/2221/1058 5051/2229/1066 5052/2225/1062
f 5043/2226/1063 5048/2232/1069 5049/2227/1064
f 5044/2224/1061 5049/2227/1064 5050/2228/1065
f 5045/2220/1057 5050/2228/1065 5051/2229/1066
f 5050/2228/1065 5055/2234/1071 5056/2230/1067
f 5051/2229/1066 5056/2230/1067 5057/2231/1068
f 5048/2232/1069 5053/2238/1075 5054/2233/1070
f 5049/2227/1064 5054/2233/1070 5055/2234/1071
f 5054/2233/1070 5059/2239/1076 5060/2236/1073
f 5055/2234/1071 5060/2236/1073 5061/2237/1074
f 5056/2230/1067 5061/2237/1074 5062/2235/1072
f 5053/2238/1075 5058/2241/1078 5059/2239/1076
f 5061/2237/1074 5066/2244/1081 5067/2240/1077
f 5058/2241/1078 5063/2269/1120 5064/2242/1079
f 5059/2239/1076 5064/2242/1079 5065/2243/1080
f 5060/2236/1073 5065/2243/1080 5066/2244/1081
f 5066/2244/1081 5065/2243/1080 5070/2245/1082
f 5067/2240/1077 5066/2244/1081 5071/2246/1083
f 5064/2242/1079 5063/2269/1120 5068/2248/1085
f 5065/2243/1080 5064/2242/1079 5069/2249/1086
f 5070/2245/1082 5069/2249/1086 5074/2251/1088
f 5071/2246/1083 5070/2245/1082 5075/2252/1089
f 5072/2247/1084 5071/2246/1083 5076/2253/1090
f 5069/2249/1086 5068/2248/1085 5073/2254/1091
f 5077/2250/1087 5076/2253/1090 5080/2255/1092
f 5074/2251/1088 5073/2254/1091 5079/2257/1094
f 5075/2252/1089 5074/2251/1088 4997/2258/1095
f 5076/2253/1090 5075/2252/1089 4998/2180/1017
f 5080/2255/1092 4998/2180/1017 5000/2182/1019
f 5081/2256/1093 5080/2255/1092 5083/2259/1096
f 4997/2258/1095 5079/2257/1094 5082/2261/1098
f 5000/2182/1019 4999/2181/1018 5086/2263/1100
f 5083/2259/1096 5000/2182/1019 5087/2264/1101
f 5084/2260/1097 5083/2259/1096 5088/2265/1102
f 4999/2181/1018 5082/2261/1098 5085/2266/1103
f 5089/2262/1099 5088/2265/1102 5093/2178/1015
f 5086/2263/1100 5085/2266/1103 5090/2267/1104
f 5087/2264/1101 5086/2263/1100 5091/2176/1013
f 5088/2265/1102 5087/2264/1101 5092/2173/1010
