# Blender 5.2.0 LTS
# www.blender.org
mtllib Cuerpo.mtl
g RoverModificado_RoverModificado
v -2.897313 0.525261 -0.220483
v -2.897313 0.452606 -0.444089
v -2.897313 0.217492 -0.444089
v -2.897313 0.144838 -0.220483
v -2.897313 0.519710 -0.342286
v -2.897313 0.335049 -0.476450
v -2.897313 0.449176 -0.125204
v -2.897313 0.150389 -0.342286
v -2.897313 0.335049 -0.082286
v -2.897313 0.220924 -0.125204
v -2.897299 0.607052 -0.193907
v -2.697431 0.607052 -0.193907
v -2.897299 0.503156 -0.513665
v -2.697431 0.503156 -0.513665
v -2.697431 0.335049 0.003714
v -2.897299 0.335049 0.003714
v -2.897299 0.498251 -0.057659
v -2.897299 0.166943 -0.513665
v -2.897299 0.070985 -0.368086
v -2.897299 0.063048 -0.193907
v -2.897299 0.171849 -0.057659
v -2.897299 0.335049 -0.559941
v -2.897299 0.599115 -0.368086
v -2.697431 0.166943 -0.513665
v -2.697431 0.063048 -0.193907
v -2.697431 0.599115 -0.368086
v -2.697431 0.335049 -0.559941
v -2.697431 0.498251 -0.057659
v -2.697431 0.070985 -0.368086
v -2.697431 0.171849 -0.057659
v -2.932446 0.411587 -0.111068
v -2.957564 0.449176 -0.125204
v -2.917222 0.335049 -0.082286
v -2.917222 0.335050 -0.082286
v -2.932446 0.258515 -0.455381
v -2.959855 0.217492 -0.444089
v -2.917222 0.335049 -0.476450
v -2.917222 0.335050 -0.476450
v -2.932446 0.411587 -0.455381
v -2.959855 0.452606 -0.444089
v -3.040514 0.150389 -0.342286
v -2.975801 0.193629 -0.407886
v -3.068008 0.525261 -0.220483
v -3.040685 0.519826 -0.213677
v -2.975801 0.476472 -0.159385
v -3.040685 0.519826 -0.339750
v -3.040512 0.519710 -0.342286
v -2.975801 0.193629 -0.159384
v -2.957564 0.220924 -0.125204
v -3.040685 0.150275 -0.213675
v -3.068014 0.144838 -0.220483
v -2.975801 0.476472 -0.407884
v -3.040685 0.150275 -0.339776
v -2.932446 0.258515 -0.111068
v -2.917222 0.335050 -0.024646
v -2.917222 0.335050 -0.544646
v -2.932446 0.411587 -0.024646
v -2.932446 0.411587 -0.544646
v -2.975801 0.476472 -0.024646
v -2.975801 0.476472 -0.544646
v -3.040685 0.519826 -0.024646
v -3.040685 0.519826 -0.544646
v -3.117223 0.535051 -0.024646
v -3.117223 0.535051 -0.544646
v -3.193759 0.519826 -0.024646
v -3.193759 0.519826 -0.544646
v -3.258643 0.476472 -0.024646
v -3.258643 0.476472 -0.544646
v -3.301998 0.411587 -0.024646
v -3.301998 0.411587 -0.544646
v -3.317222 0.335050 -0.024646
v -3.317222 0.335050 -0.544646
v -3.301998 0.258515 -0.024646
v -3.301998 0.258515 -0.544646
v -3.258643 0.193629 -0.024646
v -3.258643 0.193629 -0.544646
v -3.193759 0.150274 -0.024646
v -3.193759 0.150274 -0.544646
v -3.117223 0.135050 -0.024646
v -3.117223 0.135050 -0.544646
v -3.040685 0.150275 -0.024646
v -3.040685 0.150275 -0.544646
v -2.975801 0.193629 -0.024646
v -2.975801 0.193629 -0.544646
v -2.932446 0.258515 -0.024646
v -2.932446 0.258515 -0.544646
v -0.763212 1.258220 -0.282286
v -0.802976 1.258220 -0.213412
v -0.882506 1.123221 -0.213412
v -0.882506 1.258220 -0.213412
v -0.922271 1.258220 -0.282286
v -0.882506 1.123221 -0.351161
v -0.882506 1.258220 -0.351161
v -0.802976 1.123221 -0.351161
v -0.802976 1.258220 -0.351161
v -0.922271 1.123221 -0.282286
v -0.763212 1.123221 -0.282286
v -0.802976 1.123221 -0.213412
v -0.757184 0.964649 -0.358571
v -0.819455 0.964649 -0.394523
v -0.866027 0.964649 -0.394523
v -0.928298 0.964649 -0.358571
v -0.951584 0.964649 -0.318238
v -0.951584 0.964649 -0.246334
v -0.928298 0.964649 -0.206002
v -0.866027 0.964649 -0.170049
v -0.733898 0.964649 -0.246334
v -0.733898 0.964649 -0.318238
v -0.819455 0.964649 -0.170049
v -0.757184 0.964649 -0.206002
v -0.819455 0.505449 -0.394523
v -0.757184 0.505449 -0.358571
v -0.928298 0.505449 -0.358571
v -0.866027 0.505449 -0.394523
v -0.951584 0.505449 -0.246334
v -0.951584 0.505449 -0.318238
v -0.866027 0.505449 -0.170049
v -0.928298 0.505449 -0.206002
v -0.757184 0.505449 -0.206002
v -0.819455 0.505449 -0.170049
v -0.733898 0.505449 -0.318238
v -0.733898 0.505449 -0.246334
v -0.754590 0.263509 -0.991634
v -0.824642 0.223065 -0.991634
v -0.860840 0.223065 -0.991634
v -0.930892 0.263509 -0.991634
v -0.948990 0.294857 -0.991634
v -0.948990 0.375746 -0.991634
v -0.930892 0.407093 -0.991634
v -0.860840 0.447539 -0.991634
v -0.736492 0.375746 -0.991634
v -0.736492 0.294857 -0.991634
v -0.824642 0.447539 -0.991634
v -0.754590 0.407093 -0.991634
v -0.824642 0.223065 -0.432434
v -0.754590 0.263509 -0.432434
v -0.930892 0.263509 -0.432434
v -0.860840 0.223065 -0.432434
v -0.948990 0.375746 -0.432434
v -0.948990 0.294857 -0.432434
v -0.860840 0.447539 -0.432434
v -0.930892 0.407093 -0.432434
v -0.754590 0.407093 -0.432434
v -0.824642 0.447539 -0.432434
v -0.736492 0.294857 -0.432434
v -0.736492 0.375746 -0.432434
v -0.817561 0.964649 -0.358814
v -0.789056 0.964649 -0.342356
v -0.896426 0.964649 -0.342356
v -0.867921 0.964649 -0.358814
v -0.921605 0.964649 -0.265829
v -0.921605 0.964649 -0.298744
v -0.867921 0.964649 -0.205759
v -0.896426 0.964649 -0.222217
v -0.789056 0.964649 -0.222217
v -0.817561 0.964649 -0.205759
v -0.763877 0.964649 -0.298744
v -0.763877 0.964649 -0.265829
v -0.896426 1.114649 -0.222217
v -0.867921 1.114649 -0.205759
v -0.882524 1.123185 -0.213381
v -0.867921 1.114649 -0.358814
v -0.896426 1.114649 -0.342356
v -0.882523 1.123185 -0.351192
v -0.789056 1.114649 -0.342356
v -0.817561 1.114649 -0.358814
v -0.802958 1.123185 -0.351192
v -0.763877 1.114649 -0.265829
v -0.763877 1.114649 -0.298744
v -0.763176 1.123185 -0.282286
v -0.921605 1.114649 -0.298744
v -0.921605 1.114649 -0.265829
v -0.922307 1.123185 -0.282286
v -0.817561 1.114649 -0.205759
v -0.789056 1.114649 -0.222217
v -0.802958 1.123185 -0.213381
v -0.770038 0.362431 -1.391634
v -0.770038 0.308172 -1.391634
v -0.829884 0.411828 -1.391634
v -0.782895 0.384699 -1.391634
v -0.829884 0.258774 -0.991634
v -0.782895 0.285904 -0.991634
v -0.902587 0.285904 -0.991634
v -0.855597 0.258774 -0.991634
v -0.915444 0.362431 -0.991634
v -0.915444 0.308172 -0.991634
v -0.855598 0.411828 -0.991634
v -0.902588 0.384699 -0.991634
v -0.782895 0.384699 -0.991634
v -0.829884 0.411828 -0.991634
v -0.770038 0.308172 -0.991634
v -0.770038 0.362431 -0.991634
v -0.902588 0.384699 -1.391634
v -0.855598 0.411828 -1.391634
v -0.915444 0.308172 -1.391634
v -0.915444 0.362431 -1.391634
v -0.855597 0.258774 -1.391634
v -0.902587 0.285904 -1.391634
v -0.782895 0.285904 -1.391634
v -0.829884 0.258774 -1.391634
v -0.148332 0.199371 -0.416596
v -0.148332 0.249241 -0.452829
v -0.148332 0.420859 -0.452829
v -0.148332 0.470729 -0.416596
v -0.148332 0.523762 -0.253377
v -0.148332 0.504713 -0.194751
v -0.148332 0.365872 -0.093877
v -0.148332 0.304228 -0.093877
v -0.148332 0.165386 -0.194751
v -0.148332 0.146337 -0.253378
v -0.148332 0.501588 -0.369780
v -0.148332 0.521210 -0.309391
v -0.148332 0.303301 -0.467710
v -0.148332 0.366799 -0.467710
v -0.148332 0.469724 -0.150936
v -0.148332 0.418354 -0.113613
v -0.148332 0.251745 -0.113613
v -0.148332 0.200375 -0.150936
v -0.148332 0.148890 -0.309391
v -0.148332 0.168512 -0.369780
v -2.697416 0.470729 -0.416596
v -2.697416 0.420859 -0.452829
v -2.697416 0.504713 -0.194751
v -2.697416 0.523762 -0.253377
v -2.697416 0.249241 -0.452829
v -2.697416 0.199371 -0.416596
v -2.697416 0.146337 -0.253378
v -2.697416 0.165386 -0.194751
v -2.697416 0.521210 -0.309391
v -2.697416 0.501588 -0.369780
v -2.697416 0.366799 -0.467710
v -2.697416 0.303301 -0.467710
v -2.697416 0.418354 -0.113613
v -2.697416 0.469724 -0.150936
v -2.697416 0.168512 -0.369780
v -2.697416 0.148890 -0.309391
v -2.697416 0.200375 -0.150936
v -2.697416 0.251745 -0.113613
v -2.697416 0.304228 -0.093877
v -2.697416 0.365873 -0.093877
v -0.242740 0.161211 -0.354291
v -0.242740 0.146889 -0.282286
v -0.242740 0.508886 -0.210280
v -0.242740 0.523208 -0.282286
v -0.242740 0.161211 -0.210280
v -0.242740 0.508886 -0.354291
v -0.242740 0.201999 -0.149236
v -0.242740 0.468098 -0.415335
v -0.242740 0.263044 -0.108448
v -0.242740 0.407054 -0.456123
v -0.242740 0.335048 -0.094126
v -0.242740 0.335048 -0.470446
v -0.242740 0.263044 -0.456123
v -0.242740 0.407054 -0.108448
v -0.242740 0.201999 -0.415335
v -0.242740 0.468097 -0.149236
v 0.042261 0.228147 -0.540367
v 0.042261 0.335048 -0.561631
v 0.042261 0.137521 -0.479813
v 0.042261 0.076966 -0.389186
v 0.042261 0.055702 -0.282285
v 0.042261 0.076966 -0.175384
v 0.042261 0.137521 -0.084757
v 0.042261 0.228147 -0.024202
v 0.042261 0.335048 -0.002938
v 0.042261 0.441950 -0.024202
v 0.042261 0.532576 -0.084757
v 0.042261 0.593131 -0.175384
v 0.042261 0.614395 -0.282284
v 0.042261 0.593131 -0.389186
v 0.042261 0.532576 -0.479813
v 0.042261 0.441950 -0.540367
v -0.242739 0.128183 -0.367972
v -0.242739 0.541915 -0.196599
v -0.242739 0.335048 -0.506196
v -0.242739 0.111138 -0.282286
v -0.242739 0.558959 -0.282286
v -0.242739 0.128183 -0.196599
v -0.242739 0.541915 -0.367972
v -0.242739 0.176720 -0.123957
v -0.242739 0.493377 -0.440614
v -0.242739 0.249362 -0.075419
v -0.242739 0.420735 -0.489152
v -0.242739 0.335048 -0.058375
v -0.242739 0.249362 -0.489152
v -0.242739 0.420735 -0.075419
v -0.242739 0.176720 -0.440614
v -0.242739 0.493377 -0.123957
v 0.042261 0.249362 -0.489152
v 0.042261 0.335048 -0.506196
v 0.042261 0.176720 -0.440614
v 0.042261 0.128183 -0.367972
v 0.042261 0.111138 -0.282286
v 0.042261 0.128183 -0.196599
v 0.042261 0.176720 -0.123957
v 0.042261 0.249362 -0.075419
v 0.042261 0.335048 -0.058375
v 0.042261 0.420735 -0.075419
v 0.042261 0.493377 -0.123957
v 0.042261 0.541915 -0.196599
v 0.042261 0.558959 -0.282286
v 0.042261 0.541915 -0.367972
v 0.042261 0.493377 -0.440614
v 0.042261 0.420735 -0.489152
v 0.496374 0.454282 -1.082285
v 0.535115 0.335048 -1.082285
v 0.394947 0.527973 -1.082285
v 0.269577 0.527973 -1.082285
v 0.168150 0.454282 -1.082285
v 0.129408 0.335048 -1.082285
v 0.168150 0.215813 -1.082285
v 0.269577 0.142122 -1.082285
v 0.394947 0.142122 -1.082286
v 0.496374 0.215813 -1.082285
v 0.496374 0.454282 -1.282285
v 0.535115 0.335048 -1.282285
v 0.363503 0.527973 -1.250841
v 0.301021 0.527973 -1.250841
v 0.168150 0.454282 -1.282285
v 0.129408 0.335048 -1.282285
v 0.168150 0.215813 -1.282285
v 0.269577 0.142122 -1.282285
v 0.394947 0.142122 -1.282285
v 0.496374 0.215813 -1.282285
v 0.090632 0.216958 -0.033501
v 0.105738 0.170468 -0.065134
v 0.143248 0.143214 -0.084757
v 0.086557 0.229499 -0.024202
v 0.090632 0.453139 -0.531068
v 0.105737 0.499627 -0.499436
v 0.143251 0.526882 -0.479813
v 0.086558 0.440598 -0.540367
v 0.053378 0.331616 -0.003689
v 0.052262 0.335048 -0.002939
v 0.052262 0.335048 -0.002938
v 0.082553 0.241821 -0.543087
v 0.052262 0.335048 -0.561631
v 0.052262 0.335048 -0.561631
v 0.086557 0.229499 -0.540367
v 0.053378 0.338482 -0.560881
v 0.082554 0.428275 -0.021482
v 0.086558 0.440598 -0.024202
v 0.117939 0.161603 -0.494361
v 0.105738 0.170468 -0.500533
v 0.143248 0.143214 -0.479813
v 0.105737 0.499627 -0.064035
v 0.117941 0.508495 -0.070208
v 0.143251 0.526882 -0.084757
v 0.185437 0.112562 -0.430378
v 0.216740 0.089820 -0.389186
v 0.185439 0.557534 -0.134190
v 0.216743 0.580278 -0.175384
v 0.227672 0.081877 -0.345208
v 0.241799 0.071613 -0.282285
v 0.227675 0.588220 -0.219361
v 0.241802 0.598484 -0.282284
v 0.231249 0.079278 -0.239520
v 0.216740 0.089819 -0.175384
v 0.231252 0.590819 -0.325048
v 0.216743 0.580278 -0.389186
v 0.172308 0.122101 -0.122172
v 0.172312 0.547996 -0.442396
v 0.612262 0.335048 0.331048
v 0.612262 0.335048 -0.895619
v 0.558787 0.499627 -0.895619
v 0.558787 0.499626 0.331048
v 0.418787 0.601343 -0.895619
v 0.418787 0.601343 0.331048
v 0.245737 0.601343 -0.895619
v 0.245737 0.601343 0.331048
v 0.105737 0.499627 -0.895619
v 0.105737 0.499626 0.331048
v 0.052262 0.335048 -0.895619
v 0.052262 0.335048 0.331048
v 0.105738 0.170468 -0.895619
v 0.105738 0.170468 0.331048
v 0.245737 0.068752 -0.895619
v 0.245737 0.068752 0.331048
v 0.418787 0.068752 -0.895619
v 0.418787 0.068752 0.331048
v 0.558787 0.170468 -0.895619
v 0.558787 0.170468 0.331048
v 0.363503 0.527973 -1.213729
v 0.301021 0.527973 -1.213729
v 0.394947 0.527973 -1.282285
v 0.269577 0.527973 -1.282285
v 0.269577 0.527973 -1.182285
v 0.394947 0.527973 -1.182285
v 0.357255 1.027973 -1.247130
v 0.307269 1.027973 -1.247130
v 0.307269 1.027973 -1.217440
v 0.357255 1.027973 -1.217440
v 0.799974 0.633244 -0.994604
v 0.799974 0.527293 -1.140286
v 0.799974 0.602211 -1.097617
v 0.799974 0.147194 -1.140286
v 0.799974 0.041243 -0.994604
v 0.799974 0.072276 -1.097617
v 0.799974 0.527293 0.575714
v 0.799974 0.633244 0.430032
v 0.799974 0.602211 0.533045
v 0.799974 0.041243 0.430032
v 0.799974 0.147194 0.575714
v 0.799974 0.072275 0.533045
v 1.399975 0.527293 -1.140286
v 1.399975 0.633243 -0.994604
v 1.399975 0.602211 -1.097617
v 1.399975 0.041243 -0.994604
v 1.399975 0.147194 -1.140286
v 1.399975 0.072276 -1.097617
v 1.399975 0.633243 0.430032
v 1.399975 0.527293 0.575714
v 1.399975 0.602211 0.533045
v 1.399975 0.147194 0.575714
v 1.399975 0.041243 0.430032
v 1.399975 0.072275 0.533045
v 1.679974 0.307244 0.350623
v 1.679974 0.373698 0.332817
v 1.679974 0.422345 0.284169
v 1.679974 0.440152 0.217714
v 1.679974 0.422345 0.151259
v 1.679974 0.373698 0.102611
v 1.679974 0.307244 0.084805
v 1.679974 0.240790 0.102611
v 1.679974 0.192141 0.151260
v 1.679974 0.174334 0.217714
v 1.679974 0.192141 0.284169
v 1.679974 0.240790 0.332817
v 1.499974 0.307244 0.399714
v 1.499974 0.398244 0.375331
v 1.499974 0.464860 0.308714
v 1.499974 0.489244 0.217714
v 1.499974 0.464860 0.126714
v 1.499974 0.398244 0.060097
v 1.499974 0.307244 0.035714
v 1.499974 0.216243 0.060097
v 1.499974 0.149627 0.126714
v 1.499974 0.125243 0.217714
v 1.499974 0.149627 0.308714
v 1.499974 0.216243 0.375331
v 1.399974 0.307244 0.436114
v 1.399974 0.416444 0.406854
v 1.499974 0.416444 0.406854
v 1.399974 0.496383 0.326914
v 1.499974 0.496383 0.326914
v 1.399974 0.525644 0.217714
v 1.499974 0.525644 0.217714
v 1.399974 0.496383 0.108514
v 1.499974 0.496383 0.108514
v 1.399974 0.416444 0.028574
v 1.499974 0.416444 0.028574
v 1.399974 0.307244 -0.000686
v 1.499974 0.307244 -0.000686
v 1.399974 0.198043 0.028574
v 1.499974 0.198043 0.028574
v 1.399974 0.118102 0.108514
v 1.499974 0.118105 0.108514
v 1.399974 0.088844 0.217714
v 1.499974 0.088844 0.217714
v 1.399974 0.118102 0.326914
v 1.499974 0.118105 0.326914
v 1.399974 0.198043 0.406854
v 1.499974 0.198043 0.406854
v 1.499974 0.307244 0.436114
v 0.979975 0.101244 0.733714
v 1.219975 0.101244 0.733714
v 0.979975 0.341244 0.573714
v 0.979975 0.101244 0.573714
v 1.219975 0.341244 0.573714
v 1.219975 0.101244 0.573714
v 0.979975 0.221244 0.733714
v 1.219975 0.221244 0.733714
v 1.219975 0.221244 0.573714
v 0.979975 0.221244 0.573714
v 1.399975 0.457244 -0.882286
v 1.399975 0.217244 -0.882286
v 1.399975 0.457244 -0.082286
v 1.399975 0.217244 -0.082286
v 1.499974 0.385703 -0.810745
v 1.499974 0.288785 -0.810745
v 1.499974 0.385703 -0.153827
v 1.499974 0.288785 -0.153827
v 1.679974 0.398244 0.375331
v 1.679974 0.307244 0.399714
v 1.679974 0.464860 0.308714
v 1.679974 0.489244 0.217714
v 1.679974 0.464860 0.126714
v 1.679974 0.398244 0.060097
v 1.679974 0.307244 0.035714
v 1.679974 0.216244 0.060097
v 1.679974 0.149627 0.126714
v 1.679974 0.125243 0.217714
v 1.679974 0.149627 0.308714
v 1.679974 0.216244 0.375331
v 1.579975 0.373698 0.332817
v 1.579975 0.307244 0.350623
v 1.579975 0.422345 0.284169
v 1.579975 0.440152 0.217714
v 1.579975 0.422345 0.151259
v 1.579975 0.373698 0.102611
v 1.579975 0.307244 0.084805
v 1.579975 0.240790 0.102611
v 1.579975 0.192141 0.151260
v 1.579975 0.174334 0.217714
v 1.579975 0.192141 0.284169
v 1.579975 0.240790 0.332817
v 1.499974 0.385703 -0.482286
v 1.499974 0.288785 -0.482286
v 1.499974 0.217244 -0.082286
v 1.499974 0.457244 -0.082286
v 1.499974 0.457244 -0.482286
v 1.499974 0.217244 -0.482286
v 1.499974 0.217244 -0.882286
v 1.499974 0.457244 -0.882286
v 1.499974 0.288785 -0.318056
v 1.499974 0.385703 -0.318056
v 1.499974 0.385703 -0.646515
v 1.499974 0.288785 -0.646515
v 1.429974 0.308169 -0.186673
v 1.429974 0.366320 -0.186673
v 1.429974 0.366320 -0.285211
v 1.429974 0.308169 -0.679361
v 1.429974 0.308169 -0.777899
v 1.429974 0.366320 -0.777899
v 1.429974 0.308169 -0.285211
v 1.429974 0.366320 -0.679361
v 0.349975 0.052243 0.331048
v 0.349975 0.052243 -0.895619
v 0.514554 0.105717 -0.895619
v 0.514554 0.105717 0.331048
v 0.616270 0.245718 -0.895619
v 0.616270 0.245718 0.331048
v 0.616270 0.418767 -0.895619
v 0.616270 0.418767 0.331048
v 0.514554 0.558767 -0.895619
v 0.514554 0.558767 0.331048
v 0.349975 0.612242 -0.895619
v 0.349975 0.612242 0.331048
v 0.185395 0.558767 -0.895619
v 0.185395 0.558767 0.331048
v 0.083679 0.418767 -0.895619
v 0.083679 0.418767 0.331048
v 0.083679 0.245718 -0.895619
v 0.083679 0.245718 0.331048
v 0.185395 0.105718 -0.895619
v 0.185395 0.105718 0.331048
v 0.349975 0.024243 0.517715
v 0.531012 0.083065 0.517715
v 0.469209 0.168130 -1.082285
v 0.349975 0.129389 -1.082285
v 0.349975 0.024243 -0.895619
v 0.531012 0.083065 0.331048
v 0.642900 0.237065 0.517715
v 0.542899 0.269557 -1.082285
v 0.642900 0.237065 0.331048
v 0.642900 0.427420 0.517715
v 0.542899 0.394928 -1.082285
v 0.642900 0.427420 0.331048
v 0.531012 0.581420 0.517715
v 0.469209 0.496355 -1.082285
v 0.531012 0.581420 0.331048
v 0.349975 0.640243 0.517715
v 0.349975 0.535096 -1.082285
v 0.349975 0.640243 0.331048
v 0.168937 0.581420 0.517715
v 0.230740 0.496355 -1.082285
v 0.168937 0.581420 0.331048
v 0.057049 0.427420 0.517715
v 0.157049 0.394928 -1.082285
v 0.057049 0.427420 0.331048
v 0.057049 0.237065 0.517715
v 0.157049 0.269557 -1.082286
v 0.057049 0.237065 0.331048
v 0.168937 0.083065 0.517715
v 0.230740 0.168131 -1.082285
v 0.168937 0.083065 0.331048
v 0.349975 0.024243 0.331048
v 0.531012 0.083065 -0.895619
v 0.642900 0.237065 -0.895619
v 0.642900 0.427420 -0.895619
v 0.531012 0.581420 -0.895619
v 0.349975 0.640243 -0.895619
v 0.168937 0.581420 -0.895619
v 0.057049 0.427420 -0.895619
v 0.057049 0.237065 -0.895619
v 0.168937 0.083065 -0.895619
v 0.531012 0.083065 -1.082285
v 0.349975 0.024243 -1.082285
v 0.642900 0.237065 -1.082285
v 0.642900 0.427420 -1.082285
v 0.531012 0.581420 -1.082285
v 0.349975 0.640243 -1.082285
v 0.168937 0.581420 -1.082285
v 0.057049 0.427420 -1.082286
v 0.057049 0.237065 -1.082286
v 0.168937 0.083065 -1.082285
v 0.800045 0.083065 0.331048
v 0.800045 0.083065 0.517715
v 0.800045 0.237065 0.517715
v 0.800045 0.237065 -1.082285
v 0.800045 0.083065 -1.082285
v 0.800045 0.237065 0.331048
v 0.800045 0.427420 0.331048
v 0.800045 0.427420 0.517715
v 0.800045 0.581420 0.517715
v 0.800045 0.581420 -1.082285
v 0.800045 0.427420 -1.082285
v 0.800045 0.581420 0.331048
v 0.800045 0.083065 -0.895619
v 0.800045 0.237065 -0.895619
v 0.800045 0.427420 -0.895619
v 0.800045 0.581420 -0.895619
v 2.142777 0.229629 -0.452128
v 2.142777 0.229629 -0.622128
v 2.056175 0.179629 -0.452128
v 2.056175 0.179629 -0.622128
v 2.056175 0.079629 -0.452128
v 2.056175 0.079629 -0.622128
v 2.142777 0.029629 -0.452128
v 2.142777 0.029629 -0.622128
v 2.229379 0.079629 -0.452128
v 2.229379 0.079629 -0.622128
v 2.229379 0.179629 -0.452128
v 2.229379 0.179629 -0.622128
v 2.142777 0.259629 -0.453128
v 2.030195 0.194629 -0.453128
v 2.030195 0.064629 -0.453128
v 2.142777 -0.000371 -0.453128
v 2.255361 0.064629 -0.453128
v 2.255361 0.194629 -0.453128
v 2.142777 0.259629 -0.311128
v 2.030195 0.194629 -0.311128
v 2.030195 0.064629 -0.311128
v 2.142777 -0.000371 -0.311128
v 2.255361 0.064629 -0.311128
v 2.255361 0.194629 -0.311128
v 2.307778 0.009629 -0.482128
v 2.307778 0.009629 -0.282128
v 1.977777 0.009629 -0.482128
v 1.977777 0.009629 -0.282128
v 2.030193 0.009629 -0.282128
v 2.255363 0.009629 -0.282128
v 2.255363 0.009629 -0.482128
v 2.030193 0.009629 -0.482128
v 2.307778 0.176698 -0.482128
v 2.307778 0.229629 -0.429196
v 2.307778 0.203163 -0.475036
v 2.307778 0.222538 -0.455662
v 2.307778 0.229629 -0.335059
v 2.307778 0.176698 -0.282128
v 2.307778 0.222538 -0.308594
v 2.307778 0.203163 -0.289219
v 1.977777 0.229629 -0.429196
v 1.977777 0.176698 -0.482128
v 1.977777 0.222538 -0.455662
v 1.977777 0.203163 -0.475036
v 1.977777 0.176698 -0.282128
v 1.977777 0.229629 -0.335059
v 1.977777 0.203163 -0.289219
v 1.977777 0.222538 -0.308594
v 2.255363 0.176698 -0.282128
v 2.255363 0.229629 -0.335059
v 2.255363 0.203163 -0.289219
v 2.255363 0.222538 -0.308594
v 2.030193 0.229629 -0.335059
v 2.030193 0.176698 -0.282128
v 2.030193 0.222538 -0.308594
v 2.030193 0.203163 -0.289219
v 2.030193 0.176698 -0.482128
v 2.030193 0.229629 -0.429196
v 2.030193 0.203163 -0.475036
v 2.030193 0.222538 -0.455662
v 2.255363 0.229629 -0.429196
v 2.255363 0.176698 -0.482128
v 2.255363 0.222538 -0.455662
v 2.255363 0.203163 -0.475036
v 1.972778 0.009629 -0.282128
v 1.972778 0.009629 -0.482128
v 2.312777 0.009629 -0.282128
v 2.312777 0.009629 -0.482128
v 2.002778 -0.050371 -0.312128
v 2.002778 -0.050371 -0.452128
v 2.282778 -0.050371 -0.452128
v 2.282778 -0.050371 -0.312128
v 1.972778 -0.050371 -0.282128
v 1.972778 -0.050371 -0.482128
v 2.312777 -0.050371 -0.482128
v 2.312777 -0.050371 -0.282128
v 2.002778 -0.200371 -0.312128
v 2.002778 -0.200371 -0.452128
v 2.282778 -0.200371 -0.452128
v 2.282778 -0.200371 -0.312128
v 2.256118 -0.224950 0.744976
v 2.109438 -0.224950 0.744976
v 2.001559 -0.224950 0.700291
v 1.897840 -0.224950 0.596573
v 1.853156 -0.224950 0.488693
v 1.853156 -0.224950 0.342015
v 1.897840 -0.224950 0.234135
v 2.001559 -0.224950 0.130417
v 2.109438 -0.224950 0.085732
v 2.256118 -0.224950 0.085732
v 2.363997 -0.224950 0.130417
v 2.467715 -0.224950 0.234135
v 2.512399 -0.224950 0.342015
v 2.512399 -0.224950 0.488693
v 2.467715 -0.224950 0.596573
v 2.363997 -0.224950 0.700291
v 1.897840 0.495052 0.596573
v 2.001559 0.495052 0.700291
v 2.109438 0.495052 0.744976
v 2.256118 0.495052 0.744976
v 1.853156 0.495052 0.342015
v 1.853156 0.495052 0.488693
v 2.001559 0.495052 0.130417
v 1.897840 0.495052 0.234135
v 2.256118 0.495052 0.085732
v 2.109438 0.495052 0.085732
v 2.467715 0.495052 0.234135
v 2.363997 0.495052 0.130417
v 2.512399 0.495052 0.488693
v 2.512399 0.495052 0.342015
v 2.363997 0.495052 0.700291
v 2.467715 0.495052 0.596573
v 2.135088 0.995052 0.485002
v 2.113128 0.995052 0.463043
v 2.198306 0.995052 0.498324
v 2.167251 0.995052 0.498324
v 2.099808 0.995052 0.430882
v 2.099808 0.995052 0.399826
v 2.113128 0.995052 0.367665
v 2.135088 0.995052 0.345705
v 2.167251 0.995052 0.332384
v 2.198306 0.995052 0.332384
v 2.230467 0.995052 0.345705
v 2.252427 0.995052 0.367665
v 2.265748 0.995052 0.399826
v 2.265748 0.995052 0.430882
v 2.252427 0.995052 0.463043
v 2.230467 0.995052 0.485002
v 2.113128 2.995051 0.463046
v 2.135088 2.995051 0.485005
v 2.167251 2.995051 0.498327
v 2.198306 2.995051 0.498327
v 2.099808 2.995051 0.399829
v 2.099808 2.995051 0.430885
v 2.135088 2.995051 0.345708
v 2.113128 2.995051 0.367668
v 2.198306 2.995051 0.332387
v 2.167251 2.995051 0.332387
v 2.252427 2.995051 0.367668
v 2.230467 2.995051 0.345708
v 2.265748 2.995051 0.430885
v 2.265748 2.995051 0.399829
v 2.230467 2.995051 0.485005
v 2.252427 2.995051 0.463046
v 2.218410 0.495052 0.598236
v 2.147146 0.495052 0.598236
v 2.078658 0.495052 0.569867
v 2.028265 0.495052 0.519475
v 1.999896 0.495052 0.450987
v 1.999896 0.495052 0.379721
v 2.028265 0.495052 0.311233
v 2.078658 0.495052 0.260841
v 2.147146 0.495052 0.232472
v 2.218410 0.495052 0.232472
v 2.286899 0.495052 0.260841
v 2.337291 0.495052 0.311233
v 2.365659 0.495052 0.379721
v 2.365659 0.495052 0.450987
v 2.337291 0.495052 0.519475
v 2.286899 0.495052 0.569867
v 2.028265 0.995052 0.519475
v 2.078658 0.995052 0.569867
v 2.147146 0.995052 0.598236
v 2.218410 0.995052 0.598236
v 1.999896 0.995052 0.379721
v 1.999896 0.995052 0.450987
v 2.078658 0.995052 0.260841
v 2.028265 0.995052 0.311233
v 2.218410 0.995052 0.232472
v 2.147146 0.995052 0.232472
v 2.337291 0.995052 0.311233
v 2.286899 0.995052 0.260841
v 2.365659 0.995052 0.450987
v 2.365659 0.995052 0.379721
v 2.286899 0.995052 0.569867
v 2.337291 0.995052 0.519475
v 2.928634 -0.510466 2.717714
v 2.928634 -0.510466 2.217714
v 0.528636 -1.390468 2.717714
v 0.528636 -1.390467 2.217714
v 0.528636 -0.510466 2.217714
v 0.528636 -0.510466 2.717714
v -0.177220 -0.810468 2.717714
v -0.177220 -0.810468 2.217714
v -0.177220 -1.390467 2.217714
v -0.177220 -1.390468 2.717714
v -1.637221 -1.390467 2.217714
v -1.637221 -0.795467 2.217714
v -1.637221 -0.795467 2.717714
v -1.637221 -1.390468 2.717714
v -3.737221 -0.795467 2.217714
v -3.737221 -1.390467 2.217714
v -3.737221 -0.795467 2.717714
v -3.737221 -1.390468 2.717714
v -3.087220 -1.390467 2.217714
v -3.087220 -0.795467 2.217714
v -3.737221 -0.795468 3.617714
v -3.537220 -0.795468 3.817714
v -3.678643 -0.795468 3.759135
v -3.537220 -1.390468 3.817714
v -3.737221 -1.390468 3.617714
v -3.678643 -1.390468 3.759135
v -3.287220 -1.390468 3.817714
v -3.145799 -1.390468 3.759135
v -3.287220 -0.795468 3.817714
v -3.145799 -0.795468 3.759135
v -3.087220 -0.595466 2.717714
v -3.737221 -0.595466 2.717714
v -3.678643 -0.595468 3.759135
v -3.737221 -0.595468 3.617714
v -3.537220 -0.595468 3.817714
v -3.145799 -0.595468 3.759135
v -3.287220 -0.595468 3.817714
v -3.087220 -0.595468 3.617714
v 2.928634 -0.810468 3.017714
v 0.528636 -0.810468 3.017714
v 0.528636 -1.390468 3.017714
v 2.928634 -1.219764 2.217714
v 2.757932 -1.390467 2.217714
v 2.928634 -1.219765 2.717714
v 2.757932 -1.390468 2.717714
v 2.757932 -1.390468 3.017714
v 2.928634 -1.219765 3.017714
v -3.087220 -0.795467 2.717714
v -3.087220 -1.390468 2.717714
v -3.087220 -1.390468 3.617714
v -3.087220 -0.795468 3.617714
v -3.087220 -1.171986 3.137714
v -3.087220 -1.270467 3.236194
v -3.087220 -1.241624 3.166558
v -3.087220 -0.915467 3.236194
v -3.087220 -1.013950 3.137714
v -3.087220 -0.944311 3.166558
v -3.087220 -1.270467 3.399233
v -3.087220 -1.171986 3.497714
v -3.087220 -1.241624 3.468870
v -3.087220 -1.013950 3.497714
v -3.087220 -0.915467 3.399233
v -3.087220 -0.944311 3.468870
v -2.187220 -1.013950 3.137714
v -2.187220 -0.915467 3.236194
v -2.187220 -0.944311 3.166558
v -2.187220 -1.270467 3.236194
v -2.187220 -1.171986 3.137714
v -2.187220 -1.241624 3.166558
v -2.187220 -1.171986 3.497714
v -2.187220 -1.270467 3.399233
v -2.187220 -1.241624 3.468870
v -2.187220 -0.915467 3.399233
v -2.187220 -1.013950 3.497714
v -2.187220 -0.944311 3.468870
v -3.487221 -1.690467 2.717714
v -3.487221 -1.690467 2.217713
v -3.087220 -1.690467 2.717714
v -3.087220 -1.690467 2.217713
v 2.928634 -0.510466 -1.882286
v 2.928634 -0.510466 -1.382286
v 0.528636 -1.390467 -1.882286
v 0.528636 -1.390467 -1.382286
v 0.528636 -0.510466 -1.382286
v 0.528636 -0.510466 -1.882286
v -0.177220 -0.810467 -1.882286
v -0.177220 -0.810467 -1.382286
v -0.177220 -1.390467 -1.382286
v -0.177220 -1.390467 -1.882286
v -1.637221 -1.390467 -1.382286
v -1.637221 -0.795467 -1.382286
v -1.637221 -0.795467 -1.882286
v -1.637221 -1.390467 -1.882286
v -3.737221 -0.795467 -1.382286
v -3.737221 -1.390467 -1.382286
v -3.737221 -0.795467 -1.882286
v -3.737221 -1.390467 -1.882286
v -3.087220 -1.390467 -1.382286
v -3.087220 -0.795467 -1.382286
v -3.737221 -0.795467 -2.782286
v -3.537220 -0.795467 -2.982286
v -3.678643 -0.795467 -2.923707
v -3.537220 -1.390467 -2.982286
v -3.737221 -1.390467 -2.782286
v -3.678643 -1.390467 -2.923707
v -3.287220 -1.390467 -2.982286
v -3.145799 -1.390467 -2.923707
v -3.287220 -0.795467 -2.982286
v -3.145799 -0.795467 -2.923707
v -3.087220 -0.595466 -1.882286
v -3.737221 -0.595466 -1.882286
v -3.678643 -0.595466 -2.923707
v -3.737221 -0.595466 -2.782286
v -3.537220 -0.595466 -2.982286
v -3.145799 -0.595466 -2.923707
v -3.287220 -0.595466 -2.982286
v -3.087220 -0.595466 -2.782286
v 2.928634 -0.810467 -2.182286
v 0.528636 -0.810467 -2.182286
v 0.528636 -1.390467 -2.182286
v 2.928634 -1.219764 -1.382286
v 2.757932 -1.390467 -1.382286
v 2.928634 -1.219764 -1.882286
v 2.757932 -1.390467 -1.882286
v 2.757932 -1.390467 -2.182286
v 2.928634 -1.219764 -2.182286
v -3.087220 -0.795467 -1.882286
v -3.087220 -1.390467 -1.882286
v -3.087220 -1.390467 -2.782286
v -3.087220 -0.795467 -2.782286
v -3.087220 -1.171986 -2.302286
v -3.087220 -1.270467 -2.400766
v -3.087220 -1.241623 -2.331130
v -3.087220 -0.915467 -2.400766
v -3.087220 -1.013948 -2.302286
v -3.087220 -0.944311 -2.331130
v -3.087220 -1.270467 -2.563805
v -3.087220 -1.171986 -2.662286
v -3.087220 -1.241623 -2.633442
v -3.087220 -1.013948 -2.662286
v -3.087220 -0.915467 -2.563805
v -3.087220 -0.944311 -2.633442
v -2.187220 -1.013948 -2.302286
v -2.187220 -0.915467 -2.400766
v -2.187220 -0.944311 -2.331130
v -2.187220 -1.270467 -2.400766
v -2.187220 -1.171986 -2.302286
v -2.187220 -1.241623 -2.331130
v -2.187220 -1.171986 -2.662286
v -2.187220 -1.270467 -2.563805
v -2.187220 -1.241623 -2.633442
v -2.187220 -0.915467 -2.563805
v -2.187220 -1.013948 -2.662286
v -2.187220 -0.944311 -2.633442
v -3.487221 -1.690467 -1.882286
v -3.487221 -1.690467 -1.382286
v -3.087220 -1.690467 -1.882286
v -3.087220 -1.690467 -1.382286
v 2.001858 0.197089 -1.172128
v 2.140883 0.203841 -1.172128
v 2.281708 0.200319 -1.172128
v 2.005135 0.049342 -1.172128
v 2.145370 0.056154 -1.172128
v 2.281708 0.052520 -1.172128
v 1.979578 0.011133 -1.172128
v 1.974663 0.232737 -1.172128
v 2.140661 0.240799 -1.172128
v 2.145576 0.019194 -1.172128
v 2.308100 0.236612 -1.172128
v 2.308100 0.014862 -1.172128
v 2.005135 0.049342 -1.062128
v 2.001858 0.197089 -1.062128
v 2.140883 0.203841 -1.062128
v 2.145370 0.056154 -1.062128
v 2.281708 0.200319 -1.062128
v 2.281708 0.052520 -1.062128
v 2.193876 0.225207 -1.962946
v 2.091684 0.225207 -1.962946
v 2.028557 0.225379 -1.950390
v 1.934144 0.225923 -1.911285
v 1.880626 0.226421 -1.875528
v 1.808367 0.227424 -1.803270
v 1.772607 0.228167 -1.749756
v 1.733500 0.229479 -1.655347
v 1.720943 0.230356 -1.592223
v 1.720943 0.231776 -1.490038
v 1.733500 0.232653 -1.426912
v 1.765424 0.233816 -1.328487
v 1.815547 0.234858 -1.219463
v 1.889406 0.234334 -1.172128
v 2.396152 0.235794 -1.172128
v 2.470011 0.234858 -1.219463
v 2.520134 0.233816 -1.328487
v 2.552060 0.232653 -1.426912
v 2.564616 0.231776 -1.490038
v 2.564616 0.230356 -1.592223
v 2.552060 0.229479 -1.655347
v 2.512953 0.228167 -1.749756
v 2.477193 0.227424 -1.803270
v 2.404932 0.226421 -1.875528
v 2.351416 0.225923 -1.911285
v 2.257004 0.225379 -1.950390
v 1.934144 0.004174 -1.909713
v 2.028557 0.003630 -1.948818
v 2.091684 0.003456 -1.961374
v 2.193876 0.003456 -1.961374
v 1.808367 0.005675 -1.801700
v 1.880626 0.004670 -1.873956
v 1.733500 0.007730 -1.653777
v 1.772607 0.006418 -1.748184
v 1.720943 0.010027 -1.488466
v 1.720943 0.008607 -1.590651
v 1.765564 0.012069 -1.326979
v 1.733500 0.010904 -1.425340
v 1.889406 0.012673 -1.172128
v 1.815408 0.013106 -1.219398
v 2.470150 0.013106 -1.219398
v 2.396152 0.014045 -1.172128
v 2.552060 0.010904 -1.425340
v 2.519995 0.012069 -1.326979
v 2.564616 0.008607 -1.590651
v 2.564616 0.010027 -1.488466
v 2.512953 0.006418 -1.748184
v 2.552060 0.007730 -1.653777
v 2.404932 0.004670 -1.873956
v 2.477193 0.005675 -1.801699
v 2.257004 0.003630 -1.948818
v 2.351416 0.004174 -1.909713
v 2.163527 0.074704 -1.062128
v 2.122029 0.074704 -1.062128
v 2.122029 0.074704 -0.622128
v 2.163527 0.074704 -0.622128
v 2.096952 0.092922 -1.062128
v 2.084129 0.132390 -1.062128
v 2.084129 0.132390 -0.622128
v 2.096952 0.092922 -0.622128
v 2.093707 0.161868 -1.062128
v 2.127280 0.186260 -1.062128
v 2.127280 0.186260 -0.622128
v 2.093707 0.161868 -0.622128
v 2.158275 0.186260 -1.062128
v 2.191848 0.161868 -1.062128
v 2.191848 0.161868 -0.622128
v 2.158275 0.186260 -0.622128
v 2.201426 0.132390 -1.062128
v 2.188602 0.092922 -1.062128
v 2.188602 0.092922 -0.622128
v 2.201426 0.132390 -0.622128
v -0.534569 -0.201466 0.977714
v -0.526517 -0.201466 1.417714
v -0.589168 0.048534 1.417714
v -0.589168 0.048534 0.977714
v -1.722220 0.048534 0.977714
v -1.797220 -0.201466 0.977714
v -1.797220 -0.201466 1.417714
v -1.727221 0.048534 1.417714
v -1.477220 -0.201466 1.417714
v -1.397220 -0.201466 0.977714
v -1.472220 0.048534 0.977714
v -1.477220 0.048534 1.417714
v -1.397220 -0.201466 -1.382286
v -1.472220 0.048534 -1.382286
v -1.722220 0.048534 -1.382286
v -1.797220 -0.201466 -1.382286
v -1.397220 -0.601467 -1.382286
v -1.797220 -0.601467 -1.382286
v -1.786536 -0.165851 -1.673849
v -1.797220 -0.258249 -1.702526
v -1.397220 -0.258249 -1.702526
v -1.407905 -0.165851 -1.673849
v -1.797220 -0.304183 -1.686540
v -1.797220 -0.399779 -1.620866
v -1.397220 -0.399779 -1.620866
v -1.397220 -0.304183 -1.686540
v 4.065942 -1.160709 1.717713
v 4.065942 -1.160709 0.417714
v 4.953827 -0.097935 0.417714
v 4.953827 -0.097935 1.717714
v 4.602886 0.091358 1.446877
v 4.469060 0.163543 1.664889
v 4.396432 0.202718 1.717714
v 3.826272 0.506440 0.568867
v 4.649880 0.066013 1.189714
v 4.602886 0.091358 0.932551
v 4.268776 0.271576 0.568867
v 4.032524 0.399008 0.517714
v 4.469060 0.163544 0.714538
v 3.688104 -0.895763 1.189714
v 3.645581 -0.865945 0.932551
v 3.645581 -0.865945 1.446877
v 3.458767 -0.734946 1.717714
v 3.524485 -0.781030 1.664889
v 3.524485 -0.781030 0.714538
v 3.129474 -0.504040 0.517714
v 3.343253 -0.653946 0.568867
v 2.945697 -0.374135 0.568867
v 4.655614 0.061706 0.417714
v 4.655614 0.061706 -1.182286
v 3.709942 -0.910709 -1.182287
v 3.709942 -0.910709 0.417714
v 4.655614 0.061706 -0.232286
v 3.709942 -0.910709 -0.232286
v 4.970683 -0.147447 -0.232286
v 4.970683 -0.147447 -1.182286
v 4.025010 -1.119863 -1.182287
v 4.025010 -1.119863 -0.232286
v 3.857043 0.493418 0.417714
v 3.857043 0.493418 -1.182286
v 2.945142 -0.374709 -1.182286
v 2.945142 -0.374709 0.417714
v 2.945142 -0.374709 -0.232286
v 3.857043 0.493418 -0.232286
v 0.018278 -0.199949 -0.684646
v 0.018278 -0.199949 0.115354
v -0.212722 -0.199949 -0.684646
v -0.212722 -0.199949 0.115354
v 0.018278 0.234239 -0.525660
v 0.018278 0.091675 -0.383096
v 0.018278 0.148778 -0.468557
v 0.018278 0.071623 -0.282288
v 0.018278 0.091675 -0.181480
v 0.018278 0.234239 -0.038916
v 0.018278 0.148778 -0.096019
v -0.212722 0.091675 -0.181480
v -0.212722 0.148778 -0.096019
v -0.212722 0.234239 -0.038916
v -0.212722 0.234239 -0.525660
v -0.212722 0.148778 -0.468557
v -0.212722 0.071623 -0.282288
v -0.212722 0.091675 -0.383096
v -3.383735 -1.800709 1.617714
v -4.417222 -0.200710 2.217714
v -3.383735 -1.800709 0.417714
v -4.417222 -0.200709 0.417714
v -2.337220 -1.800709 1.617714
v -0.857220 -1.800709 1.617714
v 0.222780 -1.800709 1.617714
v 2.102780 -1.800709 1.617714
v 2.702780 -0.200710 2.217714
v 0.222780 -0.200710 2.217714
v -0.857220 -0.200710 2.217714
v -2.337220 -0.200710 2.217714
v 2.702780 -0.200709 0.417714
v 0.222780 -0.200709 0.417714
v -0.857220 -0.200709 0.417714
v -2.337220 -0.200709 0.417714
v 2.102780 -1.800709 0.417714
v -3.377220 -0.200710 2.217714
v -3.377220 -0.200709 0.417714
v 3.425165 -1.753526 2.067713
v 4.082780 -1.160709 2.217714
v 3.706079 -1.660440 2.067713
v 4.082780 -1.160709 0.417714
v 3.425165 -1.753526 0.417714
v 3.706079 -1.660440 0.417714
v -3.383735 -1.800709 -0.782286
v -4.417222 -0.200709 -1.382286
v -2.337220 -1.800709 -0.782286
v -0.857220 -1.800709 -0.782286
v 0.222780 -1.800709 -0.782286
v 2.102780 -1.800709 -0.782286
v 2.702780 -0.200709 -1.382286
v 0.222780 -0.200709 -1.382286
v -0.857220 -0.200709 -1.382286
v -2.337220 -0.200709 -1.382286
v -3.377220 -0.200709 -1.382286
v 3.425165 -1.753526 -1.232286
v 4.082780 -1.160709 -1.382286
v 3.706079 -1.660440 -1.232286
v -4.417222 -1.183709 0.017714
v -4.417222 -1.417709 0.017714
v -4.417222 -1.183709 2.017714
v -4.417222 -1.417709 2.017714
v -4.917222 -1.248327 0.082332
v -4.917222 -1.353090 0.082332
v -4.917222 -1.183709 2.017714
v -4.917222 -1.417709 2.017714
v -4.917222 -1.353090 0.953096
v -4.917222 -1.248327 0.953096
v -4.917222 -1.417709 1.017714
v -4.917222 -1.417709 0.017714
v -4.917222 -1.183709 0.017714
v -4.917222 -1.183709 1.017714
v -4.717220 -1.353090 0.953096
v -4.717220 -1.353090 0.082332
v -4.717220 -1.248327 0.082332
v -4.717220 -1.248327 0.953096
v 3.848465 -1.613258 2.217713
v 3.282779 -1.800709 2.217713
v 3.282779 -1.800709 0.417714
v 3.848465 -1.613258 0.417714
v 3.848465 -1.613258 -1.382286
v 3.282779 -1.800709 -1.382286
v 3.737533 -1.755364 2.067713
v 3.456620 -1.848450 2.067713
v 3.456620 -1.848450 0.417714
v 3.737533 -1.755364 0.417714
v 3.737533 -1.755364 -1.232286
v 3.456620 -1.848450 -1.232286
v -4.417222 -1.800709 0.417714
v -4.417222 -1.800709 2.217713
v -3.377220 -1.800709 2.217713
v -2.337220 -1.800709 2.217713
v -0.857220 -1.800709 2.217713
v 0.222780 -1.800709 2.217713
v 2.702780 -1.800709 2.217713
v 2.702780 -1.800709 0.417714
v -4.417222 -1.800709 -1.382286
v -3.377220 -1.800709 -1.382286
v -2.337220 -1.800709 -1.382286
v -0.857220 -1.800709 -1.382286
v 0.222780 -1.800709 -1.382286
v 2.702780 -1.800709 -1.382286
v -3.383735 -1.600709 0.417714
v -3.383735 -1.600709 1.617714
v -2.337220 -1.600709 1.617714
v -0.857220 -1.600709 1.617714
v 0.222780 -1.600709 1.617714
v 2.102780 -1.600709 1.617714
v 2.102780 -1.600709 0.417714
v -3.383735 -1.600709 -0.782286
v -2.337220 -1.600709 -0.782286
v -0.857220 -1.600709 -0.782286
v 0.222780 -1.600709 -0.782286
v 2.102780 -1.600709 -0.782286
v 1.462780 -1.800709 2.217713
v 1.462780 -0.200710 2.217714
v 1.462780 -0.200709 0.417714
v 1.462780 -1.800709 -1.382286
v 1.462780 -0.200709 -1.382286
v 1.162780 -1.800709 1.617714
v 1.162780 -1.800709 -0.782286
v 1.162780 -1.600709 1.617714
v 1.162780 -1.600709 -0.782286
v 1.462780 -0.500708 0.417714
v 0.222780 -0.500708 0.417714
v 1.462780 -0.500708 -1.382286
v 0.222780 -0.500708 -1.382286
v -4.417223 -1.024949 -1.084646
v -4.417223 -1.024949 -0.684646
v -4.526344 -2.104949 -1.039903
v -4.461965 -2.104949 -0.975525
v -4.461965 -2.104949 -0.793768
v -4.526344 -2.104949 -0.729390
v -4.772479 -2.104949 -0.975525
v -4.708101 -2.104949 -1.039903
v -4.708101 -2.104949 -0.729390
v -4.772479 -2.104949 -0.793768
v -4.417223 -1.726949 -0.994058
v -4.507810 -1.726949 -1.084646
v -4.417223 -1.636361 -1.084646
v -4.507810 -1.726949 -0.684646
v -4.417223 -1.726949 -0.775234
v -4.417223 -1.636361 -0.684646
v -4.817222 -1.726949 -0.775234
v -4.726635 -1.726949 -0.684646
v -4.817222 -1.636361 -0.684646
v -4.726635 -1.726949 -1.084646
v -4.817222 -1.726949 -0.994058
v -4.817222 -1.636361 -1.084646
v -4.817222 -1.258531 -1.012522
v -4.817222 -1.258531 -0.756770
v -4.817222 -1.024949 -0.684646
v -4.817222 -1.024949 -1.084646
v -4.817222 -1.330655 -1.084646
v -4.817222 -1.330655 -0.684646
v -5.017221 -1.097072 -0.756770
v -5.017221 -1.097072 -1.012522
v -4.917222 -1.097072 -0.756770
v -4.917222 -1.097072 -1.012522
v 4.082780 -1.160709 -0.482286
v 3.848465 -1.613258 -0.482286
v 4.263084 -1.682435 -0.611493
v 4.263084 -1.682435 -1.253079
v 4.378582 -1.459365 -0.611493
v 4.378582 -1.459365 -1.253079
v -0.212722 0.230050 0.115354
v -0.212722 0.230050 -0.684646
v 0.018278 0.230050 0.115354
v 0.018278 0.230050 -0.684646
v -4.990360 -1.258531 -1.012522
v -5.017221 -1.258531 -0.985662
v -5.017221 -1.231670 -1.012522
v -5.017221 -1.258531 -0.783631
v -4.990360 -1.258531 -0.756770
v -5.017221 -1.231670 -0.756770
v -4.944083 -1.258531 -0.756770
v -4.917222 -1.258531 -0.783631
v -4.890361 -1.258531 -0.756770
v -4.917222 -1.231670 -0.756770
v -4.917222 -1.258531 -0.985662
v -4.944083 -1.258531 -1.012522
v -4.917222 -1.231670 -1.012522
v -4.890361 -1.258531 -1.012522
v -4.990360 -1.958531 -0.756770
v -5.017221 -1.958531 -0.783631
v -5.017221 -1.958531 -0.985662
v -4.990360 -1.958531 -1.012523
v -4.917222 -1.958531 -0.783631
v -4.944083 -1.958531 -0.756770
v -4.944083 -1.958531 -1.012523
v -4.917222 -1.958531 -0.985662
v -4.507810 -2.104949 -0.684646
v -4.417223 -2.104949 -0.775235
v -4.817222 -2.104949 -0.775235
v -4.726635 -2.104949 -0.684646
v -4.726635 -2.104949 -1.084646
v -4.817222 -2.104949 -0.994058
v -4.417223 -2.104949 -0.994058
v -4.507810 -2.104949 -1.084646
v -4.526344 -2.044949 -0.729390
v -4.461965 -2.044949 -0.793768
v -4.772479 -2.044949 -0.793768
v -4.708101 -2.044949 -0.729390
v -4.708101 -2.044949 -1.039903
v -4.772479 -2.044949 -0.975525
v -4.461965 -2.044949 -0.975525
v -4.526344 -2.044949 -1.039903
v 4.203676 -1.797174 -0.482286
v 4.203676 -1.797174 -1.382286
v 4.437991 -1.344626 -0.482286
v 4.437991 -1.344626 -1.382286
v 4.174281 -1.636456 -0.611493
v 4.174281 -1.636456 -1.253079
v 4.289780 -1.413386 -0.611493
v 4.289780 -1.413386 -1.253079
v 3.198664 -0.183706 0.925101
v 3.976482 0.594113 0.925101
v 3.164880 -0.149920 0.904327
v 3.152703 -0.137743 0.856933
v 3.930521 0.640075 0.856933
v 3.942696 0.627898 0.904327
v 3.182556 -0.167597 0.772494
v 3.217912 -0.202954 0.754327
v 3.995730 0.574865 0.754327
v 3.960374 0.610221 0.772494
v 3.251696 -0.236737 0.775101
v 4.029515 0.541080 0.775101
v -2.919224 0.335051 -0.705847
v -2.919224 0.335051 0.236553
v -2.934295 0.259280 -0.705847
v -2.934295 0.259280 0.236553
v -2.977216 0.195044 -0.705847
v -2.977216 0.195044 0.236553
v -3.041451 0.147099 -0.705847
v -3.041451 0.147099 0.236553
v -3.117224 0.127099 -0.705847
v -3.117224 0.147099 0.236553
v -3.192994 0.147099 -0.705847
v -3.192994 0.147099 0.236553
v -3.257231 0.195044 -0.705847
v -3.257231 0.195044 0.236553
v -3.300152 0.259280 -0.705847
v -3.300152 0.259280 0.236553
v -3.315223 0.335051 -0.705847
v -3.315223 0.335051 0.236553
v -3.300152 0.410822 -0.705847
v -3.300152 0.410822 0.236553
v -3.257231 0.475058 -0.705847
v -3.257231 0.475058 0.236553
v -3.192994 0.517979 -0.705847
v -3.192994 0.517979 0.236553
v -3.117224 0.533051 -0.705847
v -3.117224 0.533051 0.236553
v -3.041451 0.517979 -0.705847
v -3.041451 0.517979 0.236553
v -2.977216 0.475058 -0.705847
v -2.977216 0.475058 0.236553
v -2.934295 0.410822 -0.705847
v -2.934295 0.410822 0.236553
v -2.919224 0.335051 -0.544646
v -2.919224 0.335051 -0.024646
v -2.934295 0.259280 -0.024646
v -2.934295 0.259280 -0.544646
v -2.977216 0.195044 -0.544646
v -2.977216 0.195044 -0.024646
v -3.041451 0.147099 -0.544646
v -3.041451 0.147099 -0.024646
v -3.117224 0.127099 -0.544646
v -3.117224 0.147099 -0.024646
v -3.192994 0.147099 -0.544646
v -3.192994 0.147099 -0.024646
v -3.257231 0.195044 -0.544646
v -3.257231 0.195044 -0.024646
v -3.300152 0.259280 -0.024646
v -3.300152 0.259280 -0.544646
v -3.315223 0.335051 -0.024646
v -3.315223 0.335051 -0.544646
v -3.300152 0.410822 -0.024646
v -3.300152 0.410822 -0.544646
v -3.257231 0.475058 -0.024646
v -3.257231 0.475058 -0.544646
v -3.192994 0.517979 -0.544646
v -3.192994 0.517979 -0.024646
v -3.117224 0.533051 -0.544646
v -3.117224 0.533051 -0.024646
v -3.041451 0.517979 -0.544646
v -3.041451 0.517979 -0.024646
v -2.977216 0.475058 -0.544646
v -2.977216 0.475058 -0.024646
v -2.934295 0.410822 -0.544646
v -2.934295 0.410822 -0.024646
v -3.041451 -0.202901 0.236553
v -3.117224 -0.202901 0.236553
v -3.192994 -0.202901 0.236553
v -3.041451 -0.202901 -0.024646
v -3.117224 -0.202901 -0.024646
v -3.192994 -0.202901 -0.024646
v -2.971136 -0.202551 -0.705847
v -3.037910 -0.202551 -0.705847
v -3.116674 -0.202551 -0.705847
v -3.195439 -0.202551 -0.705847
v -3.262212 -0.202551 -0.705847
v -3.306827 -0.202551 -0.705847
v -3.116674 -0.202551 -0.544646
v -3.195439 -0.202551 -0.544646
v -3.037910 -0.202551 -0.544646
v -3.262212 -0.202551 -0.544646
v -3.306827 -0.202551 -0.544646
v -2.971136 -0.202551 -0.544646
v -3.892994 -0.202901 -0.024646
v -3.892994 -0.202901 0.236553
v -3.892994 0.147099 -0.024646
v -3.892994 0.147099 0.236553
v -2.245973 0.330141 0.336553
v -2.245973 0.405913 0.336553
v -2.245973 0.330141 0.075354
v -2.245973 0.405913 0.075354
v -2.541451 0.147099 0.236553
v -2.541451 0.147099 -0.024646
v -2.541451 -0.202901 0.236553
v -2.541451 -0.202901 -0.024646
v -2.817222 -0.204950 -0.944646
v -2.817222 0.595051 -0.944646
v -2.817222 -0.204950 -0.704646
v -2.817222 0.595051 -0.704646
v -3.617223 -0.204950 -0.944646
v -3.617223 0.595051 -0.944646
v -3.617223 -0.204950 -0.704646
v -3.617223 0.595051 -0.704646
v -2.073097 -0.198550 0.383076
v -2.161349 -0.198550 0.383076
v -2.161349 0.528650 0.383076
v -2.073097 0.528650 0.383076
v -2.211689 -0.198550 0.362224
v -2.274092 -0.198550 0.299821
v -2.274092 0.528650 0.299821
v -2.211689 0.528650 0.362224
v -2.294945 -0.198550 0.249480
v -2.294945 -0.198550 0.161228
v -2.294945 0.528650 0.161228
v -2.294945 0.528650 0.249480
v -2.274092 -0.198550 0.110887
v -2.211689 -0.198550 0.048483
v -2.211689 0.528650 0.048483
v -2.274092 0.528650 0.110887
v -2.161349 -0.198550 0.027631
v -2.073097 -0.198550 0.027631
v -2.073097 0.528650 0.027631
v -2.161349 0.528650 0.027631
v -2.022755 -0.198550 0.048483
v -1.960351 -0.198550 0.110887
v -1.960351 0.528650 0.110887
v -2.022755 0.528650 0.048483
v -1.939499 -0.198550 0.161228
v -1.939499 -0.198550 0.249480
v -1.939499 0.528650 0.249480
v -1.939499 0.528650 0.161228
v -1.960351 -0.198550 0.299821
v -2.022755 -0.198550 0.362224
v -2.022755 0.528650 0.362224
v -1.960351 0.528650 0.299821
v 4.642463 0.543970 -0.422833
v 4.741374 0.486895 -0.499137
v 4.807466 0.448759 -0.613334
v 4.830673 0.435367 -0.748039
v 4.807466 0.448759 -0.882743
v 4.741374 0.486895 -0.996940
v 4.642463 0.543970 -1.073244
v 4.525789 0.611295 -1.100039
v 4.409116 0.678620 -1.073244
v 4.310204 0.735694 -0.996940
v 4.244115 0.773831 -0.882743
v 4.220907 0.787221 -0.748039
v 4.244115 0.773831 -0.613334
v 4.310204 0.735694 -0.499137
v 4.409116 0.678620 -0.422833
v 4.525789 0.611295 -0.396039
v 4.763414 0.753577 -0.422833
v 4.862324 0.696503 -0.499137
v 4.928415 0.658366 -0.613334
v 4.951623 0.644975 -0.748039
v 4.928415 0.658366 -0.882743
v 4.862324 0.696503 -0.996940
v 4.763414 0.753577 -1.073244
v 4.646740 0.820902 -1.100039
v 4.530065 0.888226 -1.073243
v 4.431155 0.945301 -0.996940
v 4.365064 0.983437 -0.882743
v 4.341857 0.996829 -0.748039
v 4.365064 0.983437 -0.613334
v 4.431155 0.945301 -0.499137
v 4.530065 0.888226 -0.422833
v 4.646740 0.820902 -0.396039
v 4.747310 0.750170 -0.452397
v 4.837228 0.698283 -0.521765
v 4.897310 0.663615 -0.625580
v 4.918409 0.651440 -0.748039
v 4.897310 0.663615 -0.870497
v 4.837228 0.698283 -0.974313
v 4.747310 0.750170 -1.043680
v 4.641242 0.811374 -1.068039
v 4.535174 0.872578 -1.043679
v 4.445256 0.924464 -0.974313
v 4.385174 0.959133 -0.870497
v 4.364076 0.971308 -0.748039
v 4.385174 0.959133 -0.625579
v 4.445256 0.924464 -0.521765
v 4.535174 0.872578 -0.452397
v 4.641242 0.811374 -0.428039
v 4.503898 0.622497 -0.489871
v 4.971105 1.383030 -0.428038
v 4.461220 0.647120 -0.496144
v 4.865038 1.444234 -0.452395
v 4.775120 1.496121 -0.521764
v 4.715037 1.530790 -0.625579
v 4.306652 0.736314 -0.783000
v 4.693939 1.542963 -0.748039
v 4.315142 0.731416 -0.814534
v 4.715037 1.530790 -0.870497
v 4.775120 1.496121 -0.974313
v 4.865038 1.444234 -1.043679
v 4.546468 0.597928 -1.006206
v 4.971105 1.383030 -1.068039
v 4.589147 0.573306 -0.999933
v 5.077172 1.321826 -1.043679
v 5.167091 1.269941 -0.974313
v 5.227174 1.235271 -0.870497
v 4.743714 0.484113 -0.713077
v 5.248271 1.223097 -0.748039
v 4.735226 0.489010 -0.681543
v 5.227174 1.235271 -0.625579
v 5.167091 1.269941 -0.521765
v 5.077172 1.321826 -0.452395
v 4.503898 0.622497 -0.461682
v 4.446620 0.655543 -0.470100
v 4.268499 0.758324 -0.783000
v 4.279893 0.751752 -0.825322
v 4.546468 0.597928 -1.034395
v 4.603747 0.564882 -1.025977
v 4.781867 0.462101 -0.713077
v 4.770474 0.468674 -0.670755
v 4.294164 0.259075 -0.461682
v 4.236885 0.292121 -0.470100
v 4.058764 0.394903 -0.783000
v 4.070158 0.388330 -0.825322
v 4.336734 0.234506 -1.034395
v 4.394012 0.201461 -1.025977
v 4.572132 0.098679 -0.713077
v 4.560738 0.105252 -0.670755
v 4.294164 0.259075 -0.489871
v 4.251485 0.283698 -0.496144
v 4.096917 0.372893 -0.783000
v 4.105406 0.367994 -0.814534
v 4.336734 0.234506 -1.006206
v 4.379412 0.209884 -0.999933
v 4.533979 0.120690 -0.713077
v 4.525490 0.125589 -0.681543
v 2.896455 -0.143260 1.064801
v 3.910703 1.011328 1.041390
v 2.946344 -0.193148 0.910156
v 3.972269 0.949764 0.850552
v 4.080789 0.841244 0.707560
v 4.219742 0.702293 0.634182
v 4.367973 0.554061 0.641591
v 3.376349 -0.623154 0.811380
v 4.502915 0.419118 0.728658
v 4.604027 0.318007 0.882128
v 3.500328 -0.747134 1.094983
v 4.655912 0.266122 1.078636
v 3.496083 -0.742889 1.264856
v 4.650673 0.271361 1.288267
v 3.446194 -0.692999 1.419500
v 4.589108 0.332927 1.479104
v 3.358256 -0.605060 1.535373
v 4.480588 0.441446 1.622097
v 3.245658 -0.492462 1.594834
v 4.341636 0.580398 1.695474
v 3.125539 -0.372344 1.588830
v 4.193405 0.728629 1.688065
v 3.016188 -0.262995 1.518276
v 4.058462 0.863571 1.600999
v 2.934254 -0.181061 1.393913
v 3.957350 0.964683 1.447529
v 2.892208 -0.139014 1.234673
v 3.905464 1.016567 1.251020
v 3.019881 -0.002623 0.850552
v 2.958316 0.058941 1.041390
v 2.826285 -0.073089 1.041390
v 2.887851 -0.134655 0.850552
v 2.996370 -0.243174 0.707560
v 3.135321 -0.382127 0.634182
v 3.504688 -0.751493 1.479104
v 3.396168 -0.642974 1.622097
v 3.257216 -0.504021 1.695474
v 3.108985 -0.355790 1.688065
v 2.974043 -0.220847 1.600999
v 2.872932 -0.119736 1.447529
v 2.821046 -0.067851 1.251020
v 2.684863 -0.214511 1.041390
v 2.746429 -0.276077 0.850552
v 3.363267 -0.892914 1.479104
v 2.967563 -0.497212 1.688065
v 2.832620 -0.362269 1.600999
v 2.755032 -0.284682 1.064801
v 2.804922 -0.334570 0.910156
v 3.354663 -0.884310 1.264856
v 3.304773 -0.834420 1.419500
v 2.984118 -0.513767 1.588830
v 2.874768 -0.404416 1.518276
v 3.128401 -0.111144 0.707560
v 3.267352 -0.250096 0.634182
v 3.415583 -0.398328 0.641591
v 3.528199 -0.510943 1.622097
v 3.636719 -0.619462 1.479104
v 3.651637 -0.634381 0.882128
v 2.953077 0.064181 1.251020
v 3.004963 0.012294 1.447529
v 3.106073 -0.088816 1.600999
v 3.389248 -0.371990 1.695474
v 3.241016 -0.223759 1.688065
v 3.734369 0.834994 1.041390
v 3.795933 0.773429 0.850552
v 3.904454 0.664909 0.707560
v 4.043406 0.525955 0.634182
v 4.191637 0.377724 0.641591
v 4.304253 0.265110 1.622097
v 4.412772 0.156592 1.479104
v 4.326580 0.242783 0.728658
v 4.427691 0.141671 0.882128
v 3.729130 0.840233 1.251020
v 3.781015 0.788347 1.447529
v 3.882127 0.687236 1.600999
v 4.165300 0.404063 1.695474
v 4.017069 0.552294 1.688065
v 4.474337 0.095025 1.288267
v 4.479576 0.089787 1.078636
v 4.036882 0.532481 1.121295
v 3.260829 -0.243572 1.121295
v 2.913079 0.104180 1.476476
v 3.689131 0.880231 1.476476
v 3.702464 0.866897 0.996772
v 2.926411 0.090843 0.996772
v 4.285563 -0.104227 1.078636
v 4.280324 -0.098987 1.288267
v 3.803611 -0.010301 0.641591
v 3.938554 -0.145243 0.728658
v 3.997624 0.183712 0.641591
v 4.132566 0.048770 0.728658
v 4.426896 -0.245560 1.085700
v 4.421657 -0.240321 1.295330
v 3.862311 -0.069001 0.459634
v 4.061879 1.162503 1.041390
v 4.123444 1.100939 0.850552
v 4.231964 0.992419 0.707560
v 4.370916 0.853466 0.634182
v 4.519147 0.705237 0.641591
v 4.654090 0.570294 0.728658
v 4.755201 0.469182 0.882128
v 4.807086 0.417297 1.078636
v 4.801848 0.422535 1.288266
v 4.740282 0.484101 1.479104
v 4.631763 0.592620 1.622096
v 4.492810 0.731571 1.695474
v 4.344579 0.879803 1.688066
v 4.209637 1.014745 1.600999
v 4.172780 0.995533 1.367714
v 4.172780 1.039468 1.261648
v 4.172780 1.051603 1.545058
v 4.057472 1.166909 1.217714
v 4.172780 1.051603 1.256622
v 4.078850 1.145533 1.217714
v 3.946052 0.995533 1.367714
v 3.988200 0.995533 1.447529
v 3.933976 1.039468 1.261648
v 3.954022 1.065125 1.251020
v 4.172780 0.995533 1.587610
v 4.036095 1.145533 1.217714
v 2.089965 -2.113883 3.213713
v -3.747438 -0.152416 3.277414
v -3.166968 -0.152416 3.277414
v -3.744747 -0.152418 3.689422
v -3.164276 -0.152418 3.689422
v -3.166968 -0.402952 3.277414
v -3.647439 -0.402952 3.277414
v -3.164276 -0.402954 3.689422
v -3.644747 -0.402954 3.689422
v -3.439931 -0.402952 3.372495
v -3.509932 -0.402952 3.442495
v -3.290334 -0.402952 3.442495
v -3.360333 -0.402952 3.372495
v -3.509932 -0.402952 3.512333
v -3.439931 -0.402953 3.582333
v -3.360333 -0.402953 3.582333
v -3.290334 -0.402952 3.512333
v -3.360333 -0.802951 3.372495
v -3.290334 -0.802951 3.442495
v -3.509932 -0.802951 3.442495
v -3.439931 -0.802951 3.372495
v -3.290334 -0.802952 3.512333
v -3.360333 -0.802952 3.582333
v -3.439931 -0.802952 3.582333
v -3.509932 -0.802952 3.512333
v -3.782235 -0.507684 3.190064
v -3.782235 -0.107684 3.190064
v -3.782235 -0.507687 3.689533
v -3.782235 -0.507687 3.776883
v -3.782235 -0.107685 3.689533
v -3.782235 -0.107685 3.776883
v -3.782235 -0.107684 3.277414
v -3.782235 -0.507685 3.277414
v -3.082236 -0.447684 3.190064
v -3.142236 -0.507684 3.190064
v -3.099809 -0.490109 3.190064
v -3.142236 -0.107684 3.190064
v -3.082236 -0.167683 3.190064
v -3.099809 -0.125255 3.190064
v -3.082236 -0.447686 3.689533
v -3.142236 -0.507687 3.689533
v -3.099809 -0.490110 3.689533
v -3.142236 -0.507687 3.776883
v -3.082236 -0.447686 3.776883
v -3.099809 -0.490110 3.776883
v -3.142236 -0.107685 3.689533
v -3.082236 -0.167684 3.689533
v -3.099809 -0.125256 3.689533
v -3.082236 -0.167684 3.776883
v -3.142236 -0.107685 3.776883
v -3.099809 -0.125256 3.776883
v -3.082236 -0.167683 3.277414
v -3.142236 -0.107684 3.277414
v -3.099809 -0.125255 3.277414
v -3.142236 -0.507685 3.277414
v -3.082236 -0.447684 3.277414
v -3.099809 -0.490109 3.277414
v -3.142236 -0.307683 3.277414
v -3.142236 -0.307683 3.190064
v -3.142236 -0.307684 3.689533
v -3.142236 -0.307684 3.776883
v 3.768101 -3.831357 -2.794286
v -3.747437 -0.152415 -2.841986
v -3.166965 -0.152415 -2.841986
v -3.744745 -0.152415 -2.429978
v -3.164274 -0.152415 -2.429978
v -3.166965 -0.402951 -2.841986
v -3.647438 -0.402951 -2.841986
v -3.164274 -0.402951 -2.429978
v -3.644745 -0.402951 -2.429978
v -3.439929 -0.402951 -2.746905
v -3.509929 -0.402951 -2.676905
v -3.290332 -0.402951 -2.676905
v -3.360332 -0.402951 -2.746905
v -3.509929 -0.402951 -2.607067
v -3.439929 -0.402951 -2.537067
v -3.360332 -0.402951 -2.537067
v -3.290332 -0.402951 -2.607067
v -3.360332 -0.802951 -2.746905
v -3.290332 -0.802951 -2.676905
v -3.509929 -0.802951 -2.676905
v -3.439929 -0.802951 -2.746905
v -3.290332 -0.802951 -2.607067
v -3.360332 -0.802951 -2.537067
v -3.439929 -0.802951 -2.537067
v -3.509929 -0.802951 -2.607067
v -3.782233 -0.507683 -2.929336
v -3.782233 -0.107683 -2.929336
v -3.782233 -0.507683 -2.429867
v -3.782233 -0.507683 -2.342517
v -3.782233 -0.107683 -2.429867
v -3.782233 -0.107683 -2.342517
v -3.782233 -0.107683 -2.841986
v -3.782233 -0.507683 -2.841986
v -3.082233 -0.447683 -2.929336
v -3.142234 -0.507683 -2.929336
v -3.099808 -0.490107 -2.929336
v -3.142234 -0.107683 -2.929336
v -3.082233 -0.167683 -2.929336
v -3.099808 -0.125255 -2.929336
v -3.082233 -0.447683 -2.429867
v -3.142234 -0.507683 -2.429867
v -3.099808 -0.490108 -2.429867
v -3.142234 -0.507683 -2.342517
v -3.082233 -0.447683 -2.342517
v -3.099808 -0.490108 -2.342517
v -3.142234 -0.107683 -2.429867
v -3.082233 -0.167683 -2.429867
v -3.099808 -0.125255 -2.429867
v -3.082233 -0.167683 -2.342517
v -3.142234 -0.107683 -2.342517
v -3.099808 -0.125255 -2.342517
v -3.082233 -0.167683 -2.841986
v -3.142234 -0.107683 -2.841986
v -3.099808 -0.125255 -2.841986
v -3.142234 -0.507683 -2.841986
v -3.082233 -0.447683 -2.841986
v -3.099808 -0.490107 -2.841986
v -3.142234 -0.307682 -2.841986
v -3.142234 -0.307682 -2.929336
v -3.142234 -0.307683 -2.429867
v -3.142234 -0.307683 -2.342517
v -5.968885 -2.526766 -2.032287
v -6.079777 -2.319302 -2.032287
v -5.968886 -2.526766 -3.232288
v -6.079778 -2.319302 -3.232288
v -5.968886 -2.526766 -3.232288
v -5.968885 -2.526766 -2.032287
v -6.079777 -2.319302 -2.032287
v -6.079778 -2.319302 -3.232288
v -3.072946 7.021266 1.482882
v -2.990302 7.049165 1.481597
v -3.180919 6.882619 1.488958
v -3.073278 7.007161 1.155185
v -2.990633 7.035060 1.153901
v -3.142560 6.946628 1.157861
v -3.174415 6.863389 1.489779
v -3.174406 6.863420 1.490981
v -3.142563 6.946576 1.156664
v -3.174741 6.849212 1.160887
v -3.073280 7.007110 1.153988
v -2.990634 7.035008 1.152704
v -3.174747 6.849284 1.162083
v -2.972070 7.040203 1.483168
v -2.972091 7.040161 1.481966
v -3.180918 6.882670 1.490159
v -3.072945 7.021317 1.484082
v -2.990300 7.049216 1.482798
v -1.508446 -2.819659 3.956664
v -1.397553 -2.612195 3.956664
v -1.508446 -2.819661 5.156663
v -1.397553 -2.612195 5.156663
v -1.508446 -2.819661 5.156663
v -1.508446 -2.819659 3.956664
v -1.397553 -2.612195 5.156663
v 2.665477 -2.827816 3.956663
v 2.665477 -2.827817 5.156662
v 2.665477 -2.827817 5.156662
v 2.665477 -2.827816 3.956663
vn -0.7071 -0.0000 0.7071
vn -0.9659 -0.0000 0.2588
vn 0.2588 -0.0000 0.9659
vn -0.2588 -0.0000 0.9659
vn 0.9659 -0.0000 0.2588
vn 0.7071 -0.0000 0.7071
vn -0.9659 -0.0000 -0.2588
vn -0.7071 -0.0000 -0.7071
vn -0.0000 0.7230 -0.6908
vn -0.0000 0.9011 -0.4336
vn -0.0000 0.4336 -0.9011
vn -0.0000 0.1339 -0.9910
vn -0.0000 -0.4742 0.8804
vn -0.0000 -0.1789 0.9839
vn 0.7071 -0.0000 -0.7071
vn 0.9659 -0.0000 -0.2588
vn -0.2588 -0.0000 -0.9659
vn 0.2588 -0.0000 -0.9659
vn -0.0000 0.3520 0.9360
vn -0.0000 0.5878 0.8090
vn 0.0001 0.3479 0.9375
vn -0.0000 0.1789 0.9839
vn -0.0000 0.4742 0.8804
vn -0.0000 -0.9011 -0.4336
vn -0.0000 -0.7230 -0.6908
vn -0.0000 0.8804 0.4742
vn -0.0000 0.6908 0.7230
vn -0.0000 0.9839 -0.1789
vn -0.0000 0.9910 0.1339
vn -0.0000 -0.6908 0.7230
vn -0.0000 -0.8804 0.4742
vn -0.0000 -0.9910 0.1339
vn -0.0000 -0.9839 -0.1789
vn -0.0000 -0.0000 -1.0000
vn -0.0000 -0.2654 -0.9641
vn -0.0000 0.2654 -0.9641
vn -0.0395 -0.0231 -0.9990
vn -0.8472 -0.0527 -0.5286
vn -0.0000 -0.9511 -0.3090
vn -0.0000 -0.8349 -0.5503
vn -0.0000 0.7814 0.6240
vn -0.0000 0.9990 -0.0455
vn -0.0000 0.9733 -0.2296
vn 0.0001 0.9990 -0.0456
vn -0.0000 -0.7814 0.6240
vn -0.0000 0.9511 -0.3090
vn -0.0000 0.8349 -0.5504
vn -0.0000 -0.9990 -0.0455
vn -0.0001 -0.9990 -0.0454
vn -0.0001 -0.9733 -0.2296
vn -0.0000 -0.5878 0.8090
vn -0.0000 -0.3520 0.9360
vn -0.7071 0.7071 -0.0000
vn -0.9659 0.2588 -0.0000
vn 0.2588 0.9659 -0.0000
vn -0.2588 0.9659 -0.0000
vn 0.9659 0.2588 -0.0000
vn 0.7071 0.7071 -0.0000
vn -0.9659 -0.2588 -0.0000
vn -0.7071 -0.7071 -0.0000
vn 0.7071 -0.7071 -0.0000
vn 0.9659 -0.2588 -0.0000
vn -0.2588 -0.9659 -0.0000
vn 0.2588 -0.9659 -0.0000
vn -0.0000 1.0000 -0.0000
vn -0.0000 -0.4336 -0.9011
vn -0.0000 -0.1339 -0.9910
vn -1.0000 -0.0000 -0.0000
vn -0.0000 -0.9239 -0.3827
vn -0.0000 -1.0000 -0.0000
vn 0.0398 -0.7106 0.7025
vn 0.0313 -0.5553 0.8311
vn 0.0716 -0.5712 0.8177
vn -0.0000 0.9239 0.3827
vn -0.0000 -0.9239 0.3827
vn -0.0000 0.9239 -0.3827
vn -0.0000 -0.7071 0.7071
vn -0.0000 0.7071 -0.7071
vn -0.0000 -0.3827 0.9239
vn -0.0000 0.3827 -0.9239
vn -0.0000 -0.0000 1.0000
vn -0.0000 -0.3827 -0.9239
vn -0.0000 0.3827 0.9239
vn -0.0000 -0.7071 -0.7071
vn -0.0000 0.7071 0.7071
vn 0.0459 0.7135 -0.6992
vn 0.0313 0.5553 -0.8311
vn 0.0716 0.5712 -0.8177
vn 0.0026 -0.0015 1.0000
vn 0.0042 -0.2007 0.9797
vn -0.0000 -0.2161 0.9764
vn 0.0094 -0.3876 -0.9218
vn 0.0024 0.0011 -1.0000
vn -0.0000 -0.1706 -0.9853
vn 0.0024 0.0027 -1.0000
vn 0.0267 0.4176 -0.9082
vn 0.0041 0.2007 -0.9796
vn -0.1862 0.2685 0.9451
vn 0.0071 0.4150 0.9098
vn 0.0380 -0.7157 -0.6974
vn 0.0128 -0.4200 -0.9074
vn 0.0169 -0.5555 -0.8314
vn 0.0354 0.7130 0.7003
vn 0.0196 0.5707 0.8210
vn 0.0404 0.7748 0.6309
vn 0.0243 -0.8623 -0.5059
vn 0.0623 -0.9453 -0.3203
vn 0.0625 0.9250 0.3748
vn 0.0561 0.8436 0.5340
vn 0.0697 -0.9236 -0.3771
vn 0.0692 -0.9808 -0.1822
vn 0.0760 -0.9971 0.0048
vn 0.0771 0.9970 -0.0018
vn 0.0697 0.9461 0.3164
vn 0.0749 0.9796 0.1867
vn 0.0779 -0.9970 -0.0016
vn 0.0798 -0.9791 0.1870
vn 0.0738 -0.9436 0.3227
vn 0.0705 0.9236 -0.3769
vn 0.0795 0.9968 -0.0073
vn 0.0761 0.9790 -0.1890
vn 0.0660 -0.9242 0.3761
vn 0.0672 -0.8359 0.5447
vn 0.0562 -0.7755 0.6289
vn 0.0696 0.9453 -0.3186
vn 0.0584 0.8351 -0.5470
vn 0.5878 -0.8090 -0.0000
vn -0.9511 -0.3090 -0.0000
vn 0.9511 -0.3090 -0.0000
vn -0.5878 -0.8090 -0.0000
vn -0.5878 0.8090 -0.0000
vn 0.9511 0.3090 -0.0000
vn -0.9511 0.3090 -0.0000
vn 0.5878 0.8090 -0.0000
vn -0.0000 -0.2560 -0.9667
vn -0.0000 0.2560 -0.9667
vn 1.0000 -0.0000 -0.0000
vn -0.0000 -0.9893 0.1458
vn -0.0000 -0.9893 -0.1458
vn -0.0000 0.2560 0.9667
vn -0.0000 -0.2560 0.9667
vn -0.0000 0.9893 0.1458
vn -0.0000 0.9575 0.2884
vn -0.0000 0.4949 0.8689
vn -0.0000 -0.9575 0.2884
vn -0.0000 -0.4949 0.8689
vn -0.0000 0.9893 -0.1458
vn -0.0000 0.9575 -0.2884
vn -0.0000 0.4949 -0.8689
vn -0.0000 -0.9575 -0.2884
vn -0.0000 -0.4949 -0.8689
vn -0.0000 0.5000 0.8660
vn -0.0000 0.8660 0.5000
vn -0.0000 0.8660 -0.5000
vn -0.0000 0.5000 -0.8660
vn -0.0000 -0.5000 -0.8660
vn -0.0000 -0.8660 -0.5000
vn -0.0000 -0.8660 0.5000
vn -0.0000 -0.5000 0.8660
vn -0.0000 0.8000 0.6000
vn 0.0289 0.0167 -0.9994
vn 0.0288 -0.0167 -0.9994
vn -0.0000 0.0333 -0.9994
vn -0.0000 -0.0333 -0.9994
vn -0.0288 0.0167 -0.9994
vn -0.5000 0.8660 -0.0000
vn -0.5000 -0.8660 -0.0000
vn 0.5000 0.8660 -0.0000
vn 0.5000 -0.8660 -0.0000
vn -0.0288 -0.0167 -0.9994
vn -0.0289 -0.0167 -0.9994
vn -0.5556 -0.0000 -0.8315
vn -0.1951 -0.0000 -0.9808
vn -0.8315 -0.0000 0.5556
vn -0.9808 -0.0000 0.1951
vn -0.9808 -0.0000 -0.1951
vn -0.8315 -0.0000 -0.5556
vn 0.9808 -0.0000 0.1951
vn 0.8315 -0.0000 0.5556
vn 0.1951 -0.0000 -0.9808
vn 0.5556 -0.0000 -0.8315
vn 0.5556 -0.0000 0.8315
vn 0.1951 -0.0000 0.9808
vn 0.8315 -0.0000 -0.5556
vn 0.9808 -0.0000 -0.1951
vn -0.1951 -0.0000 0.9808
vn -0.5556 -0.0000 0.8315
vn -0.3912 0.9203 -0.0000
vn 0.0103 0.9999 -0.0000
vn 0.0051 1.0000 -0.0000
vn -0.7682 -0.6402 -0.0000
vn -0.9239 -0.0000 0.3827
vn -0.3827 -0.0000 0.9239
vn 0.3827 -0.0000 0.9239
vn 0.9239 -0.0000 0.3827
vn -0.9239 -0.0000 -0.3827
vn -0.3827 -0.0000 -0.9239
vn 0.3827 -0.0000 -0.9239
vn 0.9239 -0.0000 -0.3827
vn 0.7674 -0.6411 -0.0000
vn 0.4731 0.8810 -0.0014
vn 0.4747 0.8801 -0.0000
vn 0.5018 0.8650 -0.0000
vn 0.4756 0.8797 -0.0000
vn 0.1589 -0.1589 0.9744
vn 0.0270 -0.0270 0.9993
vn -0.0176 0.0176 0.9997
vn -0.2576 0.2576 0.9313
vn -0.2926 0.2926 0.9104
vn -0.4924 0.4924 0.7177
vn -0.5131 0.5131 0.6881
vn -0.6511 0.6511 0.3902
vn -0.6572 0.6572 0.3691
vn -0.6572 0.6572 -0.3691
vn -0.6511 0.6511 -0.3902
vn -0.5131 0.5131 -0.6881
vn -0.4924 0.4924 -0.7177
vn -0.3929 0.3929 -0.8315
vn 0.5531 0.8331 -0.0000
vn 0.5148 0.8573 -0.0000
vn 0.7169 -0.6972 -0.0000
vn 0.4745 0.8803 -0.0017
vn 0.4716 0.8818 0.0067
vn -0.6790 0.7106 -0.1845
vn -0.6976 0.7164 -0.0078
vn -0.7071 0.7071 -0.0001
vn 0.2992 0.9542 -0.0000
vn 0.1593 -0.9872 -0.0000
vn 0.8880 -0.4598 -0.0000
vn 0.5711 0.8209 -0.0000
vn 0.5350 0.8449 -0.0000
vn 0.4598 0.8880 -0.0000
vn 0.5165 0.8563 -0.0000
vn 0.3145 -0.9492 -0.0000
vn 0.5774 -0.5773 -0.5773
vn 0.5774 -0.5773 0.5773
vn -0.5774 -0.5774 0.5773
vn -0.5774 -0.5774 -0.5773
vn -0.4598 -0.8880 -0.0000
vn 0.9239 -0.3827 -0.0000
vn 0.9808 -0.1951 -0.0000
vn 0.7253 -0.6884 -0.0000
vn 0.9591 -0.2830 -0.0000
vn 0.5982 -0.8014 -0.0000
vn -0.5981 -0.8014 -0.0000
vn -0.7253 -0.6884 -0.0000
vn -0.9239 -0.3827 -0.0000
vn -0.9959 -0.0908 -0.0000
vn -0.9239 0.3827 -0.0000
vn -0.3827 0.9239 -0.0000
vn 0.3827 0.9239 -0.0000
vn -0.0480 -0.0095 0.9988
vn 0.8315 0.5556 -0.0000
vn 0.9239 0.3827 -0.0000
vn -0.0073 -1.0000 -0.0000
vn 0.9999 0.0153 -0.0000
vn -0.0564 -0.0105 0.9984
vn -0.1467 -0.0020 0.9892
vn 0.0566 0.0105 -0.9983
vn 0.1467 0.0020 -0.9892
vn 0.1469 -0.0000 -0.9891
vn 0.0071 1.0000 -0.0000
vn -0.9999 0.0145 -0.0000
vn 0.4748 0.8801 -0.0007
vn 0.4736 0.8807 0.0003
vn 0.4757 0.8796 -0.0040
vn 0.4766 0.8791 -0.0021
vn 0.4655 0.8849 0.0185
vn -0.6895 0.7243 -0.0000
vn -0.3315 0.1913 0.9239
vn -0.6125 0.3534 0.7071
vn -0.8002 0.4617 0.3827
vn -0.8661 0.4998 -0.0000
vn -0.8002 0.4617 -0.3827
vn -0.6125 0.3534 -0.7071
vn -0.3315 0.1913 -0.9239
vn 0.3315 -0.1913 -0.9239
vn 0.6125 -0.3534 -0.7071
vn 0.8002 -0.4617 -0.3827
vn 0.8661 -0.4998 -0.0000
vn 0.8002 -0.4617 0.3827
vn 0.6125 -0.3534 0.7071
vn 0.4998 0.8661 -0.0000
vn 0.3315 -0.1913 0.9239
vn -0.4998 -0.8661 -0.0000
vn -0.6882 0.6882 -0.2296
vn -0.5737 0.5737 -0.5846
vn -0.3718 0.3718 -0.8506
vn -0.1134 0.1134 -0.9871
vn 0.1624 -0.1624 -0.9733
vn 0.2075 -0.2075 -0.9560
vn 0.4134 -0.4134 -0.8113
vn 0.5173 -0.5173 -0.6817
vn 0.3718 -0.3718 0.8506
vn 0.1134 -0.1134 0.9871
vn -0.6980 0.6980 0.1603
vn -0.6014 0.6014 0.5259
vn -0.3549 0.3549 0.8649
vn 0.5737 -0.5737 0.5846
vn 0.6882 -0.6882 0.2296
vn -0.1624 0.1624 0.9733
vn -0.3546 0.3546 0.8652
vn -0.4134 0.4134 0.8113
vn 0.7067 -0.7067 0.0353
vn 0.4965 -0.4965 0.7121
vn -0.3745 0.3745 0.8482
vn 0.1130 -0.1130 0.9871
vn -0.2075 0.2075 0.9560
vn -0.5996 0.5996 -0.5301
vn -0.6980 0.6980 0.1597
vn -0.6760 0.6760 -0.2935
vn -0.2474 0.2474 -0.9368
vn -0.5998 0.5998 -0.5296
vn 0.6775 -0.6775 0.2864
vn 0.3296 -0.2308 -0.9155
vn -0.2223 0.3097 -0.9245
vn -0.6433 0.6433 -0.4151
vn -0.6624 0.6624 0.3498
vn -0.5173 0.5173 0.6817
vn -0.7071 0.7071 0.0054
vn -0.7067 0.7067 -0.0353
vn -0.0000 0.9808 0.1951
vn -0.0000 0.2903 0.9569
vn -0.0000 0.2900 0.9570
vn -0.0000 0.9716 0.2366
vn -0.0000 0.6566 0.7543
vn -0.0000 0.3451 0.9386
vn -0.0000 -0.9508 -0.3098
vn -0.0000 -0.6566 0.7543
vn 0.0267 -0.4176 0.9082
vn 0.0118 -0.3859 0.9225
vn 0.0118 0.3859 -0.9225
vn 0.0445 0.7885 -0.6134
vn -0.0000 0.0276 0.9996
vn 0.0032 -0.2042 -0.9789
vn -0.0000 0.0684 -0.9977
vn 0.0118 0.3859 0.9225
vn 0.0277 -0.5792 -0.8147
vn 0.0437 -0.7758 -0.6295
vn -0.5878 0.8090 0.0020
vn -0.6863 0.7209 -0.0970
vn 0.5981 -0.8014 -0.0000
vn 0.0480 0.0095 -0.9988
vn 0.9593 -0.2823 -0.0000
vn -0.0566 -0.0105 0.9983
vn -0.1469 -0.0000 0.9891
vn -0.1467 -0.0019 0.9892
vn -0.9959 -0.0902 -0.0000
vn 0.4998 0.8662 -0.0000
vn -0.4999 -0.8661 -0.0000
vn -0.4998 -0.8662 -0.0000
vn 0.4820 -0.4820 0.7316
vn -0.3721 0.3722 -0.8503
vn -0.6883 0.6883 -0.2291
vn 0.1004 -0.1004 -0.9899
vn 0.2935 -0.2935 -0.9098
vn 0.2080 -0.2080 -0.9558
vn -0.5803 0.5803 0.5715
vn -0.5173 0.5174 0.6817
vn -0.0001 0.3827 0.9239
vn -0.0000 0.3826 0.9239
vn -0.3827 -0.9239 -0.0000
vn 0.3827 -0.9239 -0.0000
vn 0.3090 -0.9511 -0.0000
vn 0.1564 -0.9877 -0.0000
vn 0.1564 0.9877 -0.0000
vn 0.3090 0.9511 -0.0000
vn -0.3090 0.9511 -0.0000
vn -0.8090 0.5878 -0.0000
vn -0.8090 -0.5878 -0.0000
vn -0.3090 -0.9511 -0.0000
vn 0.2902 -0.0068 -0.9570
vn 0.0981 -0.0071 -0.9952
vn 0.2904 -0.0068 -0.9569
vn -0.7732 -0.0045 -0.6341
vn -0.8818 -0.0033 -0.4717
vn -0.8821 -0.0033 -0.4711
vn -0.9571 -0.0021 -0.2899
vn -0.9951 -0.0007 -0.0984
vn -0.9952 -0.0007 -0.0976
vn -0.9951 0.0007 0.0984
vn -0.9675 0.0018 0.2527
vn -0.9676 0.0015 0.2526
vn -0.9313 0.0013 0.3643
vn -0.7537 0.0010 0.6572
vn -0.7543 0.0007 0.6565
vn -0.2785 -0.0000 0.9604
vn -0.2832 0.0002 0.9591
vn 0.2793 -0.0000 0.9602
vn 0.7546 0.0012 0.6562
vn 0.9313 0.0013 0.3643
vn 0.7532 0.0004 0.6578
vn 0.9675 0.0018 0.2527
vn 0.9951 0.0007 0.0984
vn 0.9676 0.0015 0.2526
vn 0.9951 -0.0007 -0.0984
vn 0.9571 -0.0021 -0.2899
vn 0.9952 -0.0007 -0.0976
vn 0.8817 -0.0033 -0.4717
vn 0.7732 -0.0045 -0.6341
vn 0.8821 -0.0033 -0.4711
vn 0.6342 -0.0055 -0.7732
vn 0.4716 -0.0063 -0.8818
vn 0.6346 -0.0055 -0.7728
vn 0.0017 -0.9999 0.0122
vn -0.0039 -0.9997 0.0254
vn -0.0021 -0.9999 0.0114
vn -0.4716 -0.0063 -0.8818
vn -0.6342 -0.0055 -0.7732
vn -0.6346 -0.0055 -0.7728
vn -0.0981 -0.0071 -0.9952
vn -0.2902 -0.0068 -0.9570
vn -0.2904 -0.0068 -0.9569
vn 0.0980 -0.0071 -0.9952
vn -0.4712 -0.0063 -0.8820
vn -0.7728 -0.0045 -0.6346
vn -0.9568 -0.0021 -0.2907
vn -0.9952 0.0007 0.0976
vn -0.9308 0.0021 0.3655
vn 0.2824 0.0002 0.9593
vn 0.9308 0.0022 0.3655
vn 0.9952 0.0007 0.0976
vn 0.9568 -0.0021 -0.2907
vn 0.7728 -0.0045 -0.6346
vn 0.4712 -0.0063 -0.8820
vn 0.0025 0.9999 -0.0104
vn 0.0006 0.9999 -0.0147
vn -0.0001 0.9999 -0.0133
vn 0.9492 0.3145 -0.0000
vn -0.9492 -0.3146 -0.0000
vn 0.1557 -0.9878 -0.0000
vn 0.1557 0.9878 -0.0000
vn -0.0000 -0.9999 0.0139
vn -0.0000 -0.9999 0.0138
vn -0.0000 -0.9999 0.0140
vn -0.0001 -0.9999 0.0140
vn -0.0001 -0.9999 0.0139
vn 0.0038 -0.9999 0.0137
vn 0.0161 -0.9997 0.0171
vn 0.0039 -0.9999 0.0147
vn -0.0093 -0.9999 0.0053
vn 0.0072 -0.9992 0.0400
vn 0.0001 -0.9999 0.0139
vn -0.0038 -0.9999 0.0137
vn -0.0147 -0.9998 0.0152
vn -0.0161 -0.9997 0.0171
vn -0.0171 -0.9997 0.0176
vn -0.0171 -0.9997 0.0175
vn -0.0980 -0.0071 -0.9952
vn -0.0000 0.9999 -0.0139
vn -0.0000 0.9999 -0.0137
vn -0.0000 0.9999 -0.0138
vn 0.0001 0.9999 -0.0138
vn 0.0001 0.9999 -0.0136
vn 0.0008 0.9999 -0.0134
vn 0.0038 0.9999 -0.0137
vn 0.0165 0.9997 -0.0172
vn 0.0187 0.9997 -0.0182
vn -0.0054 1.0000 0.0024
vn 0.0021 0.9995 -0.0327
vn -0.0024 0.9999 -0.0129
vn -0.0099 0.9998 -0.0147
vn -0.0167 0.9997 -0.0172
vn 0.0093 0.9999 -0.0053
vn 1.0000 -0.0000 -0.0065
vn -0.9287 -0.3707 0.0061
vn 0.9744 -0.0112 -0.2245
vn -0.9744 -0.0112 0.2245
vn -0.2928 -0.0112 0.9561
vn 0.6816 -0.0112 0.7316
vn -0.0000 0.6660 0.7460
vn -0.0000 0.6698 0.7426
vn 0.0018 0.6545 0.7560
vn -0.6460 0.6660 -0.3730
vn -0.6459 0.6662 -0.3727
vn -0.6526 0.6683 -0.3570
vn -0.6461 0.6659 0.3730
vn -0.6481 0.6642 0.3726
vn -0.6457 0.6677 0.3705
vn 0.6460 0.6660 0.3730
vn 0.6449 0.6646 0.3774
vn 0.6543 0.6753 0.3404
vn 0.6460 0.6660 -0.3730
vn 0.6437 0.6640 -0.3805
vn 0.6422 0.6697 -0.3728
vn -0.0000 0.6660 -0.7460
vn -0.0000 0.6567 -0.7542
vn 0.0001 0.6548 -0.7558
vn -1.0000 0.0001 -0.0001
vn -1.0000 0.0002 -0.0001
vn -1.0000 -0.0001 -0.0001
vn -1.0000 -0.0002 -0.0001
vn 1.0000 -0.0001 -0.0001
vn 1.0000 -0.0002 -0.0001
vn -1.0000 0.0002 0.0001
vn -1.0000 0.0001 0.0001
vn -1.0000 -0.0000 0.0002
vn 1.0000 0.0002 -0.0001
vn 1.0000 0.0002 -0.0000
vn -1.0000 -0.0000 -0.0002
vn 1.0000 -0.0002 -0.0000
vn -1.0000 -0.0002 0.0001
vn -1.0000 -0.0001 0.0001
vn 1.0000 -0.0002 0.0001
vn 1.0000 -0.0000 0.0002
vn 1.0000 0.0002 0.0001
vn 1.0000 0.0001 0.0001
vn -0.6816 -0.0112 -0.7316
vn 0.8660 -0.0000 -0.5000
vn -0.8660 -0.0000 -0.5000
vn -0.8660 -0.0000 0.5000
vn 0.8660 -0.0000 0.5000
vn 0.2928 -0.0112 -0.9561
vn -0.6816 -0.0112 0.7316
vn -0.4983 -0.0818 0.8631
vn -0.2928 -0.0112 -0.9561
vn -0.4983 -0.0818 -0.8631
vn 0.6816 -0.0112 -0.7316
vn 0.4983 -0.0818 -0.8631
vn 0.9744 -0.0112 0.2245
vn 0.9966 -0.0818 -0.0000
vn -0.9744 -0.0112 -0.2245
vn -0.9966 -0.0820 -0.0000
vn 0.2928 -0.0112 0.9561
vn 0.4983 -0.0818 0.8631
vn 1.0000 -0.0001 0.0001
vn 1.0000 -0.0000 -0.0002
vn 1.0000 0.0001 -0.0001
vn 1.0000 0.0001 -0.0002
vn 1.0000 0.0001 0.0002
vn 1.0000 -0.0001 0.0002
vn 1.0000 -0.0001 -0.0002
vn -0.0000 0.0074 1.0000
vn -0.9999 0.0125 -0.0000
vn 0.9999 0.0125 -0.0000
vn -0.0000 0.0074 -1.0000
vn -0.0266 -0.9996 -0.0000
vn 0.0109 -0.9999 -0.0000
vn 0.0485 -0.9988 -0.0000
vn -0.9998 -0.0222 -0.0000
vn -0.0118 0.9999 -0.0000
vn 0.0250 0.9997 -0.0000
vn -0.0485 0.9988 -0.0000
vn -0.9612 0.2757 -0.0037
vn -0.9587 0.2843 -0.0036
vn -0.9630 0.2696 -0.0000
vn -0.0000 -0.7637 -0.6456
vn 0.0001 -0.6715 -0.7410
vn -0.9985 0.0532 -0.0094
vn -0.9811 0.1934 -0.0014
vn -0.9848 0.1733 -0.0149
vn 0.9811 0.1934 -0.0014
vn 0.9985 0.0532 -0.0094
vn -0.9578 0.2873 -0.0054
vn 0.9578 0.2873 -0.0000
vn -0.9578 0.2873 -0.0000
vn -0.0000 -0.3287 -0.9444
vn -0.0000 -0.4515 -0.8923
vn 0.9747 0.2234 -0.0060
vn 0.9724 0.2331 -0.0118
vn 0.9699 0.2430 -0.0177
vn -0.0000 0.2964 -0.9551
vn -0.0000 -0.6709 -0.7415
vn -0.0000 0.8057 -0.5924
vn 0.9848 0.1733 -0.0149
vn 0.7328 0.6690 0.1244
vn 0.6718 0.7042 0.2299
vn 0.7542 0.6566 -0.0000
vn 0.7328 0.6690 -0.1244
vn 0.6718 0.7042 -0.2299
vn 0.4726 0.8191 -0.3251
vn 0.3649 0.8813 -0.3003
vn 0.5804 0.7569 -0.3003
vn 0.2735 0.9340 -0.2299
vn 0.2125 0.9692 -0.1244
vn 0.1911 0.9816 -0.0000
vn 0.2125 0.9692 0.1244
vn 0.2735 0.9340 0.2299
vn 0.3649 0.8813 0.3003
vn 0.4726 0.8191 0.3251
vn 0.5804 0.7569 0.3003
vn -0.8271 0.4773 -0.2968
vn 0.8271 -0.4773 0.2968
vn -0.1094 0.0631 0.9920
vn -0.4997 -0.8662 -0.0000
vn 0.2219 -0.1281 -0.9666
vn 0.1094 -0.0631 -0.9920
vn -0.2219 0.1281 0.9666
vn -0.7271 0.4196 -0.5433
vn 0.7271 -0.4196 0.5434
vn 0.7271 -0.4196 0.5433
vn 0.0026 0.6483 0.7614
vn -0.0000 0.6661 0.7459
vn -0.0000 0.6719 0.7407
vn -0.6560 0.6694 -0.3488
vn -0.6459 0.6664 -0.3725
vn -0.6456 0.6685 0.3693
vn -0.6460 0.6660 0.3730
vn -0.6490 0.6634 0.3724
vn 0.6582 0.6797 0.3237
vn 0.6444 0.6638 0.3797
vn 0.6401 0.6717 -0.3729
vn 0.6424 0.6629 -0.3845
vn 0.0002 0.6490 -0.7608
vn -0.0000 0.6661 -0.7459
vn -0.0000 0.6522 -0.7580
vn 0.9770 0.2134 -0.0000
vn 0.2669 -0.9637 -0.0000
vn 0.2669 0.9637 -0.0000
vn 0.4248 -0.0000 -0.9053
vn 0.4248 -0.0000 0.9053
vn -0.0007 -0.7071 0.7071
vn 0.5774 -0.5774 0.5773
vn -0.5773 -0.5774 -0.5774
vn 0.2819 -0.2819 -0.9171
vn 0.2820 -0.2820 -0.9171
vn -0.6325 0.6325 -0.4472
vn -0.2819 0.2819 0.9171
vn -0.6646 0.6646 0.3415
vn -0.2415 0.2415 -0.9399
vn 0.0008 -0.7071 0.7071
vn -0.5773 -0.5774 0.5774
vn 0.5774 -0.5774 -0.5773
vn -0.0000 0.9659 0.2588
vn -0.0000 0.2588 0.9659
vn -0.0000 0.9659 -0.2588
vn -0.0000 0.2588 -0.9659
vn -0.0000 0.9997 -0.0263
vn -0.0000 0.5556 -0.8315
vn -0.0000 0.5556 0.8315
vn -0.0000 0.9996 0.0271
vn -0.2935 0.2935 0.9098
vn -0.7066 0.7066 -0.0393
vn 0.1800 -0.1800 -0.9670
vn -0.3742 0.3742 0.8485
vt 0.392537 0.758622
vt 0.291720 0.768847
vt 0.291720 0.758622
vt 0.392537 0.732610
vt 0.291720 0.742835
vt 0.291720 0.732610
vt 0.291720 0.862667
vt 0.392537 0.872892
vt 0.291720 0.872892
vt 0.392537 0.784633
vt 0.291720 0.794858
vt 0.291720 0.784633
vt 0.004109 0.663742
vt 0.493790 0.674512
vt 0.004109 0.674513
vt 0.004109 0.651898
vt 0.493789 0.641126
vt 0.493789 0.651898
vt 0.004109 0.537759
vt 0.493789 0.526988
vt 0.493789 0.537760
vt 0.392537 0.836656
vt 0.291720 0.846881
vt 0.291720 0.836656
vt 0.392537 0.810645
vt 0.291720 0.820869
vt 0.291720 0.810645
vt 0.301302 0.471804
vt 0.277569 0.472260
vt 0.301228 0.467929
vt 0.493790 0.515146
vt 0.004109 0.504372
vt 0.493790 0.504375
vt 0.004109 0.595542
vt 0.493789 0.606314
vt 0.004109 0.606313
vt 0.004109 0.481403
vt 0.493790 0.492177
vt 0.004109 0.492174
vt 0.004109 0.686711
vt 0.493790 0.697482
vt 0.004109 0.697482
vt 0.004109 0.549958
vt 0.493789 0.560730
vt 0.004109 0.560729
vt 0.004109 0.572572
vt 0.493789 0.583344
vt 0.004109 0.583344
vt 0.420326 0.471597
vt 0.396522 0.471638
vt 0.404816 0.464764
vt 0.444129 0.471970
vt 0.420320 0.467710
vt 0.420388 0.467710
vt 0.372717 0.471679
vt 0.388029 0.456329
vt 0.396500 0.459428
vt 0.253836 0.472716
vt 0.254995 0.444777
vt 0.491733 0.472716
vt 0.468369 0.444389
vt 0.468865 0.444363
vt 0.348912 0.471721
vt 0.333620 0.456424
vt 0.347162 0.443733
vt 0.467931 0.472343
vt 0.444320 0.459761
vt 0.452834 0.456781
vt 0.372177 0.443689
vt 0.372668 0.443722
vt 0.325107 0.471763
vt 0.301295 0.467917
vt 0.317254 0.464917
vt 0.165313 0.795121
vt 0.288084 0.787174
vt 0.288084 0.795121
vt 0.165313 0.820827
vt 0.288084 0.812880
vt 0.288084 0.820827
vt 0.288084 0.846533
vt 0.165313 0.838586
vt 0.288084 0.838586
vt 0.165313 0.769414
vt 0.288084 0.761467
vt 0.288084 0.769415
vt 0.165313 0.872239
vt 0.288084 0.864292
vt 0.288084 0.872239
vt 0.165313 0.743708
vt 0.288084 0.735761
vt 0.288084 0.743708
vt 0.392537 0.820869
vt 0.392537 0.768847
vt 0.392537 0.846881
vt 0.392537 0.862667
vt 0.392537 0.794858
vt 0.392537 0.742835
vt 0.291720 0.716824
vt 0.392537 0.716824
vt 0.288084 0.718002
vt 0.165313 0.735761
vt 0.165313 0.718002
vt 0.165313 0.787173
vt 0.165313 0.864292
vt 0.165313 0.846533
vt 0.165313 0.761467
vt 0.165313 0.812880
vt 0.186087 0.946254
vt 0.195229 0.940309
vt 0.202907 0.953608
vt 0.252466 0.946254
vt 0.243325 0.940309
vt 0.252466 0.924328
vt 0.241683 0.945015
vt 0.246393 0.958634
vt 0.237762 0.951806
vt 0.192634 0.914851
vt 0.213994 0.902519
vt 0.215593 0.913407
vt 0.251912 0.949076
vt 0.251912 0.924410
vt 0.004109 0.709326
vt 0.004109 0.618157
vt 0.004109 0.515144
vt 0.004109 0.526988
vt 0.493789 0.628928
vt 0.004109 0.641127
vt 0.004109 0.628928
vt 0.186087 0.924328
vt 0.193188 0.912029
vt 0.202907 0.916974
vt 0.235647 0.953608
vt 0.226377 0.969515
vt 0.226955 0.958626
vt 0.245366 0.958552
vt 0.226377 0.901067
vt 0.245366 0.912029
vt 0.235647 0.916974
vt 0.243325 0.930273
vt 0.226955 0.911955
vt 0.211599 0.958626
vt 0.211599 0.911955
vt 0.212176 0.969515
vt 0.212176 0.901067
vt 0.193188 0.958552
vt 0.195229 0.930273
vt 0.225032 0.970967
vt 0.225032 0.902519
vt 0.246393 0.914851
vt 0.237762 0.921680
vt 0.241682 0.928470
vt 0.223434 0.960078
vt 0.223434 0.913407
vt 0.213994 0.970967
vt 0.215593 0.960078
vt 0.201264 0.921680
vt 0.201264 0.951806
vt 0.192634 0.958634
vt 0.197344 0.928470
vt 0.197344 0.945015
vt 0.187115 0.924410
vt 0.187115 0.949075
vt 0.493790 0.663740
vt 0.493789 0.595542
vt 0.493790 0.481405
vt 0.493790 0.686710
vt 0.493789 0.549958
vt 0.493789 0.572572
vt 0.493790 0.709324
vt 0.493789 0.618156
vt 0.155895 0.173063
vt 0.160594 0.183837
vt 0.155895 0.182902
vt 0.126244 0.153251
vt 0.137017 0.148552
vt 0.136083 0.153251
vt 0.152130 0.191992
vt 0.156113 0.194654
vt 0.106431 0.173063
vt 0.101732 0.183837
vt 0.101732 0.172128
vt 0.117154 0.198949
vt 0.125309 0.207413
vt 0.114492 0.202933
vt 0.110196 0.163973
vt 0.106213 0.161311
vt 0.145172 0.157016
vt 0.156113 0.161311
vt 0.152130 0.163973
vt 0.145172 0.198949
vt 0.147834 0.202933
vt 0.147834 0.153032
vt 0.117154 0.157016
vt 0.114492 0.153032
vt 0.110196 0.191992
vt 0.106213 0.194654
vt 0.137017 0.207413
vt 0.136083 0.202714
vt 0.160594 0.172128
vt 0.125309 0.148552
vt 0.106431 0.182902
vt 0.126244 0.202714
vt 0.065109 0.422735
vt 0.005089 0.404337
vt 0.065109 0.404337
vt 0.069165 0.223033
vt 0.078882 0.228850
vt 0.076601 0.237444
vt 0.065109 0.275545
vt 0.005089 0.257147
vt 0.065109 0.257147
vt 0.005089 0.385938
vt 0.065109 0.385938
vt 0.005089 0.238748
vt 0.065109 0.238748
vt 0.005089 0.367539
vt 0.065109 0.367539
vt 0.065109 0.220349
vt 0.005089 0.220349
vt 0.005089 0.349140
vt 0.065109 0.349140
vt 0.005089 0.201950
vt 0.065109 0.201950
vt 0.005089 0.330742
vt 0.065109 0.330742
vt 0.065109 0.183551
vt 0.005089 0.165153
vt 0.065109 0.165153
vt 0.005089 0.183551
vt 0.065109 0.312343
vt 0.005089 0.312343
vt 0.065109 0.146754
vt 0.005089 0.146754
vt 0.005089 0.293944
vt 0.065109 0.293944
vt 0.005089 0.441134
vt 0.005089 0.422736
vt 0.005089 0.275545
vt 0.092451 0.231988
vt 0.105912 0.228122
vt 0.098203 0.235831
vt 0.102069 0.222370
vt 0.115985 0.223949
vt 0.114636 0.217164
vt 0.126888 0.223949
vt 0.128238 0.217164
vt 0.136961 0.228122
vt 0.140805 0.222370
vt 0.144671 0.235831
vt 0.150423 0.231988
vt 0.148843 0.245904
vt 0.155629 0.244555
vt 0.148843 0.256807
vt 0.150423 0.270724
vt 0.155629 0.258157
vt 0.140805 0.280342
vt 0.144671 0.266880
vt 0.128238 0.285548
vt 0.136961 0.274590
vt 0.114636 0.285548
vt 0.126888 0.278762
vt 0.102069 0.280342
vt 0.115985 0.278762
vt 0.092451 0.270724
vt 0.105912 0.274590
vt 0.087245 0.258157
vt 0.098203 0.266880
vt 0.087245 0.244555
vt 0.094030 0.256807
vt 0.094030 0.245904
vt 0.072517 0.356599
vt 0.082846 0.361387
vt 0.081476 0.370220
vt 0.069343 0.256321
vt 0.071036 0.255772
vt 0.070870 0.256310
vt 0.077810 0.406516
vt 0.076216 0.389861
vt 0.077744 0.389714
vt 0.081111 0.372670
vt 0.077851 0.389132
vt 0.075382 0.270976
vt 0.075977 0.272919
vt 0.079480 0.423165
vt 0.084560 0.405666
vt 0.088581 0.416250
vt 0.069082 0.289787
vt 0.078861 0.283868
vt 0.084598 0.289151
vt 0.072759 0.156585
vt 0.093745 0.167033
vt 0.097844 0.174628
vt 0.069244 0.306520
vt 0.091168 0.298013
vt 0.071168 0.173154
vt 0.099039 0.181551
vt 0.100535 0.191410
vt 0.069844 0.323242
vt 0.096069 0.305172
vt 0.097997 0.311967
vt 0.070012 0.189758
vt 0.098664 0.197976
vt 0.096049 0.207804
vt 0.070961 0.339938
vt 0.100535 0.321666
vt 0.099359 0.328428
vt 0.069370 0.206390
vt 0.089136 0.217216
vt 0.084596 0.223706
vt 0.097784 0.338530
vt 0.091868 0.348671
vt 0.196142 0.175568
vt 0.164234 0.155566
vt 0.196143 0.155566
vt 0.114432 0.319400
vt 0.164234 0.355584
vt 0.133454 0.377947
vt 0.196143 0.235573
vt 0.164234 0.215571
vt 0.196143 0.215571
vt 0.196143 0.295579
vt 0.180188 0.275577
vt 0.196143 0.275577
vt 0.196143 0.355584
vt 0.164234 0.335582
vt 0.196143 0.335582
vt 0.196143 0.195570
vt 0.164234 0.195570
vt 0.196143 0.255575
vt 0.164234 0.255575
vt 0.196143 0.315581
vt 0.164234 0.315581
vt 0.164234 0.175568
vt 0.164234 0.235573
vt 0.180188 0.295579
vt 0.200912 0.003544
vt 0.181279 0.142712
vt 0.181279 0.003544
vt 0.024216 0.142712
vt 0.004584 0.003544
vt 0.024216 0.003544
vt 0.043849 0.142712
vt 0.043849 0.003544
vt 0.063482 0.142712
vt 0.063482 0.003544
vt 0.083115 0.142712
vt 0.083115 0.003544
vt 0.102748 0.142712
vt 0.102748 0.003544
vt 0.122381 0.142712
vt 0.122381 0.003544
vt 0.142013 0.142712
vt 0.142013 0.003544
vt 0.161646 0.142712
vt 0.161646 0.003544
vt 0.164234 0.275577
vt 0.164234 0.295579
vt 0.169251 0.290562
vt 0.169251 0.280593
vt 0.175172 0.280593
vt 0.175172 0.290562
vt 0.665727 0.005684
vt 0.611350 0.091520
vt 0.611350 0.005684
vt 0.918102 0.331582
vt 0.678715 0.342299
vt 0.693452 0.262047
vt 0.897260 0.091520
vt 0.693452 0.005684
vt 0.897260 0.005684
vt 0.672611 0.106677
vt 0.911997 0.095960
vt 0.897260 0.176212
vt 0.979363 0.091520
vt 0.924986 0.005684
vt 0.979363 0.005684
vt 0.912652 0.262047
vt 0.897260 0.262047
vt 0.991697 0.091520
vt 0.991697 0.005684
vt 0.912652 0.091520
vt 0.912652 0.005684
vt 0.924986 0.091520
vt 0.678061 0.176211
vt 0.693452 0.176211
vt 0.599016 0.005684
vt 0.599016 0.091520
vt 0.678061 0.091520
vt 0.678061 0.005684
vt 0.258875 0.357840
vt 0.285331 0.408386
vt 0.258875 0.408386
vt 0.285331 0.357840
vt 0.311786 0.408386
vt 0.311786 0.357840
vt 0.338242 0.408386
vt 0.338242 0.357840
vt 0.364697 0.408386
vt 0.364697 0.357840
vt 0.391153 0.408386
vt 0.391153 0.357840
vt 0.417608 0.408386
vt 0.444064 0.357840
vt 0.444064 0.408386
vt 0.470519 0.357840
vt 0.470519 0.408386
vt 0.496975 0.408386
vt 0.523431 0.357839
vt 0.523431 0.408386
vt 0.924365 0.100143
vt 0.955999 0.121907
vt 0.924365 0.121907
vt 0.205964 0.357839
vt 0.232419 0.408386
vt 0.205964 0.408386
vt 0.232420 0.357840
vt 0.883271 0.568775
vt 0.921231 0.492855
vt 0.921231 0.568775
vt 0.883271 0.492855
vt 0.921231 0.442241
vt 0.883271 0.619389
vt 0.921231 0.619389
vt 0.832657 0.568775
vt 0.832657 0.492855
vt 0.984498 0.492855
vt 0.959192 0.442241
vt 0.959192 0.619389
vt 0.589823 0.263610
vt 0.559994 0.263709
vt 0.570975 0.252729
vt 0.615606 0.278610
vt 0.585804 0.278610
vt 0.630434 0.252728
vt 0.611586 0.263610
vt 0.656316 0.237900
vt 0.641415 0.263709
vt 0.641316 0.212117
vt 0.641316 0.233880
vt 0.630434 0.193269
vt 0.656316 0.208098
vt 0.615605 0.167388
vt 0.641415 0.182288
vt 0.589823 0.182388
vt 0.611586 0.182388
vt 0.570975 0.193269
vt 0.585803 0.167388
vt 0.545093 0.208098
vt 0.559994 0.182289
vt 0.560093 0.212117
vt 0.545093 0.237900
vt 0.560093 0.233881
vt 0.924365 0.143670
vt 0.955999 0.165434
vt 0.924365 0.165434
vt 0.924365 0.296015
vt 0.955999 0.317778
vt 0.924365 0.317778
vt 0.924365 0.230724
vt 0.955999 0.252488
vt 0.924365 0.252488
vt 0.955999 0.143670
vt 0.955999 0.187197
vt 0.924365 0.187197
vt 0.955999 0.339542
vt 0.924365 0.339542
vt 0.955999 0.274251
vt 0.924365 0.274251
vt 0.955998 0.208961
vt 0.924365 0.208961
vt 0.955999 0.361305
vt 0.924365 0.361305
vt 0.955999 0.296015
vt 0.955998 0.230724
vt 0.541738 0.087194
vt 0.588977 0.039021
vt 0.588977 0.087194
vt 0.541738 0.039021
vt 0.588977 -0.000747
vt 0.541572 0.087669
vt 0.588812 0.039497
vt 0.588812 0.087669
vt 0.541572 0.127438
vt 0.541572 0.039497
vt 0.588812 -0.000272
vt 0.541738 0.126962
vt 0.466339 0.122937
vt 0.408615 0.105003
vt 0.421944 0.097306
vt 0.524066 0.105004
vt 0.466340 0.138329
vt 0.408617 0.038349
vt 0.421947 0.046045
vt 0.510736 0.097309
vt 0.524066 0.038350
vt 0.315163 0.413381
vt 0.242367 0.346737
vt 0.315163 0.346737
vt 0.315163 0.146804
vt 0.242367 0.080160
vt 0.315163 0.080160
vt 0.315163 0.280093
vt 0.242367 0.213449
vt 0.315163 0.213449
vt 0.315163 0.013516
vt 0.242367 0.013516
vt 0.242367 0.280093
vt 0.242367 0.146804
vt 0.466342 0.020415
vt 0.466342 0.005023
vt 0.468574 0.380887
vt 0.395853 0.506845
vt 0.323131 0.380887
vt 0.510737 0.046047
vt 0.486496 0.626068
vt 0.480132 0.990685
vt 0.480132 0.626068
vt 0.511954 0.626046
vt 0.505589 0.990662
vt 0.505589 0.626045
vt 0.499225 0.626057
vt 0.492861 0.990673
vt 0.492861 0.626056
vt 0.448311 0.626102
vt 0.441946 0.990718
vt 0.441946 0.626102
vt 0.473768 0.626079
vt 0.467403 0.990696
vt 0.467403 0.626079
vt 0.435582 0.626113
vt 0.429218 0.990730
vt 0.429218 0.626113
vt 0.564851 0.531597
vt 0.586265 0.498749
vt 0.619113 0.520163
vt 0.461039 0.626091
vt 0.454675 0.990707
vt 0.454675 0.626090
vt 0.486496 0.990685
vt 0.422853 0.626124
vt 0.410125 0.626136
vt 0.416489 0.990741
vt 0.410125 0.990752
vt 0.448311 0.990719
vt 0.473768 0.990696
vt 0.416489 0.626124
vt 0.915487 0.899106
vt 0.892992 0.933611
vt 0.892992 0.899106
vt 0.627008 0.983904
vt 0.643537 0.961354
vt 0.643537 0.983904
vt 0.853659 0.756442
vt 0.886387 0.610523
vt 0.886387 0.756442
vt 0.627008 0.812597
vt 0.599461 0.944825
vt 0.599461 0.812597
vt 0.599461 0.983904
vt 0.993561 0.963618
vt 0.937487 0.992622
vt 0.908483 0.963618
vt 0.853659 0.802644
vt 0.886387 0.802644
vt 0.937487 0.895376
vt 0.892992 0.833419
vt 0.915487 0.833419
vt 0.993561 0.754224
vt 0.936037 0.754224
vt 0.853659 0.898209
vt 0.886387 0.898209
vt 0.827353 0.685157
vt 0.800838 0.705866
vt 0.800838 0.685157
vt 0.827352 0.653605
vt 0.685377 0.368814
vt 0.710421 0.336258
vt 0.710421 0.368814
vt 0.915487 0.768185
vt 0.936037 0.614039
vt 0.993561 0.614039
vt 0.853659 0.993119
vt 0.723619 0.653605
vt 0.736877 0.642999
vt 0.736877 0.653605
vt 0.745612 0.716520
vt 0.742506 0.695763
vt 0.753112 0.685157
vt 0.723619 0.685157
vt 0.736877 0.685157
vt 0.744994 0.653605
vt 0.753112 0.653605
vt 0.744994 0.685157
vt 0.715502 0.653605
vt 0.715502 0.685157
vt 0.707385 0.653605
vt 0.800838 0.653605
vt 0.772599 0.339192
vt 0.775533 0.358797
vt 0.765516 0.368814
vt 0.744994 0.642999
vt 0.720438 0.368814
vt 0.715502 0.642999
vt 0.753112 0.642999
vt 0.659658 0.653605
vt 0.707385 0.642999
vt 0.723619 0.642999
vt 0.800838 0.642999
vt 0.650383 0.944825
vt 0.627008 0.944825
vt 0.906023 0.756442
vt 0.682339 0.812597
vt 0.672934 0.944825
vt 0.599461 0.997205
vt 0.627008 0.997205
vt 0.643537 0.997205
vt 0.659658 0.685157
vt 0.827353 0.727077
vt 0.827353 0.705866
vt 0.784929 0.727077
vt 0.800838 0.727077
vt 0.800838 0.742986
vt 0.827353 0.742986
vt 0.892034 0.768185
vt 0.914528 0.802690
vt 0.892034 0.802690
vt 0.654861 0.984488
vt 0.638333 0.961938
vt 0.654861 0.945409
vt 0.852935 0.610850
vt 0.885662 0.756769
vt 0.852935 0.756769
vt 0.682409 0.945409
vt 0.654861 0.813180
vt 0.682409 0.813180
vt 0.682409 0.984488
vt 0.937269 0.613896
vt 0.993343 0.642900
vt 0.908266 0.642900
vt 0.885662 0.802971
vt 0.852935 0.802971
vt 0.937269 0.711142
vt 0.993343 0.711142
vt 0.892034 0.868377
vt 0.914528 0.868377
vt 0.993343 0.852294
vt 0.935819 0.852294
vt 0.885662 0.898535
vt 0.852935 0.898535
vt 0.780109 0.836908
vt 0.800818 0.810393
vt 0.800818 0.836908
vt 0.832370 0.810393
vt 0.710536 0.368483
vt 0.685492 0.335927
vt 0.710536 0.335927
vt 0.914528 0.933611
vt 0.935819 0.992479
vt 0.885662 0.993445
vt 0.842976 0.900869
vt 0.832370 0.914127
vt 0.832370 0.900869
vt 0.790212 0.895240
vt 0.769455 0.892134
vt 0.766349 0.836908
vt 0.800818 0.914127
vt 0.832370 0.892752
vt 0.800818 0.884634
vt 0.832370 0.884634
vt 0.800818 0.892752
vt 0.832370 0.922244
vt 0.832370 0.930361
vt 0.800817 0.922244
vt 0.832370 0.836908
vt 0.775648 0.345944
vt 0.772714 0.365549
vt 0.720553 0.368483
vt 0.842976 0.892752
vt 0.720553 0.335927
vt 0.842976 0.922244
vt 0.842976 0.884634
vt 0.842976 0.930361
vt 0.832370 0.978088
vt 0.842976 0.914127
vt 0.842976 0.836908
vt 0.631486 0.945409
vt 0.833298 0.756769
vt 0.599531 0.936004
vt 0.599531 0.813180
vt 0.682409 0.997789
vt 0.654861 0.997789
vt 0.638333 0.984488
vt 0.638333 0.997789
vt 0.800817 0.978088
vt 0.758897 0.810393
vt 0.758897 0.836908
vt 0.758897 0.852817
vt 0.793366 0.852817
vt 0.742988 0.836908
vt 0.742988 0.810393
vt 0.391310 0.910403
vt 0.354254 0.987590
vt 0.346175 0.907063
vt 0.470647 0.909563
vt 0.392204 0.994918
vt 0.837308 0.139058
vt 0.800775 0.057390
vt 0.837308 0.001534
vt 0.892731 0.669393
vt 0.813291 0.722828
vt 0.807900 0.659726
vt 0.908246 0.926509
vt 0.972668 0.988069
vt 0.908246 0.988069
vt 0.604479 0.528444
vt 0.695349 0.540291
vt 0.600238 0.545692
vt 0.693094 0.560009
vt 0.595616 0.565545
vt 0.691351 0.579698
vt 0.591867 0.585348
vt 0.690555 0.599334
vt 0.589730 0.605059
vt 0.690995 0.618899
vt 0.589699 0.624651
vt 0.591948 0.644114
vt 0.692773 0.638388
vt 0.596303 0.663456
vt 0.695787 0.657807
vt 0.598466 0.670437
vt 0.697223 0.664829
vt 0.972668 0.900864
vt 0.972668 0.926509
vt 0.491709 0.989673
vt 0.471541 0.994078
vt 0.122729 0.877190
vt 0.166807 0.785207
vt 0.166807 0.877190
vt 0.864167 0.926509
vt 0.864167 0.988069
vt 0.033102 0.872462
vt 0.097524 0.780480
vt 0.097524 0.872462
vt 0.122729 0.785207
vt 0.007897 0.785207
vt 0.007897 0.877190
vt 0.478816 0.715652
vt 0.627495 0.697245
vt 0.627445 0.715285
vt 0.296707 0.149042
vt 0.383974 0.092318
vt 0.383974 0.149042
vt 0.296707 0.092318
vt 0.198531 0.005051
vt 0.296707 0.005051
vt 0.296707 0.205765
vt 0.198531 0.149042
vt 0.296707 0.286488
vt 0.198531 0.205765
vt 0.296707 0.345393
vt 0.198531 0.286488
vt 0.296707 0.480657
vt 0.198531 0.413025
vt 0.296707 0.413025
vt 0.383974 0.480657
vt 0.482150 0.512292
vt 0.383974 0.512292
vt 0.383974 0.345393
vt 0.383974 0.413025
vt 0.383974 0.286488
vt 0.383974 0.205766
vt 0.198531 0.092318
vt 0.198531 0.600142
vt 0.296707 0.572346
vt 0.296707 0.600142
vt 0.349067 0.555925
vt 0.198531 0.480657
vt 0.013088 0.092318
vt 0.100356 0.149042
vt 0.013088 0.149042
vt 0.980486 0.820928
vt 0.994048 0.902303
vt 0.980486 0.902303
vt 0.100356 0.092318
vt 0.100356 0.005051
vt 0.100356 0.205765
vt 0.100356 0.286488
vt 0.100356 0.345393
vt 0.100355 0.480657
vt 0.100355 0.413025
vt 0.580325 0.480657
vt 0.580325 0.512292
vt 0.013088 0.286488
vt 0.013088 0.345393
vt 0.013088 0.205765
vt 0.837625 0.500712
vt 0.799650 0.415268
vt 0.837625 0.415268
vt 0.023312 0.543145
vt 0.013088 0.512292
vt 0.149443 0.572346
vt 0.100355 0.572346
vt 0.198531 0.632645
vt 0.100355 0.632645
vt 0.416699 0.148686
vt 0.482150 0.092318
vt 0.482150 0.148686
vt 0.416699 0.205766
vt 0.416699 0.286488
vt 0.416699 0.345393
vt 0.416699 0.447932
vt 0.416699 0.396663
vt 0.482150 0.480657
vt 0.547600 0.148686
vt 0.580325 0.092318
vt 0.547600 0.205766
vt 0.580325 0.149042
vt 0.580325 0.205766
vt 0.580325 0.286488
vt 0.547600 0.286488
vt 0.580325 0.345393
vt 0.547600 0.345393
vt 0.547600 0.396663
vt 0.580325 0.413025
vt 0.547600 0.447932
vt 0.482150 0.447932
vt 0.433026 0.213139
vt 0.481851 0.213139
vt 0.530677 0.251385
vt 0.994048 0.983678
vt 0.980486 0.983678
vt 0.424889 0.393792
vt 0.433027 0.436372
vt 0.424889 0.436372
vt 0.538814 0.436372
vt 0.530676 0.393792
vt 0.538814 0.393792
vt 0.424889 0.333574
vt 0.433026 0.393792
vt 0.530676 0.333574
vt 0.538814 0.333574
vt 0.424889 0.289632
vt 0.433026 0.333574
vt 0.530677 0.289632
vt 0.538814 0.289632
vt 0.424889 0.213139
vt 0.433026 0.251385
vt 0.424889 0.251385
vt 0.538814 0.251385
vt 0.481851 0.205002
vt 0.433026 0.205002
vt 0.530677 0.205002
vt 0.530677 0.213139
vt 0.538814 0.213139
vt 0.433026 0.289632
vt 0.433026 0.436372
vt 0.013088 0.413025
vt 0.013088 0.480657
vt 0.198531 0.345393
vt 0.100356 0.361756
vt 0.198531 0.396663
vt 0.424802 0.886410
vt 0.464277 0.886410
vt 0.455337 0.895350
vt 0.503752 0.856240
vt 0.494812 0.895350
vt 0.385326 0.886410
vt 0.424802 0.826071
vt 0.415862 0.895350
vt 0.464277 0.786596
vt 0.503752 0.826071
vt 0.464277 0.826071
vt 0.345851 0.886410
vt 0.376386 0.895350
vt 0.662199 0.966832
vt 0.680356 0.966832
vt 0.671278 0.982557
vt 0.613029 0.966832
vt 0.631186 0.966832
vt 0.622107 0.982557
vt 0.563858 0.966832
vt 0.582015 0.966833
vt 0.572937 0.982557
vt 0.514688 0.966833
vt 0.532845 0.966832
vt 0.523766 0.982557
vt 0.464277 0.856240
vt 0.345851 0.856240
vt 0.385326 0.826071
vt 0.815814 0.940444
vt 0.763091 0.961059
vt 0.763091 0.940444
vt 0.810277 0.994344
vt 0.763091 0.988807
vt 0.815814 0.961059
vt 0.768317 0.219865
vt 0.744250 0.213401
vt 0.750715 0.158314
vt 0.742476 0.988807
vt 0.757553 0.994344
vt 0.777890 0.418041
vt 0.754042 0.427535
vt 0.754042 0.418041
vt 0.149443 0.600142
vt 0.790157 0.367800
vt 0.741775 0.405775
vt 0.741775 0.367800
vt 0.741775 0.548181
vt 0.790157 0.510206
vt 0.790157 0.548181
vt 0.694306 0.415268
vt 0.732282 0.500712
vt 0.694306 0.500712
vt 0.836429 0.988806
vt 0.821351 0.994344
vt 0.051925 0.701531
vt 0.069241 0.708806
vt 0.062141 0.711747
vt 0.062141 0.740588
vt 0.054866 0.757903
vt 0.051925 0.750803
vt 0.012868 0.740588
vt 0.020143 0.757903
vt 0.005768 0.743529
vt 0.023084 0.701531
vt 0.005768 0.708805
vt 0.020143 0.694431
vt 0.054866 0.694431
vt 0.069241 0.743529
vt 0.023084 0.750803
vt 0.012868 0.711746
vt 0.744548 0.488445
vt 0.732282 0.415268
vt 0.744548 0.427535
vt 0.787384 0.488445
vt 0.799650 0.500712
vt 0.790157 0.405775
vt 0.777890 0.497939
vt 0.741775 0.510206
vt 0.754042 0.497939
vt 0.754042 0.488445
vt 0.777890 0.488445
vt 0.888628 0.532791
vt 0.905351 0.476252
vt 0.905351 0.532791
vt 0.345735 0.676943
vt 0.361767 0.642446
vt 0.362175 0.676748
vt 0.871906 0.476252
vt 0.888628 0.476252
vt 0.378614 0.676552
vt 0.378206 0.642250
vt 0.854555 0.532791
vt 0.871906 0.532791
vt 0.184358 0.688194
vt 0.099498 0.679872
vt 0.197782 0.678703
vt 0.533212 0.193759
vt 0.523167 0.161026
vt 0.533212 0.161026
vt 0.376586 0.582683
vt 0.460879 0.569833
vt 0.461137 0.579324
vt 0.523167 0.193759
vt 0.513485 0.161026
vt 0.170689 0.718359
vt 0.100123 0.703568
vt 0.174518 0.702128
vt 0.213813 0.644205
vt 0.214221 0.678507
vt 0.503804 0.161026
vt 0.494123 0.193759
vt 0.494123 0.161026
vt 0.230253 0.644010
vt 0.230661 0.678312
vt 0.484441 0.161026
vt 0.246692 0.643814
vt 0.247100 0.678117
vt 0.484441 0.193759
vt 0.474760 0.161026
vt 0.263539 0.677921
vt 0.263131 0.643619
vt 0.474760 0.193759
vt 0.465078 0.161026
vt 0.279571 0.643423
vt 0.279978 0.677725
vt 0.455397 0.193759
vt 0.455397 0.161026
vt 0.296010 0.643228
vt 0.296418 0.677530
vt 0.445715 0.193759
vt 0.312857 0.677334
vt 0.312449 0.643032
vt 0.020014 0.685762
vt 0.019128 0.634840
vt 0.062707 0.643508
vt 0.436034 0.161026
vt 0.445715 0.161026
vt 0.329296 0.677139
vt 0.328888 0.642837
vt 0.595360 0.341931
vt 0.623385 0.411622
vt 0.595352 0.415782
vt 0.345327 0.642641
vt 0.243926 0.686624
vt 0.245496 0.746192
vt 0.317020 0.584303
vt 0.011122 0.614799
vt 0.054702 0.571220
vt 0.063370 0.614799
vt 0.387157 0.596071
vt 0.461523 0.593529
vt 0.391850 0.612074
vt 0.461979 0.610284
vt 0.463229 0.675546
vt 0.101006 0.737080
vt 0.100564 0.720324
vt 0.099748 0.689363
vt 0.388034 0.628308
vt 0.462820 0.641244
vt 0.462434 0.627039
vt 0.175368 0.734366
vt 0.101380 0.751284
vt 0.513486 0.193759
vt 0.503804 0.193759
vt 0.587131 0.415722
vt 0.587148 0.340253
vt 0.623393 0.337771
vt 0.631606 0.411563
vt 0.659652 0.340169
vt 0.631606 0.336094
vt 0.099090 0.645569
vt 0.197374 0.644401
vt 0.133057 0.903186
vt 0.153401 0.987274
vt 0.133057 0.987274
vt 0.010995 0.987274
vt 0.010995 0.903186
vt 0.795126 0.030185
vt 0.779041 0.007122
vt 0.770311 0.001534
vt 0.801525 0.139058
vt 0.795126 0.084595
vt 0.705491 0.139058
vt 0.726571 0.128479
vt 0.754968 0.123068
vt 0.779041 0.107658
vt 0.701970 0.123065
vt 0.900025 0.605386
vt 0.815194 0.595718
vt 0.530677 0.436372
vt 0.155728 0.259891
vt 0.011634 0.287151
vt 0.011635 0.259891
vt 0.155728 0.287150
vt 0.011635 0.314410
vt 0.155728 0.314410
vt 0.011635 0.341669
vt 0.155728 0.368929
vt 0.011635 0.368929
vt 0.011635 0.396188
vt 0.155728 0.423447
vt 0.011635 0.423447
vt 0.155728 0.450707
vt 0.011635 0.450707
vt 0.155728 0.014557
vt 0.011635 0.041816
vt 0.011635 0.014556
vt 0.155728 0.041816
vt 0.011635 0.069076
vt 0.155728 0.096335
vt 0.011635 0.096335
vt 0.011635 0.123594
vt 0.155728 0.123594
vt 0.011635 0.150854
vt 0.155728 0.150854
vt 0.011634 0.178113
vt 0.155728 0.205372
vt 0.011635 0.205372
vt 0.120784 0.707421
vt 0.075041 0.775880
vt 0.006583 0.730138
vt 0.011634 0.232632
vt 0.054419 0.596423
vt 0.063324 0.641192
vt 0.018555 0.650097
vt 0.645962 0.300180
vt 0.677706 0.273478
vt 0.677706 0.300180
vt 0.677706 0.246777
vt 0.645962 0.220075
vt 0.677706 0.220075
vt 0.645961 0.193374
vt 0.677706 0.193374
vt 0.645961 0.620598
vt 0.677706 0.593896
vt 0.677706 0.620598
vt 0.645962 0.593896
vt 0.677706 0.567195
vt 0.677706 0.460389
vt 0.645962 0.433687
vt 0.677706 0.433687
vt 0.645962 0.326881
vt 0.677706 0.326881
vt 0.444899 0.504076
vt 0.509510 0.491224
vt 0.522362 0.555835
vt 0.645962 0.273478
vt 0.645962 0.246777
vt 0.531427 0.498019
vt 0.522362 0.504076
vt 0.529317 0.520868
vt 0.540010 0.518741
vt 0.509510 0.568687
vt 0.531427 0.561892
vt 0.515567 0.577752
vt 0.492718 0.575642
vt 0.494845 0.586335
vt 0.472416 0.586335
vt 0.474543 0.575642
vt 0.677706 0.353583
vt 0.677706 0.380284
vt 0.645962 0.353583
vt 0.677706 0.487090
vt 0.645962 0.513792
vt 0.645962 0.487090
vt 0.645962 0.406986
vt 0.677706 0.406986
vt 0.645962 0.380284
vt 0.645962 0.460389
vt 0.677706 0.513792
vt 0.645962 0.540493
vt 0.841181 0.460389
vt 0.817412 0.487090
vt 0.817412 0.460389
vt 0.841181 0.380284
vt 0.817413 0.406986
vt 0.817412 0.380284
vt 0.841181 0.433687
vt 0.841181 0.406986
vt 0.817412 0.353583
vt 0.841181 0.353583
vt 0.817412 0.326881
vt 0.841181 0.326881
vt 0.841181 0.273478
vt 0.817412 0.246777
vt 0.841181 0.246777
vt 0.817412 0.300180
vt 0.841181 0.300180
vt 0.817412 0.433687
vt 0.817412 0.220075
vt 0.841181 0.220075
vt 0.817412 0.273478
vt 0.817412 0.567195
vt 0.747559 0.593896
vt 0.712632 0.540493
vt 0.712632 0.513792
vt 0.878368 0.328188
vt 0.910408 0.358741
vt 0.878367 0.358739
vt 0.712632 0.593896
vt 0.847111 0.360101
vt 0.877659 0.402015
vt 0.847109 0.402013
vt 0.579990 0.333555
vt 0.600674 0.346618
vt 0.597961 0.365454
vt 0.645962 0.342738
vt 0.645962 0.328325
vt 0.645962 0.567195
vt 0.645962 0.377955
vt 0.645962 0.322639
vt 0.536160 0.045764
vt 0.538589 0.051381
vt 0.542852 0.045764
vt 0.528086 0.040549
vt 0.527436 0.041199
vt 0.528737 0.041199
vt 0.532932 0.044427
vt 0.541557 0.044058
vt 0.536160 0.052664
vt 0.532666 0.045764
vt 0.532666 0.053031
vt 0.532267 0.045764
vt 0.529173 0.049924
vt 0.634037 0.381913
vt 0.638059 0.391624
vt 0.638059 0.420462
vt 0.627024 0.447104
vt 0.606632 0.467496
vt 0.579990 0.478531
vt 0.551152 0.478531
vt 0.524510 0.467496
vt 0.504119 0.447104
vt 0.493083 0.420462
vt 0.493083 0.391624
vt 0.504119 0.364982
vt 0.524510 0.344590
vt 0.551152 0.333555
vt 0.602400 0.342837
vt 0.277344 0.460533
vt 0.285254 0.465272
vt 0.435931 0.464981
vt 0.268761 0.457147
vt 0.253197 0.439491
vt 0.492255 0.439395
vt 0.325086 0.460000
vt 0.348854 0.438394
vt 0.075984 0.239829
vt 0.069218 0.239677
vt 0.065109 0.441134
vt 0.074331 0.373234
vt 0.088016 0.355640
vt 0.070878 0.256337
vt 0.083763 0.403796
vt 0.077741 0.389688
vt 0.069175 0.273054
vt 0.090610 0.417712
vt 0.094841 0.420899
vt 0.080726 0.285536
vt 0.088173 0.157580
vt 0.114432 0.371766
vt 0.102675 0.355584
vt 0.102675 0.335582
vt 0.133455 0.313220
vt 0.152477 0.319400
vt 0.152477 0.371766
vt 0.200912 0.142712
vt 0.004584 0.142712
vt 0.665727 0.091520
vt 0.911997 0.266487
vt 0.918102 0.277205
vt 0.911997 0.342299
vt 0.897260 0.346739
vt 0.693452 0.346739
vt 0.672611 0.331581
vt 0.672611 0.277204
vt 0.678715 0.266487
vt 0.693452 0.091520
vt 0.678715 0.171772
vt 0.672611 0.161054
vt 0.678715 0.095960
vt 0.918102 0.106677
vt 0.918102 0.161054
vt 0.911997 0.171772
vt 0.912652 0.176212
vt 0.678061 0.262047
vt 0.417608 0.357840
vt 0.496975 0.357839
vt 0.955999 0.100143
vt 0.883271 0.442241
vt 0.984499 0.568775
vt 0.541738 -0.000747
vt 0.588812 0.127438
vt 0.541572 -0.000272
vt 0.588977 0.126962
vt 0.242367 0.413381
vt 0.395853 0.338902
vt 0.468574 0.464859
vt 0.323131 0.464859
vt 0.511954 0.990662
vt 0.499225 0.990674
vt 0.435582 0.990730
vt 0.619113 0.531597
vt 0.615209 0.541022
vt 0.607124 0.549107
vt 0.597699 0.553011
vt 0.586265 0.553011
vt 0.576840 0.549107
vt 0.568755 0.541022
vt 0.564851 0.520163
vt 0.568755 0.510739
vt 0.576840 0.502653
vt 0.597699 0.498749
vt 0.607123 0.502653
vt 0.615209 0.510738
vt 0.461039 0.990707
vt 0.422853 0.990741
vt 0.915487 0.933611
vt 0.853659 0.610523
vt 0.993561 0.992622
vt 0.993561 0.895376
vt 0.685377 0.336258
vt 0.892992 0.768185
vt 0.886387 0.993119
vt 0.800838 0.719626
vt 0.753112 0.719626
vt 0.742506 0.709020
vt 0.745612 0.688263
vt 0.707385 0.685157
vt 0.720438 0.336258
vt 0.765516 0.336258
vt 0.775533 0.346275
vt 0.772599 0.365880
vt 0.659658 0.642999
vt 0.650383 0.812597
vt 0.906023 0.610523
vt 0.682339 0.935421
vt 0.784929 0.692608
vt 0.914528 0.768185
vt 0.885662 0.610850
vt 0.993343 0.613896
vt 0.780109 0.810393
vt 0.685492 0.368483
vt 0.892034 0.933611
vt 0.993343 0.992479
vt 0.852935 0.993445
vt 0.797711 0.892134
vt 0.776954 0.895240
vt 0.766348 0.884634
vt 0.800818 0.900869
vt 0.800817 0.930361
vt 0.765631 0.335927
vt 0.772714 0.338861
vt 0.775648 0.358466
vt 0.765631 0.368483
vt 0.842976 0.978088
vt 0.631486 0.813180
vt 0.833298 0.610850
vt 0.608936 0.945409
vt 0.905016 0.729715
vt 0.697223 0.523178
vt 0.908246 0.900864
vt 0.497078 0.907063
vt 0.033102 0.780480
vt 0.477228 0.697245
vt 0.198531 0.572346
vt 0.373750 0.543145
vt 0.994048 0.820928
vt 0.012362 0.371406
vt 0.055995 0.370644
vt 0.056721 0.412263
vt 0.047995 0.555925
vt 0.100355 0.600142
vt 0.296707 0.632645
vt 0.530676 0.436372
vt 0.198531 0.361756
vt 0.100355 0.396662
vt 0.433742 0.895350
vt 0.473217 0.895350
vt 0.503752 0.886410
vt 0.394266 0.895350
vt 0.503752 0.786596
vt 0.354791 0.895350
vt 0.345851 0.826071
vt 0.815814 0.988806
vt 0.768628 0.994344
vt 0.768317 0.158314
vt 0.750715 0.219865
vt 0.744250 0.164779
vt 0.748013 0.994344
vt 0.742476 0.961059
vt 0.777890 0.427535
vt 0.836429 0.961059
vt 0.830891 0.994344
vt 0.787384 0.427535
vt 0.854555 0.476252
vt 0.362673 0.573925
vt 0.465078 0.193759
vt 0.067399 0.654834
vt 0.067399 0.667093
vt 0.062707 0.678419
vt 0.054039 0.687088
vt 0.042713 0.691779
vt 0.030011 0.692442
vt 0.010017 0.679082
vt 0.005768 0.667093
vt 0.042713 0.630148
vt 0.054039 0.634840
vt 0.030454 0.630148
vt 0.005768 0.654834
vt 0.010460 0.643508
vt 0.436034 0.193759
vt 0.232071 0.755683
vt 0.216037 0.759314
vt 0.199833 0.756532
vt 0.185928 0.747762
vt 0.213816 0.675072
vt 0.230020 0.677853
vt 0.253416 0.700048
vt 0.257048 0.716083
vt 0.254266 0.732286
vt 0.364790 0.651752
vt 0.348758 0.655397
vt 0.332552 0.652629
vt 0.318639 0.643870
vt 0.309137 0.630453
vt 0.305493 0.614422
vt 0.308261 0.598216
vt 0.330436 0.574801
vt 0.346468 0.571157
vt 0.031117 0.628159
vt 0.019791 0.623468
vt 0.006431 0.603473
vt 0.005768 0.590771
vt 0.012448 0.580774
vt 0.019128 0.570777
vt 0.031117 0.566529
vt 0.043376 0.628159
vt 0.054702 0.623468
vt 0.068061 0.591214
vt 0.068061 0.603473
vt 0.063370 0.579889
vt 0.043376 0.566529
vt 0.659652 0.415638
vt 0.153401 0.903186
vt 0.820185 0.551924
vt 0.905016 0.561591
vt 0.155728 0.341669
vt 0.155728 0.396188
vt 0.155728 0.069076
vt 0.155728 0.178113
vt 0.006583 0.707421
vt 0.015276 0.686435
vt 0.031339 0.670372
vt 0.052325 0.661679
vt 0.075042 0.661679
vt 0.096028 0.670372
vt 0.112091 0.686434
vt 0.120784 0.730138
vt 0.112091 0.751125
vt 0.096028 0.767187
vt 0.052325 0.775880
vt 0.031338 0.767187
vt 0.015276 0.751124
vt 0.155728 0.232632
vt 0.009649 0.641192
vt 0.004830 0.629557
vt 0.004830 0.616963
vt 0.009649 0.605328
vt 0.018554 0.596423
vt 0.030190 0.591603
vt 0.042783 0.591603
vt 0.063324 0.605328
vt 0.068143 0.616963
vt 0.068143 0.629557
vt 0.054419 0.650097
vt 0.042783 0.654917
vt 0.030190 0.654917
vt 0.457751 0.568687
vt 0.529317 0.539043
vt 0.474543 0.484268
vt 0.515567 0.482159
vt 0.677706 0.540493
vt 0.841181 0.487090
vt 0.712632 0.620598
vt 0.645962 0.370551
vt 0.532779 0.044058
vt 0.531821 0.052421
vt 0.529173 0.048623
vt 0.121108 0.926152
vt 0.006943 0.943285
vt 0.006943 0.926152
vt 0.121108 0.960418
vt 0.006943 0.960418
vt 0.006943 0.977551
vt 0.121108 0.977550
vt 0.006943 0.994683
vt 0.121108 0.720560
vt 0.006943 0.737692
vt 0.006943 0.720560
vt 0.121108 0.737693
vt 0.006943 0.754825
vt 0.121108 0.754825
vt 0.006943 0.771958
vt 0.121108 0.771958
vt 0.006943 0.789090
vt 0.121108 0.789091
vt 0.006943 0.806223
vt 0.121108 0.806223
vt 0.006943 0.823356
vt 0.121108 0.823356
vt 0.006943 0.840489
vt 0.121108 0.840489
vt 0.006943 0.857621
vt 0.121108 0.857621
vt 0.006943 0.874754
vt 0.121108 0.874754
vt 0.006943 0.891887
vt 0.121108 0.891887
vt 0.006943 0.909020
vt 0.121108 0.909020
vt 0.661280 0.239191
vt 0.673515 0.203130
vt 0.673515 0.242469
vt 0.555326 0.267580
vt 0.580438 0.296206
vt 0.546370 0.276536
vt 0.644890 0.178018
vt 0.661280 0.206408
vt 0.616499 0.161627
vt 0.653846 0.169062
vt 0.583717 0.161626
vt 0.619778 0.149392
vt 0.546371 0.169061
vt 0.580439 0.149392
vt 0.992853 0.453888
vt 0.964383 0.421702
vt 0.992853 0.421702
vt 0.964383 0.486074
vt 0.992853 0.486075
vt 0.964383 0.132027
vt 0.992853 0.099840
vt 0.992853 0.132027
vt 0.992853 0.164213
vt 0.992853 0.196399
vt 0.964383 0.164213
vt 0.964383 0.228585
vt 0.992853 0.228585
vt 0.964383 0.260771
vt 0.992853 0.260771
vt 0.964383 0.292957
vt 0.992853 0.292957
vt 0.964383 0.325144
vt 0.992853 0.325144
vt 0.964383 0.357330
vt 0.992853 0.357330
vt 0.964383 0.389516
vt 0.992853 0.389516
vt 0.526701 0.242468
vt 0.538935 0.239190
vt 0.653845 0.276537
vt 0.644889 0.267581
vt 0.526701 0.203129
vt 0.538936 0.206407
vt 0.616498 0.283972
vt 0.619777 0.296206
vt 0.555327 0.178017
vt 0.583716 0.283971
vt 0.482416 0.200277
vt 0.436433 0.207016
vt 0.438622 0.200277
vt 0.402573 0.091427
vt 0.435813 0.058946
vt 0.438003 0.065686
vt 0.403193 0.091236
vt 0.382574 0.132886
vt 0.397460 0.087071
vt 0.438002 0.200468
vt 0.483985 0.207207
vt 0.435813 0.207207
vt 0.531378 0.132886
vt 0.523578 0.087071
vt 0.538464 0.132886
vt 0.517226 0.091427
vt 0.537844 0.133077
vt 0.530758 0.133077
vt 0.397460 0.178701
vt 0.403193 0.174536
vt 0.389040 0.133077
vt 0.396840 0.087262
vt 0.438622 0.065495
vt 0.436433 0.058756
vt 0.481796 0.200468
vt 0.522958 0.178892
vt 0.523578 0.178701
vt 0.517845 0.174536
vt 0.481796 0.065686
vt 0.522958 0.087262
vt 0.389660 0.132886
vt 0.396840 0.178892
vt 0.381954 0.133077
vt 0.482416 0.065495
vt 0.484606 0.058756
vt 0.517225 0.174727
vt 0.484605 0.207016
vt 0.483986 0.058946
vt 0.402573 0.174727
vt 0.517846 0.091236
vt 0.637868 0.373338
vt 0.594512 0.415854
vt 0.594512 0.373338
vt 0.272507 0.058756
vt 0.233535 0.018988
vt 0.272507 0.018988
vt 0.272507 0.058678
vt 0.233535 0.018909
vt 0.272507 0.018909
vt 0.898000 0.415854
vt 0.854645 0.373338
vt 0.898000 0.373338
vt 0.854645 0.415854
vt 0.811289 0.373338
vt 0.811289 0.415854
vt 0.767934 0.373339
vt 0.767934 0.415854
vt 0.724578 0.373339
vt 0.681223 0.415854
vt 0.681223 0.373338
vt 0.637868 0.415854
vt 0.320680 0.058756
vt 0.320680 0.207016
vt 0.233535 0.178701
vt 0.808881 0.415431
vt 0.852567 0.372591
vt 0.852567 0.415431
vt 0.765195 0.372591
vt 0.765195 0.415431
vt 0.721509 0.372591
vt 0.721509 0.415431
vt 0.677823 0.372591
vt 0.677823 0.415431
vt 0.634137 0.372591
vt 0.634137 0.415431
vt 0.590451 0.372591
vt 0.590451 0.415431
vt 0.896253 0.372591
vt 0.957996 0.415431
vt 0.896253 0.415431
vt 0.338125 0.102633
vt 0.374538 0.132808
vt 0.347929 0.132808
vt 0.320680 0.058678
vt 0.359652 0.086993
vt 0.312457 0.083985
vt 0.255062 0.102633
vt 0.280730 0.083985
vt 0.245258 0.132808
vt 0.233535 0.086993
vt 0.255062 0.162982
vt 0.218648 0.132808
vt 0.280730 0.181631
vt 0.233535 0.178623
vt 0.320680 0.206938
vt 0.272507 0.206938
vt 0.312457 0.181631
vt 0.359652 0.178623
vt 0.338125 0.162982
vt 0.522958 0.019178
vt 0.959276 0.415854
vt 0.528708 0.372591
vt 0.359652 0.018909
vt 0.397460 0.018988
vt 0.436433 0.018988
vt 0.396840 0.019178
vt 0.435813 0.019178
vt 0.523578 0.018988
vt 0.533237 0.373338
vt 0.359652 0.018988
vt 0.359652 0.087071
vt 0.541312 0.703998
vt 0.530876 0.774385
vt 0.530876 0.703998
vt 0.582248 0.703998
vt 0.571812 0.774385
vt 0.571812 0.703998
vt 0.623184 0.703998
vt 0.612748 0.774385
vt 0.612748 0.703998
vt 0.664120 0.703998
vt 0.653684 0.774385
vt 0.653684 0.703998
vt 0.328154 0.784583
vt 0.324808 0.792661
vt 0.296653 0.787126
vt 0.643652 0.703998
vt 0.633216 0.774385
vt 0.633216 0.703998
vt 0.684588 0.703998
vt 0.674152 0.774385
vt 0.674152 0.703998
vt 0.602716 0.703998
vt 0.592280 0.774385
vt 0.592280 0.703998
vt 0.561780 0.703998
vt 0.551344 0.774385
vt 0.551344 0.703998
vt 0.541312 0.774385
vt 0.582248 0.774385
vt 0.623184 0.774385
vt 0.520844 0.703998
vt 0.664120 0.774385
vt 0.337627 0.746152
vt 0.343163 0.774306
vt 0.319090 0.753830
vt 0.335085 0.777652
vt 0.304332 0.768588
vt 0.399473 0.787126
vt 0.371318 0.792661
vt 0.367972 0.784583
vt 0.367972 0.810540
vt 0.371318 0.802462
vt 0.399473 0.807997
vt 0.324808 0.802462
vt 0.328154 0.810540
vt 0.296653 0.807997
vt 0.391794 0.768588
vt 0.361042 0.777652
vt 0.352964 0.774306
vt 0.319090 0.841293
vt 0.304332 0.826534
vt 0.335084 0.817470
vt 0.377036 0.753830
vt 0.358499 0.746152
vt 0.337627 0.848971
vt 0.343163 0.820816
vt 0.352964 0.820816
vt 0.358499 0.848971
vt 0.361042 0.817470
vt 0.377036 0.841293
vt 0.391794 0.826534
vt 0.779634 0.944371
vt 0.712017 0.932122
vt 0.779634 0.932122
vt 0.685346 0.978896
vt 0.704618 0.971497
vt 0.712017 0.978896
vt 0.779634 0.920796
vt 0.712017 0.908923
vt 0.779634 0.908923
vt 0.779634 0.991145
vt 0.779634 0.978896
vt 0.779634 0.967570
vt 0.712017 0.955697
vt 0.779634 0.955697
vt 0.779634 0.973233
vt 0.712017 0.973233
vt 0.712017 0.950034
vt 0.712017 0.944371
vt 0.779634 0.950034
vt 0.712017 0.926459
vt 0.712017 0.920796
vt 0.779634 0.926459
vt 0.779634 0.897597
vt 0.712017 0.903260
vt 0.712017 0.897597
vt 0.779634 0.903260
vt 0.711618 0.959159
vt 0.779235 0.946910
vt 0.779235 0.959159
vt 0.684946 0.912385
vt 0.711618 0.912385
vt 0.704219 0.919784
vt 0.711618 0.982359
vt 0.779235 0.970485
vt 0.779235 0.982358
vt 0.779235 0.900136
vt 0.779235 0.912385
vt 0.711618 0.935584
vt 0.779235 0.923711
vt 0.779235 0.935585
vt 0.779235 0.918048
vt 0.711618 0.918048
vt 0.711618 0.941247
vt 0.711618 0.946910
vt 0.779235 0.941247
vt 0.711618 0.964822
vt 0.711618 0.970485
vt 0.779235 0.964822
vt 0.711618 0.988021
vt 0.779235 0.993684
vt 0.711618 0.993684
vt 0.779235 0.988021
vt 0.685346 0.991145
vt 0.687513 0.973664
vt 0.692745 0.971497
vt 0.709850 0.973664
vt 0.712017 0.991145
vt 0.709850 0.996377
vt 0.704618 0.998544
vt 0.692745 0.998544
vt 0.687513 0.996377
vt 0.712017 0.967570
vt 0.687113 0.917617
vt 0.692345 0.919784
vt 0.684946 0.900136
vt 0.687113 0.894904
vt 0.692345 0.892737
vt 0.704219 0.892737
vt 0.711618 0.900136
vt 0.709450 0.894904
vt 0.709450 0.917617
vt 0.711618 0.923711
vt 0.948019 0.228502
vt 0.985539 0.217620
vt 0.985550 0.228514
vt 0.985746 0.143946
vt 0.948279 0.133040
vt 0.985811 0.133052
vt 0.985925 0.115756
vt 0.948469 0.104850
vt 0.986001 0.104862
vt 0.986124 0.087566
vt 0.948669 0.076660
vt 0.986200 0.076672
vt 0.986284 0.059159
vt 0.948804 0.039082
vt 0.986334 0.038849
vt 0.948644 0.024222
vt 0.985805 0.009575
vt 0.986159 0.024003
vt 0.948805 0.408606
vt 0.986292 0.393944
vt 0.986334 0.408848
vt 0.948699 0.378840
vt 0.986192 0.358787
vt 0.986230 0.379096
vt 0.948587 0.341262
vt 0.986049 0.330379
vt 0.986119 0.341273
vt 0.948405 0.313072
vt 0.985867 0.302189
vt 0.985937 0.313083
vt 0.948232 0.284882
vt 0.985706 0.273999
vt 0.985764 0.284893
vt 0.948096 0.256692
vt 0.985590 0.245810
vt 0.985628 0.256703
vt 0.768998 0.109947
vt 0.884175 0.013099
vt 0.933585 0.109997
vt 0.985613 0.172135
vt 0.948126 0.161230
vt 0.985657 0.161242
vt 0.985544 0.200325
vt 0.948031 0.189419
vt 0.985562 0.189431
vt 0.717778 0.061312
vt 0.734477 0.017107
vt 0.757271 0.035365
vt 0.948008 0.217609
vt 0.948081 0.172124
vt 0.948214 0.143934
vt 0.948393 0.115745
vt 0.948592 0.087555
vt 0.948753 0.059150
vt 0.948762 0.393702
vt 0.948661 0.358772
vt 0.948518 0.330367
vt 0.948336 0.302177
vt 0.948174 0.273988
vt 0.948058 0.245798
vt 0.772731 0.043641
vt 0.914422 0.021679
vt 0.901367 0.153609
vt 0.581573 0.040485
vt 0.447303 0.048622
vt 0.447303 0.040485
vt 0.447304 0.072704
vt 0.313035 0.048622
vt 0.589710 0.048622
vt 0.581573 0.072704
vt 0.581573 0.048622
vt 0.313035 0.040485
vt 0.304897 0.048622
vt 0.313035 0.072704
vt 0.304897 0.072704
vt 0.447304 0.080841
vt 0.581573 0.080841
vt 0.313035 0.080841
vt 0.634152 0.094807
vt 0.598550 0.087100
vt 0.634152 0.087100
vt 0.634152 0.036240
vt 0.696322 0.102514
vt 0.660721 0.173718
vt 0.660721 0.102514
vt 0.660721 0.094807
vt 0.660721 0.087100
vt 0.696322 0.094807
vt 0.634152 0.102515
vt 0.598550 0.094807
vt 0.634152 0.173718
vt 0.598550 0.173718
vt 0.598550 0.102514
vt 0.634152 0.200287
vt 0.931302 0.536102
vt 0.995310 0.472094
vt 0.995310 0.536102
vt 0.598550 0.009672
vt 0.634152 0.009672
vt 0.660721 0.036240
vt 0.696322 0.036240
vt 0.696322 0.087100
vt 0.931302 0.555304
vt 0.995310 0.555304
vt 0.931302 0.472094
vt 0.995310 0.452891
vt 0.931302 0.619313
vt 0.995310 0.619313
vt 0.912100 0.555304
vt 0.912100 0.619313
vt 0.121108 0.943285
vt 0.121108 0.994683
vt 0.964383 0.453888
vt 0.964382 0.099841
vt 0.964383 0.196399
vt 0.233535 0.087071
vt 0.724578 0.415854
vt 0.218648 0.132886
vt 0.374539 0.132886
vt 0.359652 0.178701
vt 0.272507 0.207016
vt 0.808881 0.372591
vt 0.957996 0.372591
vt 0.483986 0.019178
vt 0.959276 0.373338
vt 0.528708 0.415431
vt 0.320680 0.018909
vt 0.484606 0.018988
vt 0.533237 0.415854
vt 0.320680 0.018988
vt 0.643652 0.774385
vt 0.684588 0.774385
vt 0.602716 0.774385
vt 0.561780 0.774385
vt 0.520844 0.774385
vt 0.948294 0.008962
vt 0.903989 0.154262
vt 0.893226 0.161449
vt 0.874240 0.169307
vt 0.861547 0.171828
vt 0.840999 0.171821
vt 0.828307 0.169293
vt 0.809326 0.161424
vt 0.798568 0.154230
vt 0.784043 0.139696
vt 0.776856 0.128933
vt 0.766477 0.097252
vt 0.766482 0.076704
vt 0.769010 0.064011
vt 0.775460 0.044234
vt 0.785484 0.022603
vt 0.800364 0.013099
vt 0.818069 0.013100
vt 0.850759 0.013102
vt 0.918522 0.139737
vt 0.925716 0.128978
vt 0.936122 0.076756
vt 0.936114 0.097304
vt 0.927176 0.044276
vt 0.933601 0.064061
vt 0.902308 0.013114
vt 0.917178 0.022633
vt 0.948013 0.200313
vt 0.757271 0.048480
vt 0.746950 0.062685
vt 0.734477 0.066738
vt 0.710069 0.050702
vt 0.710069 0.033143
vt 0.717778 0.022533
vt 0.746950 0.021160
vt 0.871627 0.168672
vt 0.858935 0.171200
vt 0.838388 0.171206
vt 0.825694 0.168685
vt 0.806708 0.160828
vt 0.795946 0.153641
vt 0.781412 0.139115
vt 0.774219 0.128357
vt 0.766349 0.109375
vt 0.763820 0.096682
vt 0.763813 0.076134
vt 0.766334 0.063440
vt 0.782785 0.021708
vt 0.797627 0.012177
vt 0.814772 0.012162
vt 0.848188 0.012165
vt 0.881865 0.012163
vt 0.890608 0.160803
vt 0.923079 0.128312
vt 0.915892 0.139075
vt 0.933458 0.096632
vt 0.930936 0.109326
vt 0.930925 0.063390
vt 0.933453 0.076084
vt 0.924503 0.043600
vt 0.899570 0.012162
vt 0.589710 0.072704
vt 0.598550 0.036240
vt 0.696322 0.173718
vt 0.598550 0.200286
vt 0.931302 0.452891
vt 0.984733 0.357220
vt 0.961131 0.475824
vt 0.961131 0.357220
vt 0.616959 0.323785
vt 0.553909 0.274002
vt 0.638455 0.290060
vt 0.735649 0.249787
vt 0.703948 0.185710
vt 0.755537 0.218417
vt 0.684060 0.217080
vt 0.668548 0.356492
vt 0.690044 0.322768
vt 0.828763 0.357220
vt 0.808055 0.475824
vt 0.808055 0.357220
vt 0.704386 0.019305
vt 0.725304 0.082156
vt 0.659530 0.105997
vt 0.931778 0.357220
vt 0.911070 0.475824
vt 0.911070 0.357220
vt 0.881717 0.357220
vt 0.881717 0.475824
vt 0.858115 0.475824
vt 0.828762 0.475824
vt 0.778702 0.357220
vt 0.778702 0.475824
vt 0.858116 0.357220
vt 0.997191 0.332046
vt 0.780315 0.302446
vt 0.997191 0.302446
vt 0.780315 0.234672
vt 0.997191 0.137298
vt 0.780315 0.137298
vt 0.780315 0.069524
vt 0.996757 0.332673
vt 0.779881 0.303073
vt 0.996758 0.303073
vt 0.996758 0.167525
vt 0.779881 0.137925
vt 0.996758 0.137925
vt 0.997191 0.166898
vt 0.654309 0.137298
vt 0.749192 0.166898
vt 0.654309 0.166898
vt 0.653875 0.167525
vt 0.748758 0.137925
vt 0.748758 0.167525
vt 0.764320 0.332673
vt 0.748758 0.303073
vt 0.764320 0.303073
vt 0.749192 0.302446
vt 0.764754 0.332046
vt 0.749192 0.332046
vt 0.764754 0.302446
vt 0.780315 0.332046
vt 0.764320 0.167525
vt 0.764320 0.137925
vt 0.779881 0.167525
vt 0.780315 0.166898
vt 0.764754 0.137298
vt 0.764754 0.166898
vt 0.749192 0.137298
vt 0.779881 0.070151
vt 0.779881 0.332673
vt 0.765504 0.173480
vt 0.779881 0.235299
vt 0.779881 0.002377
vt 0.765504 0.008333
vt 0.765504 0.297118
vt 0.759549 0.282741
vt 0.759549 0.187857
vt 0.759549 0.022710
vt 0.759549 0.117593
vt 0.765504 0.131970
vt 0.780315 0.001750
vt 0.765938 0.007705
vt 0.759983 0.022082
vt 0.765938 0.131343
vt 0.759983 0.116966
vt 0.765938 0.172853
vt 0.759983 0.187230
vt 0.765938 0.296490
vt 0.759983 0.282114
vt 0.740296 0.392630
vt 0.710143 0.414319
vt 0.630014 0.416402
vt 0.578425 0.383695
vt 0.610616 0.382179
vt 0.607502 0.367837
vt 0.613886 0.357912
vt 0.628228 0.354798
vt 0.636936 0.360398
vt 0.619324 0.387780
vt 0.640050 0.374741
vt 0.633666 0.384666
vt 0.997191 0.001750
vt 0.653875 0.137925
vt 0.748758 0.332673
vt 0.996758 0.002377
vt 0.984733 0.475824
vt 0.546978 0.310493
vt 0.638612 0.085079
vt 0.638612 0.043146
vt 0.662453 0.019305
vt 0.725304 0.040223
vt 0.701463 0.105997
vt 0.931778 0.475824
vt 0.396920 0.828353
vt 0.442660 0.843709
vt 0.396920 0.843709
vt 0.396920 0.752175
vt 0.442660 0.767531
vt 0.396920 0.767531
vt 0.396920 0.726782
vt 0.442660 0.742139
vt 0.396920 0.742138
vt 0.396920 0.853746
vt 0.442660 0.869102
vt 0.396920 0.869102
vt 0.357783 0.927167
vt 0.354196 0.948810
vt 0.353965 0.924203
vt 0.314094 0.917876
vt 0.334093 0.911652
vt 0.313270 0.922945
vt 0.338830 0.909901
vt 0.354042 0.924157
vt 0.334094 0.911744
vt 0.353705 0.954167
vt 0.330732 0.959224
vt 0.354100 0.948786
vt 0.325726 0.960657
vt 0.311569 0.945697
vt 0.330739 0.959126
vt 0.307924 0.942370
vt 0.313190 0.922899
vt 0.311649 0.945655
vt 0.356001 0.904757
vt 0.334660 0.881718
vt 0.366213 0.891970
vt 0.367875 0.947889
vt 0.361330 0.978604
vt 0.352588 0.965340
vt 0.160064 0.952397
vt 0.181894 0.953211
vt 0.181940 0.982506
vt 0.311311 0.902721
vt 0.282805 0.915898
vt 0.302306 0.889058
vt 0.295565 0.944594
vt 0.297675 0.921490
vt 0.213954 0.896348
vt 0.221620 0.876991
vt 0.227493 0.896965
vt 0.383191 0.920473
vt 0.383191 0.953649
vt 0.188929 0.962894
vt 0.199520 0.971351
vt 0.238876 0.900664
vt 0.330523 0.972510
vt 0.329778 0.988856
vt 0.299289 0.975777
vt 0.309201 0.963363
vt 0.210519 0.976069
vt 0.279788 0.948937
vt 0.223663 0.976668
vt 0.216143 0.997178
vt 0.276062 0.957682
vt 0.254248 0.956508
vt 0.258880 0.944192
vt 0.367875 0.924689
vt 0.249158 0.908874
vt 0.257015 0.888491
vt 0.311312 0.902721
vt 0.333937 0.897588
vt 0.276062 0.920465
vt 0.157783 0.800077
vt 0.127310 0.826661
vt 0.127310 0.800077
vt 0.157783 0.826661
vt 0.127310 0.853245
vt 0.127310 0.879828
vt 0.157783 0.906412
vt 0.127310 0.906412
vt 0.157783 0.853245
vt 0.127310 0.959579
vt 0.157783 0.932995
vt 0.157783 0.959579
vt 0.127310 0.932995
vt 0.157783 0.720327
vt 0.127310 0.746910
vt 0.127310 0.720327
vt 0.127310 0.986163
vt 0.157783 0.746910
vt 0.127310 0.773494
vt 0.157783 0.773494
vt 0.392349 0.955643
vt 0.489927 0.961916
vt 0.392349 0.961916
vt 0.352036 0.920215
vt 0.337707 0.958613
vt 0.311618 0.927005
vt 0.392349 0.936135
vt 0.489927 0.942407
vt 0.392349 0.942407
vt 0.392349 0.916626
vt 0.489927 0.922899
vt 0.392349 0.922898
vt 0.392349 0.877609
vt 0.489927 0.883881
vt 0.392349 0.883881
vt 0.396920 0.777568
vt 0.442660 0.792924
vt 0.396920 0.792924
vt 0.488860 0.768378
vt 0.447695 0.744128
vt 0.488860 0.744128
vt 0.333755 0.912079
vt 0.354757 0.948455
vt 0.312753 0.948455
vt 0.488860 0.816880
vt 0.447695 0.792629
vt 0.488860 0.792629
vt 0.488860 0.865382
vt 0.447695 0.841131
vt 0.488860 0.841131
vt 0.447695 0.768378
vt 0.447695 0.816880
vt 0.488861 0.719877
vt 0.447695 0.719877
vt 0.396920 0.802960
vt 0.442660 0.818316
vt 0.396920 0.818316
vt 0.392349 0.975152
vt 0.489927 0.981424
vt 0.392349 0.981424
vt 0.353117 0.919356
vt 0.309403 0.926019
vt 0.312213 0.950554
vt 0.335686 0.961422
vt 0.329395 0.910035
vt 0.357783 0.944913
vt 0.442659 0.853746
vt 0.442660 0.716746
vt 0.442660 0.726782
vt 0.392349 0.994660
vt 0.392349 0.897117
vt 0.489927 0.897117
vt 0.489927 0.955643
vt 0.489927 0.903390
vt 0.489927 0.916626
vt 0.392349 0.903390
vt 0.235046 0.972970
vt 0.251538 0.985677
vt 0.163449 0.915334
vt 0.184261 0.915920
vt 0.179491 0.928606
vt 0.185325 0.885225
vt 0.191296 0.906238
vt 0.258880 0.932224
vt 0.255283 0.919157
vt 0.246362 0.965511
vt 0.202282 0.898996
vt 0.178402 0.940525
vt 0.200033 0.417325
vt 0.100760 0.406160
vt 0.200033 0.404920
vt 0.100760 0.416084
vt 0.094866 0.406160
vt 0.100643 0.400267
vt 0.199887 0.397553
vt 0.199393 0.385157
vt 0.099896 0.384466
vt 0.198953 0.377802
vt 0.100248 0.390350
vt 0.094866 0.416084
vt 0.610720 0.186725
vt 0.627684 0.250032
vt 0.564377 0.233069
vt 0.573143 0.161190
vt 0.521605 0.203915
vt 0.521647 0.162115
vt 0.425837 0.203103
vt 0.416027 0.273165
vt 0.415744 0.188816
vt 0.467257 0.301399
vt 0.520982 0.316425
vt 0.457280 0.315395
vt 0.468519 0.160713
vt 0.521631 0.148121
vt 0.574808 0.300607
vt 0.520799 0.302255
vt 0.583270 0.146995
vt 0.615594 0.202863
vt 0.625621 0.272811
vt 0.615594 0.259021
vt 0.573798 0.259021
vt 0.520622 0.260287
vt 0.467696 0.202963
vt 0.467885 0.259199
vt 0.426026 0.259339
vt 0.573798 0.202863
vt 0.688532 0.034593
vt 0.539593 0.045084
vt 0.539593 0.034593
vt 0.688532 0.108209
vt 0.539593 0.118701
vt 0.539593 0.108209
vt 0.688532 0.010054
vt 0.539593 0.020546
vt 0.539593 0.010054
vt 0.688531 0.083670
vt 0.539593 0.094162
vt 0.539593 0.083670
vt 0.688532 0.059131
vt 0.539593 0.069623
vt 0.539593 0.059131
vt 0.688532 0.045084
vt 0.688532 0.069623
vt 0.688532 0.094162
vt 0.539593 0.132748
vt 0.688532 0.118701
vt 0.688532 0.132748
vt 0.688532 0.020546
vt 0.458500 0.146404
vt 0.584985 0.314418
vt 0.625621 0.188555
vt 0.868433 0.032759
vt 0.841675 0.078905
vt 0.841327 0.032964
vt 0.894515 0.032750
vt 0.868945 0.078731
vt 0.862554 0.423086
vt 0.904203 0.390277
vt 0.904339 0.422911
vt 0.894504 0.006665
vt 0.861118 0.006680
vt 0.987189 0.032699
vt 0.987174 0.006611
vt 0.987217 0.078616
vt 0.902909 0.104757
vt 0.895066 0.078673
vt 0.862346 0.373255
vt 0.833911 0.354661
vt 0.863420 0.363144
vt 0.937697 0.378333
vt 0.904152 0.378161
vt 0.904131 0.373080
vt 0.869980 0.325312
vt 0.842747 0.325428
vt 0.922331 0.078559
vt 0.896096 0.325202
vt 0.845834 0.337975
vt 0.936463 0.387179
vt 0.862367 0.378336
vt 0.986393 0.104705
vt 0.830531 0.396243
vt 0.862418 0.390451
vt 0.936136 0.395802
vt 0.902972 0.362979
vt 0.932409 0.354249
vt 0.920347 0.337664
vt 0.830133 0.387623
vt 0.828825 0.378788
vt 0.835935 0.900096
vt 0.851803 0.934003
vt 0.835935 0.934003
vt 0.835935 0.832284
vt 0.851803 0.900096
vt 0.835935 0.730565
vt 0.851803 0.764471
vt 0.835935 0.764471
vt 0.802028 0.900096
vt 0.851803 0.832284
vt 0.885709 0.764471
vt 0.967356 0.253568
vt 0.990412 0.153185
vt 0.990412 0.253568
vt 0.847421 0.827902
vt 0.847421 0.768853
vt 0.840316 0.768853
vt 0.840316 0.827902
vt 0.955278 0.153185
vt 0.932222 0.253568
vt 0.932222 0.153185
vt 0.967356 0.153185
vt 0.955278 0.130129
vt 0.967356 0.130129
vt 0.955278 0.253568
vt 0.967356 0.276625
vt 0.955278 0.276625
vt 0.711370 0.966832
vt 0.680356 0.913259
vt 0.711370 0.913259
vt 0.582015 0.913259
vt 0.613029 0.913259
vt 0.532845 0.913259
vt 0.563858 0.913259
vt 0.608893 0.496238
vt 0.625841 0.499721
vt 0.619108 0.506454
vt 0.514688 0.913259
vt 0.662199 0.913259
vt 0.631186 0.913259
vt 0.625841 0.450449
vt 0.664898 0.460664
vt 0.654682 0.499721
vt 0.674419 0.489506
vt 0.674419 0.460664
vt 0.606104 0.460664
vt 0.615625 0.489506
vt 0.606104 0.489506
vt 0.661415 0.506454
vt 0.664898 0.489506
vt 0.671630 0.496238
vt 0.619109 0.443717
vt 0.615625 0.460664
vt 0.608893 0.453932
vt 0.654682 0.440928
vt 0.625841 0.440928
vt 0.625841 0.509242
vt 0.654682 0.509242
vt 0.671630 0.453932
vt 0.654682 0.450449
vt 0.661415 0.443717
vt 0.123374 0.554135
vt 0.138090 0.534367
vt 0.128508 0.557555
vt 0.107348 0.570198
vt 0.110801 0.575329
vt 0.086391 0.578927
vt 0.087620 0.584992
vt 0.063692 0.578969
vt 0.062504 0.585043
vt 0.026661 0.554280
vt 0.011920 0.534526
vt 0.017987 0.533314
vt 0.039290 0.575467
vt 0.042714 0.570314
vt 0.011948 0.509416
vt 0.018021 0.510607
vt 0.021523 0.557726
vt 0.155963 0.254439
vt 0.208798 0.224453
vt 0.208798 0.254439
vt 0.155963 0.284424
vt 0.208798 0.284424
vt 0.208798 0.314409
vt 0.208798 0.344395
vt 0.155963 0.314409
vt 0.208798 0.374380
vt 0.155963 0.344395
vt 0.155963 0.404366
vt 0.208798 0.404365
vt 0.208797 0.434351
vt 0.208798 0.464336
vt 0.155963 0.434351
vt 0.208798 0.494321
vt 0.155963 0.464336
vt 0.208798 0.044542
vt 0.155964 0.014556
vt 0.208798 0.014557
vt 0.155964 0.074527
vt 0.208798 0.074527
vt 0.208798 0.104512
vt 0.208798 0.134498
vt 0.155963 0.104512
vt 0.155963 0.164483
vt 0.208798 0.164483
vt 0.155963 0.194468
vt 0.208798 0.194468
vt 0.155963 0.224454
vt 0.021458 0.486175
vt 0.026626 0.489589
vt 0.042641 0.473479
vt 0.039176 0.468320
vt 0.062408 0.458662
vt 0.063615 0.464739
vt 0.086313 0.464721
vt 0.087528 0.458652
vt 0.107281 0.473405
vt 0.110729 0.468265
vt 0.123330 0.489462
vt 0.128484 0.486032
vt 0.132017 0.510445
vt 0.138090 0.509247
vt 0.132023 0.533156
vt 0.069332 0.787158
vt 0.096752 0.958924
vt 0.069332 0.958924
vt 0.095074 0.784054
vt 0.067654 0.955821
vt 0.067654 0.784055
vt 0.045291 0.787158
vt 0.008491 0.958924
vt 0.008491 0.787158
vt 0.044847 0.784209
vt 0.008047 0.955975
vt 0.008047 0.784209
vt 0.090959 0.982868
vt 0.120349 0.955975
vt 0.113170 0.992068
vt 0.095074 0.955820
vt 0.111936 0.991913
vt 0.089725 0.982714
vt 0.090525 0.987198
vt 0.119915 0.960305
vt 0.112735 0.996398
vt 0.113614 0.995017
vt 0.091403 0.985817
vt 0.119115 0.784054
vt 0.096752 0.787158
vt 0.120793 0.958924
vt 0.043613 0.784055
vt 0.043613 0.955821
vt 0.007613 0.788539
vt 0.044413 0.960305
vt 0.007613 0.960305
vt 0.045291 0.958924
vt 0.068888 0.784209
vt 0.096308 0.955975
vt 0.068888 0.955975
vt 0.095874 0.788539
vt 0.068454 0.960305
vt 0.068454 0.788540
vt 0.044848 0.955975
vt 0.119914 0.788540
vt 0.095874 0.960305
vt 0.006813 0.784055
vt 0.006813 0.955820
vt 0.120349 0.784210
vt 0.096308 0.784210
vt 0.044413 0.788540
vt 0.155963 0.374380
vt 0.155963 0.494321
vt 0.155964 0.044542
vt 0.155963 0.134498
vt 0.119115 0.955820
vt 0.120793 0.787158
vt 0.442660 0.828353
vt 0.442660 0.752175
vt 0.354100 0.948784
vt 0.157783 0.879828
vt 0.157783 0.986163
vt 0.315538 0.920215
vt 0.329867 0.911942
vt 0.337707 0.911943
vt 0.355956 0.927005
vt 0.355956 0.943550
vt 0.352036 0.950341
vt 0.329867 0.958613
vt 0.315538 0.950341
vt 0.311618 0.943550
vt 0.489927 0.936135
vt 0.489927 0.877609
vt 0.442660 0.777568
vt 0.312753 0.924205
vt 0.354757 0.924205
vt 0.333755 0.960581
vt 0.447695 0.865382
vt 0.442660 0.802960
vt 0.489927 0.975152
vt 0.396920 0.716746
vt 0.489927 0.994660
vt 0.564377 0.213482
vt 0.574170 0.196519
vt 0.591133 0.186725
vt 0.627684 0.196518
vt 0.637477 0.213481
vt 0.637477 0.233069
vt 0.610721 0.259825
vt 0.591134 0.259825
vt 0.574170 0.250032
vt 0.923361 0.325089
vt 0.851803 0.730565
vt 0.802028 0.764471
vt 0.885709 0.900096
vt 0.223514 0.259927
vt 0.249137 0.321423
vt 0.223514 0.321423
vt 0.707610 0.535890
vt 0.779524 0.496134
vt 0.797502 0.535890
vt 0.454123 0.321423
vt 0.479746 0.259927
vt 0.479746 0.321423
vt 0.351630 0.321423
vt 0.454123 0.347046
vt 0.249137 0.234304
vt 0.454123 0.259927
vt 0.351630 0.259927
vt 0.351630 0.278258
vt 0.393711 0.303092
vt 0.351630 0.303092
vt 0.267468 0.303092
vt 0.249137 0.259927
vt 0.267468 0.278258
vt 0.309549 0.303092
vt 0.393711 0.278258
vt 0.435792 0.278258
vt 0.435792 0.303092
vt 0.309549 0.278258
vt 0.725589 0.464304
vt 0.725589 0.496134
vt 0.797502 0.424548
vt 0.707610 0.424548
vt 0.781373 0.495759
vt 0.727437 0.463930
vt 0.781373 0.463930
vt 0.823696 0.453320
vt 0.799351 0.424173
vt 0.709459 0.424173
vt 0.709459 0.535515
vt 0.799351 0.535515
vt 0.683265 0.506743
vt 0.821847 0.506743
vt 0.779524 0.464304
vt 0.821847 0.453695
vt 0.685114 0.453320
vt 0.727437 0.495759
vt 0.685114 0.506368
vt 0.315299 0.269840
vt 0.402449 0.218575
vt 0.402449 0.269840
vt 0.315299 0.218575
vt 0.402449 0.167310
vt 0.315299 0.167310
vt 0.402448 0.116046
vt 0.315299 0.116046
vt 0.402448 0.064781
vt 0.466641 0.019616
vt 0.511038 0.096513
vt 0.422245 0.096513
vt 0.315299 0.064781
vt 0.402448 0.013516
vt 0.315299 0.321104
vt 0.402449 0.321104
vt 0.422245 0.045248
vt 0.511038 0.045248
vt 0.466641 0.122145
vt 0.315299 0.013516
vt 0.182229 0.989027
vt 0.192835 0.828601
vt 0.192835 0.989027
vt 0.256549 0.989027
vt 0.267154 0.828601
vt 0.267155 0.989027
vt 0.275861 0.989027
vt 0.322162 0.828601
vt 0.322162 0.989027
vt 0.328318 0.811839
vt 0.269704 0.822445
vt 0.201541 0.989027
vt 0.247842 0.828601
vt 0.247843 0.989027
vt 0.271508 0.996567
vt 0.173523 0.989027
vt 0.177877 0.996567
vt 0.197188 0.996567
vt 0.252196 0.996567
vt 0.243490 0.996567
vt 0.275861 0.828601
vt 0.173523 0.828601
vt 0.201541 0.828601
vt 0.752691 0.562724
vt 0.762300 0.765620
vt 0.752691 0.765620
vt 0.725465 0.562724
vt 0.742878 0.765620
vt 0.725465 0.765620
vt 0.706554 0.562724
vt 0.716164 0.765619
vt 0.706554 0.765620
vt 0.716164 0.562724
vt 0.742878 0.562724
vt 0.472590 0.536835
vt 0.561354 0.530184
vt 0.561354 0.536835
vt 0.472590 0.623951
vt 0.561354 0.617300
vt 0.561354 0.623951
vt 0.472590 0.606528
vt 0.561354 0.599877
vt 0.561354 0.606528
vt 0.472590 0.589105
vt 0.561354 0.582454
vt 0.561354 0.589105
vt 0.472590 0.571681
vt 0.561354 0.565030
vt 0.561354 0.571681
vt 0.472590 0.554258
vt 0.561354 0.547607
vt 0.561354 0.554258
vt 0.472590 0.641374
vt 0.561354 0.634724
vt 0.561354 0.641374
vt 0.929062 0.632286
vt 0.986275 0.646491
vt 0.972070 0.703704
vt 0.472590 0.658798
vt 0.561354 0.652147
vt 0.561354 0.658798
vt 0.472590 0.669570
vt 0.561354 0.669570
vt 0.472590 0.652147
vt 0.472590 0.634724
vt 0.472590 0.617300
vt 0.472590 0.599877
vt 0.472590 0.582454
vt 0.472590 0.565030
vt 0.472590 0.547607
vt 0.249137 0.347046
vt 0.454123 0.234304
vt 0.823696 0.506368
vt 0.683265 0.453695
vt 0.182229 0.828601
vt 0.256549 0.828601
vt 0.269704 0.811839
vt 0.275861 0.805683
vt 0.322162 0.805683
vt 0.328318 0.822445
vt 0.205894 0.996567
vt 0.762300 0.562724
vt 0.472590 0.530184
vt 0.960611 0.708450
vt 0.940521 0.708450
vt 0.929062 0.703704
vt 0.914857 0.689499
vt 0.910111 0.678039
vt 0.910111 0.657950
vt 0.914857 0.646491
vt 0.940521 0.627539
vt 0.960611 0.627539
vt 0.972070 0.632286
vt 0.991022 0.657950
vt 0.991022 0.678039
vt 0.986275 0.689499
vt 0.247664 0.864747
vt 0.273802 0.817802
vt 0.273802 0.864747
vt 0.373539 0.905738
vt 0.277338 0.892540
vt 0.300198 0.879342
vt 0.272497 0.776353
vt 0.246358 0.693038
vt 0.272497 0.693038
vt 0.247664 0.905738
vt 0.147927 0.905738
vt 0.221267 0.879342
vt 0.273802 0.989052
vt 0.247664 0.989052
vt 0.285695 0.882420
vt 0.368697 0.892082
vt 0.372234 0.988595
vt 0.246358 0.905280
vt 0.272497 0.988595
vt 0.246358 0.988595
vt 0.246358 0.864289
vt 0.272497 0.817344
vt 0.272497 0.864289
vt 0.173017 0.878884
vt 0.146621 0.988595
vt 0.246358 0.877953
vt 0.272497 0.891616
vt 0.246358 0.891616
vt 0.272497 0.905280
vt 0.247664 0.817802
vt 0.273802 0.804138
vt 0.247664 0.804138
vt 0.273802 0.790475
vt 0.247663 0.790475
vt 0.273802 0.776811
vt 0.247664 0.878410
vt 0.273802 0.878410
vt 0.247664 0.892074
vt 0.273802 0.892074
vt 0.246358 0.817344
vt 0.272497 0.803680
vt 0.246358 0.803680
vt 0.272497 0.790017
vt 0.246358 0.790017
vt 0.247663 0.693496
vt 0.273802 0.693496
vt 0.288910 0.539023
vt 0.369697 0.514787
vt 0.369697 0.539023
vt 0.288910 0.676361
vt 0.264674 0.539023
vt 0.369697 0.676361
vt 0.288910 0.700597
vt 0.393933 0.676361
vt 0.199014 0.867087
vt 0.231329 0.806766
vt 0.231329 0.867087
vt 0.183886 0.539023
vt 0.252556 0.551141
vt 0.196005 0.551141
vt 0.264674 0.676361
vt 0.252556 0.664243
vt 0.196005 0.664243
vt 0.183886 0.676361
vt 0.199014 0.806766
vt 0.138693 0.776605
vt 0.199014 0.776605
vt 0.199014 0.716285
vt 0.231329 0.686124
vt 0.231329 0.716285
vt 0.231329 0.776605
vt 0.147927 0.989052
vt 0.151463 0.892540
vt 0.161125 0.882878
vt 0.174323 0.879342
vt 0.234465 0.882878
vt 0.244127 0.892540
vt 0.247663 0.776811
vt 0.369697 0.700597
vt 0.520802 0.837074
vt 0.591752 0.825568
vt 0.591752 0.837074
vt 0.520802 0.966877
vt 0.591752 0.955370
vt 0.591752 0.966877
vt 0.520802 0.940916
vt 0.591752 0.929410
vt 0.591752 0.940916
vt 0.520802 0.914956
vt 0.591752 0.903449
vt 0.591752 0.914956
vt 0.520802 0.888995
vt 0.591752 0.877489
vt 0.591752 0.888995
vt 0.520802 0.863035
vt 0.591752 0.851528
vt 0.591752 0.863035
vt 0.520802 0.992837
vt 0.591752 0.981331
vt 0.591752 0.992837
vt 0.520802 0.811114
vt 0.591752 0.799607
vt 0.591752 0.811114
vt 0.611820 0.681751
vt 0.591571 0.690139
vt 0.584494 0.662596
vt 0.612132 0.634957
vt 0.631288 0.662284
vt 0.606807 0.647812
vt 0.612132 0.621581
vt 0.606807 0.608726
vt 0.631288 0.594254
vt 0.520802 0.825568
vt 0.591752 0.785153
vt 0.520802 0.799607
vt 0.520802 0.785153
vt 0.520802 0.981331
vt 0.520802 0.955370
vt 0.520802 0.929410
vt 0.520802 0.903449
vt 0.520802 0.877489
vt 0.520802 0.851528
vt 0.611820 0.574787
vt 0.597349 0.599267
vt 0.584494 0.593942
vt 0.639675 0.614503
vt 0.524323 0.662284
vt 0.543479 0.634957
vt 0.548804 0.647812
vt 0.543479 0.621581
vt 0.515936 0.614503
vt 0.639675 0.642035
vt 0.543791 0.574787
vt 0.564040 0.566399
vt 0.571117 0.593942
vt 0.543791 0.681751
vt 0.558262 0.657271
vt 0.571117 0.662596
vt 0.597349 0.657271
vt 0.591571 0.566399
vt 0.564040 0.690139
vt 0.558262 0.599267
vt 0.548804 0.608726
vt 0.524323 0.594254
vt 0.515936 0.642035
vt 0.796681 0.310266
vt 0.824878 0.362752
vt 0.796681 0.362752
vt 0.995218 0.379673
vt 0.964763 0.348182
vt 0.966857 0.337654
vt 0.824878 0.196739
vt 0.796681 0.144252
vt 0.824878 0.144252
vt 0.796681 0.196739
vt 0.824878 0.216152
vt 0.796681 0.216152
vt 0.796681 0.241244
vt 0.824878 0.253790
vt 0.796681 0.253790
vt 0.824878 0.266336
vt 0.796681 0.266336
vt 0.824878 0.278882
vt 0.796681 0.278882
vt 0.824878 0.291428
vt 0.796681 0.291428
vt 0.796681 0.228698
vt 0.824878 0.228698
vt 0.824878 0.241244
vt 0.994173 0.378343
vt 0.963718 0.347345
vt 0.965812 0.336817
vt 0.824878 0.310265
vt 0.938621 0.324429
vt 0.887703 0.271026
vt 0.938621 0.271026
vt 0.887703 0.245068
vt 0.938621 0.245068
vt 0.938621 0.201793
vt 0.887703 0.175835
vt 0.938621 0.175835
vt 0.937785 0.199849
vt 0.886868 0.243124
vt 0.886867 0.199849
vt 0.938265 0.172959
vt 0.887347 0.198917
vt 0.887347 0.172959
vt 0.938265 0.242192
vt 0.887347 0.268149
vt 0.887347 0.242192
vt 0.886867 0.173891
vt 0.937785 0.173891
vt 0.938265 0.268149
vt 0.887347 0.321553
vt 0.901023 0.438538
vt 0.951318 0.486863
vt 0.850729 0.438538
vt 0.742233 0.325376
vt 0.685726 0.223914
vt 0.752503 0.256767
vt 0.682785 0.240865
vt 0.768386 0.162380
vt 0.751905 0.234954
vt 0.951318 0.531686
vt 0.850729 0.575686
vt 0.850729 0.531686
vt 0.850729 0.603182
vt 0.951317 0.575686
vt 0.951318 0.603182
vt 0.850729 0.486863
vt 0.741263 0.327008
vt 0.704299 0.299921
vt 0.735256 0.165719
vt 0.800384 0.199424
vt 0.347143 0.879342
vt 0.360341 0.882878
vt 0.370002 0.892540
vt 0.373539 0.989052
vt 0.273802 0.905738
vt 0.287000 0.882878
vt 0.246358 0.776353
vt 0.276033 0.892082
vt 0.298893 0.878884
vt 0.345838 0.878884
vt 0.359036 0.882420
vt 0.372234 0.905280
vt 0.146621 0.905280
vt 0.150158 0.892082
vt 0.159819 0.882420
vt 0.219962 0.878884
vt 0.233160 0.882420
vt 0.242822 0.892082
vt 0.272497 0.877953
vt 0.288910 0.514787
vt 0.393933 0.539023
vt 0.138693 0.806766
vt 0.199014 0.686124
vt 0.958800 0.318202
vt 0.949875 0.312239
vt 0.950313 0.296128
vt 0.995218 0.296128
vt 0.950313 0.379673
vt 0.949875 0.363070
vt 0.958800 0.357107
vt 0.964763 0.327127
vt 0.957755 0.317365
vt 0.948830 0.311401
vt 0.949267 0.294798
vt 0.994173 0.294798
vt 0.949267 0.378343
vt 0.948830 0.362233
vt 0.957755 0.356269
vt 0.963718 0.326290
vt 0.887703 0.324429
vt 0.887703 0.201793
vt 0.937785 0.243124
vt 0.938265 0.198917
vt 0.938265 0.321553
vt 0.951318 0.438538
vt 0.804666 0.318135
vt 0.774170 0.327965
vt 0.713717 0.310762
vt 0.692966 0.286348
vt 0.690391 0.209740
vt 0.709331 0.183894
vt 0.736719 0.167264
vt 0.799512 0.169987
vt 0.803794 0.288698
vt 0.700339 0.195399
s 1
g off
g RoverModificado_SpacialRoverExploreralumWhite
usemtl SpacialRoverExploreralumWhite
f 105/1/1 115/2/2 118/3/1
f 109/4/3 117/5/4 120/6/3
f 122/7/5 110/8/6 119/9/6
f 103/10/7 113/11/8 116/12/7
s 2
f 204/13/9 230/14/10 211/15/10
f 203/16/11 231/17/12 222/18/11
f 217/19/13 239/20/14 238/21/13
s 1
f 99/22/15 121/23/16 112/24/15
f 101/25/17 111/26/18 114/27/17
s 3
f 9/28/19 7/29/20 34/30/21
s 2
f 240/31/22 216/32/23 233/33/23
f 220/34/24 226/35/25 201/36/25
f 206/37/26 234/38/27 215/39/27
f 212/40/28 224/41/29 205/42/29
f 218/43/30 228/44/31 209/45/31
f 210/46/32 236/47/33 219/48/33
s 4
f 6/49/34 3/50/35 35/51/35
f 2/52/36 37/53/37 38/54/38
s 5
f 8/55/39 42/56/40 36/57/40
s 3
f 7/29/20 1/58/41 44/59/41
s 6
f 1/60/42 47/61/43 46/62/44
s 7
f 4/63/45 48/64/45 50/65/45
s 6
f 5/66/46 40/67/47 52/68/47
s 5
f 4/63/48 53/69/49 41/70/50
s 7
f 10/71/51 33/72/52 54/73/52
s 8
f 129/74/53 139/75/54 142/76/53
f 133/77/55 141/78/56 144/79/55
f 146/80/57 134/81/58 143/82/58
f 127/83/59 137/84/60 140/85/59
f 123/86/61 145/87/62 136/88/61
f 125/89/63 135/90/64 138/91/63
s 1
f 112/24/15 100/92/18 99/22/15
f 116/12/7 104/93/2 103/10/7
f 122/7/5 108/94/16 107/95/5
f 114/27/17 102/96/8 101/25/17
f 118/3/1 106/97/4 105/1/1
f 109/4/3 119/98/6 110/99/6
s 8
f 136/100/61 124/101/64 123/102/61
f 140/85/59 128/103/54 127/83/59
f 146/80/57 132/104/62 131/105/57
f 138/91/63 126/106/60 125/89/63
f 142/76/53 130/107/56 129/74/53
f 144/79/55 134/81/58 133/77/55
s 9
f 107/108/65 158/109/65 155/110/65
f 104/111/65 151/112/65 103/113/65
s 10
f 185/114/34 129/115/34 188/116/34
f 123/117/34 124/118/34 181/119/34
f 129/115/34 185/114/34 128/120/34
f 128/120/34 185/114/34 127/121/34
s 2
f 224/41/29 206/122/26 205/42/29
f 226/35/25 202/123/66 201/36/25
f 228/44/31 210/46/32 209/45/31
f 238/21/13 218/43/30 217/19/13
f 234/38/27 216/32/23 215/39/27
f 236/47/33 220/34/24 219/48/33
f 222/18/11 204/13/9 203/16/11
f 230/14/10 212/40/28 211/15/10
f 207/124/22 239/20/14 208/125/14
f 232/126/67 214/127/12 213/128/67
f 202/123/66 232/126/67 213/128/67
s 9
f 108/129/65 99/130/65 148/131/65
f 151/112/65 104/111/65 154/132/65
f 106/133/65 153/134/65 105/135/65
f 101/136/65 102/137/65 149/138/65
f 149/138/65 102/137/65 152/139/65
f 102/137/65 103/113/65 152/139/65
f 104/111/65 105/135/65 154/132/65
f 101/136/65 149/138/65 150/140/65
f 156/141/65 153/134/65 106/133/65
f 101/136/65 150/140/65 147/142/65
f 156/141/65 106/133/65 109/143/65
f 100/144/65 101/136/65 147/142/65
f 99/130/65 100/144/65 147/142/65
f 156/141/65 109/143/65 110/145/65
f 99/130/65 147/142/65 148/131/65
f 155/110/65 156/141/65 110/145/65
f 157/146/65 108/129/65 148/131/65
f 110/145/65 107/108/65 155/110/65
f 158/109/65 108/129/65 157/146/65
f 153/134/65 154/132/65 105/135/65
s 10
f 188/116/34 129/115/34 130/147/34
s 9
f 108/129/65 158/109/65 107/108/65
f 103/113/65 151/112/65 152/139/65
s 10
f 125/148/34 126/149/34 183/150/34
f 183/150/34 126/149/34 186/151/34
f 126/149/34 127/121/34 186/151/34
f 187/152/34 188/116/34 130/147/34
f 125/148/34 183/150/34 184/153/34
f 187/152/34 130/147/34 133/154/34
f 124/118/34 125/148/34 184/153/34
f 190/155/34 187/152/34 133/154/34
f 124/118/34 184/153/34 181/119/34
f 182/156/34 123/117/34 181/119/34
f 189/157/34 190/155/34 133/154/34
f 189/157/34 133/154/34 134/158/34
f 123/117/34 182/156/34 191/159/34
f 192/160/34 189/157/34 134/158/34
f 192/160/34 132/161/34 191/159/34
f 132/161/34 123/117/34 191/159/34
f 192/160/34 134/158/34 131/162/34
f 132/161/34 192/160/34 131/162/34
f 127/121/34 185/114/34 186/151/34
s 2
f 204/13/9 221/163/9 230/14/10
f 203/16/11 214/127/12 231/17/12
f 217/19/13 208/125/14 239/20/14
f 240/31/22 207/124/22 216/32/23
f 220/34/24 235/164/24 226/35/25
f 206/37/26 223/165/26 234/38/27
f 212/40/28 229/166/28 224/41/29
f 218/43/30 237/167/30 228/44/31
f 210/46/32 227/168/32 236/47/33
f 224/41/29 223/169/26 206/122/26
f 226/35/25 225/170/66 202/123/66
f 228/44/31 227/168/32 210/46/32
f 238/21/13 237/167/30 218/43/30
f 234/38/27 233/33/23 216/32/23
f 236/47/33 235/164/24 220/34/24
f 222/18/11 221/163/9 204/13/9
f 230/14/10 229/166/28 212/40/28
f 207/124/22 240/31/22 239/20/14
f 232/126/67 231/17/12 214/127/12
f 202/123/66 225/170/66 232/126/67
s 11
f 255/171/68 273/172/68 241/173/68
f 248/174/68 283/175/68 250/176/68
f 242/177/68 273/172/68 276/178/68
f 243/179/68 288/180/68 274/181/68
f 251/182/68 282/183/68 284/184/68
f 244/185/68 274/181/68 277/186/68
f 252/187/68 285/188/68 253/189/68
f 245/190/68 276/178/68 278/191/68
f 250/176/68 275/192/68 252/187/68
f 246/193/68 277/186/68 279/194/68
f 254/195/68 284/184/68 286/196/68
f 245/190/68 280/197/68 247/198/68
f 253/189/68 287/199/68 255/171/68
f 246/193/68 281/200/68 248/174/68
f 256/201/68 286/196/68 288/180/68
f 249/202/68 280/197/68 282/183/68
s 12
f 273/203/69 293/204/70 276/205/70
s 13
f 263/206/71 326/207/72 325/208/73
s 12
f 274/209/74 301/210/65 277/211/65
f 276/205/70 294/212/75 278/213/75
f 277/211/65 302/214/76 279/215/76
f 278/213/75 295/216/77 280/217/77
f 281/218/78 302/214/76 303/219/78
f 280/217/77 296/220/79 282/221/79
f 281/218/78 304/222/80 283/223/80
f 282/221/79 297/224/81 284/225/81
f 275/226/34 289/227/82 285/228/82
f 283/223/80 290/229/34 275/226/34
f 286/230/83 297/224/81 298/231/83
f 287/232/84 289/227/82 291/233/84
f 286/230/83 299/234/85 288/235/85
f 273/203/69 291/236/84 292/237/69
f 288/235/85 300/238/74 274/209/74
s 14
f 258/239/68 289/240/68 290/241/68
f 257/242/68 291/243/68 289/240/68
f 259/244/68 292/245/68 291/243/68
f 260/246/68 293/247/68 292/245/68
f 261/248/68 294/249/68 293/247/68
f 262/250/68 295/251/68 294/249/68
f 263/252/68 296/253/68 295/251/68
f 265/254/68 296/253/68 264/255/68
f 266/256/68 297/257/68 265/254/68
f 267/258/68 298/259/68 266/256/68
f 268/260/68 299/261/68 267/258/68
f 269/262/68 300/263/68 268/260/68
f 270/264/68 301/265/68 269/262/68
f 271/266/68 302/267/68 270/264/68
f 272/268/68 303/269/68 271/266/68
f 272/268/68 290/241/68 304/270/68
s 13
f 271/271/86 330/272/87 329/273/88
f 265/274/89 333/275/90 334/276/91
f 257/277/92 258/278/93 337/279/94
f 258/278/95 332/280/96 340/281/97
f 265/274/89 341/282/98 342/283/99
f 259/284/100 339/285/101 344/286/102
f 267/287/103 346/288/104 348/289/105
f 259/290/100 349/291/106 350/292/107
f 268/293/108 348/289/105 351/294/109
f 260/295/110 353/296/111 354/297/112
f 269/298/113 352/299/114 355/300/115
f 261/301/116 357/302/117 358/303/118
f 270/304/119 356/305/120 359/306/121
f 262/307/122 361/308/123 327/309/124
f 271/271/86 360/310/125 362/311/126
s 15
f 313/312/127 324/313/127 314/314/127
s 16
f 386/315/34 324/316/34 322/317/34
s 17
f 310/318/128 321/319/128 311/320/128
s 18
f 307/321/65 387/322/65 308/323/65
s 19
f 314/324/129 316/325/129 306/326/129
s 20
f 312/327/130 321/319/130 322/328/130
s 21
f 309/329/131 387/322/131 319/330/131
s 22
f 305/331/132 316/325/132 315/332/132
s 23
f 313/312/70 322/328/70 323/333/70
s 24
f 309/329/133 320/334/133 310/318/133
s 25
f 305/331/134 388/335/134 307/321/134
s 26
f 382/336/129 364/337/129 363/338/129
s 27
f 379/339/127 382/340/127 380/341/127
s 28
f 377/342/70 380/341/70 378/343/70
s 29
f 375/344/130 378/343/130 376/345/130
s 30
f 373/346/128 376/345/128 374/347/128
s 31
f 371/348/133 374/347/133 372/349/133
s 32
f 369/350/131 372/349/131 370/351/131
s 33
f 367/352/65 370/351/65 368/353/65
s 34
f 365/354/134 368/353/134 366/355/134
s 35
f 364/337/132 366/355/132 363/338/132
s 21
f 319/330/131 387/322/131 386/356/131
s 36
f 388/335/134 315/332/134 385/357/134
s 37
f 317/358/65 386/356/65 318/359/65
f 318/359/65 387/322/65 384/360/65
f 383/361/65 385/357/65 317/358/65
f 384/360/65 388/335/65 383/361/65
s 38
f 409/362/135 394/363/136 405/364/136
s 39
f 414/365/137 410/366/137 406/367/137
s 40
f 402/368/138 408/369/139 415/370/138
s 41
f 396/371/68 404/372/68 400/373/68
s 42
f 399/374/140 414/375/141 412/376/140
s 43
f 400/373/142 413/377/143 411/378/142
s 42
f 401/379/144 412/376/140 413/380/144
s 40
f 415/370/138 404/381/145 402/368/138
s 42
f 416/382/146 403/383/141 404/381/146
s 43
f 406/367/147 395/384/148 393/385/147
s 38
f 407/386/149 394/363/136 395/387/149
s 40
f 408/369/139 398/388/150 410/389/150
s 38
f 398/388/151 409/362/135 410/389/151
s 43
f 411/378/142 393/385/147 400/373/142
s 44
f 484/390/81 430/391/152 429/392/81
f 483/393/152 431/394/153 430/391/152
f 485/395/153 432/396/65 431/394/153
f 486/397/65 433/398/154 432/396/65
f 487/399/154 434/400/155 433/398/154
f 488/401/155 435/402/34 434/400/155
f 435/402/34 490/403/156 436/404/156
f 436/404/156 491/405/157 437/406/157
f 491/405/157 438/407/70 437/406/157
f 438/407/70 493/408/158 439/409/158
s 45
f 427/410/154 506/411/155 428/412/155
s 44
f 493/413/158 440/414/159 439/415/158
f 494/416/159 429/392/81 440/414/159
s 46
f 465/417/81 472/418/81 471/419/81
s 47
f 466/420/137 473/421/137 472/418/137
s 48
f 468/422/68 471/419/68 474/423/68
s 49
f 466/420/70 468/424/70 470/425/70
s 50
f 469/426/160 471/419/160 472/418/160
s 47
f 469/427/137 472/418/137 473/421/137
s 48
f 471/419/68 467/428/68 474/423/68
s 51
f 418/429/137 484/430/137 417/431/137
f 418/429/137 485/432/137 483/433/137
f 420/434/137 485/432/137 419/435/137
f 420/434/137 487/436/137 486/437/137
f 422/438/137 487/436/137 421/439/137
f 423/440/137 488/441/137 422/438/137
f 423/440/137 490/442/137 489/443/137
f 425/444/137 490/442/137 424/445/137
f 426/446/137 491/447/137 425/444/137
f 426/446/137 493/448/137 492/449/137
f 427/450/137 494/451/137 493/448/137
f 417/431/137 494/451/137 428/452/137
s 45
f 417/453/34 495/454/156 418/455/156
f 424/456/152 503/457/153 425/458/153
f 421/459/158 500/460/159 422/461/159
f 428/412/155 496/462/34 417/453/34
f 418/455/156 497/463/157 419/464/157
f 425/458/153 504/465/65 426/466/65
f 422/461/159 501/467/81 423/468/81
f 419/464/157 498/469/70 420/470/70
f 426/466/65 505/471/154 427/472/154
f 423/468/81 502/473/152 424/456/152
f 420/470/70 499/474/158 421/459/158
s 52
f 589/475/137 580/476/137 579/477/137
s 53
f 590/478/70 611/479/70 580/476/70
s 54
f 555/480/137 556/481/137 553/482/137
s 55
f 553/482/65 602/483/65 555/480/65
s 56
f 558/484/70 604/485/70 556/481/70
s 57
f 579/477/65 600/486/65 589/475/65
s 58
f 617/487/161 626/488/162 615/489/162
f 617/487/161 628/490/163 627/491/161
f 615/489/162 625/492/164 613/493/164
f 619/494/163 629/495/165 628/490/163
s 59
f 630/496/137 635/497/137 629/498/137
s 60
f 626/499/166 631/500/166 625/501/166
s 61
f 628/502/167 633/503/167 627/504/167
s 62
f 630/505/168 631/500/168 636/506/168
s 63
f 629/498/169 634/507/169 628/502/169
s 64
f 627/504/68 632/508/68 626/499/68
s 58
f 623/509/170 625/492/164 630/510/171
s 65
f 632/511/81 634/512/81 636/513/81
s 58
f 623/509/170 629/495/165 621/514/165
s 66
f 732/515/172 750/516/173 733/517/173
f 726/518/174 746/519/175 729/520/175
f 730/521/176 748/522/177 731/523/177
f 738/524/178 756/525/179 739/526/179
f 734/527/180 752/528/181 735/529/181
f 740/530/182 744/531/183 727/532/183
s 67
f 754/533/65 750/534/65 746/535/65
s 66
f 736/536/184 754/537/185 737/538/185
f 746/519/175 730/521/176 729/520/175
f 732/515/172 748/522/177 747/539/172
f 744/531/183 728/540/186 727/532/183
f 726/541/174 742/542/187 741/543/174
f 756/525/179 740/530/182 739/526/179
f 752/528/181 736/536/184 735/529/181
f 738/524/178 754/537/185 753/544/178
f 734/527/180 750/516/173 749/545/180
f 728/540/186 742/542/187 725/546/187
s 68
f 795/547/188 793/548/188 796/549/188
s 69
f 832/550/137 827/551/137 835/552/137
s 70
f 792/553/70 833/554/70 791/555/70
s 71
f 794/556/65 790/557/65 793/558/65
s 72
f 790/557/137 832/550/137 830/559/137
s 73
f 791/560/68 828/561/68 794/562/68
s 70
f 797/563/70 791/555/70 798/564/70
s 74
f 795/565/81 791/560/81 794/562/81
s 75
f 795/547/189 800/566/190 801/567/190
s 74
f 802/568/81 795/565/81 801/569/81
s 70
f 799/570/70 798/564/70 802/571/70
s 76
f 804/572/191 864/573/191 806/574/191
s 77
f 806/574/68 803/575/68 804/572/68
s 75
f 808/576/65 805/577/65 836/578/65
f 800/566/190 836/579/65 801/567/190
s 74
f 802/568/81 836/580/81 837/581/81
s 70
f 802/571/70 807/582/70 799/570/70
s 78
f 817/583/81 823/584/81 810/585/81
s 79
f 816/586/70 812/587/70 813/588/70
s 78
f 815/589/81 810/585/81 812/590/81
s 80
f 813/588/192 811/591/192 809/592/192
s 81
f 814/593/193 810/585/193 811/591/193
s 82
f 815/589/194 818/594/194 817/583/194
s 83
f 816/595/195 839/596/195 818/594/195
s 77
f 806/574/68 809/592/68 805/597/68
s 84
f 821/598/65 825/599/65 826/600/65
s 81
f 810/585/193 821/601/193 811/591/193
s 85
f 805/577/34 819/602/34 836/578/34
s 83
f 839/596/195 824/603/195 818/594/195
s 80
f 811/591/192 822/604/192 809/592/192
s 86
f 836/605/137 826/606/137 839/596/137
s 82
f 818/594/194 825/607/194 817/583/194
s 77
f 809/592/68 820/608/68 805/597/68
s 87
f 794/556/85 827/609/85 789/610/85
s 70
f 833/554/70 829/611/70 791/555/70
s 88
f 829/612/81 835/613/81 827/609/81
s 89
f 831/614/61 832/550/61 833/615/61
f 833/615/61 835/552/61 834/616/61
s 86
f 839/596/137 837/617/137 836/605/137
s 90
f 867/618/70 864/573/70 865/619/70
s 91
f 837/620/81 864/573/81 866/621/81
s 92
f 837/622/137 867/618/137 807/623/137
s 93
f 872/624/188 874/625/188 875/626/188
s 94
f 911/627/137 906/628/137 868/629/137
s 95
f 912/630/70 871/631/70 870/632/70
s 96
f 869/633/65 873/634/65 872/635/65
s 94
f 911/627/137 869/633/137 909/636/137
s 97
f 907/637/68 870/638/68 873/639/68
s 95
f 870/632/70 876/640/70 877/641/70
s 98
f 874/642/34 870/638/34 877/643/34
s 99
f 879/644/190 874/625/189 880/645/190
s 98
f 874/642/34 881/646/34 880/647/34
s 95
f 877/641/70 878/648/70 881/649/70
s 100
f 943/650/191 883/651/191 885/652/191
s 101
f 882/653/68 885/652/68 883/651/68
s 99
f 884/654/65 887/655/65 915/656/65
f 915/657/65 879/644/190 880/645/190
s 98
f 881/646/34 915/658/34 880/647/34
s 95
f 886/659/70 881/649/70 878/648/70
s 102
f 902/660/34 896/661/34 889/662/34
s 103
f 891/663/70 895/664/70 916/665/70
s 102
f 894/666/34 889/662/34 896/661/34
s 104
f 890/667/196 892/668/196 888/669/196
s 105
f 889/662/197 893/670/197 890/667/197
s 106
f 897/671/198 894/666/198 896/661/198
s 107
f 918/672/199 895/673/199 897/671/199
s 108
f 888/669/68 885/652/68 884/674/68
s 109
f 904/675/65 900/676/65 899/677/65
s 105
f 900/678/197 889/662/197 890/667/197
s 110
f 898/679/81 884/654/81 915/656/81
s 107
f 903/680/199 918/672/199 897/671/199
s 104
f 901/681/196 890/667/196 888/669/196
s 111
f 905/682/137 915/683/137 918/672/137
s 106
f 904/684/198 897/671/198 896/661/198
s 108
f 899/685/68 888/669/68 884/674/68
s 112
f 906/686/78 873/634/78 868/629/78
s 95
f 908/687/70 912/630/70 870/632/70
s 113
f 906/686/34 913/688/34 908/689/34
s 114
f 911/627/61 910/690/61 912/691/61
f 914/692/61 912/691/61 913/693/61
s 111
f 916/694/137 918/672/137 915/683/137
s 115
f 946/695/70 943/650/70 945/696/70
s 116
f 916/697/34 943/650/34 885/698/34
s 117
f 946/695/137 916/699/137 886/700/137
s 118
f 1063/701/81 1069/702/81 1079/703/81
s 119
f 1064/704/200 1066/705/200 1063/701/200
s 120
f 1065/706/201 1071/707/202 1066/708/202
s 121
f 1096/709/34 1087/710/34 1097/711/34
s 120
f 1089/712/203 1096/713/204 1100/714/204
s 122
f 1070/715/205 1082/716/206 1074/717/207
f 1074/717/207 1083/718/208 1073/719/209
f 1073/719/209 1081/720/210 1075/721/211
f 1077/722/212 1075/721/211 1081/720/210
f 1072/723/213 1076/724/53 1071/725/53
f 1067/726/214 1076/724/53 1078/727/215
f 1068/728/216 1078/727/215 1080/729/217
f 1069/730/218 1080/729/217 1079/731/218
s 120
f 1089/712/203 1092/732/219 1086/733/220
s 123
f 1064/704/34 1085/734/34 1065/735/34
s 124
f 1090/736/221 1085/737/221 1088/738/221
s 120
f 1085/739/222 1100/714/204 1095/740/223
s 125
f 1093/741/221 1091/742/221 1094/743/221
s 126
f 1089/744/81 1094/743/81 1091/742/81
s 121
f 1086/745/34 1093/741/34 1087/746/34
s 127
f 1070/747/224 1098/748/225 1084/749/226
s 128
f 1136/750/81 1189/751/81 1190/752/81
s 129
f 1120/753/68 1188/754/68 1189/755/68
s 130
f 1130/756/65 1137/757/65 1136/750/65
f 1129/758/65 1134/759/65 1130/756/65
f 1128/760/65 1133/761/65 1129/758/65
f 1127/762/227 1216/763/65 1215/764/65
s 131
f 1194/765/70 1178/766/228 1177/767/228
s 128
f 1215/764/81 1193/768/81 1214/769/81
f 1128/760/81 1192/770/81 1193/768/81
f 1129/758/81 1191/771/81 1192/770/81
s 130
f 1136/750/65 1122/772/65 1120/753/65
s 128
f 1130/756/81 1190/752/81 1191/771/81
s 132
f 1179/773/229 1139/774/229 1176/775/229
s 128
f 1177/767/81 1139/776/81 1127/762/81
s 130
f 1139/774/230 1131/777/227 1127/762/227
s 133
f 1196/778/34 1154/779/34 1197/780/34
s 134
f 1144/781/137 1202/782/137 1121/783/137
s 129
f 1188/754/68 1145/784/68 1196/785/68
s 130
f 1137/757/65 1153/786/65 1154/779/65
f 1134/759/65 1152/787/65 1153/786/65
f 1133/761/65 1151/788/65 1152/787/65
f 1216/763/65 1150/789/227 1218/790/65
s 131
f 1178/766/228 1201/791/70 1181/792/228
s 133
f 1199/793/34 1151/788/34 1200/794/34
f 1198/795/34 1152/787/34 1199/793/34
s 130
f 1122/772/65 1154/779/65 1145/784/65
s 133
f 1197/780/34 1153/786/34 1198/795/34
s 130
f 1259/796/231 1310/797/232 1156/798/233
s 135
f 1150/789/34 1180/799/34 1181/800/34
s 130
f 1131/777/227 1259/801/231 1156/802/233
s 131
f 1179/773/234 1178/803/228 1181/804/228
f 1119/805/70 1188/806/70 1121/807/70
f 1123/808/70 1190/752/70 1119/805/70
f 1124/809/70 1191/771/70 1123/808/70
f 1125/810/70 1192/770/70 1124/809/70
f 1126/811/70 1214/769/70 1219/812/70
f 1126/811/70 1195/813/70 1194/765/70
f 1119/805/70 1190/752/70 1189/751/70
f 1144/814/70 1188/806/70 1196/815/70
f 1146/816/70 1197/817/70 1198/818/70
f 1146/816/70 1199/819/70 1147/820/70
f 1147/820/70 1200/821/70 1148/822/70
f 1220/823/70 1200/821/70 1217/824/70
f 1149/825/70 1195/813/70 1135/826/70
f 1144/814/70 1196/815/70 1197/817/70
s 136
f 1213/827/70 1208/828/70 1221/829/70
s 137
f 1121/783/137 1203/830/137 1119/831/137
s 138
f 1146/832/81 1209/833/81 1144/834/81
s 139
f 1119/835/34 1204/836/34 1123/837/34
s 140
f 1147/838/81 1210/839/81 1146/832/81
s 139
f 1123/837/34 1205/840/34 1124/841/34
s 140
f 1148/842/81 1211/843/81 1147/838/81
s 141
f 1124/841/34 1206/844/34 1125/845/34
s 140
f 1149/846/81 1222/847/81 1220/848/81
s 141
f 1125/845/34 1221/829/34 1219/849/34
s 142
f 1135/850/68 1213/827/68 1149/851/68
f 1126/852/68 1208/828/68 1135/850/68
s 141
f 1219/849/34 1207/853/34 1126/854/34
s 140
f 1220/848/81 1212/855/81 1148/842/81
s 143
f 1212/855/70 1206/844/70 1209/856/70
s 131
f 1149/825/70 1217/824/70 1201/791/70
f 1219/812/70 1193/768/70 1125/810/70
s 135
f 1217/857/34 1150/789/34 1201/858/34
s 144
f 1132/859/137 1226/860/137 1151/788/137
s 128
f 1127/762/81 1214/769/81 1194/765/81
s 145
f 1218/790/68 1223/861/68 1216/763/68
s 130
f 1128/760/65 1216/763/65 1132/859/65
s 146
f 1242/862/81 1245/863/81 1244/864/81
s 147
f 1245/863/68 1253/865/68 1247/866/68
s 148
f 1239/867/137 1228/868/137 1241/869/137
s 149
f 1228/870/65 1252/871/65 1251/872/65
s 150
f 1248/873/34 1239/867/34 1238/874/34
s 151
f 1237/875/235 1238/876/235 1239/877/235
s 152
f 1240/878/236 1241/879/236 1242/880/236
s 153
f 1243/881/237 1244/882/237 1245/883/237
s 154
f 1246/884/238 1247/885/238 1248/886/238
s 146
f 1254/887/81 1228/868/81 1251/872/81
s 150
f 1253/888/34 1227/889/34 1239/867/34
s 147
f 1253/865/68 1251/872/68 1252/871/68
s 155
f 1258/890/65 1255/891/65 1257/892/65
s 156
f 1270/893/68 1274/894/68 1256/895/68
s 157
f 1250/896/70 1276/897/70 1282/898/70
s 158
f 1278/899/81 1255/891/81 1273/900/81
s 159
f 1264/901/81 1312/902/81 1262/903/81
s 132
f 1259/801/229 1179/773/229 1260/904/229
s 135
f 1156/905/34 1308/906/34 1180/907/34
s 160
f 1260/908/81 1309/909/81 1259/910/81
s 161
f 1180/911/239 1307/912/239 1260/913/239
s 162
f 1281/914/34 1269/915/34 1256/895/34
s 163
f 1231/916/70 1291/917/70 1232/918/70
f 1235/919/70 1293/920/70 1236/921/70
f 1234/922/70 1296/923/70 1295/924/70
f 1230/925/70 1298/926/70 1297/927/70
f 1230/925/70 1292/928/70 1231/916/70
f 1232/918/70 1294/929/70 1235/919/70
f 1236/921/70 1296/923/70 1233/930/70
f 1229/931/70 1295/924/70 1298/926/70
s 164
f 1261/932/229 1308/933/229 1262/934/229
f 1263/935/229 1310/797/229 1309/936/229
f 1264/901/229 1308/906/229 1310/937/229
f 1263/938/229 1307/939/229 1261/940/229
s 165
f 1262/934/232 1311/941/232 1261/932/232
s 166
f 1263/938/34 1311/941/34 1313/942/34
s 167
f 1330/943/240 1360/944/241 1328/945/241
s 168
f 1327/946/137 1362/947/240 1329/948/240
s 167
f 1330/943/240 1364/949/242 1361/950/240
s 168
f 1331/951/243 1362/947/240 1363/952/243
s 167
f 1334/953/244 1364/949/242 1332/954/242
s 169
f 1339/955/34 1402/956/34 1341/957/34
s 170
f 1338/958/245 1372/959/246 1370/960/245
s 171
f 1371/961/81 1407/962/81 1406/963/81
s 170
f 1340/964/246 1373/965/247 1372/959/246
s 169
f 1335/966/34 1400/967/34 1337/968/34
s 168
f 1341/957/248 1376/969/68 1343/970/68
s 170
f 1375/971/68 1346/972/249 1377/973/249
s 168
f 1343/970/68 1378/974/249 1345/975/249
s 170
f 1346/972/249 1379/976/53 1377/973/249
s 168
f 1345/975/249 1380/977/53 1347/978/53
s 170
f 1348/979/53 1382/980/250 1379/976/53
s 168
f 1349/981/250 1380/977/53 1381/982/250
s 170
f 1350/983/250 1384/984/65 1382/980/250
s 168
f 1349/981/250 1383/985/65 1351/986/65
s 170
f 1384/984/65 1354/987/251 1386/988/251
s 168
f 1351/986/65 1385/989/251 1353/990/251
s 170
f 1356/991/58 1386/988/251 1354/987/251
s 168
f 1355/992/58 1385/989/251 1387/993/58
s 172
f 1336/994/81 1358/995/252 1350/996/81
s 170
f 1356/991/58 1390/997/253 1388/998/58
s 168
f 1357/999/254 1387/993/58 1389/1000/254
s 173
f 1328/1001/255 1415/1002/255 1413/1003/255
s 168
f 1327/946/137 1389/1000/254 1359/1004/137
s 169
f 1339/955/34 1347/1005/34 1355/1006/34
s 171
f 1380/1007/81 1371/961/81 1363/952/81
s 174
f 1361/1008/34 1375/1009/34 1384/1010/34
s 171
f 1369/1011/81 1406/963/81 1404/1012/81
f 1367/1013/81 1404/1012/81 1403/1014/81
s 168
f 1363/952/243 1397/1015/256 1331/951/243
s 169
f 1335/966/34 1398/1016/34 1399/1017/34
f 1337/968/34 1401/1018/34 1339/955/34
s 171
f 1365/1019/81 1408/1020/81 1363/952/81
f 1367/1013/81 1405/1021/81 1365/1019/81
s 169
f 1333/1022/34 1397/1023/34 1398/1016/34
s 170
f 1375/971/68 1342/1024/247 1344/1025/68
s 172
f 1328/1001/257 1414/1026/258 1358/1027/252
s 174
f 1360/1028/259 1416/1029/260 1415/1002/261
s 175
f 1358/1030/262 1416/1029/262 1390/1031/262
s 168
f 1341/957/248 1407/1032/263 1374/1033/248
s 176
f 1224/1034/34 1216/1035/34 1223/1036/34
s 177
f 1224/1034/65 1225/1037/65 1226/1038/65
s 120
f 1067/1039/202 1068/1040/202 1066/708/202
f 1068/1040/202 1069/1041/202 1066/708/202
f 1085/1042/222 1072/1043/264 1065/706/201
f 1072/1043/264 1071/707/202 1065/706/201
f 1095/1044/223 1074/1045/265 1085/1042/222
f 1073/1046/266 1075/1047/267 1085/1042/222
f 1075/1047/267 1072/1043/264 1085/1042/222
f 1074/1045/265 1073/1046/266 1085/1042/222
f 1095/1044/223 1070/1048/268 1074/1045/265
f 1071/707/202 1067/1039/202 1066/708/202
s 127
f 1100/1049/269 1097/711/269 1099/1050/269
s 136
f 1212/855/70 1222/847/70 1221/829/70
s 143
f 1206/844/70 1203/1051/70 1209/856/70
s 136
f 1212/855/70 1221/829/70 1206/844/70
s 178
f 1510/1052/81 1507/1053/270 1508/1054/81
f 1512/1055/270 1506/1056/271 1507/1053/270
f 1513/1057/271 1505/1058/272 1506/1056/271
f 1505/1058/272 1516/1059/273 1504/1060/273
f 1516/1059/273 1503/1061/274 1504/1060/273
f 1503/1061/274 1519/1062/275 1502/1063/275
f 1502/1063/275 1520/1064/276 1501/1065/276
f 1520/1066/276 1500/1067/34 1501/1068/276
f 1522/1069/34 1499/1070/277 1500/1067/34
f 1499/1070/277 1525/1071/278 1498/1072/278
f 1525/1071/278 1497/1073/279 1498/1072/278
f 1526/1074/279 1496/1075/280 1497/1073/279
f 1528/1076/280 1495/1077/281 1496/1075/280
f 1495/1077/281 1531/1078/282 1494/1079/282
s 179
f 1525/1080/283 1519/1081/283 1513/1082/283
s 178
f 1531/1078/282 1493/1083/284 1494/1079/282
f 1493/1083/284 1510/1052/81 1508/1054/81
s 180
f 1470/1084/285 1466/1085/285 1462/1086/285
s 181
f 1558/1087/286 1621/1088/287 1620/1089/286
f 1622/1090/288 1562/1091/289 1623/1092/289
f 1623/1092/289 1563/1093/290 1624/1094/291
f 1563/1095/290 1627/1096/292 1624/1097/291
f 1565/1098/292 1628/1099/293 1627/1096/292
f 1625/1100/294 1576/1101/295 1632/1102/295
f 1584/1103/296 1620/1089/286 1629/1104/296
s 182
f 1564/1105/60 1571/1106/60 1579/1107/60
s 181
f 1622/1090/288 1560/1108/287 1561/1109/288
s 182
f 1571/1106/60 1592/1110/60 1573/1111/60
f 1575/1112/60 1592/1110/60 1593/1113/60
f 1581/1114/60 1595/1115/60 1596/1116/60
f 1583/1117/60 1596/1116/60 1597/1118/60
f 1583/1117/60 1587/1119/60 1557/1120/60
s 181
f 1630/1121/297 1584/1103/296 1629/1104/296
f 1631/1122/298 1582/1123/297 1630/1121/297
f 1626/1124/299 1570/1125/300 1572/1126/299
f 1632/1102/295 1578/1127/301 1633/1128/301
f 1631/1122/302 1578/1127/301 1580/1129/303
f 1625/1100/294 1572/1126/299 1574/1130/294
f 1634/1131/300 1568/1132/304 1570/1125/300
f 1592/1133/294 1613/1134/305 1612/1135/294
f 1595/1136/306 1619/1137/301 1617/1138/302
f 1593/1139/307 1619/1137/301 1594/1140/308
f 1595/1136/306 1616/1141/297 1596/1142/297
f 1596/1142/297 1615/1143/296 1597/1144/296
s 183
f 1588/1145/309 1609/1146/288 1589/1147/288
s 184
f 1597/1144/310 1586/1148/286 1587/1149/311
s 181
f 1592/1133/294 1618/1150/295 1593/1139/295
s 183
f 1589/1147/288 1610/1151/312 1590/1152/312
s 184
f 1587/1149/311 1585/1153/287 1588/1145/313
s 181
f 1613/1134/305 1625/1100/294 1612/1135/294
f 1619/1137/301 1631/1122/302 1617/1138/302
f 1618/1150/295 1633/1128/301 1619/1137/301
f 1612/1135/294 1632/1102/295 1618/1150/295
f 1627/1096/292 1614/1154/293 1645/1155/293
f 1642/1156/304 1634/1131/300 1643/1157/314
s 185
f 1642/1158/58 1649/1159/58 1648/1160/58
s 181
f 1647/1161/315 1624/1097/291 1627/1096/292
s 186
f 1646/1162/316 1650/1163/317 1644/1164/317
s 187
f 1651/1165/58 1670/1166/58 1669/1167/58
s 181
f 1574/1130/294 1662/1101/295 1576/1101/295
f 1584/1103/296 1671/1168/318 1673/1169/318
f 1563/1093/290 1654/1091/289 1655/1093/290
f 1568/1132/304 1659/1125/300 1570/1125/300
f 1578/1127/301 1662/1101/295 1663/1127/301
f 1560/1108/287 1651/1087/286 1652/1108/287
f 1563/1095/290 1656/1098/292 1565/1098/292
f 1572/1126/299 1659/1125/300 1660/1126/299
f 1580/1129/303 1663/1127/301 1664/1129/303
f 1560/1108/287 1653/1109/288 1561/1109/288
f 1566/1170/293 1656/1098/292 1657/1170/293
f 1572/1126/299 1661/1130/294 1574/1130/294
f 1580/1129/303 1664/1129/303 1675/1171/319
f 1558/1087/286 1674/1103/320 1676/1172/321
f 1561/1109/288 1654/1091/289 1562/1091/289
s 188
f 1665/1173/322 1672/1174/65 1675/1175/65
s 189
f 1668/1176/81 1676/1177/323 1670/1178/324
s 190
f 1666/1179/68 1675/1175/68 1667/1180/68
s 188
f 1671/1181/325 1666/1182/74 1673/1183/74
s 189
f 1673/1183/83 1669/1184/83 1676/1185/323
s 191
f 1669/1167/58 1667/1186/58 1664/1187/58
f 1664/1187/58 1663/1188/58 1669/1167/58
f 1663/1188/58 1662/1189/58 1669/1167/58
f 1662/1189/58 1661/1190/58 1669/1167/58
f 1661/1190/58 1660/1191/58 1669/1167/58
f 1660/1191/58 1659/1192/58 1669/1167/58
f 1659/1192/58 1658/1193/58 1669/1167/58
f 1658/1193/58 1657/1194/58 1669/1167/58
s 187
f 1657/1194/58 1656/1195/58 1669/1167/58
f 1656/1195/58 1655/1196/58 1669/1167/58
f 1655/1196/58 1654/1197/58 1669/1167/58
f 1654/1197/58 1653/1198/58 1669/1167/58
f 1653/1198/58 1652/1199/58 1669/1167/58
f 1652/1199/58 1651/1165/58 1669/1167/58
f 1651/1165/58 1668/1200/58 1670/1166/58
s 1
f 105/1/1 104/93/2 115/2/2
f 109/4/3 106/97/4 117/5/4
f 122/7/5 107/95/5 110/8/6
f 103/10/7 102/96/8 113/11/8
f 99/22/15 108/94/16 121/23/16
f 101/25/17 100/92/18 111/26/18
s 3
f 7/29/20 32/1201/326 31/1202/19
f 34/30/21 33/72/327 9/28/19
f 7/29/20 31/1202/19 34/30/21
s 4
f 35/51/35 37/53/37 6/49/34
f 3/50/35 36/57/35 35/51/35
f 39/1203/36 40/67/36 2/52/36
f 2/52/36 6/49/34 37/53/37
f 38/54/38 39/1203/36 2/52/36
s 192
f 36/57/40 3/50/40 8/55/328
s 5
f 8/55/39 41/70/50 42/56/40
s 3
f 45/1204/41 32/1201/326 7/29/20
f 1/58/41 43/1205/41 44/59/41
f 44/59/41 45/1204/41 7/29/20
s 6
f 46/62/44 43/1206/42 1/60/42
f 1/60/42 5/66/46 47/61/43
s 7
f 4/63/45 10/71/51 49/1207/329
f 4/63/45 49/1207/329 48/64/45
f 50/65/45 51/1208/45 4/63/45
s 6
f 52/68/47 47/61/43 5/66/46
f 5/66/46 2/52/47 40/67/47
s 5
f 41/70/50 8/55/39 4/63/48
f 4/63/48 51/1208/48 53/69/49
s 7
f 54/73/52 49/1207/329 10/71/51
f 10/71/51 9/28/52 33/72/52
s 8
f 129/74/53 128/103/54 139/75/54
f 133/77/55 130/107/56 141/78/56
f 146/80/57 131/105/57 134/81/58
f 127/83/59 126/106/60 137/84/60
f 123/86/61 132/104/62 145/87/62
f 125/89/63 124/101/64 135/90/64
s 1
f 112/24/15 111/26/18 100/92/18
f 116/12/7 115/2/2 104/93/2
f 122/7/5 121/23/16 108/94/16
f 114/27/17 113/11/8 102/96/8
f 118/3/1 117/5/4 106/97/4
f 109/4/3 120/6/3 119/98/6
s 8
f 136/100/61 135/90/64 124/101/64
f 140/85/59 139/75/54 128/103/54
f 146/80/57 145/87/62 132/104/62
f 138/91/63 137/84/60 126/106/60
f 142/76/53 141/78/56 130/107/56
f 144/79/55 143/82/58 134/81/58
s 11
f 255/171/68 287/199/68 273/172/68
f 248/174/68 281/200/68 283/175/68
f 242/177/68 241/173/68 273/172/68
f 243/179/68 256/201/68 288/180/68
f 251/182/68 249/202/68 282/183/68
f 244/185/68 243/179/68 274/181/68
f 252/187/68 275/192/68 285/188/68
f 245/190/68 242/177/68 276/178/68
f 250/176/68 283/175/68 275/192/68
f 246/193/68 244/185/68 277/186/68
f 254/195/68 251/182/68 284/184/68
f 245/190/68 278/191/68 280/197/68
f 253/189/68 285/188/68 287/199/68
f 246/193/68 279/194/68 281/200/68
f 256/201/68 254/195/68 286/196/68
f 249/202/68 247/198/68 280/197/68
s 12
f 273/203/69 292/237/69 293/204/70
s 13
f 328/1209/330 264/1210/331 263/206/71
f 263/206/71 327/309/124 326/207/72
f 325/208/73 328/1209/330 263/206/71
s 12
f 274/209/74 300/238/74 301/210/65
f 276/205/70 293/204/70 294/212/75
f 277/211/65 301/210/65 302/214/76
f 278/213/75 294/212/75 295/216/77
f 281/218/78 279/215/76 302/214/76
f 280/217/77 295/216/77 296/220/79
f 281/218/78 303/219/78 304/222/80
f 282/221/79 296/220/79 297/224/81
f 275/226/34 290/229/34 289/227/82
f 283/223/80 304/222/80 290/229/34
f 286/230/83 284/225/81 297/224/81
f 287/232/84 285/228/82 289/227/82
f 286/230/83 298/231/83 299/234/85
f 273/203/69 287/1211/84 291/236/84
f 288/235/85 299/234/85 300/238/74
s 14
f 258/239/68 257/242/68 289/240/68
f 257/242/68 259/244/68 291/243/68
f 259/244/68 260/246/68 292/245/68
f 260/246/68 261/248/68 293/247/68
f 261/248/68 262/250/68 294/249/68
f 262/250/68 263/252/68 295/251/68
f 263/252/68 264/255/68 296/253/68
f 265/254/68 297/257/68 296/253/68
f 266/256/68 298/259/68 297/257/68
f 267/258/68 299/261/68 298/259/68
f 268/260/68 300/263/68 299/261/68
f 269/262/68 301/265/68 300/263/68
f 270/264/68 302/267/68 301/265/68
f 271/266/68 303/269/68 302/267/68
f 272/268/68 304/270/68 303/269/68
f 272/268/68 258/239/68 290/241/68
s 13
f 332/280/96 272/1212/332 271/271/86
f 271/271/86 331/1213/333 330/272/87
f 329/273/88 332/280/96 271/271/86
f 265/274/89 264/1210/331 328/1209/330
f 265/274/89 328/1209/330 333/275/90
f 334/276/91 335/1214/334 265/274/89
f 336/1215/335 339/285/101 257/277/92
s 0
f 258/278/137 338/1216/34 337/279/68
s 13
f 337/279/94 336/1215/335 257/277/92
f 340/281/97 338/1216/336 258/278/95
f 258/278/95 272/1212/332 332/280/96
f 342/283/99 266/1217/337 265/274/89
f 265/274/89 335/1214/334 341/282/98
f 343/1218/338 345/1219/339 259/284/100
f 259/284/100 257/277/92 339/285/101
f 344/286/102 343/1218/338 259/284/100
f 267/287/103 266/1217/337 342/283/99
f 346/288/104 347/1220/340 348/289/105
f 267/287/103 342/283/99 346/288/104
f 350/292/107 260/295/110 259/290/100
f 259/290/100 345/1221/339 349/291/106
f 351/294/109 352/299/114 268/293/108
f 268/293/108 267/287/103 348/289/105
f 354/297/112 261/301/116 260/295/110
f 260/295/110 350/292/107 353/296/111
f 355/300/115 356/305/120 269/298/113
f 269/298/113 268/293/108 352/299/114
f 358/303/118 262/307/122 261/301/116
f 261/301/116 354/297/112 357/302/117
f 359/306/121 360/310/125 270/304/119
f 270/304/119 269/298/113 356/305/120
f 327/309/124 263/206/71 262/307/122
f 262/307/122 358/303/118 361/308/123
f 362/311/126 331/1213/333 271/271/86
f 271/271/86 270/304/119 360/310/125
s 194
f 313/312/127 323/333/127 324/313/127
s 16
f 322/317/34 321/1222/34 320/1223/34
f 320/1223/34 319/1224/34 386/315/34
f 386/315/34 385/1225/34 315/1226/34
f 315/1226/34 316/325/34 324/316/34
f 324/316/34 323/1227/34 322/317/34
f 322/317/34 320/1223/34 386/315/34
f 386/315/34 315/1226/34 324/316/34
s 195
f 310/318/128 320/334/128 321/319/128
s 37
f 307/321/65 388/335/65 387/322/65
s 196
f 314/324/129 324/316/129 316/325/129
s 20
f 312/327/130 311/320/130 321/319/130
s 21
f 309/329/131 308/323/131 387/322/131
s 22
f 305/331/132 306/326/132 316/325/132
s 23
f 313/312/70 312/327/70 322/328/70
s 197
f 309/329/133 319/330/133 320/334/133
s 36
f 305/331/134 315/332/134 388/335/134
s 198
f 382/336/129 381/1228/129 364/337/129
s 27
f 379/339/127 381/1229/127 382/340/127
s 28
f 377/342/70 379/339/70 380/341/70
s 29
f 375/344/130 377/342/130 378/343/130
s 30
f 373/346/128 375/344/128 376/345/128
s 31
f 371/348/133 373/346/133 374/347/133
s 32
f 369/350/131 371/348/131 372/349/131
s 33
f 367/352/65 369/350/65 370/351/65
s 34
f 365/354/134 367/352/134 368/353/134
s 35
f 364/337/132 365/354/132 366/355/132
s 37
f 317/358/65 385/357/65 386/356/65
f 318/359/65 386/356/65 387/322/65
f 383/361/65 388/335/65 385/357/65
f 384/360/65 387/322/65 388/335/65
s 38
f 409/362/135 396/1230/135 394/363/136
s 39
f 406/367/137 411/378/137 413/1231/137
f 413/1231/137 412/1232/137 414/365/137
f 414/365/137 416/1233/137 415/1234/137
f 415/1234/137 408/1235/137 410/366/137
f 410/366/137 409/1236/137 405/1237/137
f 405/1237/137 407/1238/137 406/367/137
f 406/367/137 413/1231/137 414/365/137
f 414/365/137 415/1234/137 410/366/137
f 410/366/137 405/1237/137 406/367/137
s 40
f 402/368/138 397/1239/139 408/369/139
s 41
f 400/373/68 393/385/68 395/1240/68
f 395/1240/68 394/1241/68 396/371/68
f 396/371/68 398/1242/68 397/1239/68
f 397/1239/68 402/368/68 404/372/68
f 404/372/68 403/1243/68 399/1244/68
f 399/1244/68 401/1245/68 400/373/68
f 400/373/68 395/1240/68 396/371/68
f 396/371/68 397/1239/68 404/372/68
f 404/372/68 399/1244/68 400/373/68
s 42
f 399/374/140 403/383/141 414/375/141
s 43
f 400/373/142 401/1246/143 413/377/143
s 42
f 401/379/144 399/374/140 412/376/140
s 40
f 415/370/138 416/382/145 404/381/145
s 42
f 416/382/146 414/375/141 403/383/141
s 43
f 406/367/147 407/1247/148 395/384/148
s 38
f 407/386/149 405/364/136 394/363/136
s 40
f 408/369/139 397/1239/139 398/388/150
s 38
f 398/388/151 396/1230/135 409/362/135
s 43
f 411/378/142 406/367/147 393/385/147
s 44
f 484/390/81 483/393/152 430/391/152
f 483/393/152 485/395/153 431/394/153
f 485/395/153 486/397/65 432/396/65
f 486/397/65 487/399/154 433/398/154
f 487/399/154 488/401/155 434/400/155
f 488/401/155 489/1248/34 435/402/34
f 435/402/34 489/1248/34 490/403/156
f 436/404/156 490/403/156 491/405/157
f 491/405/157 492/1249/70 438/407/70
f 438/407/70 492/1249/70 493/408/158
s 45
f 427/410/154 505/1250/154 506/411/155
s 44
f 493/413/158 494/416/159 440/414/159
f 494/416/159 484/390/81 429/392/81
s 46
f 465/417/81 466/420/81 472/418/81
s 47
f 466/420/137 470/1251/137 473/421/137
s 199
f 468/422/68 465/417/68 471/419/68
s 49
f 466/420/70 465/417/70 468/424/70
s 50
f 469/426/160 467/1252/160 471/419/160
s 51
f 418/429/137 483/433/137 484/430/137
f 418/429/137 419/435/137 485/432/137
f 420/434/137 486/437/137 485/432/137
f 420/434/137 421/439/137 487/436/137
f 422/438/137 488/441/137 487/436/137
f 423/440/137 489/443/137 488/441/137
f 423/440/137 424/445/137 490/442/137
f 425/444/137 491/447/137 490/442/137
f 426/446/137 492/449/137 491/447/137
f 426/446/137 427/450/137 493/448/137
f 427/450/137 428/452/137 494/451/137
f 417/431/137 484/430/137 494/451/137
s 45
f 417/453/34 496/462/34 495/454/156
f 424/456/152 502/473/152 503/457/153
f 421/459/158 499/474/158 500/460/159
f 428/412/155 506/411/155 496/462/34
f 418/455/156 495/454/156 497/463/157
f 425/458/153 503/457/153 504/465/65
f 422/461/159 500/460/159 501/467/81
f 419/464/157 497/463/157 498/469/70
f 426/466/65 504/465/65 505/471/154
f 423/468/81 501/467/81 502/473/152
f 420/470/70 498/469/70 499/474/158
s 52
f 589/475/137 590/478/137 580/476/137
s 200
f 590/478/70 607/1253/70 611/479/70
s 54
f 555/480/137 558/484/137 556/481/137
s 201
f 553/482/65 599/1254/65 602/483/65
s 202
f 558/484/70 603/1255/70 604/485/70
s 203
f 579/477/65 610/1256/65 600/486/65
s 58
f 617/487/161 627/491/161 626/488/162
f 617/487/161 619/494/163 628/490/163
f 615/489/162 626/488/162 625/492/164
f 619/494/163 621/514/165 629/495/165
s 59
f 630/496/137 636/1257/137 635/497/137
s 60
f 626/499/166 632/508/166 631/500/166
s 61
f 628/502/167 634/507/167 633/503/167
s 62
f 630/505/168 625/501/168 631/500/168
s 63
f 629/498/169 635/497/169 634/507/169
s 64
f 627/504/68 633/503/68 632/508/68
s 58
f 623/509/170 613/493/164 625/492/164
s 65
f 636/513/81 631/1258/81 632/511/81
f 632/511/81 633/1259/81 634/512/81
f 634/512/81 635/1260/81 636/513/81
s 58
f 623/509/170 630/510/171 629/495/165
s 66
f 732/515/172 747/539/172 750/516/173
f 726/518/174 741/1261/174 746/519/175
f 730/521/176 745/1262/176 748/522/177
f 738/524/178 753/544/178 756/525/179
f 734/527/180 749/545/180 752/528/181
f 740/530/182 755/1263/182 744/531/183
s 67
f 746/535/65 741/1264/65 742/1265/65
f 742/1265/65 743/1266/65 744/1267/65
f 744/1267/65 755/1268/65 756/1269/65
f 756/1269/65 753/1270/65 754/533/65
f 754/533/65 751/1271/65 752/1272/65
f 752/1272/65 749/1273/65 750/534/65
f 750/534/65 747/1274/65 748/1275/65
f 748/1275/65 745/1276/65 746/535/65
f 746/535/65 742/1265/65 744/1267/65
f 744/1267/65 756/1269/65 754/533/65
f 754/533/65 752/1272/65 750/534/65
f 750/534/65 748/1275/65 746/535/65
f 746/535/65 744/1267/65 754/533/65
s 66
f 736/536/184 751/1277/184 754/537/185
f 746/519/175 745/1262/176 730/521/176
f 732/515/172 731/523/177 748/522/177
f 744/531/183 743/1278/186 728/540/186
f 726/541/174 725/546/187 742/542/187
f 756/525/179 755/1263/182 740/530/182
f 752/528/181 751/1277/184 736/536/184
f 738/524/178 737/538/185 754/537/185
f 734/527/180 733/517/173 750/516/173
f 728/540/186 743/1278/186 742/542/187
s 68
f 795/547/188 794/1279/188 793/548/188
s 69
f 832/550/137 789/610/137 827/551/137
s 70
f 792/553/70 831/1280/70 833/554/70
s 71
f 794/556/65 789/610/65 790/557/65
s 69
f 790/557/137 789/610/137 832/550/137
s 73
f 791/560/68 829/1281/68 828/561/68
s 70
f 797/563/70 792/553/70 791/555/70
s 74
f 795/565/81 798/1282/81 791/560/81
s 75
f 795/547/189 796/549/189 800/566/190
s 74
f 802/568/81 798/1282/81 795/565/81
s 70
f 799/570/70 797/563/70 798/564/70
s 76
f 804/572/191 865/619/191 864/573/191
s 77
f 806/574/68 805/597/68 803/575/68
s 75
f 808/576/65 803/1283/65 805/577/65
f 800/566/190 808/1284/65 836/579/65
s 74
f 802/568/81 801/569/81 836/580/81
s 70
f 802/571/70 837/1285/70 807/582/70
s 78
f 817/583/81 825/607/81 823/584/81
s 79
f 813/588/70 806/574/70 837/1286/70
f 837/1286/70 838/1287/70 816/586/70
f 816/586/70 815/1288/70 812/587/70
f 812/587/70 814/1289/70 813/588/70
f 813/588/70 837/1286/70 816/586/70
s 78
f 815/589/81 817/583/81 810/585/81
s 80
f 813/588/192 814/593/192 811/591/192
s 81
f 814/593/193 812/590/193 810/585/193
s 82
f 815/589/194 816/595/194 818/594/194
s 83
f 816/595/195 838/1290/195 839/596/195
s 77
f 806/574/68 813/588/68 809/592/68
s 84
f 826/600/65 819/602/65 820/1291/65
f 820/1291/65 822/1292/65 821/598/65
f 821/598/65 823/1293/65 825/599/65
f 825/599/65 824/1294/65 826/600/65
f 826/600/65 820/1291/65 821/598/65
s 81
f 810/585/193 823/584/193 821/601/193
s 85
f 805/577/34 820/1291/34 819/602/34
s 83
f 839/596/195 826/606/195 824/603/195
s 80
f 811/591/192 821/601/192 822/604/192
s 86
f 836/605/137 819/1295/137 826/606/137
s 82
f 818/594/194 824/603/194 825/607/194
s 77
f 809/592/68 822/604/68 820/608/68
s 87
f 794/556/85 828/1296/85 827/609/85
s 70
f 833/554/70 834/1297/70 829/611/70
s 88
f 827/609/81 828/1296/81 829/612/81
f 829/612/81 834/1298/81 835/613/81
s 89
f 831/614/61 830/559/61 832/550/61
f 833/615/61 832/550/61 835/552/61
s 86
f 839/596/137 838/1290/137 837/617/137
s 204
f 867/618/70 866/621/70 864/573/70
s 91
f 837/620/81 806/1299/81 864/573/81
s 92
f 837/622/137 866/621/137 867/618/137
s 205
f 872/624/188 873/1300/188 874/625/188
s 94
f 911/627/137 914/692/137 906/628/137
s 95
f 912/630/70 910/1301/70 871/631/70
s 206
f 869/633/65 868/629/65 873/634/65
s 94
f 911/627/137 868/629/137 869/633/137
s 97
f 907/637/68 908/1302/68 870/638/68
s 95
f 870/632/70 871/631/70 876/640/70
s 98
f 874/642/34 873/639/34 870/638/34
s 99
f 879/644/190 875/626/189 874/625/189
s 98
f 874/642/34 877/643/34 881/646/34
s 95
f 877/641/70 876/640/70 878/648/70
s 207
f 943/650/191 944/1303/191 883/651/191
s 108
f 882/653/68 884/674/68 885/652/68
s 99
f 884/654/65 882/1304/65 887/655/65
f 915/657/65 887/1305/65 879/644/190
s 98
f 881/646/34 916/1306/34 915/658/34
s 208
f 886/659/70 916/1307/70 881/649/70
s 102
f 902/660/34 904/684/34 896/661/34
s 103
f 916/665/70 885/652/70 892/668/70
f 892/668/70 893/1308/70 891/663/70
f 891/663/70 894/1309/70 895/664/70
f 895/664/70 917/1310/70 916/665/70
f 916/665/70 892/668/70 891/663/70
s 102
f 894/666/34 891/1311/34 889/662/34
s 104
f 890/667/196 893/670/196 892/668/196
s 105
f 889/662/197 891/1311/197 893/670/197
s 106
f 897/671/198 895/673/198 894/666/198
s 107
f 918/672/199 917/1312/199 895/673/199
s 108
f 888/669/68 892/668/68 885/652/68
s 109
f 899/677/65 898/679/65 905/1313/65
f 905/1313/65 903/1314/65 904/675/65
f 904/675/65 902/1315/65 900/676/65
f 900/676/65 901/1316/65 899/677/65
f 899/677/65 905/1313/65 904/675/65
s 105
f 900/678/197 902/660/197 889/662/197
s 110
f 898/679/81 899/677/81 884/654/81
s 107
f 903/680/199 905/682/199 918/672/199
s 104
f 901/681/196 900/678/196 890/667/196
s 111
f 905/682/137 898/1317/137 915/683/137
s 106
f 904/684/198 903/680/198 897/671/198
s 108
f 899/685/68 901/681/68 888/669/68
s 112
f 906/686/78 907/1318/78 873/634/78
s 95
f 908/687/70 913/1319/70 912/630/70
s 113
f 908/689/34 907/1318/34 906/686/34
f 906/686/34 914/1320/34 913/688/34
s 209
f 911/627/61 909/636/61 910/690/61
s 114
f 914/692/61 911/627/61 912/691/61
s 111
f 916/694/137 917/1312/137 918/672/137
s 115
f 946/695/70 944/1303/70 943/650/70
s 116
f 916/697/34 945/696/34 943/650/34
s 210
f 946/695/137 945/696/137 916/699/137
s 211
f 1063/701/81 1066/705/81 1069/702/81
s 212
f 1064/704/200 1065/735/200 1066/705/200
s 121
f 1096/709/34 1086/1321/34 1087/710/34
s 120
f 1089/712/203 1086/733/220 1096/713/204
s 122
f 1070/715/205 1084/1322/205 1082/716/206
f 1074/717/207 1082/716/206 1083/718/208
f 1073/719/209 1083/718/208 1081/720/210
f 1077/722/212 1072/723/213 1075/721/211
f 1072/723/213 1077/722/212 1076/724/53
f 1067/726/214 1071/725/53 1076/724/53
f 1068/728/216 1067/726/214 1078/727/215
f 1069/730/218 1068/728/216 1080/729/217
s 120
f 1089/712/203 1091/1323/219 1092/732/219
s 123
f 1064/704/34 1088/1324/34 1085/734/34
s 213
f 1090/736/221 1089/744/221 1085/737/221
s 120
f 1085/739/222 1089/712/203 1100/714/204
s 214
f 1093/741/221 1092/1325/221 1091/742/221
s 215
f 1089/744/81 1090/736/81 1094/743/81
s 121
f 1086/745/34 1092/1325/34 1093/741/34
s 127
f 1070/747/224 1095/1326/341 1098/748/225
s 128
f 1136/750/81 1120/753/81 1189/751/81
s 129
f 1120/753/68 1122/772/68 1188/754/68
s 130
f 1130/756/65 1134/759/65 1137/757/65
f 1129/758/65 1133/761/65 1134/759/65
f 1128/760/65 1132/859/65 1133/761/65
f 1127/762/227 1131/777/227 1216/763/65
s 131
f 1194/765/70 1195/813/70 1178/766/228
s 128
f 1215/764/81 1128/760/81 1193/768/81
f 1128/760/81 1129/758/81 1192/770/81
f 1129/758/81 1130/756/81 1191/771/81
s 130
f 1136/750/65 1137/757/65 1122/772/65
s 128
f 1130/756/81 1136/750/81 1190/752/81
s 132
f 1179/773/229 1141/1327/229 1139/774/229
s 128
f 1127/762/81 1194/765/81 1177/767/81
f 1177/767/81 1176/1328/81 1139/776/81
s 130
f 1139/774/230 1141/1327/230 1131/777/227
s 133
f 1196/778/34 1145/784/34 1154/779/34
s 134
f 1144/781/137 1209/1329/137 1202/782/137
s 129
f 1188/754/68 1122/772/68 1145/784/68
s 130
f 1137/757/65 1134/759/65 1153/786/65
f 1134/759/65 1133/761/65 1152/787/65
f 1133/761/65 1132/859/65 1151/788/65
f 1216/763/65 1131/777/227 1150/789/227
s 131
f 1178/766/228 1195/813/70 1201/791/70
s 216
f 1217/857/34 1200/1330/34 1226/1331/34
s 217
f 1217/857/34 1226/1331/34 1225/1332/81
s 133
f 1199/793/34 1152/787/34 1151/788/34
f 1198/795/34 1153/786/34 1152/787/34
s 130
f 1122/772/65 1137/757/65 1154/779/65
s 133
f 1197/780/34 1154/779/34 1153/786/34
s 130
f 1259/796/231 1309/936/232 1310/797/232
s 135
f 1181/800/34 1201/858/34 1150/789/34
f 1150/789/34 1156/1333/34 1180/799/34
s 130
f 1156/802/233 1150/789/227 1131/777/227
f 1131/777/227 1141/1327/230 1259/801/231
s 131
f 1181/804/228 1180/1334/234 1260/904/234
f 1179/773/234 1176/775/234 1177/1335/228
f 1181/804/228 1260/904/234 1179/773/234
f 1179/773/234 1177/1335/228 1178/803/228
f 1119/805/70 1189/751/70 1188/806/70
f 1123/808/70 1191/771/70 1190/752/70
f 1124/809/70 1192/770/70 1191/771/70
f 1125/810/70 1193/768/70 1192/770/70
f 1126/811/70 1194/765/70 1214/769/70
f 1126/811/70 1135/826/70 1195/813/70
f 1144/814/70 1121/807/70 1188/806/70
f 1146/816/70 1144/814/70 1197/817/70
f 1146/816/70 1198/818/70 1199/819/70
f 1147/820/70 1199/819/70 1200/821/70
f 1220/823/70 1148/822/70 1200/821/70
f 1149/825/70 1201/791/70 1195/813/70
s 136
f 1221/829/70 1222/847/70 1213/827/70
f 1208/828/70 1207/853/70 1221/829/70
s 134
f 1121/783/137 1202/782/137 1203/830/137
s 140
f 1146/832/81 1210/839/81 1209/833/81
s 139
f 1119/835/34 1203/1336/34 1204/836/34
s 140
f 1147/838/81 1211/843/81 1210/839/81
s 139
f 1123/837/34 1204/836/34 1205/840/34
s 140
f 1148/842/81 1212/855/81 1211/843/81
s 139
f 1124/841/34 1205/840/34 1206/844/34
s 140
f 1149/846/81 1213/827/81 1222/847/81
s 141
f 1125/845/34 1206/844/34 1221/829/34
s 142
f 1135/850/68 1208/828/68 1213/827/68
f 1126/852/68 1207/853/68 1208/828/68
s 141
f 1219/849/34 1221/829/34 1207/853/34
s 140
f 1220/848/81 1222/847/81 1212/855/81
s 131
f 1149/825/70 1220/823/70 1217/824/70
f 1219/812/70 1214/769/70 1193/768/70
s 135
f 1217/857/34 1218/790/34 1150/789/34
s 144
f 1132/859/137 1224/1337/137 1226/860/137
s 128
f 1127/762/81 1215/764/81 1214/769/81
s 145
f 1218/790/68 1225/1338/68 1223/861/68
s 130
f 1128/760/65 1215/764/65 1216/763/65
s 146
f 1244/864/81 1240/1339/81 1242/862/81
f 1242/862/81 1254/887/81 1245/863/81
s 147
f 1247/866/68 1243/1340/68 1245/863/68
f 1245/863/68 1254/887/68 1253/865/68
f 1253/865/68 1248/1341/68 1247/866/68
s 148
f 1241/869/137 1237/1342/137 1239/867/137
f 1239/867/137 1227/889/137 1228/868/137
f 1228/868/137 1242/862/137 1241/869/137
s 149
f 1228/870/65 1227/1343/65 1252/871/65
s 150
f 1238/874/34 1246/1344/34 1248/873/34
f 1248/873/34 1253/888/34 1239/867/34
s 146
f 1254/887/81 1242/862/81 1228/868/81
s 150
f 1253/888/34 1252/1345/34 1227/889/34
s 147
f 1253/865/68 1254/887/68 1251/872/68
s 218
f 1258/890/65 1256/895/65 1255/891/65
s 156
f 1256/895/68 1271/1346/68 1270/893/68
f 1270/893/68 1272/1347/68 1274/894/68
f 1274/894/68 1255/891/68 1256/895/68
s 157
f 1282/898/70 1249/1348/70 1250/896/70
f 1250/896/70 1277/1349/70 1276/897/70
f 1276/897/70 1279/1350/70 1282/898/70
s 158
f 1273/900/81 1275/1351/81 1278/899/81
f 1278/899/81 1257/1352/81 1255/891/81
f 1255/891/81 1274/894/81 1273/900/81
s 159
f 1264/901/81 1314/1353/81 1312/902/81
s 132
f 1259/801/229 1141/1327/229 1179/773/229
s 135
f 1156/905/34 1310/937/34 1308/906/34
s 160
f 1260/908/81 1307/939/81 1309/909/81
s 161
f 1180/911/239 1308/933/239 1307/912/239
s 219
f 1256/895/34 1258/1354/34 1281/914/34
s 162
f 1281/914/34 1280/1355/34 1269/915/34
f 1269/915/34 1271/1346/34 1256/895/34
s 163
f 1231/916/70 1292/928/70 1291/917/70
f 1235/919/70 1294/929/70 1293/920/70
f 1234/922/70 1233/930/70 1296/923/70
f 1230/925/70 1229/931/70 1298/926/70
f 1230/925/70 1297/927/70 1292/928/70
f 1232/918/70 1291/917/70 1294/929/70
f 1236/921/70 1293/920/70 1296/923/70
f 1229/931/70 1234/922/70 1295/924/70
s 164
f 1261/932/229 1307/912/229 1308/933/229
f 1263/935/229 1264/1356/229 1310/797/229
f 1264/901/229 1262/903/229 1308/906/229
f 1263/938/229 1309/909/229 1307/939/229
s 165
f 1262/934/232 1312/902/232 1311/941/232
s 220
f 1263/938/34 1261/940/34 1311/941/34
s 167
f 1330/943/240 1361/950/240 1360/944/241
s 168
f 1327/946/137 1359/1004/137 1362/947/240
s 167
f 1330/943/240 1332/954/242 1364/949/242
s 168
f 1331/951/243 1329/948/240 1362/947/240
s 167
f 1334/953/244 1366/1357/342 1364/949/242
s 169
f 1339/955/34 1401/1018/34 1402/956/34
s 170
f 1338/958/245 1340/964/246 1372/959/246
s 171
f 1371/961/81 1374/1358/81 1407/962/81
s 170
f 1340/964/246 1342/1024/247 1373/965/247
s 169
f 1335/966/34 1399/1017/34 1400/967/34
s 168
f 1341/957/248 1374/1033/248 1376/969/68
s 170
f 1375/971/68 1344/1025/68 1346/972/249
s 168
f 1343/970/68 1376/969/68 1378/974/249
s 170
f 1346/972/249 1348/979/53 1379/976/53
s 168
f 1345/975/249 1378/974/249 1380/977/53
s 170
f 1348/979/53 1350/983/250 1382/980/250
s 168
f 1349/981/250 1347/978/53 1380/977/53
s 170
f 1350/983/250 1352/1359/65 1384/984/65
s 168
f 1349/981/250 1381/982/250 1383/985/65
s 170
f 1384/984/65 1352/1359/65 1354/987/251
s 168
f 1351/986/65 1383/985/65 1385/989/251
s 170
f 1356/991/58 1388/998/58 1386/988/251
s 168
f 1355/992/58 1353/990/251 1385/989/251
s 172
f 1350/996/81 1348/1360/81 1346/1361/81
f 1346/1361/81 1344/1362/81 1342/1363/81
f 1342/1363/81 1340/1364/81 1338/1365/81
f 1336/994/81 1334/1366/81 1332/1367/81
f 1342/1363/81 1338/1365/81 1336/994/81
f 1350/996/81 1346/1361/81 1342/1363/81
f 1354/1368/81 1352/1369/81 1350/996/81
f 1358/995/252 1356/1370/81 1354/1368/81
f 1330/1371/81 1328/1372/257 1358/995/252
f 1336/994/81 1332/1367/81 1330/1371/81
f 1350/996/81 1342/1363/81 1336/994/81
f 1358/995/252 1354/1368/81 1350/996/81
f 1336/994/81 1330/1371/81 1358/995/252
s 170
f 1356/991/58 1358/1373/253 1390/997/253
s 168
f 1357/999/254 1355/992/58 1387/993/58
s 173
f 1328/1001/255 1360/1028/255 1415/1002/255
s 168
f 1327/946/137 1357/999/254 1389/1000/254
s 169
f 1355/1006/34 1357/1374/34 1327/1375/34
f 1327/1375/34 1329/1376/34 1331/1377/34
f 1331/1377/34 1333/1022/34 1335/966/34
f 1335/966/34 1337/968/34 1339/955/34
f 1339/955/34 1341/957/34 1343/1378/34
f 1343/1378/34 1345/1379/34 1347/1005/34
f 1347/1005/34 1349/1380/34 1351/1381/34
f 1351/1381/34 1353/1382/34 1355/1006/34
f 1355/1006/34 1327/1375/34 1331/1377/34
f 1331/1377/34 1335/966/34 1339/955/34
f 1339/955/34 1343/1378/34 1347/1005/34
f 1347/1005/34 1351/1381/34 1355/1006/34
f 1355/1006/34 1331/1377/34 1339/955/34
s 171
f 1363/952/81 1362/1383/81 1359/1384/81
f 1359/1384/81 1389/1385/81 1387/1386/81
f 1387/1386/81 1385/1387/81 1383/1388/81
f 1383/1388/81 1381/1389/81 1380/1007/81
f 1380/1007/81 1378/1390/81 1376/1391/81
f 1376/1391/81 1374/1358/81 1371/961/81
f 1371/961/81 1369/1011/81 1367/1013/81
f 1367/1013/81 1365/1019/81 1363/952/81
f 1363/952/81 1359/1384/81 1387/1386/81
f 1387/1386/81 1383/1388/81 1380/1007/81
f 1380/1007/81 1376/1391/81 1371/961/81
f 1371/961/81 1367/1013/81 1363/952/81
f 1363/952/81 1387/1386/81 1380/1007/81
s 174
f 1390/1392/343 1360/1393/259 1361/1008/34
f 1361/1008/34 1364/1394/34 1366/1395/34
f 1368/1396/34 1370/1397/34 1372/1398/34
f 1361/1008/34 1366/1395/34 1368/1396/34
f 1388/1399/34 1390/1392/343 1361/1008/34
f 1384/1010/34 1386/1400/34 1388/1399/34
f 1379/1401/34 1382/1402/34 1384/1010/34
f 1375/1009/34 1377/1403/34 1379/1401/34
f 1372/1398/34 1373/1404/34 1375/1009/34
f 1361/1008/34 1368/1396/34 1372/1398/34
f 1384/1010/34 1388/1399/34 1361/1008/34
f 1375/1009/34 1379/1401/34 1384/1010/34
f 1361/1008/34 1372/1398/34 1375/1009/34
s 171
f 1369/1011/81 1371/961/81 1406/963/81
f 1367/1013/81 1369/1011/81 1404/1012/81
s 221
f 1363/952/344 1408/1020/256 1397/1015/256
s 169
f 1335/966/34 1333/1022/34 1398/1016/34
f 1337/968/34 1400/967/34 1401/1018/34
s 171
f 1365/1019/81 1405/1021/81 1408/1020/81
f 1367/1013/81 1403/1014/81 1405/1021/81
s 169
f 1333/1022/34 1331/1377/34 1397/1023/34
s 170
f 1375/971/68 1373/965/247 1342/1024/247
s 222
f 1328/1001/345 1413/1003/346 1414/1026/347
s 174
f 1360/1028/259 1390/1031/343 1416/1029/260
s 223
f 1358/1030/262 1414/1405/262 1416/1029/262
s 224
f 1341/957/348 1402/956/263 1407/1032/263
s 176
f 1224/1034/34 1132/1406/34 1216/1035/34
s 177
f 1224/1034/65 1223/1036/65 1225/1037/65
s 127
f 1099/1050/269 1098/1407/225 1095/1408/341
f 1100/1049/269 1096/709/269 1097/711/269
f 1099/1050/269 1095/1408/341 1100/1049/269
s 178
f 1510/1052/81 1512/1055/270 1507/1053/270
f 1512/1055/270 1513/1057/271 1506/1056/271
f 1513/1057/271 1514/1409/272 1505/1058/272
f 1505/1058/272 1514/1409/272 1516/1059/273
f 1516/1059/273 1518/1410/274 1503/1061/274
f 1503/1061/274 1518/1410/274 1519/1062/275
f 1502/1063/275 1519/1062/275 1520/1064/276
f 1520/1066/276 1522/1069/34 1500/1067/34
f 1522/1069/34 1524/1411/277 1499/1070/277
f 1499/1070/277 1524/1411/277 1525/1071/278
f 1525/1071/278 1526/1074/279 1497/1073/279
f 1526/1074/279 1528/1076/280 1496/1075/280
f 1528/1076/280 1530/1412/281 1495/1077/281
f 1495/1077/281 1530/1412/281 1531/1078/282
s 179
f 1513/1082/283 1512/1413/283 1510/1414/283
f 1510/1414/283 1532/1415/283 1531/1416/283
f 1531/1416/283 1530/1417/283 1528/1418/283
f 1528/1418/283 1526/1419/283 1525/1080/283
f 1525/1080/283 1524/1420/283 1522/1421/283
f 1522/1421/283 1520/1422/283 1519/1081/283
f 1519/1081/283 1518/1423/283 1516/1424/349
f 1516/1424/349 1514/1425/283 1513/1082/283
f 1513/1082/283 1510/1414/283 1531/1416/283
f 1531/1416/283 1528/1418/283 1525/1080/283
f 1525/1080/283 1522/1421/283 1519/1081/283
f 1519/1081/283 1516/1424/349 1513/1082/283
f 1513/1082/283 1531/1416/283 1525/1080/283
s 178
f 1531/1078/282 1532/1426/284 1493/1083/284
f 1493/1083/284 1532/1426/284 1510/1052/81
s 180
f 1462/1086/285 1461/1427/285 1476/1428/285
f 1476/1428/285 1475/1429/285 1474/1430/285
f 1474/1430/285 1473/1431/350 1472/1432/285
f 1472/1432/285 1471/1433/285 1470/1084/285
f 1470/1084/285 1469/1434/285 1468/1435/285
f 1468/1435/285 1467/1436/285 1466/1085/285
f 1466/1085/285 1465/1437/351 1464/1438/285
f 1464/1438/285 1463/1439/351 1462/1086/285
f 1462/1086/285 1476/1428/285 1474/1430/285
f 1474/1430/285 1472/1432/285 1470/1084/285
f 1470/1084/285 1468/1435/285 1466/1085/285
f 1466/1085/285 1464/1438/285 1462/1086/285
f 1462/1086/285 1474/1430/285 1470/1084/285
s 181
f 1558/1087/286 1560/1108/287 1621/1088/287
f 1622/1090/288 1561/1109/288 1562/1091/289
f 1623/1092/289 1562/1091/289 1563/1093/290
f 1563/1095/290 1565/1098/292 1627/1096/292
f 1565/1098/292 1566/1170/293 1628/1099/293
f 1625/1100/294 1574/1130/294 1576/1101/295
f 1584/1103/296 1558/1087/286 1620/1089/286
s 182
f 1579/1107/60 1581/1114/60 1583/1117/60
f 1583/1117/60 1557/1120/60 1559/1440/60
f 1571/1106/60 1573/1111/60 1575/1112/60
f 1575/1112/60 1577/1441/60 1579/1107/60
f 1579/1107/60 1583/1117/60 1559/1440/60
s 225
f 1564/1105/60 1567/1442/60 1571/1106/60
s 182
f 1571/1106/60 1575/1112/60 1579/1107/60
f 1579/1107/60 1559/1440/60 1564/1105/60
s 181
f 1622/1090/288 1621/1088/287 1560/1108/287
s 182
f 1571/1106/60 1591/1443/60 1592/1110/60
f 1575/1112/60 1573/1111/60 1592/1110/60
f 1577/1441/60 1575/1112/60 1593/1113/60
f 1581/1114/60 1579/1107/60 1595/1115/60
f 1583/1117/60 1581/1114/60 1596/1116/60
f 1583/1117/60 1597/1118/60 1587/1119/60
s 181
f 1630/1121/297 1582/1123/297 1584/1103/296
f 1631/1122/302 1580/1129/303 1582/1123/297
f 1626/1124/299 1634/1131/300 1570/1125/300
f 1632/1102/295 1576/1101/295 1578/1127/301
f 1631/1122/302 1633/1128/301 1578/1127/301
f 1625/1100/294 1626/1124/299 1572/1126/299
f 1634/1131/300 1635/1444/304 1568/1132/304
f 1592/1133/294 1591/1445/352 1613/1134/305
f 1595/1136/306 1594/1140/308 1619/1137/301
f 1593/1139/295 1618/1150/295 1619/1137/301
f 1595/1136/306 1617/1138/302 1616/1141/297
f 1596/1142/297 1616/1141/297 1615/1143/296
s 184
f 1588/1145/313 1585/1153/287 1609/1146/353
s 181
f 1597/1144/296 1615/1143/296 1586/1148/354
f 1592/1133/294 1612/1135/294 1618/1150/295
s 183
f 1589/1147/288 1609/1146/288 1610/1151/312
s 184
f 1587/1149/311 1586/1148/286 1585/1153/287
s 181
f 1613/1134/305 1626/1124/299 1625/1100/294
f 1619/1137/301 1633/1128/301 1631/1122/302
f 1618/1150/295 1632/1102/295 1633/1128/301
f 1634/1131/300 1626/1124/299 1613/1134/305
f 1643/1157/314 1634/1131/300 1613/1134/305
f 1612/1135/294 1625/1100/294 1632/1102/295
f 1627/1096/292 1628/1099/293 1614/1154/293
f 1642/1156/304 1635/1444/304 1634/1131/300
s 226
f 1647/1161/355 1646/1446/356 1624/1097/357
s 181
f 1574/1130/294 1661/1130/294 1662/1101/295
f 1582/1123/297 1672/1123/358 1671/1168/318
f 1673/1169/318 1674/1103/320 1584/1103/296
f 1584/1103/296 1582/1123/297 1671/1168/318
f 1563/1093/290 1562/1091/289 1654/1091/289
f 1568/1132/304 1658/1132/304 1659/1125/300
f 1578/1127/301 1576/1101/295 1662/1101/295
f 1560/1108/287 1558/1087/286 1651/1087/286
f 1563/1095/290 1655/1095/290 1656/1098/292
f 1572/1126/299 1570/1125/300 1659/1125/300
f 1580/1129/303 1578/1127/301 1663/1127/301
f 1560/1108/287 1652/1108/287 1653/1109/288
f 1566/1170/293 1565/1098/292 1656/1098/292
f 1572/1126/299 1660/1126/299 1661/1130/294
f 1672/1123/358 1582/1123/297 1580/1129/303
f 1664/1129/303 1667/1447/359 1675/1171/319
f 1675/1171/319 1672/1123/358 1580/1129/303
f 1668/1172/321 1651/1087/286 1558/1087/286
f 1558/1087/286 1584/1103/296 1674/1103/320
f 1676/1172/321 1668/1172/321 1558/1087/286
f 1561/1109/288 1653/1109/288 1654/1091/289
s 188
f 1665/1173/322 1671/1181/325 1672/1174/65
s 190
f 1667/1180/68 1669/1448/68 1666/1179/68
f 1666/1179/68 1665/1173/68 1675/1175/68
s 188
f 1671/1181/325 1665/1173/322 1666/1182/74
s 189
f 1676/1185/323 1674/1449/360 1673/1183/83
f 1673/1183/83 1666/1182/361 1669/1184/83
f 1669/1184/83 1670/1450/324 1676/1185/323
s 227
g RoverModificado_SpacialRoverExploreralumGray
usemtl SpacialRoverExploreralumGray
f 56/1451/137 57/1452/254 55/1453/137
f 57/1452/254 60/1454/58 59/1455/58
f 60/1454/58 61/1456/251 59/1455/58
f 62/1457/251 63/1458/65 61/1456/251
f 64/1459/65 65/1460/250 63/1461/65
f 66/1462/250 67/1463/53 65/1460/250
f 68/1464/53 69/1465/249 67/1463/53
f 70/1466/249 71/1467/68 69/1465/249
f 72/1468/68 73/1469/247 71/1467/68
f 74/1470/247 75/1471/60 73/1469/247
f 76/1472/60 77/1473/362 75/1471/60
f 78/1474/362 79/1475/70 77/1473/362
f 80/1476/70 81/1477/363 79/1475/70
f 82/1478/363 83/1479/61 81/1477/363
f 84/1480/61 85/1481/240 83/1479/61
f 86/1482/240 55/1453/137 85/1481/240
s 228
f 432/1483/137 449/1484/137 447/1485/137
f 440/1486/137 464/1487/137 463/1488/137
f 434/1489/137 449/1484/137 433/1490/137
f 435/1491/137 451/1492/137 434/1489/137
f 436/1493/137 453/1494/137 435/1491/137
f 436/1493/137 457/1495/137 455/1496/137
s 229
f 462/1497/159 464/1498/81 441/1499/81
f 461/1500/158 462/1497/159 460/1501/158
f 459/1502/70 460/1503/158 458/1504/70
f 456/1505/157 459/1502/70 458/1504/70
f 454/1506/156 457/1507/157 456/1505/157
f 453/1508/34 454/1506/156 452/1509/34
f 451/1510/155 452/1509/34 450/1511/155
f 449/1512/154 450/1511/155 448/1513/154
f 447/1514/65 448/1513/154 446/1515/65
f 445/1516/153 446/1515/65 444/1517/153
f 443/1518/152 444/1517/153 442/1519/152
f 441/1499/81 443/1518/152 442/1519/152
s 228
f 440/1486/137 461/1520/137 439/1521/137
f 432/1483/137 445/1522/137 431/1523/137
f 439/1521/137 459/1524/137 438/1525/137
f 430/1526/137 445/1522/137 443/1527/137
f 437/1528/137 459/1524/137 457/1495/137
f 429/1529/137 443/1527/137 464/1487/137
s 230
f 541/1530/81 585/1531/81 543/1532/81
s 231
f 536/1533/34 558/1534/34 534/1535/34
s 230
f 529/1536/81 551/1537/81 578/1538/81
s 231
f 542/1539/34 573/1540/34 570/1541/34
s 230
f 537/1542/81 581/1543/81 582/1544/81
s 231
f 530/1545/34 577/1546/34 527/1547/34
s 230
f 543/1532/81 586/1548/81 545/1549/81
s 231
f 538/1550/34 561/1551/34 536/1533/34
s 230
f 531/1552/81 578/1538/81 579/1553/81
s 231
f 544/1554/34 576/1555/34 573/1540/34
s 230
f 537/1542/81 583/1556/81 539/1557/81
s 231
f 532/1558/34 552/1559/34 530/1545/34
s 230
f 528/1560/81 586/1548/81 551/1537/81
s 231
f 538/1550/34 567/1561/34 564/1562/34
s 230
f 533/1563/81 579/1553/81 580/1564/81
s 231
f 527/1547/34 576/1555/34 546/1565/34
s 230
f 539/1557/81 584/1566/81 541/1530/81
s 231
f 534/1535/34 555/1567/34 532/1558/34
f 540/1568/34 570/1541/34 567/1561/34
s 230
f 535/1569/81 580/1564/81 581/1543/81
s 232
f 551/1570/364 587/1571/365 578/1572/365
s 233
f 553/1573/81 598/1574/81 599/1575/81
s 234
f 590/1576/34 606/1577/34 607/1578/34
s 235
f 591/1579/366 582/1580/367 581/1581/366
s 236
f 592/1582/368 583/1583/368 582/1580/368
s 237
f 593/1584/369 584/1585/369 583/1583/369
s 238
f 594/1586/68 585/1587/68 584/1585/68
s 239
f 585/1587/370 596/1588/370 586/1589/370
s 240
f 586/1589/371 588/1590/371 551/1570/371
s 233
f 556/1591/81 568/1592/81 574/1593/81
s 241
f 574/1594/371 577/1595/371 547/1596/371
s 242
f 573/1597/370 574/1594/370 571/1598/370
s 243
f 570/1599/68 571/1598/68 568/1600/68
s 244
f 567/1601/369 568/1600/369 565/1602/369
s 245
f 564/1603/368 565/1602/368 562/1604/368
s 246
f 561/1605/366 562/1604/367 559/1606/366
s 247
f 552/1607/365 598/1608/70 548/1609/365
f 577/1595/364 548/1609/365 547/1596/364
s 234
f 549/1610/34 588/1611/34 550/1612/34
f 549/1610/34 589/1613/34 587/1614/34
f 554/1615/34 590/1576/34 589/1613/34
f 560/1616/34 590/1576/34 557/1617/34
f 563/1618/34 591/1619/34 560/1616/34
f 566/1620/34 592/1621/34 563/1618/34
f 569/1622/34 593/1623/34 566/1620/34
f 569/1622/34 595/1624/34 594/1625/34
f 572/1626/34 596/1627/34 595/1624/34
f 550/1612/34 596/1627/34 575/1628/34
s 231
f 555/1567/34 597/1629/34 552/1559/34
s 235
f 581/1581/366 606/1630/65 591/1579/366
s 246
f 559/1606/366 608/1631/65 561/1605/366
s 234
f 589/1613/34 601/1632/34 587/1614/34
s 230
f 579/1553/81 609/1633/81 610/1634/81
s 231
f 558/1534/34 608/1635/34 603/1636/34
s 230
f 580/1564/81 612/1637/81 581/1543/81
s 232
f 587/1571/365 609/1638/70 578/1572/365
s 233
f 556/1591/81 605/1639/81 559/1640/81
s 248
f 758/1641/186 774/1642/187 759/1643/187
f 770/1644/178 788/1645/179 771/1646/179
f 766/1647/180 784/1648/181 767/1649/181
f 762/1650/176 780/1651/177 763/1652/177
s 249
f 727/1653/65 728/1654/65 775/1655/65
s 248
f 764/1656/172 782/1657/173 765/1658/173
f 760/1659/174 778/1660/175 761/1661/175
f 768/1662/184 786/1663/185 769/1664/185
f 772/1665/182 776/1666/183 757/1667/183
f 788/1645/179 772/1665/182 771/1646/179
f 758/1641/186 776/1666/183 775/1668/186
f 784/1648/181 768/1662/184 767/1649/181
f 770/1644/178 786/1663/185 785/1669/178
f 780/1651/177 764/1656/172 763/1652/177
f 766/1647/180 782/1657/173 781/1670/180
f 774/1642/187 760/1671/174 759/1643/187
f 762/1650/176 778/1660/175 777/1672/176
s 249
f 788/1673/65 739/1674/65 787/1675/65
f 739/1674/65 740/1676/65 787/1675/65
f 787/1675/65 727/1653/65 776/1677/65
f 784/1678/65 735/1679/65 736/1680/65
f 733/1681/65 734/1682/65 781/1683/65
f 784/1678/65 734/1682/65 735/1679/65
f 725/1684/65 726/1685/65 774/1686/65
f 734/1682/65 784/1678/65 781/1683/65
f 728/1654/65 774/1686/65 775/1655/65
f 783/1687/65 736/1680/65 737/1688/65
f 739/1674/65 788/1673/65 738/1689/65
f 778/1690/65 773/1691/65 729/1692/65
f 786/1693/65 738/1689/65 785/1694/65
f 729/1692/65 777/1695/65 778/1690/65
f 730/1696/65 777/1695/65 729/1692/65
f 786/1693/65 737/1688/65 738/1689/65
f 731/1697/65 780/1698/65 730/1696/65
f 786/1693/65 783/1687/65 737/1688/65
f 726/1685/65 773/1691/65 774/1686/65
f 773/1691/65 726/1685/65 729/1692/65
f 783/1687/65 784/1678/65 736/1680/65
f 732/1699/65 779/1700/65 731/1697/65
f 779/1700/65 780/1698/65 731/1697/65
f 733/1681/65 779/1700/65 732/1699/65
f 740/1676/65 727/1653/65 787/1675/65
f 788/1673/65 785/1694/65 738/1689/65
f 733/1681/65 781/1683/65 782/1701/65
f 780/1698/65 777/1695/65 730/1696/65
f 727/1653/65 775/1655/65 776/1677/65
f 779/1700/65 733/1681/65 782/1701/65
f 774/1686/65 728/1654/65 725/1684/65
s 250
f 841/1702/70 859/1703/70 846/1704/70
s 251
f 855/1705/137 852/1706/137 853/1707/137
s 252
f 847/1708/81 862/1709/81 849/1710/81
s 253
f 850/1711/65 853/1707/65 843/1712/65
s 254
f 844/1713/34 856/1714/34 840/1715/34
s 255
f 853/1707/76 845/1716/76 843/1712/76
s 256
f 854/1717/80 844/1713/80 845/1716/80
s 257
f 841/1702/69 857/1718/69 855/1719/69
s 258
f 842/1720/82 856/1714/82 857/1718/82
s 259
f 847/1708/79 860/1721/79 858/1722/79
s 260
f 848/1723/75 859/1703/75 860/1721/75
s 261
f 850/1724/74 863/1725/74 861/1726/74
s 262
f 851/1727/83 862/1709/83 863/1725/83
s 263
f 938/1728/70 920/1729/70 925/1730/70
s 264
f 934/1731/137 932/1732/137 931/1733/137
s 265
f 941/1734/34 926/1735/34 928/1736/34
s 266
f 932/1732/65 929/1737/65 922/1738/65
s 267
f 935/1739/81 923/1740/81 919/1741/81
s 268
f 924/1742/74 932/1732/74 922/1738/74
s 269
f 923/1740/83 933/1743/83 924/1742/83
s 270
f 936/1744/75 920/1729/75 934/1745/75
s 271
f 935/1739/79 921/1746/79 936/1744/79
s 272
f 939/1747/82 926/1735/82 937/1748/82
s 273
f 938/1728/69 927/1749/69 939/1747/69
s 274
f 942/1750/76 929/1751/76 940/1752/76
s 275
f 941/1734/80 930/1753/80 942/1750/80
s 276
f 841/1702/70 855/1719/70 859/1703/70
s 251
f 859/1754/137 855/1705/137 853/1707/137
f 855/1705/137 857/1755/137 856/1756/137
f 852/1706/137 855/1705/137 856/1756/137
f 852/1706/137 854/1757/137 853/1707/137
f 853/1707/137 861/1758/137 859/1754/137
f 861/1758/137 863/1759/137 862/1760/137
f 859/1754/137 861/1758/137 858/1761/137
f 862/1760/137 858/1761/137 861/1758/137
f 858/1761/137 860/1762/137 859/1754/137
s 277
f 847/1708/81 858/1722/81 862/1709/81
s 278
f 850/1711/65 861/1758/65 853/1707/65
s 279
f 844/1713/34 852/1763/34 856/1714/34
s 255
f 853/1707/76 854/1717/76 845/1716/76
s 256
f 854/1717/80 852/1763/80 844/1713/80
s 257
f 841/1702/69 842/1720/69 857/1718/69
s 258
f 842/1720/82 840/1715/82 856/1714/82
s 259
f 847/1708/79 848/1723/79 860/1721/79
s 260
f 848/1723/75 846/1704/75 859/1703/75
s 261
f 850/1724/74 851/1727/74 863/1725/74
s 262
f 851/1727/83 849/1710/83 862/1709/83
s 263
f 938/1728/70 934/1745/70 920/1729/70
s 264
f 936/1764/137 934/1731/137 935/1765/137
f 934/1731/137 938/1766/137 932/1732/137
f 938/1766/137 939/1767/137 937/1768/137
f 937/1768/137 941/1769/137 940/1770/137
f 941/1769/137 942/1771/137 940/1770/137
f 940/1770/137 932/1732/137 938/1766/137
f 937/1768/137 940/1770/137 938/1766/137
f 932/1732/137 933/1772/137 931/1733/137
f 931/1733/137 935/1765/137 934/1731/137
s 265
f 941/1734/34 937/1748/34 926/1735/34
s 266
f 932/1732/65 940/1770/65 929/1737/65
s 267
f 935/1739/81 931/1773/81 923/1740/81
s 280
f 924/1742/74 933/1743/74 932/1732/74
s 281
f 923/1740/83 931/1773/83 933/1743/83
s 282
f 936/1744/75 921/1746/75 920/1729/75
s 283
f 935/1739/79 919/1741/79 921/1746/79
s 284
f 939/1747/82 927/1749/82 926/1735/82
s 285
f 938/1728/69 925/1730/69 927/1749/69
s 286
f 942/1750/76 930/1753/76 929/1751/76
s 287
f 941/1734/80 928/1736/80 930/1753/80
s 288
f 1015/1774/372 965/1775/373 990/1776/374
f 970/1777/375 998/1778/376 971/1779/377
f 972/1780/378 1000/1781/379 973/1782/380
f 974/1783/381 1002/1784/382 975/1785/383
f 976/1786/384 1004/1787/385 977/1788/386
f 1003/1789/387 954/1790/81 978/1791/388
f 958/1792/81 979/1793/389 957/1794/81
f 1005/1795/390 981/1796/391 980/1797/392
f 1007/1798/393 983/1799/394 982/1800/395
f 1009/1801/396 985/1802/397 984/1803/398
f 1011/1804/399 987/1805/400 986/1806/401
f 1013/1807/402 989/1808/403 988/1809/404
s 289
f 1012/1810/405 953/1811/406 997/1812/407
s 288
f 968/1813/408 996/1814/409 969/1815/410
f 966/1816/411 992/1817/412 967/1818/413
s 290
f 1020/1819/81 1032/1820/81 1028/1821/81
s 288
f 994/1822/414 966/1816/411 965/1775/373
f 991/1823/415 967/1818/413 992/1817/412
f 995/1824/416 969/1815/410 996/1814/409
f 997/1825/417 971/1779/377 998/1778/376
f 999/1826/418 973/1782/380 1000/1781/379
f 1001/1827/419 975/1785/383 1002/1784/382
f 978/1791/388 1004/1787/385 1003/1789/387
f 980/1797/392 1006/1828/420 1005/1795/390
f 982/1800/395 1008/1829/421 1007/1798/393
f 984/1803/398 1010/1830/422 1009/1801/396
f 986/1806/401 1012/1831/423 1011/1804/399
f 988/1809/404 1014/1832/424 1013/1807/402
f 990/1776/374 1016/1833/425 1015/1774/372
s 291
f 976/1834/426 980/1835/427 988/1836/428
s 292
f 1140/1837/429 1185/1838/429 1143/1839/429
s 293
f 1185/1838/234 1184/1840/234 1186/1841/234
s 294
f 1140/1842/81 1183/1843/81 1182/1844/81
s 292
f 1143/1839/429 1186/1841/429 1157/1845/429
s 295
f 1157/1846/34 1187/1847/34 1155/1848/34
s 296
f 1142/1849/430 1183/1843/430 1138/1850/430
f 1155/1851/430 1184/1840/430 1142/1849/430
s 172
f 1336/1852/81 1391/1853/81 1334/1854/81
f 1391/1853/81 1417/1855/81 1334/1854/81
s 174
f 1396/1856/34 1411/1857/34 1370/1858/34
f 1368/1859/34 1396/1856/34 1370/1858/34
f 1366/1860/34 1395/1861/34 1368/1859/34
s 172
f 1338/1862/81 1392/1863/81 1336/1852/81
s 297
f 1370/1858/65 1412/1864/65 1338/1862/65
s 172
f 1338/1862/81 1410/1865/81 1393/1866/81
s 298
f 1411/1867/68 1410/1865/68 1412/1864/68
s 299
f 1424/1868/81 1427/1869/81 1423/1870/81
s 300
f 1417/1855/137 1420/1871/137 1418/1872/137
s 301
f 1334/1854/65 1418/1873/65 1366/1860/65
s 174
f 1366/1860/34 1420/1874/34 1394/1875/34
s 302
f 1422/1876/137 1423/1870/137 1421/1877/137
s 303
f 1428/1878/68 1425/1879/68 1427/1869/68
s 304
f 1426/1880/34 1421/1877/34 1425/1881/34
s 305
f 1424/1882/65 1426/1880/65 1428/1883/65
s 227
f 56/1451/137 58/1884/254 57/1452/254
f 57/1452/254 58/1884/254 60/1454/58
f 60/1454/58 62/1457/251 61/1456/251
f 62/1457/251 64/1885/65 63/1458/65
f 64/1459/65 66/1462/250 65/1460/250
f 66/1462/250 68/1464/53 67/1463/53
f 68/1464/53 70/1466/249 69/1465/249
f 70/1466/249 72/1468/68 71/1467/68
f 72/1468/68 74/1470/247 73/1469/247
f 74/1470/247 76/1472/60 75/1471/60
f 76/1472/60 78/1474/362 77/1473/362
f 78/1474/362 80/1476/70 79/1475/70
f 80/1476/70 82/1478/363 81/1477/363
f 82/1478/363 84/1480/61 83/1479/61
f 84/1480/61 86/1482/240 85/1481/240
f 86/1482/240 56/1451/137 55/1453/137
s 228
f 432/1483/137 433/1490/137 449/1484/137
f 440/1486/137 429/1529/137 464/1487/137
f 434/1489/137 451/1492/137 449/1484/137
f 435/1491/137 453/1494/137 451/1492/137
f 436/1493/137 455/1496/137 453/1494/137
f 436/1493/137 437/1528/137 457/1495/137
s 229
f 462/1497/159 463/1886/159 464/1498/81
f 461/1500/158 463/1886/159 462/1497/159
f 459/1502/70 461/1887/158 460/1503/158
f 456/1505/157 457/1507/157 459/1502/70
f 454/1506/156 455/1888/156 457/1507/157
f 453/1508/34 455/1888/156 454/1506/156
f 451/1510/155 453/1508/34 452/1509/34
f 449/1512/154 451/1510/155 450/1511/155
f 447/1514/65 449/1512/154 448/1513/154
f 445/1516/153 447/1514/65 446/1515/65
f 443/1518/152 445/1516/153 444/1517/153
f 441/1499/81 464/1498/81 443/1518/152
s 228
f 440/1486/137 463/1488/137 461/1520/137
f 432/1483/137 447/1485/137 445/1522/137
f 439/1521/137 461/1520/137 459/1524/137
f 430/1526/137 431/1523/137 445/1522/137
f 437/1528/137 438/1525/137 459/1524/137
f 429/1529/137 430/1526/137 443/1527/137
s 230
f 541/1530/81 584/1566/81 585/1531/81
s 231
f 536/1533/34 561/1551/34 558/1534/34
s 230
f 529/1536/81 528/1560/81 551/1537/81
s 231
f 542/1539/34 544/1554/34 573/1540/34
s 230
f 537/1542/81 535/1569/81 581/1543/81
s 231
f 530/1545/34 552/1559/34 577/1546/34
s 230
f 543/1532/81 585/1531/81 586/1548/81
s 231
f 538/1550/34 564/1562/34 561/1551/34
s 230
f 531/1552/81 529/1536/81 578/1538/81
s 231
f 544/1554/34 546/1565/34 576/1555/34
s 230
f 537/1542/81 582/1544/81 583/1556/81
s 231
f 532/1558/34 555/1567/34 552/1559/34
s 230
f 528/1560/81 545/1549/81 586/1548/81
s 231
f 538/1550/34 540/1568/34 567/1561/34
s 230
f 533/1563/81 531/1552/81 579/1553/81
s 231
f 527/1547/34 577/1546/34 576/1555/34
s 230
f 539/1557/81 583/1556/81 584/1566/81
s 231
f 534/1535/34 558/1534/34 555/1567/34
f 540/1568/34 542/1539/34 570/1541/34
s 230
f 535/1569/81 533/1563/81 580/1564/81
s 232
f 551/1570/364 588/1590/364 587/1571/365
s 233
f 553/1573/81 548/1889/81 598/1574/81
s 234
f 590/1576/34 591/1619/34 606/1577/34
s 235
f 591/1579/366 592/1582/367 582/1580/367
s 236
f 592/1582/368 593/1584/368 583/1583/368
s 237
f 593/1584/369 594/1586/369 584/1585/369
s 238
f 594/1586/68 595/1890/68 585/1587/68
s 239
f 585/1587/370 595/1890/370 596/1588/370
s 240
f 586/1589/371 596/1588/371 588/1590/371
s 233
f 574/1593/81 547/1891/81 548/1889/81
f 548/1889/81 553/1573/81 556/1591/81
f 556/1591/81 559/1640/81 562/1892/81
f 562/1892/81 565/1893/81 568/1592/81
f 568/1592/81 571/1894/81 574/1593/81
f 574/1593/81 548/1889/81 556/1591/81
f 556/1591/81 562/1892/81 568/1592/81
s 241
f 574/1594/371 576/1895/371 577/1595/371
s 242
f 573/1597/370 576/1895/370 574/1594/370
s 243
f 570/1599/68 573/1597/68 571/1598/68
s 244
f 567/1601/369 570/1599/369 568/1600/369
s 245
f 564/1603/368 567/1601/368 565/1602/368
s 246
f 561/1605/366 564/1603/367 562/1604/367
s 306
f 552/1607/431 597/1896/70 598/1608/70
s 247
f 577/1595/364 552/1607/365 548/1609/365
s 234
f 549/1610/34 587/1614/34 588/1611/34
f 549/1610/34 554/1615/34 589/1613/34
f 554/1615/34 557/1617/34 590/1576/34
f 560/1616/34 591/1619/34 590/1576/34
f 563/1618/34 592/1621/34 591/1619/34
f 566/1620/34 593/1623/34 592/1621/34
f 569/1622/34 594/1625/34 593/1623/34
f 569/1622/34 572/1626/34 595/1624/34
f 572/1626/34 575/1628/34 596/1627/34
f 550/1612/34 588/1611/34 596/1627/34
s 307
f 555/1567/34 602/1897/34 597/1629/34
s 308
f 581/1581/432 612/1898/65 606/1630/65
s 309
f 559/1606/432 605/1899/65 608/1631/65
s 310
f 589/1613/34 600/1900/34 601/1632/34
s 230
f 579/1553/81 578/1538/81 609/1633/81
s 231
f 558/1534/34 561/1551/34 608/1635/34
s 311
f 580/1564/81 611/1901/81 612/1637/81
s 312
f 587/1571/431 601/1902/70 609/1638/70
s 313
f 556/1591/81 604/1903/81 605/1639/81
s 248
f 758/1641/186 775/1668/186 774/1642/187
f 770/1644/178 785/1669/178 788/1645/179
f 766/1647/180 781/1670/180 784/1648/181
f 762/1650/176 777/1672/176 780/1651/177
f 764/1656/172 779/1904/172 782/1657/173
f 760/1659/174 773/1905/174 778/1660/175
f 768/1662/184 783/1906/184 786/1663/185
f 772/1665/182 787/1907/182 776/1666/183
f 788/1645/179 787/1907/182 772/1665/182
f 758/1641/186 757/1667/183 776/1666/183
f 784/1648/181 783/1906/184 768/1662/184
f 770/1644/178 769/1664/185 786/1663/185
f 780/1651/177 779/1904/172 764/1656/172
f 766/1647/180 765/1658/173 782/1657/173
f 774/1642/187 773/1908/174 760/1671/174
f 762/1650/176 761/1661/175 778/1660/175
s 288
f 1015/1774/372 994/1822/414 965/1775/373
f 970/1777/375 995/1824/416 998/1778/376
f 972/1780/378 997/1825/417 1000/1781/379
f 974/1783/381 999/1826/418 1002/1784/382
f 976/1786/384 1001/1827/419 1004/1787/385
f 1003/1789/387 953/1909/81 954/1790/81
f 958/1792/81 1006/1828/420 979/1793/389
f 1005/1795/390 1008/1829/421 981/1796/391
f 1007/1798/393 1010/1830/422 983/1799/394
f 1009/1801/396 1012/1831/423 985/1802/397
f 1011/1804/399 1014/1832/424 987/1805/400
f 1013/1807/402 1016/1833/425 989/1808/403
s 289
f 996/1910/433 991/1911/434 992/1912/433
f 992/1912/433 993/1913/433 994/1914/433
f 994/1914/433 1015/1915/435 1016/1916/433
f 1016/1916/433 1013/1917/436 1014/1918/433
f 1014/1918/433 1011/1919/437 1012/1810/405
f 1012/1810/405 1009/1920/433 1010/1921/438
f 1010/1921/438 1007/1922/439 1008/1923/440
f 1008/1923/440 1005/1924/441 1006/1925/441
f 958/1926/442 956/1927/81 953/1811/406
f 1008/1923/440 1006/1925/441 958/1926/442
f 1012/1810/405 1010/1921/438 1008/1923/440
f 1016/1916/433 1014/1918/433 1012/1810/405
f 992/1912/433 994/1914/433 1016/1916/433
f 995/1928/433 996/1910/433 992/1912/433
f 997/1812/407 998/1929/443 995/1928/433
f 999/1930/444 1000/1931/433 997/1812/407
f 1001/1932/445 1002/1933/446 999/1930/444
f 1003/1934/447 1004/1935/448 1001/1932/445
f 1008/1923/440 958/1926/442 953/1811/406
f 953/1811/406 1003/1934/447 1001/1932/445
f 1001/1932/445 999/1930/444 997/1812/407
f 997/1812/407 995/1928/433 992/1912/433
f 992/1912/433 1016/1916/433 1012/1810/405
f 1012/1810/405 1008/1923/440 953/1811/406
f 953/1811/406 1001/1932/445 997/1812/407
f 997/1812/407 992/1912/433 1012/1810/405
s 288
f 968/1813/408 991/1823/415 996/1814/409
f 966/1816/411 993/1936/449 992/1817/412
s 290
f 1028/1821/81 1023/1937/81 1024/1938/81
f 1024/1938/81 1019/1939/81 1020/1819/81
f 1020/1819/81 1035/1940/81 1036/1941/81
f 1036/1941/81 1031/1942/81 1032/1820/81
f 1032/1820/81 1027/1943/81 1028/1821/81
f 1028/1821/81 1024/1938/81 1020/1819/81
f 1020/1819/81 1036/1941/81 1032/1820/81
s 288
f 994/1822/414 993/1936/449 966/1816/411
f 991/1823/415 968/1813/408 967/1818/413
f 995/1824/416 970/1777/375 969/1815/410
f 997/1825/417 972/1780/378 971/1779/377
f 999/1826/418 974/1783/381 973/1782/380
f 1001/1827/419 976/1786/384 975/1785/383
f 978/1791/388 977/1788/386 1004/1787/385
f 980/1797/392 979/1793/389 1006/1828/420
f 982/1800/395 981/1796/391 1008/1829/421
f 984/1803/398 983/1799/394 1010/1830/422
f 986/1806/401 985/1802/397 1012/1831/423
f 988/1809/404 987/1805/400 1014/1832/424
f 990/1776/374 989/1808/403 1016/1833/425
s 291
f 990/1944/450 965/1945/451 966/1946/452
f 966/1946/452 967/1947/453 968/1948/454
f 968/1948/454 969/1949/453 970/1950/450
f 970/1950/450 971/1951/450 972/1952/455
f 972/1952/455 973/1953/450 974/1954/456
f 974/1954/456 975/1955/457 976/1834/426
f 976/1834/426 977/1956/458 978/1957/458
f 954/1958/459 955/1959/34 957/1960/460
f 976/1834/426 978/1957/458 954/1958/459
f 972/1952/455 974/1954/456 976/1834/426
f 968/1948/454 970/1950/450 972/1952/455
f 990/1944/450 966/1946/452 968/1948/454
f 988/1836/428 989/1961/450 990/1944/450
f 986/1962/450 987/1963/450 988/1836/428
f 984/1964/461 985/1965/450 986/1962/450
f 982/1966/462 983/1967/450 984/1964/461
f 980/1835/427 981/1968/463 982/1966/462
f 957/1960/460 979/1969/464 980/1835/427
f 976/1834/426 954/1958/459 957/1960/460
f 968/1948/454 972/1952/455 976/1834/426
f 988/1836/428 990/1944/450 968/1948/454
f 984/1964/461 986/1962/450 988/1836/428
f 980/1835/427 982/1966/462 984/1964/461
f 976/1834/426 957/1960/460 980/1835/427
f 988/1836/428 968/1948/454 976/1834/426
f 980/1835/427 984/1964/461 988/1836/428
s 314
f 1140/1837/429 1182/1844/429 1185/1838/429
s 293
f 1185/1838/234 1182/1844/234 1183/1843/234
f 1184/1840/234 1187/1847/234 1186/1841/234
f 1185/1838/234 1183/1843/234 1184/1840/234
s 294
f 1140/1842/81 1138/1970/81 1183/1843/81
s 292
f 1143/1839/429 1185/1838/429 1186/1841/429
s 315
f 1157/1846/34 1186/1841/34 1187/1847/34
s 296
f 1142/1849/430 1184/1840/430 1183/1843/430
s 316
f 1155/1851/430 1187/1847/430 1184/1840/430
s 172
f 1336/1852/81 1392/1863/81 1391/1853/81
f 1391/1853/81 1419/1971/81 1417/1855/81
s 174
f 1396/1856/34 1409/1972/34 1411/1857/34
f 1368/1859/34 1395/1861/34 1396/1856/34
f 1366/1860/34 1394/1875/34 1395/1861/34
s 172
f 1338/1862/81 1393/1866/81 1392/1863/81
s 297
f 1370/1858/65 1411/1857/65 1412/1864/65
s 172
f 1338/1862/81 1412/1864/81 1410/1865/81
s 317
f 1411/1867/68 1409/1973/68 1410/1865/68
s 299
f 1424/1868/81 1428/1878/81 1427/1869/81
s 318
f 1417/1855/137 1419/1971/137 1420/1871/137
s 301
f 1334/1854/65 1417/1855/65 1418/1873/65
s 174
f 1366/1860/34 1418/1873/34 1420/1874/34
s 302
f 1422/1876/137 1424/1868/137 1423/1870/137
s 303
f 1428/1878/68 1426/1974/68 1425/1879/68
s 304
f 1426/1880/34 1422/1876/34 1421/1877/34
s 305
f 1424/1882/65 1422/1876/65 1426/1880/65
s 319
f 1691/1975/81 1699/1976/81 1692/1977/81
s 320
f 1685/1978/81 1681/1979/81 1680/1980/81
s 321
f 1679/1981/465 1684/1982/465 1682/1983/465
s 322
f 1679/1981/65 1680/1980/65 1681/1984/65
s 323
f 1683/1985/466 1680/1980/466 1678/1986/466
s 324
f 1687/1987/68 1701/1988/68 1690/1989/68
s 325
f 1695/1990/70 1699/1991/70 1701/1992/70
s 326
f 1693/1993/137 1695/1994/137 1688/1995/137
s 327
f 1699/1976/6 1693/1993/6 1692/1977/6
s 328
f 1689/1996/15 1695/1994/15 1694/1997/15
s 329
f 1687/1987/8 1697/1998/8 1696/1999/8
s 330
f 1691/2000/1 1701/1988/1 1700/2001/1
s 331
f 1689/1996/34 1697/1998/34 1686/2002/34
s 332
f 1704/2003/70 1719/2004/70 1705/2005/70
s 333
f 1705/2005/81 1719/2004/81 1737/2006/81
s 334
f 1706/2007/34 1722/2008/34 1736/2009/34
s 335
f 1702/2010/70 1731/2011/70 1709/2012/70
s 336
f 1708/2013/65 1713/2014/65 1703/2015/65
s 337
f 1707/2016/65 1722/2008/65 1706/2007/65
s 338
f 1716/2017/137 1725/2018/137 1720/2019/137
s 339
f 1732/2020/137 1714/2021/137 1728/2022/137
s 340
f 1712/2023/240 1732/2024/240 1733/2025/240
s 341
f 1720/2026/240 1718/2027/240 1716/2028/240
s 342
f 1721/2029/363 1717/2030/363 1718/2027/363
s 343
f 1714/2021/254 1730/2031/254 1728/2022/254
s 344
f 1715/2032/251 1729/2033/251 1730/2031/251
s 345
f 1726/2034/251 1724/2035/251 1722/2008/251
s 346
f 1727/2036/254 1723/2037/254 1724/2035/254
s 347
f 1703/2015/34 1713/2014/34 1735/2038/34
s 348
f 1711/2039/363 1733/2025/363 1731/2011/363
s 349
f 1730/2040/81 1729/2033/81 1734/2041/81
s 347
f 1711/2042/34 1735/2038/34 1712/2043/34
s 349
f 1734/2041/81 1708/2013/81 1709/2012/81
f 1734/2041/81 1731/2011/81 1733/2044/81
f 1732/2045/81 1728/2046/81 1734/2041/81
f 1733/2044/81 1732/2045/81 1734/2041/81
f 1734/2041/81 1728/2046/81 1730/2040/81
s 347
f 1712/2043/34 1735/2038/34 1710/2047/34
f 1714/2048/34 1735/2038/34 1715/2049/34
f 1710/2047/34 1735/2038/34 1714/2048/34
f 1715/2049/34 1735/2038/34 1713/2014/34
s 334
f 1717/2050/34 1736/2009/34 1718/2051/34
f 1718/2051/34 1736/2009/34 1716/2052/34
f 1724/2053/34 1736/2009/34 1722/2008/34
f 1716/2052/34 1736/2009/34 1723/2054/34
f 1723/2054/34 1736/2009/34 1724/2053/34
s 333
f 1726/2034/81 1737/2006/81 1727/2055/81
f 1727/2055/81 1737/2006/81 1725/2056/81
f 1721/2057/81 1737/2006/81 1719/2004/81
f 1725/2056/81 1737/2006/81 1720/2058/81
f 1720/2058/81 1737/2006/81 1721/2057/81
s 350
f 1683/1985/34 1679/2059/34 1682/2060/34
s 351
f 1682/2061/70 1684/2062/70 1693/2063/70
f 1693/2063/70 1684/2062/70 1692/2064/70
f 1685/1978/70 1691/2065/70 1684/2062/70
f 1691/2065/70 1685/1978/70 1690/2066/70
f 1690/2066/70 1685/1978/70 1683/1985/70
f 1687/2067/70 1690/2066/70 1683/1985/70
f 1682/2061/70 1693/2063/70 1688/2068/70
f 1686/2069/70 1687/2067/70 1683/1985/70
f 1682/2061/70 1688/2068/70 1689/2070/70
f 1682/2061/70 1689/2070/70 1686/2069/70
f 1682/2061/70 1686/2069/70 1683/1985/70
f 1691/2065/70 1692/2064/70 1684/2062/70
s 352
f 1704/2003/70 1717/2030/70 1719/2004/70
s 333
f 1726/2034/81 1707/2016/81 1737/2006/81
f 1707/2016/81 1705/2005/81 1737/2006/81
s 334
f 1717/2050/34 1704/2071/34 1736/2009/34
f 1704/2071/34 1706/2007/34 1736/2009/34
s 353
f 1702/2010/70 1711/2039/70 1731/2011/70
s 354
f 1708/2013/65 1729/2033/65 1713/2014/65
s 355
f 1707/2016/65 1726/2034/65 1722/2008/65
s 338
f 1716/2017/137 1723/2037/137 1725/2018/137
s 339
f 1732/2020/137 1710/2072/137 1714/2021/137
s 340
f 1712/2023/240 1710/2073/240 1732/2024/240
s 341
f 1720/2026/240 1721/2029/240 1718/2027/240
s 342
f 1721/2029/363 1719/2004/363 1717/2030/363
s 343
f 1714/2021/254 1715/2032/254 1730/2031/254
s 344
f 1715/2032/251 1713/2014/251 1729/2033/251
s 345
f 1726/2034/251 1727/2036/251 1724/2035/251
s 346
f 1727/2036/254 1725/2018/254 1723/2037/254
s 347
f 1711/2042/34 1702/2074/34 1735/2038/34
f 1702/2074/34 1703/2015/34 1735/2038/34
s 348
f 1711/2039/363 1712/2023/363 1733/2025/363
s 349
f 1709/2012/81 1731/2011/81 1734/2041/81
f 1734/2041/81 1729/2033/81 1708/2013/81
s 319
f 1691/1975/81 1700/2075/81 1699/1976/81
s 320
f 1685/1978/81 1684/2076/81 1681/1979/81
s 321
f 1679/1981/465 1681/1984/465 1684/1982/465
s 322
f 1679/1981/65 1678/1986/65 1680/1980/65
s 323
f 1683/1985/466 1685/1978/466 1680/1980/466
s 324
f 1687/1987/68 1696/1999/68 1701/1988/68
s 325
f 1701/1992/70 1696/2077/70 1697/2078/70
f 1697/2078/70 1694/2079/70 1695/1990/70
f 1695/1990/70 1698/2080/70 1699/1991/70
f 1699/1991/70 1700/2081/70 1701/1992/70
f 1701/1992/70 1697/2078/70 1695/1990/70
s 326
f 1693/1993/137 1698/2082/137 1695/1994/137
s 327
f 1699/1976/6 1698/2082/6 1693/1993/6
s 328
f 1689/1996/15 1688/1995/15 1695/1994/15
s 329
f 1687/1987/8 1686/2002/8 1697/1998/8
s 330
f 1691/2000/1 1690/1989/1 1701/1988/1
s 331
f 1689/1996/34 1694/1997/34 1697/1998/34
s 350
f 1683/1985/34 1678/1986/34 1679/2059/34
s 356
f 1752/1975/81 1760/1976/81 1753/1977/81
s 357
f 1746/1978/81 1742/1979/81 1741/1980/81
s 358
f 1740/1981/465 1745/1982/465 1743/1983/465
s 359
f 1740/1981/65 1741/1980/65 1742/1984/65
s 360
f 1744/1985/466 1741/1980/466 1739/1986/466
s 361
f 1748/1987/68 1762/1988/68 1751/1989/68
s 362
f 1756/1990/70 1760/1991/70 1762/1992/70
s 363
f 1754/1993/137 1756/1994/137 1749/1995/137
s 364
f 1760/1976/6 1754/1993/6 1753/1977/6
s 365
f 1750/1996/15 1756/1994/15 1755/1997/15
s 366
f 1748/1987/8 1758/1998/8 1757/1999/8
s 367
f 1752/2000/1 1762/1988/1 1761/2001/1
s 368
f 1750/1996/34 1758/1998/34 1747/2002/34
s 369
f 1765/2003/70 1780/2004/70 1766/2005/70
s 370
f 1766/2005/81 1780/2004/81 1798/2006/81
s 371
f 1767/2007/34 1783/2008/34 1797/2009/34
s 372
f 1763/2010/70 1792/2011/70 1770/2012/70
s 373
f 1769/2013/65 1774/2014/65 1764/2015/65
s 374
f 1768/2016/65 1783/2008/65 1767/2007/65
s 375
f 1777/2017/137 1786/2018/137 1781/2019/137
s 376
f 1793/2020/137 1775/2021/137 1789/2022/137
s 377
f 1773/2023/240 1793/2024/240 1794/2025/240
s 378
f 1781/2026/240 1779/2027/240 1777/2028/240
s 379
f 1782/2029/363 1778/2030/363 1779/2027/363
s 380
f 1775/2021/254 1791/2031/254 1789/2022/254
s 381
f 1776/2032/251 1790/2033/251 1791/2031/251
s 382
f 1787/2034/251 1785/2035/251 1783/2008/251
s 383
f 1788/2036/254 1784/2037/254 1785/2035/254
s 384
f 1764/2015/34 1774/2014/34 1796/2038/34
s 385
f 1772/2039/363 1794/2025/363 1792/2011/363
s 386
f 1791/2040/81 1790/2033/81 1795/2041/81
s 384
f 1772/2042/34 1796/2038/34 1773/2043/34
s 386
f 1795/2041/81 1769/2013/81 1770/2012/81
f 1795/2041/81 1792/2011/81 1794/2044/81
f 1793/2045/81 1789/2046/81 1795/2041/81
f 1794/2044/81 1793/2045/81 1795/2041/81
f 1795/2041/81 1789/2046/81 1791/2040/81
s 384
f 1773/2043/34 1796/2038/34 1771/2047/34
f 1775/2048/34 1796/2038/34 1776/2049/34
f 1771/2047/34 1796/2038/34 1775/2048/34
f 1776/2049/34 1796/2038/34 1774/2014/34
s 371
f 1778/2050/34 1797/2009/34 1779/2051/34
f 1779/2051/34 1797/2009/34 1777/2052/34
f 1785/2053/34 1797/2009/34 1783/2008/34
f 1777/2052/34 1797/2009/34 1784/2054/34
f 1784/2054/34 1797/2009/34 1785/2053/34
s 370
f 1787/2034/81 1798/2006/81 1788/2055/81
f 1788/2055/81 1798/2006/81 1786/2056/81
f 1782/2057/81 1798/2006/81 1780/2004/81
f 1786/2056/81 1798/2006/81 1781/2058/81
f 1781/2058/81 1798/2006/81 1782/2057/81
s 387
f 1744/1985/34 1740/2059/34 1743/2060/34
s 388
f 1743/2061/70 1745/2062/70 1754/2063/70
f 1754/2063/70 1745/2062/70 1753/2064/70
f 1746/1978/70 1752/2065/70 1745/2062/70
f 1752/2065/70 1746/1978/70 1751/2066/70
f 1751/2066/70 1746/1978/70 1744/1985/70
f 1748/2067/70 1751/2066/70 1744/1985/70
f 1743/2061/70 1754/2063/70 1749/2068/70
f 1747/2069/70 1748/2067/70 1744/1985/70
f 1743/2061/70 1749/2068/70 1750/2070/70
f 1743/2061/70 1750/2070/70 1747/2069/70
f 1743/2061/70 1747/2069/70 1744/1985/70
f 1752/2065/70 1753/2064/70 1745/2062/70
s 389
f 1765/2003/70 1778/2030/70 1780/2004/70
s 370
f 1787/2034/81 1768/2016/81 1798/2006/81
f 1768/2016/81 1766/2005/81 1798/2006/81
s 371
f 1778/2050/34 1765/2071/34 1797/2009/34
f 1765/2071/34 1767/2007/34 1797/2009/34
s 390
f 1763/2010/70 1772/2039/70 1792/2011/70
s 391
f 1769/2013/65 1790/2033/65 1774/2014/65
s 392
f 1768/2016/65 1787/2034/65 1783/2008/65
s 375
f 1777/2017/137 1784/2037/137 1786/2018/137
s 376
f 1793/2020/137 1771/2072/137 1775/2021/137
s 377
f 1773/2023/240 1771/2073/240 1793/2024/240
s 378
f 1781/2026/240 1782/2029/240 1779/2027/240
s 379
f 1782/2029/363 1780/2004/363 1778/2030/363
s 380
f 1775/2021/254 1776/2032/254 1791/2031/254
s 381
f 1776/2032/251 1774/2014/251 1790/2033/251
s 382
f 1787/2034/251 1788/2036/251 1785/2035/251
s 383
f 1788/2036/254 1786/2018/254 1784/2037/254
s 384
f 1772/2042/34 1763/2074/34 1796/2038/34
f 1763/2074/34 1764/2015/34 1796/2038/34
s 385
f 1772/2039/363 1773/2023/363 1794/2025/363
s 386
f 1770/2012/81 1792/2011/81 1795/2041/81
f 1795/2041/81 1790/2033/81 1769/2013/81
s 356
f 1752/1975/81 1761/2075/81 1760/1976/81
s 357
f 1746/1978/81 1745/2076/81 1742/1979/81
s 358
f 1740/1981/465 1742/1984/465 1745/1982/465
s 359
f 1740/1981/65 1739/1986/65 1741/1980/65
s 360
f 1744/1985/466 1746/1978/466 1741/1980/466
s 361
f 1748/1987/68 1757/1999/68 1762/1988/68
s 362
f 1762/1992/70 1757/2077/70 1758/2078/70
f 1758/2078/70 1755/2079/70 1756/1990/70
f 1756/1990/70 1759/2080/70 1760/1991/70
f 1760/1991/70 1761/2081/70 1762/1992/70
f 1762/1992/70 1758/2078/70 1756/1990/70
s 363
f 1754/1993/137 1759/2082/137 1756/1994/137
s 364
f 1760/1976/6 1759/2082/6 1754/1993/6
s 365
f 1750/1996/15 1749/1995/15 1756/1994/15
s 366
f 1748/1987/8 1747/2002/8 1758/1998/8
s 367
f 1752/2000/1 1751/1989/1 1762/1988/1
s 368
f 1750/1996/34 1755/1997/34 1758/1998/34
s 387
f 1744/1985/34 1739/1986/34 1740/2059/34
s 393
g RoverModificado_SpacialRoverExploreralumBlack
usemtl SpacialRoverExploreralumBlack
f 148/2083/15 169/2084/467 157/2085/16
f 154/2086/1 172/2087/468 151/2088/2
f 156/2089/3 160/2090/469 153/2091/4
f 158/2092/5 175/2093/470 155/2094/6
s 394
f 160/2095/471 176/2096/472 89/2097/473
s 395
f 163/2098/474 173/2099/475 92/2100/476
s 396
f 172/2101/477 161/2102/478 96/2103/479
s 397
f 175/2104/480 170/2105/481 98/2106/482
s 398
f 169/2107/483 167/2108/484 97/2109/485
s 399
f 166/2110/486 164/2111/487 94/2112/488
s 400
f 2/2113/489 23/2114/490 13/2115/489
f 3/2116/491 19/2117/492 8/2118/492
s 401
f 24/2119/493 226/2120/493 29/2121/494
s 400
f 1/2122/495 17/2123/496 11/2124/495
f 9/2125/497 17/2123/496 7/2126/496
s 401
f 230/2127/498 26/2128/498 229/2129/499
s 400
f 3/2116/491 22/2130/500 18/2131/491
s 401
f 29/2121/494 235/2132/494 236/2133/501
f 229/2129/499 26/2128/498 224/2134/499
s 400
f 4/2135/502 19/2117/492 20/2136/502
f 4/2135/502 21/2137/503 10/2138/503
s 401
f 29/2121/494 236/2133/501 227/2139/501
s 400
f 9/2125/497 21/2137/503 16/2140/497
s 401
f 227/2139/501 228/2141/504 25/2142/504
f 15/2143/505 239/2144/505 240/2145/505
s 400
f 2/2113/489 22/2130/500 6/2146/500
s 401
f 223/2147/506 224/2134/499 12/2148/506
f 29/2121/494 227/2139/501 25/2142/504
s 400
f 1/2149/495 23/2114/490 5/2150/490
s 401
f 12/2148/506 28/2151/507 223/2147/506
s 402
f 27/2152/34 18/2153/35 22/2154/34
s 403
f 24/2155/40 19/2156/39 18/2153/40
s 404
f 20/2157/45 30/2158/51 21/2159/51
s 403
f 29/2160/39 20/2157/48 19/2156/39
s 405
f 17/2161/20 15/2162/19 28/2163/20
s 404
f 21/2159/51 15/2162/52 16/2164/52
s 406
f 12/2165/42 23/2166/46 11/2167/42
s 405
f 28/2163/20 11/2168/41 17/2161/20
s 406
f 26/2169/46 13/2170/47 23/2166/46
s 402
f 14/2171/36 22/2154/34 13/2170/36
s 407
f 186/2172/59 198/2173/60 183/2174/60
s 408
f 196/2175/34 180/2176/34 200/2177/34
s 407
f 188/2178/53 196/2179/54 185/2180/54
f 190/2181/55 194/2182/56 187/2183/56
f 182/2184/61 178/2185/62 191/2186/62
s 393
f 152/2187/7 163/2188/508 149/2189/8
s 409
f 94/2190/509 87/2191/509 97/2192/509
s 410
f 91/2193/65 88/2194/65 95/2195/65
s 411
f 96/2196/510 93/2197/510 92/2198/510
s 412
f 98/2199/81 90/2200/81 89/2201/81
s 413
f 92/2198/34 95/2202/34 94/2190/34
s 414
f 89/2201/511 91/2203/511 96/2196/511
s 415
f 98/2204/512 87/2191/512 88/2205/512
s 393
f 150/2206/17 166/2207/513 147/2208/18
s 407
f 184/2209/63 200/2210/64 181/2211/64
s 393
f 159/2212/514 160/2095/469 161/2102/515
f 162/2213/516 163/2098/508 164/2111/517
f 165/2214/518 166/2110/513 167/2108/519
f 168/2215/520 169/2107/467 170/2105/521
f 171/2216/522 172/2101/468 173/2099/523
f 174/2217/524 175/2104/470 176/2096/525
f 158/2092/5 169/2084/467 168/2218/520
f 156/2089/3 175/2219/470 174/2220/524
f 160/2090/469 154/2086/1 153/2091/4
f 163/2188/508 150/2206/17 149/2189/8
f 166/2207/513 148/2083/15 147/2208/18
f 172/2087/468 152/2187/7 151/2088/2
s 407
f 194/2182/56 188/2178/53 187/2183/56
f 198/2173/60 184/2209/63 183/2174/60
f 200/2210/64 182/2221/61 181/2211/64
f 192/2222/57 178/2185/62 177/2223/57
f 185/2180/54 195/2224/59 186/2172/59
f 190/2181/55 180/2225/58 179/2226/55
f 189/2227/58 177/2223/57 180/2225/58
s 401
f 237/2228/526 30/2229/526 228/2141/504
f 27/2230/527 231/2231/527 232/2232/527
f 27/2230/527 14/2233/528 222/2234/529
f 233/2235/530 234/2236/507 28/2151/507
f 240/2145/505 233/2235/530 28/2151/507
f 28/2151/507 15/2143/505 240/2145/505
f 237/2228/526 238/2237/531 30/2229/526
f 238/2237/531 239/2144/505 30/2229/526
f 28/2151/507 234/2236/507 223/2147/506
f 30/2229/526 239/2144/505 15/2143/505
f 230/2127/498 221/2238/528 26/2128/498
f 27/2230/527 232/2232/527 225/2239/532
f 226/2120/493 235/2132/494 29/2121/494
f 24/2119/493 225/2239/532 226/2120/493
f 222/2234/529 14/2233/528 221/2238/528
f 24/2119/493 27/2230/527 225/2239/532
f 231/2231/527 27/2230/527 222/2234/529
f 30/2229/526 25/2142/504 228/2141/504
f 224/2134/499 26/2128/498 12/2148/506
f 221/2238/528 14/2233/528 26/2128/498
s 416
f 383/2240/533 391/2241/533 384/2242/533
s 417
f 392/2243/65 390/2244/65 391/2241/65
s 418
f 384/2242/534 390/2245/534 318/2246/534
s 419
f 317/2247/535 392/2248/535 383/2249/535
s 420
f 318/2246/536 389/2250/536 317/2247/536
s 416
f 383/2240/533 392/2243/533 391/2241/533
s 417
f 392/2243/65 389/2251/65 390/2244/65
s 418
f 384/2242/534 391/2241/534 390/2245/534
s 419
f 317/2247/535 389/2250/535 392/2248/535
s 420
f 318/2246/536 390/2245/536 389/2250/536
s 421
f 505/2252/137 501/2253/137 497/2254/137
s 422
f 952/2255/537 962/2256/538 951/2257/538
s 288
f 950/2258/81 954/2259/81 953/2260/81
f 947/2261/81 955/2262/81 954/2263/81
f 950/2264/81 956/2265/81 951/2257/81
f 949/2266/81 955/2262/81 948/2267/81
f 952/2255/81 956/2265/81 958/2268/81
f 952/2269/81 957/2270/81 949/2271/81
s 423
f 962/2256/81 963/2272/81 961/2273/81
s 422
f 951/2257/538 959/2274/539 950/2264/539
s 424
f 950/2258/540 960/2275/540 947/2276/540
s 425
f 949/2271/137 964/2277/137 952/2269/137
s 426
f 948/2267/541 963/2272/542 949/2266/542
f 947/2261/543 961/2273/541 948/2267/541
s 427
f 1035/2278/127 1017/2279/127 1034/2280/127
s 428
f 1027/2281/65 1029/2282/65 1026/2283/65
s 429
f 1031/2284/132 1033/2285/132 1030/2286/132
s 430
f 1023/2287/133 1025/2288/133 1022/2289/133
s 431
f 1019/2290/130 1021/2291/130 1018/2292/130
s 432
f 1020/2293/70 1018/2292/70 1017/2279/70
s 433
f 1022/2289/128 1024/2294/128 1023/2287/128
s 434
f 1026/2283/131 1028/2295/131 1027/2281/131
s 435
f 1030/2296/134 1032/2297/134 1031/2298/134
s 436
f 1034/2280/129 1036/2299/129 1035/2278/129
s 422
f 952/2255/537 964/2277/537 962/2256/538
s 288
f 950/2258/81 947/2276/81 954/2259/81
f 947/2261/81 948/2267/81 955/2262/81
f 950/2264/81 953/2300/81 956/2265/81
f 949/2266/81 957/2301/81 955/2262/81
f 952/2255/81 951/2257/81 956/2265/81
f 952/2269/81 958/2302/81 957/2270/81
s 423
f 961/2273/81 960/2275/81 962/2256/81
f 960/2275/81 959/2274/81 962/2256/81
f 962/2256/81 964/2277/81 963/2272/81
s 422
f 951/2257/538 962/2256/538 959/2274/539
s 424
f 950/2258/540 959/2274/540 960/2275/540
s 425
f 949/2271/137 963/2272/137 964/2277/137
s 426
f 948/2267/541 961/2273/541 963/2272/542
f 947/2261/543 960/2275/543 961/2273/541
s 427
f 1035/2278/127 1020/2293/127 1017/2279/127
s 428
f 1027/2281/65 1032/2297/65 1029/2282/65
s 429
f 1031/2284/132 1036/2299/132 1033/2285/132
s 430
f 1023/2287/133 1028/2295/133 1025/2288/133
s 431
f 1019/2290/130 1024/2294/130 1021/2291/130
s 432
f 1020/2293/70 1019/2290/70 1018/2292/70
s 433
f 1022/2289/128 1021/2291/128 1024/2294/128
s 434
f 1026/2283/131 1025/2288/131 1028/2295/131
s 435
f 1030/2296/134 1029/2282/134 1032/2297/134
s 436
f 1034/2280/129 1033/2285/129 1036/2299/129
s 437
f 1044/2303/544 1042/2304/545 1043/2305/546
s 438
f 1048/2306/65 1041/2307/65 1044/2303/65
s 439
f 1054/2308/547 1061/2309/548 1053/2310/547
s 440
f 1045/2311/81 1044/2303/81 1043/2312/81
f 1039/2313/81 1045/2311/81 1038/2314/81
s 441
f 1040/2315/34 1046/2316/34 1047/2317/34
s 438
f 1039/2313/65 1047/2317/65 1048/2306/65
s 437
f 1056/2318/549 1052/2319/550 1055/2320/551
s 442
f 1049/2321/552 1062/2322/137 1057/2323/553
s 438
f 1047/2317/65 1051/2324/65 1041/2307/65
s 437
f 1041/2307/554 1052/2325/550 1042/2304/545
s 442
f 1046/2326/555 1050/2327/555 1047/2317/555
s 437
f 1051/2324/556 1055/2320/551 1052/2328/550
s 442
f 1049/2329/552 1061/2309/137 1062/2322/137
s 443
f 1057/2323/557 1059/2330/558 1056/2318/557
s 444
f 1037/2331/559 1039/2313/560 1038/2314/561
s 437
f 1054/2308/68 1052/2332/550 1060/2333/68
s 442
f 1053/2310/137 1061/2309/137 1049/2334/552
s 445
f 1055/2320/562 1057/2323/562 1056/2318/562
s 443
f 1062/2322/558 1060/2333/563 1059/2330/558
s 446
f 1055/2320/564 1050/2327/564 1058/2335/564
s 442
f 1057/2323/553 1058/2335/565 1049/2336/552
f 1050/2327/555 1049/2337/552 1058/2335/565
s 437
f 1060/2333/68 1052/2338/550 1059/2330/68
f 1056/2318/549 1059/2330/68 1052/2339/550
s 447
f 1164/2340/81 1161/2341/81 1160/2342/81
s 448
f 1171/2343/68 1165/2344/68 1164/2340/68
s 449
f 1158/2345/34 1169/2346/34 1170/2347/34
s 450
f 1160/2348/65 1170/2347/65 1171/2343/65
s 451
f 1168/2349/70 1159/2350/70 1165/2344/70
s 452
f 1174/2351/70 1167/2352/70 1162/2353/70
s 448
f 1169/2346/68 1166/2354/68 1163/2355/68
f 1170/2347/68 1163/2355/68 1162/2356/68
f 1171/2343/68 1162/2356/68 1167/2357/68
f 1168/2349/68 1167/2357/68 1166/2354/68
s 453
f 1172/2358/65 1163/2359/65 1166/2360/65
s 454
f 1175/2361/34 1166/2362/34 1167/2363/34
s 455
f 1173/2364/81 1162/2365/81 1163/2366/81
s 150
f 1246/2367/34 1298/2368/34 1295/2369/34
s 146
f 1240/878/81 1294/2370/81 1291/2371/81
s 147
f 1243/881/68 1296/2372/68 1293/2373/68
s 456
f 1232/2374/8 1300/2375/8 1231/2376/8
s 457
f 1291/2371/6 1241/879/6 1240/878/6
s 458
f 1293/2373/1 1244/882/1 1243/881/1
s 459
f 1295/2377/8 1247/885/8 1246/884/8
s 460
f 1238/876/15 1297/2378/15 1298/2368/15
s 148
f 1237/875/137 1292/2379/137 1297/2378/137
s 461
f 1301/2380/70 1303/2381/70 1305/2382/70
s 462
f 1229/2383/81 1303/2381/81 1234/2384/81
s 463
f 1235/2385/34 1299/2386/34 1232/2387/34
s 464
f 1230/2388/1 1306/2389/1 1229/2390/1
s 465
f 1236/2391/15 1302/2392/15 1235/2393/15
s 466
f 1233/2394/137 1301/2380/137 1236/2395/137
s 467
f 1231/2396/68 1305/2382/68 1230/2397/68
s 468
f 1234/2398/6 1304/2399/6 1233/2400/6
s 469
f 1314/1353/229 1311/941/229 1312/902/229
s 470
f 1503/2401/566 1486/2402/567 1487/2403/566
f 1504/2404/568 1487/2403/566 1488/2405/568
f 1505/2406/569 1488/2405/568 1489/2407/569
f 1506/2408/570 1489/2407/569 1490/2409/570
f 1508/2410/571 1477/2411/572 1493/2412/572
f 1506/2408/570 1491/2413/573 1507/2414/573
f 1493/2412/572 1478/2415/574 1494/2416/574
f 1508/2410/571 1491/2413/573 1492/2417/571
s 471
f 1477/2418/284 1476/2419/81 1461/2420/284
f 1478/2421/282 1461/2420/284 1462/2422/282
f 1463/2423/281 1478/2421/282 1462/2422/282
f 1464/2424/280 1479/2425/281 1463/2423/281
f 1465/2426/279 1480/2427/280 1464/2424/280
f 1482/2428/278 1465/2426/279 1466/2429/278
f 1467/2430/277 1482/2428/278 1466/2429/278
f 1468/2431/34 1483/2432/277 1467/2430/277
f 1469/2433/276 1484/2434/34 1468/2431/34
f 1470/2435/275 1485/2436/276 1469/2437/276
f 1487/2438/274 1470/2435/275 1471/2439/274
f 1472/2440/273 1487/2438/274 1471/2439/274
f 1473/2441/272 1488/2442/273 1472/2440/273
f 1490/2443/271 1473/2441/272 1474/2444/271
f 1491/2445/270 1474/2444/271 1475/2446/270
f 1492/2447/81 1475/2446/270 1476/2419/81
s 470
f 1494/2416/574 1479/2448/575 1495/2449/575
f 1496/2450/576 1479/2448/575 1480/2451/576
f 1496/2450/576 1481/2452/577 1497/2453/577
f 1498/2454/578 1481/2452/577 1482/2455/578
f 1499/2456/579 1482/2455/578 1483/2457/579
f 1500/2458/580 1483/2457/579 1484/2459/580
f 1501/2460/581 1484/2459/580 1485/2461/581
f 1502/2462/567 1485/2461/581 1486/2402/567
s 472
f 1529/2463/582 1555/2464/582 1556/2465/582
s 473
f 1515/2466/583 1552/2467/583 1517/2468/583
s 474
f 1540/2469/583 1547/2470/583 1539/2471/583
s 475
f 1534/2472/584 1541/2473/584 1533/2474/584
s 476
f 1550/2475/585 1541/2476/585 1542/2477/585
s 477
f 1551/2478/585 1544/2479/585 1552/2480/585
s 478
f 1554/2481/585 1545/2482/585 1546/2483/585
s 479
f 1555/2464/585 1548/2484/585 1556/2485/351
s 480
f 1535/2486/81 1551/2478/81 1515/2466/81
s 481
f 1527/2487/34 1547/2488/34 1555/2464/34
s 482
f 1536/2489/586 1552/2467/586 1544/2490/586
s 483
f 1537/2491/587 1546/2492/587 1545/2493/587
s 484
f 1529/2463/588 1548/2494/588 1540/2469/588
s 485
f 1511/2495/587 1549/2496/587 1550/2497/587
s 486
f 1521/2498/584 1554/2499/584 1523/2500/584
s 487
f 1534/2472/589 1550/2497/589 1542/2501/589
s 488
f 1537/2502/273 1553/2503/273 1521/2498/273
s 489
f 1535/2504/582 1544/2490/582 1543/2505/582
s 490
f 1533/2506/280 1549/2496/280 1509/2507/280
s 491
f 1523/2500/590 1546/2492/590 1538/2508/590
s 470
f 1503/2401/566 1502/2462/567 1486/2402/567
f 1504/2404/568 1503/2401/566 1487/2403/566
f 1505/2406/569 1504/2404/568 1488/2405/568
f 1506/2408/570 1505/2406/569 1489/2407/569
f 1508/2410/571 1492/2417/571 1477/2411/572
f 1506/2408/570 1490/2409/570 1491/2413/573
f 1493/2412/572 1477/2411/572 1478/2415/574
f 1508/2410/571 1507/2414/573 1491/2413/573
s 471
f 1477/2418/284 1492/2447/81 1476/2419/81
f 1478/2421/282 1477/2418/284 1461/2420/284
f 1463/2423/281 1479/2425/281 1478/2421/282
f 1464/2424/280 1480/2427/280 1479/2425/281
f 1465/2426/279 1481/2509/279 1480/2427/280
f 1482/2428/278 1481/2509/279 1465/2426/279
f 1467/2430/277 1483/2432/277 1482/2428/278
f 1468/2431/34 1484/2434/34 1483/2432/277
f 1469/2433/276 1485/2510/276 1484/2434/34
f 1470/2435/275 1486/2511/275 1485/2436/276
f 1487/2438/274 1486/2511/275 1470/2435/275
f 1472/2440/273 1488/2442/273 1487/2438/274
f 1473/2441/272 1489/2512/272 1488/2442/273
f 1490/2443/271 1489/2512/272 1473/2441/272
f 1491/2445/270 1490/2443/271 1474/2444/271
f 1492/2447/81 1491/2445/270 1475/2446/270
s 470
f 1494/2416/574 1478/2415/574 1479/2448/575
f 1496/2450/576 1495/2449/575 1479/2448/575
f 1496/2450/576 1480/2451/576 1481/2452/577
f 1498/2454/578 1497/2453/577 1481/2452/577
f 1499/2456/579 1498/2454/578 1482/2455/578
f 1500/2458/580 1499/2456/579 1483/2457/579
f 1501/2460/581 1500/2458/580 1484/2459/580
f 1502/2462/567 1501/2460/581 1485/2461/581
s 472
f 1529/2463/582 1527/2487/582 1555/2464/582
s 492
f 1515/2466/583 1551/2478/583 1552/2467/583
s 493
f 1540/2469/583 1548/2494/583 1547/2470/583
s 494
f 1534/2472/584 1542/2501/584 1541/2473/584
s 476
f 1550/2475/585 1549/2496/585 1541/2476/585
s 477
f 1551/2478/585 1543/2513/585 1544/2479/585
s 478
f 1554/2481/585 1553/2503/585 1545/2482/585
s 479
f 1555/2464/585 1547/2488/585 1548/2484/585
s 495
f 1535/2486/81 1543/2513/81 1551/2478/81
s 481
f 1527/2487/34 1539/2514/34 1547/2488/34
s 482
f 1536/2489/586 1517/2468/586 1552/2467/586
s 483
f 1537/2491/587 1538/2508/587 1546/2492/587
s 496
f 1529/2463/588 1556/2465/588 1548/2494/588
s 485
f 1511/2495/587 1509/2507/587 1549/2496/587
s 497
f 1521/2498/584 1553/2503/584 1554/2499/584
s 487
f 1534/2472/589 1511/2495/589 1550/2497/589
s 498
f 1537/2502/273 1545/2482/273 1553/2503/273
s 489
f 1535/2504/582 1536/2489/582 1544/2490/582
s 499
f 1533/2506/280 1541/2476/280 1549/2496/280
s 500
f 1523/2500/591 1554/2499/591 1546/2492/591
s 393
f 148/2083/15 165/2515/518 169/2084/467
f 154/2086/1 159/2516/514 172/2087/468
f 156/2089/3 174/2220/524 160/2090/469
f 158/2092/5 168/2218/520 175/2093/470
s 394
f 89/2097/473 161/2102/592 160/2095/471
f 160/2095/471 174/2217/593 176/2096/472
f 176/2096/472 98/2517/594 89/2097/473
s 395
f 92/2100/476 164/2111/595 163/2098/474
f 163/2098/474 171/2216/474 173/2099/475
f 173/2099/475 96/2103/596 92/2100/476
s 396
f 96/2103/479 173/2099/597 172/2101/477
f 172/2101/477 159/2212/598 161/2102/478
f 161/2102/478 89/2097/599 96/2103/479
s 397
f 98/2106/482 176/2096/600 175/2104/480
f 175/2104/480 168/2215/480 170/2105/481
f 170/2105/481 97/2109/601 98/2106/482
s 398
f 97/2109/485 170/2105/602 169/2107/483
f 169/2107/483 165/2214/483 167/2108/484
f 167/2108/484 94/2112/603 97/2109/485
s 399
f 94/2112/488 167/2108/604 166/2110/486
f 166/2110/486 162/2213/605 164/2111/487
f 164/2111/487 92/2100/606 94/2112/488
s 400
f 2/2113/489 5/2150/490 23/2114/490
f 3/2116/491 18/2131/491 19/2117/492
f 1/2122/495 7/2126/496 17/2123/496
f 9/2125/497 16/2140/497 17/2123/496
f 3/2116/491 6/2146/500 22/2130/500
f 4/2135/502 8/2118/492 19/2117/492
f 4/2135/502 20/2136/502 21/2137/503
f 9/2125/497 10/2138/503 21/2137/503
f 2/2113/489 13/2115/489 22/2130/500
f 1/2149/495 11/2124/495 23/2114/490
s 402
f 27/2152/34 24/2155/35 18/2153/35
s 403
f 24/2155/40 29/2160/39 19/2156/39
s 404
f 20/2157/45 25/2518/45 30/2158/51
s 403
f 29/2160/39 25/2518/48 20/2157/48
s 405
f 17/2161/20 16/2164/19 15/2162/19
s 404
f 21/2159/51 30/2158/51 15/2162/52
s 406
f 12/2165/42 26/2169/46 23/2166/46
s 405
f 28/2163/20 12/2519/41 11/2168/41
s 406
f 26/2169/46 14/2171/47 13/2170/47
s 402
f 14/2171/36 27/2152/34 22/2154/34
s 407
f 186/2172/59 195/2224/59 198/2173/60
s 408
f 200/2177/34 197/2520/34 198/2521/34
f 198/2521/34 195/2522/34 196/2175/34
f 196/2175/34 193/2523/34 194/2524/34
f 194/2524/34 179/2525/34 180/2176/34
f 180/2176/34 177/2526/34 178/2527/34
f 178/2527/34 199/2528/34 200/2177/34
f 200/2177/34 198/2521/34 196/2175/34
f 196/2175/34 194/2524/34 180/2176/34
f 180/2176/34 178/2527/34 200/2177/34
s 407
f 188/2178/53 193/2529/53 196/2179/54
f 190/2181/55 179/2226/55 194/2182/56
f 182/2184/61 199/2530/61 178/2185/62
s 393
f 152/2187/7 171/2531/522 163/2188/508
s 409
f 94/2190/509 95/2202/509 87/2191/509
s 410
f 95/2195/65 93/2532/65 91/2193/65
f 91/2193/65 90/2533/65 88/2194/65
f 88/2194/65 87/2534/65 95/2195/65
s 411
f 96/2196/510 91/2203/510 93/2197/510
s 412
f 98/2199/81 88/2535/81 90/2200/81
s 413
f 92/2198/34 93/2197/34 95/2202/34
s 414
f 89/2201/511 90/2200/511 91/2203/511
s 415
f 98/2204/512 97/2192/512 87/2191/512
s 393
f 150/2206/17 162/2536/516 166/2207/513
s 407
f 184/2209/63 197/2537/63 200/2210/64
s 393
f 158/2092/5 157/2085/16 169/2084/467
f 156/2089/3 155/2538/6 175/2219/470
f 160/2090/469 159/2516/514 154/2086/1
f 163/2188/508 162/2536/516 150/2206/17
f 166/2207/513 165/2515/518 148/2083/15
f 172/2087/468 171/2531/522 152/2187/7
s 407
f 194/2182/56 193/2529/53 188/2178/53
f 198/2173/60 197/2537/63 184/2209/63
f 200/2210/64 199/2539/61 182/2221/61
f 192/2222/57 191/2186/62 178/2185/62
f 185/2180/54 196/2179/54 195/2224/59
f 190/2181/55 189/2227/58 180/2225/58
f 189/2227/58 192/2222/57 177/2223/57
s 421
f 497/2254/137 495/2540/137 496/2541/137
f 496/2541/137 506/2542/137 505/2252/137
f 505/2252/137 504/2543/137 503/2544/137
f 503/2544/137 502/2545/137 501/2253/137
f 501/2253/137 500/2546/137 499/2547/137
f 499/2547/137 498/2548/137 497/2254/137
f 497/2254/137 496/2541/137 505/2252/137
f 505/2252/137 503/2544/137 501/2253/137
f 501/2253/137 499/2547/137 497/2254/137
s 437
f 1044/2303/544 1041/2307/554 1042/2304/545
s 438
f 1048/2306/65 1047/2317/65 1041/2307/65
s 443
f 1054/2308/547 1060/2333/563 1061/2309/563
s 440
f 1045/2311/81 1048/2306/81 1044/2303/81
f 1039/2313/81 1048/2306/81 1045/2311/81
s 501
f 1040/2315/34 1037/2331/34 1046/2316/34
s 438
f 1039/2313/65 1040/2315/65 1047/2317/65
f 1047/2317/65 1050/2327/65 1051/2324/65
s 437
f 1041/2307/554 1051/2324/556 1052/2325/550
s 442
f 1046/2326/555 1049/2549/552 1050/2327/555
s 443
f 1057/2323/557 1062/2322/558 1059/2330/558
s 502
f 1037/2331/559 1040/2315/607 1039/2313/560
s 445
f 1055/2320/562 1058/2335/562 1057/2323/562
s 443
f 1062/2322/558 1061/2309/563 1060/2333/563
s 446
f 1055/2320/564 1051/2324/564 1050/2327/564
s 447
f 1164/2340/81 1165/2344/81 1161/2341/81
s 448
f 1171/2343/68 1168/2349/68 1165/2344/68
s 449
f 1158/2345/34 1159/2550/34 1169/2346/34
s 450
f 1171/2343/65 1164/2340/65 1160/2348/65
f 1160/2348/65 1158/2551/65 1170/2347/65
s 451
f 1168/2349/70 1169/2346/70 1159/2350/70
f 1159/2350/70 1161/2552/70 1165/2344/70
s 452
f 1174/2351/70 1175/2361/70 1167/2352/70
s 448
f 1169/2346/68 1168/2349/68 1166/2354/68
f 1170/2347/68 1169/2346/68 1163/2355/68
f 1171/2343/68 1170/2347/68 1162/2356/68
f 1168/2349/68 1171/2343/68 1167/2357/68
s 453
f 1172/2358/65 1173/2364/65 1163/2359/65
s 454
f 1175/2361/34 1172/2358/34 1166/2362/34
s 455
f 1173/2364/81 1174/2351/81 1162/2365/81
s 150
f 1246/2367/34 1238/876/34 1298/2368/34
s 146
f 1240/878/81 1244/882/81 1294/2370/81
s 147
f 1243/881/68 1247/885/68 1296/2372/68
s 456
f 1232/2374/8 1299/2386/8 1300/2375/8
s 457
f 1291/2371/6 1292/2379/6 1241/879/6
s 458
f 1293/2373/1 1294/2370/1 1244/882/1
s 459
f 1295/2377/8 1296/2372/8 1247/885/8
s 460
f 1238/876/15 1237/875/15 1297/2378/15
s 148
f 1237/875/137 1241/879/137 1292/2379/137
s 461
f 1305/2382/70 1300/2375/70 1299/2386/70
f 1299/2386/70 1302/2392/70 1301/2380/70
f 1301/2380/70 1304/2399/70 1303/2381/70
f 1303/2381/70 1306/2389/70 1305/2382/70
f 1305/2382/70 1299/2386/70 1301/2380/70
s 462
f 1229/2383/81 1306/2389/81 1303/2381/81
s 463
f 1235/2385/34 1302/2392/34 1299/2386/34
s 464
f 1230/2388/1 1305/2382/1 1306/2389/1
s 465
f 1236/2391/15 1301/2380/15 1302/2392/15
s 466
f 1233/2394/137 1304/2399/137 1301/2380/137
s 467
f 1231/2396/68 1300/2375/68 1305/2382/68
s 468
f 1234/2398/6 1303/2381/6 1304/2399/6
s 469
f 1314/1353/229 1313/942/229 1311/941/229
s 503
g RoverModificado_SpacialRoverExploreralumOrange
usemtl SpacialRoverExploreralumOrange
f 478/2553/81 510/2554/81 477/2555/81
s 504
f 481/2556/608 521/2557/608 516/2558/608
s 505
f 514/2559/34 476/2560/34 475/2561/34
s 506
f 510/2554/65 511/2562/65 475/2563/65
s 507
f 478/2564/70 513/2565/70 512/2566/70
s 508
f 508/2567/137 517/2568/137 507/2569/137
f 481/2570/137 509/2571/137 482/2572/137
f 516/2573/137 511/2562/137 510/2554/137
f 518/2574/137 512/2566/137 513/2565/137
f 480/2575/137 514/2559/137 479/2576/137
f 517/2568/137 514/2559/137 511/2562/137
f 515/2577/137 509/2571/137 512/2566/137
s 509
f 519/2578/137 521/2557/137 520/2579/137
s 508
f 515/2577/137 507/2569/137 516/2573/137
s 510
f 515/2580/609 519/2578/609 482/2581/609
s 511
f 522/2582/137 524/2583/137 526/2584/137
s 512
f 517/2585/610 522/2582/610 526/2584/610
s 513
f 517/2586/608 524/2583/608 479/2587/608
s 514
f 480/2588/609 522/2582/609 518/2589/609
s 515
f 481/2590/610 519/2578/610 520/2579/610
s 516
f 516/2591/611 525/2592/611 515/2593/611
s 517
f 479/2594/611 523/2595/611 480/2596/611
s 518
f 614/2597/166 615/2598/166 613/2599/166
s 519
f 616/2600/68 617/2601/68 615/2598/68
s 520
f 618/2602/167 619/2603/167 617/2601/167
s 521
f 620/2604/169 621/2605/169 619/2603/169
s 522
f 614/2606/34 622/2607/34 618/2608/34
s 523
f 622/2609/137 623/2610/137 621/2605/137
s 524
f 624/2611/168 613/2599/168 623/2612/168
s 518
f 614/2597/166 616/2600/166 615/2598/166
s 519
f 616/2600/68 618/2602/68 617/2601/68
s 520
f 618/2602/167 620/2604/167 619/2603/167
s 521
f 620/2604/169 622/2609/169 621/2605/169
s 522
f 618/2608/34 616/2613/34 614/2606/34
f 614/2606/34 624/2614/34 622/2607/34
f 622/2607/34 620/2615/34 618/2608/34
s 523
f 622/2609/137 624/2616/137 623/2610/137
s 524
f 624/2611/168 614/2597/168 613/2599/168
s 158
f 1273/2617/81 1288/2618/81 1275/2619/81
s 162
f 1280/2620/34 1286/2621/34 1269/2622/34
s 156
f 1270/2623/68 1284/2624/68 1272/2625/68
s 525
f 1288/2626/70 1284/2624/70 1286/2627/70
s 526
f 1276/2628/137 1290/2629/137 1279/2630/137
s 527
f 1269/2622/238 1270/2623/238 1271/2631/238
s 528
f 1272/2632/237 1273/2617/237 1274/2633/237
s 529
f 1276/2628/612 1278/2634/612 1275/2619/613
s 530
f 1279/2630/84 1281/2635/84 1282/2636/614
s 531
f 1290/2629/15 1280/2620/15 1279/2630/15
s 532
f 1270/2623/8 1286/2621/8 1285/2637/8
s 533
f 1284/2638/1 1273/2617/1 1272/2632/1
s 534
f 1276/2628/6 1288/2618/6 1287/2639/6
s 535
f 1323/2640/615 1325/2641/616 1322/2642/616
s 536
f 1319/2643/617 1321/2644/617 1318/2645/617
s 537
f 1316/2646/618 1317/2647/618 1315/2648/618
s 538
f 1319/2643/619 1317/2647/619 1320/2649/619
s 539
f 1322/2642/620 1324/2650/620 1323/2640/620
s 540
f 1459/2651/182 1429/2652/183 1458/2653/182
f 1439/2654/176 1441/2655/177 1438/2656/176
f 1443/2657/172 1445/2658/173 1442/2659/172
f 1447/2660/180 1449/2661/181 1446/2662/180
f 1451/2663/184 1453/2664/185 1450/2665/184
f 1455/2666/178 1457/2667/179 1454/2668/178
f 1435/2669/174 1437/2670/175 1434/2671/174
s 541
f 1456/2672/65 1448/2673/65 1440/2674/65
s 540
f 1431/2675/186 1433/2676/187 1430/2677/186
f 1432/2678/183 1430/2677/186 1429/2679/183
f 1434/2671/174 1436/2680/187 1435/2669/174
f 1438/2656/176 1440/2681/175 1439/2654/176
f 1442/2659/172 1444/2682/177 1443/2657/172
f 1446/2662/180 1448/2683/173 1447/2660/180
f 1450/2665/184 1452/2684/181 1451/2663/184
f 1454/2668/178 1456/2685/185 1455/2666/178
f 1458/2653/182 1460/2686/179 1459/2651/182
s 542
f 478/2553/81 509/2571/81 510/2554/81
s 504
f 481/2556/608 520/2579/608 521/2557/608
s 505
f 514/2559/34 513/2565/34 476/2560/34
s 506
f 475/2563/65 477/2687/65 510/2554/65
f 511/2562/65 514/2559/65 475/2563/65
s 507
f 512/2566/70 509/2571/70 478/2564/70
f 478/2564/70 476/2688/70 513/2565/70
s 508
f 508/2567/137 518/2574/137 517/2568/137
f 481/2570/137 510/2554/137 509/2571/137
f 510/2554/137 481/2570/137 516/2573/137
f 516/2573/137 507/2569/137 511/2562/137
f 513/2565/137 480/2575/137 518/2574/137
f 518/2574/137 508/2567/137 512/2566/137
f 480/2575/137 513/2565/137 514/2559/137
f 511/2562/137 507/2569/137 517/2568/137
f 517/2568/137 479/2576/137 514/2559/137
f 512/2566/137 508/2567/137 515/2577/137
f 515/2577/137 482/2572/137 509/2571/137
s 509
f 519/2578/137 525/2592/137 521/2557/137
s 508
f 515/2577/137 508/2567/137 507/2569/137
s 510
f 515/2580/609 525/2592/609 519/2578/609
s 511
f 522/2582/137 523/2595/137 524/2583/137
s 512
f 517/2585/610 518/2689/610 522/2582/610
s 513
f 517/2586/608 526/2584/608 524/2583/608
s 514
f 480/2588/609 523/2595/609 522/2582/609
s 515
f 481/2590/610 482/2690/610 519/2578/610
s 516
f 516/2591/611 521/2557/611 525/2592/611
s 517
f 479/2594/611 524/2583/611 523/2595/611
s 158
f 1273/2617/81 1283/2691/81 1288/2618/81
s 162
f 1280/2620/34 1289/2692/34 1286/2621/34
s 156
f 1270/2623/68 1285/2637/68 1284/2624/68
s 525
f 1286/2627/70 1289/2693/70 1290/2694/70
f 1290/2694/70 1287/2695/70 1288/2626/70
f 1288/2626/70 1283/2696/70 1284/2624/70
f 1284/2624/70 1285/2637/70 1286/2627/70
f 1286/2627/70 1290/2694/70 1288/2626/70
s 526
f 1276/2628/137 1287/2639/137 1290/2629/137
s 543
f 1276/2628/621 1277/2697/622 1278/2634/621
s 530
f 1279/2630/84 1280/2620/623 1281/2635/84
s 531
f 1290/2629/15 1289/2692/15 1280/2620/15
s 532
f 1270/2623/8 1269/2622/8 1286/2621/8
s 533
f 1284/2638/1 1283/2691/1 1273/2617/1
s 534
f 1276/2628/6 1275/2619/6 1288/2618/6
s 535
f 1323/2640/615 1326/2698/615 1325/2641/616
s 536
f 1319/2643/617 1324/2650/617 1321/2644/617
s 537
f 1316/2646/618 1320/2649/618 1317/2647/618
s 544
f 1319/2643/619 1318/2645/619 1317/2647/619
s 539
f 1322/2642/620 1321/2644/620 1324/2650/620
s 540
f 1459/2651/182 1432/2699/183 1429/2652/183
f 1439/2654/176 1444/2682/177 1441/2655/177
f 1443/2657/172 1448/2683/173 1445/2658/173
f 1447/2660/180 1452/2684/181 1449/2661/181
f 1451/2663/184 1456/2685/185 1453/2664/185
f 1455/2666/178 1460/2686/179 1457/2667/179
f 1435/2669/174 1440/2681/175 1437/2670/175
s 541
f 1440/2674/65 1435/2700/65 1436/2701/65
f 1436/2701/65 1431/2702/65 1432/2703/65
f 1432/2703/65 1459/2704/65 1460/2705/65
f 1460/2705/65 1455/2706/65 1456/2672/65
f 1456/2672/65 1451/2707/65 1452/2708/65
f 1452/2708/65 1447/2709/65 1448/2673/65
f 1448/2673/65 1443/2710/65 1444/2711/65
f 1444/2711/65 1439/2712/65 1440/2674/65
f 1440/2674/65 1436/2701/65 1432/2703/65
f 1432/2703/65 1460/2705/65 1456/2672/65
f 1456/2672/65 1452/2708/65 1448/2673/65
f 1448/2673/65 1444/2711/65 1440/2674/65
f 1440/2674/65 1432/2703/65 1456/2672/65
s 540
f 1431/2675/186 1436/2680/187 1433/2676/187
f 1432/2678/183 1431/2675/186 1430/2677/186
f 1434/2671/174 1433/2676/187 1436/2680/187
f 1438/2656/176 1437/2670/175 1440/2681/175
f 1442/2659/172 1441/2655/177 1444/2682/177
f 1446/2662/180 1445/2658/173 1448/2683/173
f 1450/2665/184 1449/2661/181 1452/2684/181
f 1454/2668/178 1453/2664/185 1456/2685/185
f 1458/2653/182 1457/2667/179 1460/2686/179
s 545
g RoverModificado_SpacialRoverExploreralumGrayDeep
usemtl SpacialRoverExploreralumGrayDeep
f 649/2713/65 673/2714/65 662/2715/65
s 546
f 674/2716/68 663/2717/68 662/2718/68
s 547
f 654/2719/34 644/2720/34 639/2721/34
s 548
f 650/2722/137 645/2723/137 649/2724/137
s 549
f 650/2722/81 642/2725/81 638/2726/81
s 550
f 660/2727/68 656/2728/68 639/2729/68
s 551
f 666/2730/81 640/2731/81 641/2732/81
s 552
f 665/2733/65 653/2734/65 658/2735/65
s 553
f 670/2736/137 666/2730/137 644/2737/137
s 554
f 658/2735/624 667/2738/624 665/2733/624
s 555
f 667/2738/85 659/2739/85 668/2740/85
s 556
f 668/2740/625 657/2741/625 666/2730/625
s 557
f 646/2742/626 675/2743/626 673/2714/626
s 558
f 648/2744/78 676/2745/78 675/2743/78
s 559
f 647/2746/627 674/2747/627 676/2745/627
s 560
f 662/2715/624 651/2748/624 649/2713/624
s 561
f 664/2749/85 652/2750/85 651/2748/85
s 562
f 663/2751/625 650/2722/625 652/2750/625
s 563
f 670/2752/626 655/2753/626 653/2734/626
s 564
f 672/2754/78 656/2755/78 655/2753/78
s 565
f 671/2756/627 654/2719/627 656/2755/627
s 566
f 674/2747/34 637/2757/34 643/2758/34
s 567
f 678/2759/68 685/2760/68 677/2761/68
s 568
f 680/2762/34 686/2763/34 678/2759/34
s 569
f 679/2764/137 687/2765/137 680/2762/137
s 570
f 677/2761/81 688/2766/81 679/2764/81
s 571
f 677/2761/65 680/2762/65 678/2759/65
s 572
f 691/2767/34 682/2768/34 683/2769/34
s 573
f 685/2770/70 682/2771/70 681/2772/70
f 682/2771/70 687/2773/70 683/2774/70
f 687/2773/70 684/2775/70 683/2774/70
f 688/2776/70 681/2772/70 684/2775/70
s 574
f 690/2777/70 692/2778/70 689/2779/70
s 575
f 692/2780/137 683/2781/137 684/2782/137
s 576
f 690/2777/68 681/2783/68 682/2768/68
s 577
f 689/2779/81 684/2782/81 681/2783/81
s 548
f 638/2726/137 637/2784/137 645/2723/137
f 645/2723/137 647/2785/137 648/2786/137
f 648/2786/137 646/2787/137 645/2723/137
f 646/2787/137 649/2724/137 645/2723/137
f 649/2724/137 651/2788/137 652/2789/137
f 652/2789/137 650/2722/137 649/2724/137
f 650/2722/137 638/2726/137 645/2723/137
s 558
f 648/2744/78 647/2746/78 676/2745/78
s 559
f 647/2746/627 645/2790/627 674/2747/627
s 566
f 674/2747/34 645/2790/34 637/2757/34
s 568
f 680/2762/34 687/2773/34 686/2763/34
s 569
f 679/2764/137 688/2791/137 687/2765/137
s 571
f 677/2761/65 679/2764/65 680/2762/65
s 578
f 723/2792/182 693/2793/183 708/2794/182
f 713/2795/176 699/2796/177 698/2797/176
f 715/2798/172 701/2799/173 700/2800/172
f 717/2801/180 703/2802/181 702/2803/180
f 719/2804/184 705/2805/185 704/2806/184
f 721/2807/178 707/2808/179 706/2809/178
f 709/2810/174 697/2811/175 696/2812/174
f 711/2813/186 695/2814/187 694/2815/186
s 579
f 724/2816/65 721/2817/65 770/2818/65
f 757/2819/65 723/2820/65 772/2821/65
f 758/2822/65 759/2823/65 710/2824/65
s 578
f 712/2825/183 694/2815/186 693/2793/183
f 696/2826/174 710/2827/187 709/2828/174
f 698/2797/176 714/2829/175 713/2795/176
f 700/2800/172 716/2830/177 715/2798/172
f 702/2803/180 718/2831/173 717/2801/180
f 704/2806/184 720/2832/181 719/2804/184
f 706/2809/178 722/2833/185 721/2807/178
f 708/2794/182 724/2834/179 723/2792/182
s 579
f 709/2835/65 760/2836/65 761/2837/65
f 710/2824/65 711/2838/65 758/2822/65
f 759/2823/65 760/2836/65 710/2824/65
f 720/2839/65 766/2840/65 767/2841/65
f 765/2842/65 766/2840/65 718/2843/65
f 723/2820/65 757/2819/65 712/2844/65
f 716/2845/65 713/2846/65 762/2847/65
f 719/2848/65 768/2849/65 769/2850/65
f 771/2851/65 772/2821/65 723/2820/65
f 714/2852/65 709/2835/65 761/2837/65
f 771/2851/65 724/2816/65 770/2818/65
f 722/2853/65 770/2818/65 721/2817/65
f 761/2837/65 713/2846/65 714/2852/65
f 762/2847/65 713/2846/65 761/2837/65
f 722/2853/65 769/2850/65 770/2818/65
f 763/2854/65 716/2845/65 762/2847/65
f 722/2853/65 719/2848/65 769/2850/65
f 720/2839/65 767/2841/65 768/2849/65
f 758/2822/65 711/2838/65 712/2844/65
f 764/2855/65 715/2856/65 763/2854/65
f 719/2848/65 720/2839/65 768/2849/65
f 760/2836/65 709/2835/65 710/2824/65
f 765/2842/65 715/2856/65 764/2855/65
f 724/2816/65 771/2851/65 723/2820/65
f 720/2839/65 717/2857/65 766/2840/65
f 766/2840/65 717/2857/65 718/2843/65
f 715/2856/65 716/2845/65 763/2854/65
f 715/2856/65 765/2842/65 718/2843/65
f 757/2819/65 758/2822/65 712/2844/65
s 580
f 1267/2858/81 1104/2859/81 1102/2860/81
s 581
f 1101/2861/137 1106/2862/137 1108/2863/137
s 582
f 1266/2864/34 1101/2865/34 1103/2866/34
s 583
f 1268/2867/628 1115/2868/628 1105/2869/628
s 584
f 1106/2870/74 1117/2871/65 1108/2872/65
f 1108/2872/65 1112/2873/76 1109/2874/76
f 1109/2874/76 1113/2875/78 1111/2876/78
f 1111/2876/78 1114/2877/629 1110/2878/629
f 1107/2879/85 1115/2868/630 1116/2880/85
f 1107/2879/85 1118/2881/74 1106/2870/74
s 585
f 1174/2351/68 1172/2358/68 1175/2361/68
s 586
f 1104/2882/68 1112/2883/68 1117/2884/68
s 587
f 1265/2885/631 1110/2878/631 1114/2877/631
s 181
f 1595/2886/306 1601/2887/632 1594/2888/308
s 588
f 1594/2888/300 1607/2889/300 1577/2890/300
s 589
f 1579/2891/287 1602/2892/287 1595/2893/287
s 590
f 1571/2894/317 1605/2895/317 1606/2896/317
s 591
f 1588/2897/292 1604/2898/292 1599/2899/292
s 592
f 1557/2900/301 1598/2901/301 1603/2902/301
s 593
f 1571/2894/303 1600/2903/303 1591/2904/303
s 184
f 1587/2905/311 1599/2906/317 1598/2901/317
s 594
f 1644/2907/317 1637/2908/317 1624/2909/317
s 595
f 1609/2910/58 1616/2911/58 1637/2912/58
s 596
f 1629/2913/60 1623/2914/60 1636/2915/60
s 597
f 1641/2916/633 1639/2917/633 1640/2918/633
s 181
f 1631/2919/302 1638/2920/632 1617/2921/302
s 598
f 1637/2908/634 1640/2918/634 1636/2922/634
s 599
f 1636/2915/58 1639/2923/58 1631/2924/58
s 600
f 1637/2912/60 1638/2925/60 1641/2926/60
s 545
f 649/2713/65 646/2742/65 673/2714/65
s 546
f 662/2718/68 673/2927/68 675/2928/68
f 675/2928/68 676/2929/68 674/2716/68
s 601
f 674/2716/68 643/2930/68 642/2725/68
s 546
f 642/2725/68 661/2931/68 663/2717/68
f 663/2717/68 664/2932/68 662/2718/68
f 662/2718/68 675/2928/68 674/2716/68
f 674/2716/68 642/2725/68 663/2717/68
s 547
f 654/2719/34 669/2933/34 644/2720/34
s 549
f 650/2722/81 661/2931/81 642/2725/81
s 550
f 639/2729/68 640/2731/68 657/2741/68
f 657/2741/68 659/2934/68 660/2727/68
f 660/2727/68 658/2935/68 653/2936/68
f 653/2936/68 655/2937/68 656/2728/68
f 656/2728/68 654/2938/68 639/2729/68
f 639/2729/68 657/2741/68 660/2727/68
f 660/2727/68 653/2936/68 656/2728/68
s 551
f 666/2730/81 657/2741/81 640/2731/81
s 552
f 665/2733/65 670/2752/65 653/2734/65
s 553
f 644/2737/137 669/2939/137 671/2940/137
f 671/2940/137 672/2941/137 670/2736/137
f 670/2736/137 665/2942/137 667/2943/137
f 667/2943/137 668/2944/137 666/2730/137
s 602
f 666/2730/137 641/2732/137 644/2737/137
s 553
f 644/2737/137 671/2940/137 670/2736/137
f 670/2736/137 667/2943/137 666/2730/137
s 554
f 658/2735/624 660/2945/624 667/2738/624
s 555
f 667/2738/85 660/2945/85 659/2739/85
s 556
f 668/2740/625 659/2739/625 657/2741/625
s 557
f 646/2742/626 648/2744/626 675/2743/626
s 560
f 662/2715/624 664/2749/624 651/2748/624
s 561
f 664/2749/85 663/2751/85 652/2750/85
s 562
f 663/2751/625 661/2931/625 650/2722/625
s 563
f 670/2752/626 672/2754/626 655/2753/626
s 564
f 672/2754/78 671/2756/78 656/2755/78
s 565
f 671/2756/627 669/2933/627 654/2719/627
s 567
f 678/2759/68 686/2946/68 685/2760/68
s 570
f 677/2761/81 685/2947/81 688/2766/81
s 572
f 691/2767/34 690/2777/34 682/2768/34
s 573
f 685/2770/70 686/2763/70 682/2771/70
f 682/2771/70 686/2763/70 687/2773/70
f 687/2773/70 688/2776/70 684/2775/70
f 688/2776/70 685/2770/70 681/2772/70
s 574
f 690/2777/70 691/2948/70 692/2778/70
s 575
f 692/2780/137 691/2949/137 683/2781/137
s 576
f 690/2777/68 689/2779/68 681/2783/68
s 577
f 689/2779/81 692/2780/81 684/2782/81
s 578
f 723/2792/182 712/2825/183 693/2793/183
f 713/2795/176 716/2830/177 699/2796/177
f 715/2798/172 718/2831/173 701/2799/173
f 717/2801/180 720/2832/181 703/2802/181
f 719/2804/184 722/2833/185 705/2805/185
f 721/2807/178 724/2834/179 707/2808/179
f 709/2810/174 714/2829/175 697/2811/175
f 711/2813/186 710/2827/187 695/2814/187
f 712/2825/183 711/2813/186 694/2815/186
f 696/2826/174 695/2814/187 710/2827/187
f 698/2797/176 697/2811/175 714/2829/175
f 700/2800/172 699/2796/177 716/2830/177
f 702/2803/180 701/2799/173 718/2831/173
f 704/2806/184 703/2802/181 720/2832/181
f 706/2809/178 705/2805/185 722/2833/185
f 708/2794/182 707/2808/179 724/2834/179
s 580
f 1267/2858/81 1265/2885/81 1104/2859/81
s 581
f 1111/2950/137 1110/2951/137 1267/2952/137
s 603
f 1267/2952/137 1102/2953/137 1101/2861/137
s 581
f 1101/2861/137 1268/2954/137 1105/2955/137
f 1101/2861/137 1105/2955/137 1107/2956/137
f 1109/2957/137 1111/2950/137 1267/2952/137
f 1109/2957/137 1267/2952/137 1101/2861/137
f 1101/2861/137 1107/2956/137 1106/2862/137
f 1108/2863/137 1109/2957/137 1101/2861/137
s 582
f 1266/2864/34 1268/2867/34 1101/2865/34
s 583
f 1268/2867/628 1266/2864/628 1115/2868/628
s 584
f 1106/2870/74 1118/2881/74 1117/2871/65
f 1108/2872/65 1117/2871/65 1112/2873/76
f 1109/2874/76 1112/2873/76 1113/2875/78
f 1111/2876/78 1113/2875/78 1114/2877/629
f 1107/2879/85 1105/2869/630 1115/2868/630
f 1107/2879/85 1116/2880/85 1118/2881/74
s 585
f 1174/2351/68 1173/2364/68 1172/2358/68
s 586
f 1116/2958/68 1115/2959/68 1266/2960/68
s 604
f 1266/2960/68 1103/2961/68 1104/2882/68
s 586
f 1104/2882/68 1265/2962/68 1114/2963/68
f 1104/2882/68 1114/2963/68 1113/2964/68
f 1118/2965/68 1116/2958/68 1266/2960/68
f 1118/2965/68 1266/2960/68 1104/2882/68
f 1104/2882/68 1113/2964/68 1112/2883/68
f 1117/2884/68 1118/2965/68 1104/2882/68
s 587
f 1265/2885/631 1267/2858/631 1110/2878/631
s 605
f 1595/2886/635 1602/2966/632 1601/2887/632
s 606
f 1594/2888/300 1601/2887/300 1607/2889/300
s 607
f 1579/2891/287 1608/2967/287 1602/2892/287
s 590
f 1571/2894/317 1569/2968/317 1605/2895/317
s 591
f 1588/2897/292 1559/2969/292 1604/2898/292
s 608
f 1557/2900/301 1587/2905/301 1598/2901/301
s 184
f 1587/2905/311 1588/2970/313 1599/2906/317
s 594
f 1644/2907/317 1611/2971/317 1637/2908/317
f 1637/2908/317 1636/2922/317 1624/2909/317
s 609
f 1611/2972/58 1610/2973/58 1609/2910/58
s 595
f 1609/2910/58 1585/2974/58 1586/2975/58
s 609
f 1637/2912/58 1611/2972/58 1609/2910/58
s 595
f 1609/2910/58 1586/2975/58 1616/2911/58
s 610
f 1629/2913/60 1620/2976/60 1621/2977/60
f 1621/2977/60 1622/2978/60 1623/2914/60
s 596
f 1623/2914/60 1624/2979/60 1636/2915/60
s 610
f 1629/2913/60 1621/2977/60 1623/2914/60
s 597
f 1641/2916/633 1638/2920/633 1639/2917/633
s 181
f 1631/2919/302 1639/2917/632 1638/2920/632
s 598
f 1637/2908/634 1641/2916/634 1640/2918/634
s 611
f 1636/2915/58 1640/2980/58 1639/2923/58
s 600
f 1637/2912/60 1617/2981/60 1638/2925/60
l 1801 1803
l 1804 1799
l 1800 1805
l 1806 1802
l 1812 1815
l 1816 1819
l 1820 1821
l 1813 1814
l 1807 1823
l 1808 1824
l 1811 1818
l 1809 1822
l 1810 1817
l 1827 1829
l 1830 1825
l 1831 1828
l 1833 1834
l 1835 1832
