# Blender 5.2.0 LTS
# www.blender.org
mtllib esquina.mtl
g esquinasupderdelantera_esquinasupderdelantera
v -0.081931 0.779802 1.454842
v -1.562111 0.752532 0.652393
v -0.571822 0.824551 1.146540
v -1.077485 0.812464 0.874601
v -2.096137 0.627762 0.454176
v 0.438113 0.654987 1.843540
v -0.128340 0.839011 1.537579
v -1.608521 0.811744 0.735132
v -0.618230 0.883759 1.229275
v -1.123895 0.871675 0.957339
v -2.142543 0.686974 0.536913
v 0.391704 0.714197 1.926277
v 0.398388 0.487511 2.032282
v -0.173701 0.636354 1.595514
v -0.663483 0.681379 1.287052
v -0.036568 0.982457 1.396904
v 0.431429 0.881674 1.737535
v -1.997777 0.845909 0.413460
v -1.516718 0.955269 0.594412
v -0.526572 1.026925 1.088760
v 0.912499 0.726199 2.128893
v -1.653915 0.609008 0.793115
v -2.240904 0.468826 0.577631
v -1.169253 0.669027 1.015271
v -2.501477 0.690903 0.256160
v -1.032130 1.015110 0.816671
v -3.721931 0.086359 0.165417
v -0.114018 2.620127 0.174018
v 1.700331 0.021889 3.231416
v 0.179903 2.622556 0.000818
v 1.943561 0.109871 -3.157919
v 1.994590 0.023826 3.070084
v -0.114414 2.625853 -0.164892
v -3.733381 0.090987 -0.171262
v 1.648239 0.114607 -3.324914
v -1.350420 0.788967 -0.781993
v 0.089879 0.785757 -1.654419
v -0.837116 0.841416 -1.048104
v -0.346961 0.837567 -1.347311
v 0.531273 0.670219 -2.017549
v -1.947957 0.656350 -0.532049
v -1.398668 0.849546 -0.862660
v 0.041630 0.846337 -1.735087
v -0.885365 0.901997 -1.128769
v -0.395212 0.898144 -1.427976
v 0.483024 0.730799 -2.098215
v -1.996206 0.716929 -0.612714
v -2.089989 0.490775 -0.664949
v -1.424793 0.648148 -0.935051
v -0.911407 0.700874 -1.200981
v -1.324299 0.990364 -0.709602
v -1.854177 0.882500 -0.479814
v 0.515696 0.886175 -1.907819
v 0.116026 0.987237 -1.581976
v -0.811073 1.042539 -0.975893
v -2.434176 0.720002 -0.265444
v 0.015482 0.644859 -1.807532
v 0.498606 0.514844 -2.207944
v -0.421330 0.696757 -1.500364
v 0.906601 0.740062 -2.266042
v -0.320841 1.038952 -1.274925
v 1.338387 0.795671 -0.812777
v 1.338137 0.761808 0.870808
v 1.307944 0.842498 -0.234911
v 1.309420 0.827940 0.339176
v 1.402929 0.625550 1.434080
v 1.414361 0.662521 -1.455901
v 1.440012 0.842313 -0.811416
v 1.439764 0.808451 0.872168
v 1.409567 0.889139 -0.233552
v 1.411047 0.874583 0.340537
v 1.504552 0.672189 1.435442
v 1.515987 0.709163 -1.454539
v 1.576280 0.473090 -1.512008
v 1.486189 0.632020 -0.800089
v 1.455588 0.679148 -0.222244
v 1.292214 1.005966 -0.824104
v 1.354068 0.898595 -1.398430
v 1.348584 0.852716 1.368039
v 1.291919 0.972190 0.859475
v 1.261924 1.052491 -0.246218
v 1.446942 0.732238 -2.008728
v 1.485983 0.598069 0.883501
v 1.558901 0.445022 1.501481
v 1.457217 0.664299 0.351865
v 1.430780 0.683918 1.884985
v 1.263253 1.038223 0.327850
v -0.825410 0.825098 1.004912
v -0.323242 0.809232 1.297107
v -1.322388 0.788326 0.757427
v -1.807377 0.702501 0.555582
v -2.458334 0.521029 0.337274
v 0.158917 0.733907 1.625394
v 0.787565 0.530693 2.136846
v -0.871816 0.884309 1.087649
v -0.369650 0.868441 1.379842
v -1.368796 0.847535 0.840164
v -1.853783 0.761714 0.638319
v -2.504744 0.580239 0.420011
v 0.112512 0.793119 1.708131
v 0.741156 0.589902 2.219584
v 0.073623 0.587389 1.772119
v -0.414946 0.665957 1.437680
v 0.197800 0.939637 1.561410
v -1.755361 0.907166 0.499757
v -0.277950 1.011715 1.239268
v 1.156396 0.409430 2.516341
v -1.905800 0.557050 0.694143
v -0.917110 0.681830 1.145483
v 0.858518 0.312350 2.427621
v -2.887864 0.425321 0.251922
v 0.670206 0.808249 1.928810
v -2.247426 0.771917 0.333244
v -1.414185 0.644810 0.898141
v -2.715653 0.329351 0.424040
v -0.780119 1.027575 0.947078
v -1.277000 0.991050 0.699451
v -1.705704 1.266392 -0.304428
v 1.826180 0.185895 -0.037161
v 0.559548 1.232834 1.583667
v -0.028419 -0.071370 -0.035158
v -1.917975 1.353244 0.169717
v 0.793155 1.321009 1.702717
v -1.010799 0.054124 1.698417
v 1.061733 1.366213 -1.578552
v 1.087244 1.323188 1.535451
v 1.969075 0.066849 -0.043919
v -1.923899 1.358419 -0.168077
v 0.766911 1.370229 -1.744905
v -1.042570 0.102797 -1.748089
v -0.693177 0.892508 -1.150142
v -0.674961 0.864998 1.126299
v 1.289861 0.869243 -0.026642
v -0.940941 0.177921 1.582570
v 1.069705 1.269161 -1.323055
v 0.538848 1.276475 -1.622471
v -1.695468 1.258390 0.305632
v 1.091096 1.234800 1.280408
v -0.971625 0.218928 -1.623279
v -0.586807 0.846063 -1.195371
v -1.092545 0.822156 -0.909964
v -0.122020 0.817502 -1.499918
v 0.297549 0.739931 -1.818136
v 0.815616 0.569856 -2.273131
v -1.619047 0.739405 -0.661221
v -2.377007 0.527008 -0.381108
v -0.635056 0.906644 -1.276038
v -1.140795 0.882737 -0.990629
v -0.170273 0.878081 -1.580586
v 0.249300 0.800511 -1.898804
v 0.767367 0.630435 -2.353799
v -1.667299 0.799982 -0.741887
v -2.425256 0.587588 -0.461773
v -1.701895 0.595421 -0.811805
v -1.166866 0.681509 -1.062910
v -1.584447 0.943962 -0.591303
v 0.318480 0.943219 -1.741032
v -1.066473 1.023381 -0.837683
v -2.890240 0.400822 -0.256919
v 0.228368 0.597225 -1.975909
v -0.661127 0.705422 -1.348316
v -2.662753 0.309024 -0.471043
v 1.106686 0.482006 -2.602528
v -2.139508 0.805570 -0.371836
v 0.711370 0.816580 -2.084174
v -0.196415 0.676614 -1.653023
v 0.871616 0.383714 -2.542758
v -0.560736 1.047285 -1.123097
v -0.095879 1.018969 -1.427481
v 1.304950 0.842332 0.055528
v 1.319221 0.826714 -0.525293
v 1.320463 0.801157 0.610192
v 1.363792 0.707080 1.132297
v 1.459332 0.509275 1.807637
v 1.366847 0.746864 -1.106051
v 1.488235 0.529423 -1.903587
v 1.406578 0.888973 0.056890
v 1.420844 0.873353 -0.523932
v 1.422087 0.847796 0.611553
v 1.465417 0.753718 1.133658
v 1.560959 0.555917 1.808998
v 1.468474 0.793507 -1.104690
v 1.589861 0.576067 -1.902225
v 1.516449 0.579913 -1.101960
v 1.466922 0.663248 -0.512618
v 1.318869 0.960456 -1.108783
v 1.316556 0.919559 1.114126
v 1.273143 1.036820 -0.536608
v 1.628380 0.391094 -2.409531
v 1.512653 0.541240 1.151829
v 1.452651 0.678873 0.068203
v 1.680045 0.285425 -2.105903
v 1.576566 0.396137 2.225247
v 1.398051 0.820065 -1.699910
v 1.387721 0.772115 1.625342
v 1.468301 0.637428 0.622885
v 1.632570 0.293077 1.991294
v 1.258877 1.052433 0.044214
v 1.274249 1.011525 0.598862
v -4.221729 -0.052166 -0.007518
v -0.007413 0.973952 1.347452
v -0.006671 0.969747 1.345841
v -0.006692 0.973441 1.346207
v -0.006302 0.972460 1.345464
v -0.006293 0.971163 1.345335
v -1.002237 1.002381 0.765621
v -1.002974 1.006605 0.767221
v -1.001856 1.003804 0.765110
v -1.001864 1.005107 0.765235
v -1.002255 1.006090 0.765976
v -0.157186 0.589870 1.563832
v -0.159679 0.589840 1.567998
v -0.157811 0.588769 1.564781
v -0.158505 0.588375 1.565906
v -0.159162 0.588749 1.567034
v -1.155234 0.622517 0.987756
v -1.152735 0.622553 0.983585
v -1.154714 0.621428 0.986794
v -1.154059 0.621051 0.985662
v -1.153362 0.621447 0.984534
v -0.497412 1.018421 1.039306
v -0.496671 1.014218 1.037698
v -0.496694 1.017908 1.038062
v -0.496302 1.016929 1.037319
v -0.496293 1.015633 1.037191
v -0.649462 0.634866 1.259536
v -0.646973 0.634887 1.255376
v -0.648943 0.633778 1.258574
v -0.648286 0.633399 1.257446
v -0.647595 0.633789 1.256322
v -1.639894 0.562500 0.765601
v -1.637378 0.562572 0.761405
v -1.639374 0.561411 0.764635
v -1.638715 0.561041 0.763499
v -1.638013 0.561450 0.762365
v -1.486845 0.942495 0.543385
v -1.487568 0.946767 0.544973
v -1.486457 0.943936 0.542865
v -1.486458 0.945255 0.542984
v -1.486850 0.946247 0.543725
v -2.226887 0.422324 0.550121
v -2.223366 0.422691 0.546242
v -2.226288 0.421256 0.549179
v -2.225409 0.420954 0.548110
v -2.224382 0.421455 0.547079
v -1.968905 0.832835 0.362111
v -1.968643 0.837409 0.364041
v -1.968137 0.834391 0.361717
v -1.967815 0.835807 0.361945
v -1.967992 0.836865 0.362761
v -3.256653 0.115859 0.220119
v -3.242616 0.117883 0.220748
v -3.256294 0.114434 0.221422
v -3.253432 0.116232 0.219482
v -3.249635 0.116747 0.219378
v -3.257794 0.115187 0.220379
v -3.255213 0.114906 0.219781
v -3.252487 0.114882 0.219544
v -3.253795 0.114170 0.219938
v -3.245364 0.116123 0.221039
v -3.248930 0.114849 0.221266
v -3.245835 0.117327 0.219822
v -3.249220 0.115384 0.220094
v -3.252189 0.114078 0.220345
v -3.257603 0.114415 0.221083
v -3.252767 0.114258 0.221402
v -3.254904 0.113976 0.220682
v -3.256171 0.113984 0.220108
v -2.472358 0.682410 0.206774
v -2.468583 0.679134 0.206014
v -2.471396 0.681963 0.205571
v -2.470340 0.681185 0.205006
v -2.469354 0.680190 0.205162
v 0.460576 0.873168 1.688096
v 0.462309 0.868703 1.687225
v 0.461373 0.872635 1.686904
v 0.461981 0.871599 1.686318
v 0.462311 0.870218 1.686432
v 0.413924 0.441348 1.999797
v 0.412409 0.440998 2.004766
v 0.413673 0.440124 2.001054
v 0.413296 0.439625 2.002437
v 0.412852 0.439932 2.003743
v 0.940613 0.714201 2.076271
v 0.941634 0.717699 2.079476
v 0.941670 0.715345 2.076365
v 0.942237 0.716410 2.077007
v 0.942222 0.717237 2.078100
v 1.412497 0.048754 2.873222
v 1.411232 0.047401 2.873569
v 1.404157 0.051214 2.861066
v 1.412897 0.048056 2.874304
v 1.411232 0.049216 2.870022
v 1.411938 0.047864 2.871700
v 1.412175 0.046933 2.872694
v 1.410995 0.047187 2.870515
v 1.409264 0.047311 2.870426
v 1.407228 0.048005 2.866947
v 1.412209 0.047323 2.874494
v 1.411014 0.046967 2.871892
v 1.409771 0.047146 2.869314
v 1.406718 0.050548 2.863443
v 1.409202 0.049847 2.866587
v 1.405435 0.049375 2.863659
v 1.408344 0.048527 2.866567
v 1.410607 0.047928 2.869161
v -0.069303 0.988011 1.452073
v -0.065725 0.990963 1.446359
v -0.068594 0.989334 1.451009
v -0.067668 0.990360 1.449550
v -0.066658 0.990932 1.447916
v -1.061284 1.023618 0.866125
v -1.064867 1.020649 0.871852
v -1.062219 1.023584 0.867683
v -1.063227 1.023009 0.869318
v -1.064158 1.021977 0.870783
v -0.187723 0.682869 1.623031
v -0.187369 0.690026 1.623073
v -0.188025 0.684506 1.623680
v -0.188066 0.686439 1.623916
v -0.187836 0.688378 1.623703
v -1.182920 0.722705 1.042828
v -1.183274 0.715542 1.042787
v -1.183386 0.721055 1.043458
v -1.183614 0.719114 1.043671
v -1.183577 0.717178 1.043435
v -0.559303 1.032483 1.143928
v -0.555729 1.035433 1.138220
v -0.558595 1.033806 1.142866
v -0.557669 1.034831 1.141407
v -0.556662 1.035402 1.139776
v -0.677157 0.735039 1.314618
v -0.677502 0.727898 1.314569
v -0.677619 0.733397 1.315244
v -0.677847 0.731462 1.315455
v -0.677808 0.729531 1.315219
v -1.667567 0.662722 0.820648
v -1.667932 0.655516 0.820626
v -1.668035 0.661056 0.821285
v -1.668270 0.659103 0.821507
v -1.668233 0.657156 0.821274
v -1.545865 0.963775 0.643853
v -1.549476 0.960764 0.649619
v -1.546804 0.963740 0.645419
v -1.547819 0.963155 0.647065
v -1.548759 0.962108 0.648537
v -2.253291 0.522911 0.605574
v -2.254921 0.515330 0.605140
v -2.254245 0.521107 0.606057
v -2.254891 0.519030 0.606142
v -2.255128 0.517001 0.605821
v -2.026915 0.854409 0.462878
v -2.031798 0.851034 0.468250
v -2.027953 0.854348 0.464420
v -2.029247 0.853683 0.465982
v -2.030596 0.852523 0.467327
v -3.284565 0.208620 0.275339
v -3.284328 0.207436 0.276438
v -3.269508 0.219021 0.281040
v -3.281740 0.211814 0.276509
v -3.283581 0.210499 0.276616
v -3.284612 0.209578 0.276802
v -3.282340 0.211406 0.277676
v -3.281074 0.210159 0.278209
v -3.277119 0.213315 0.279709
v -3.285621 0.207381 0.276104
v -3.283276 0.209719 0.277413
v -3.280701 0.212074 0.278500
v -3.273588 0.217444 0.279594
v -3.277886 0.214915 0.278004
v -3.273057 0.216427 0.280701
v -3.277443 0.214576 0.279114
v -3.281027 0.212752 0.277779
v -2.531177 0.697438 0.312238
v -2.530600 0.699402 0.305556
v -2.531626 0.698387 0.310820
v -2.531674 0.699093 0.309054
v -2.531312 0.699448 0.307205
v 0.399926 0.886905 1.793648
v 0.402277 0.890180 1.786980
v 0.400162 0.888352 1.792222
v 0.400693 0.889481 1.790454
v 0.401437 0.890123 1.788613
v 0.384365 0.534020 2.059797
v 0.383482 0.541581 2.058835
v 0.383970 0.535690 2.060372
v 0.383663 0.537711 2.060389
v 0.383495 0.539781 2.059848
v 0.883357 0.734699 2.178319
v 0.878024 0.732485 2.182517
v 0.882286 0.734725 2.179770
v 0.880894 0.734312 2.181077
v 0.879399 0.733527 2.182042
v 1.384232 0.141560 2.928259
v 1.371424 0.152364 2.918098
v 1.383190 0.140423 2.928599
v 1.381757 0.144857 2.926385
v 1.378452 0.148066 2.923798
v 1.382651 0.143494 2.928027
v 1.380319 0.145832 2.926413
v 1.381104 0.144452 2.927500
v 1.373586 0.149702 2.920994
v 1.376579 0.146497 2.924008
v 1.374825 0.150705 2.920887
v 1.377280 0.147747 2.923990
v 1.379528 0.145167 2.926504
v 1.384155 0.140314 2.929515
v 1.379954 0.143241 2.926679
v 1.381809 0.142733 2.928169
v 1.383044 0.142552 2.929011
v -0.215870 2.335696 0.337893
v -0.210632 2.335637 0.340857
v -0.212199 2.345877 0.337791
v -0.214403 2.336441 0.338116
v -0.212889 2.336693 0.338758
v -0.215073 2.337950 0.338822
v -0.214078 2.338318 0.339001
v -0.213338 2.339589 0.339631
v -0.211785 2.337896 0.340695
v -0.212491 2.340634 0.340054
v -0.211568 2.336409 0.339720
v -0.212453 2.338291 0.339927
v -0.213087 2.343459 0.338766
v -0.214094 2.340676 0.339128
v -0.213181 2.341753 0.339413
v 1.838727 0.247624 -2.637535
v 1.840467 0.245133 -2.636328
v 1.845851 0.244965 -2.650602
v 1.839942 0.245888 -2.638445
v 1.841113 0.247064 -2.639915
v 1.842549 0.246449 -2.641541
v 1.841924 0.245905 -2.640044
v 1.843458 0.246141 -2.644059
v 1.844971 0.245625 -2.646988
v -3.207738 0.227698 0.331832
v -3.222488 0.225025 0.331694
v -3.207514 0.225203 0.333926
v -3.210963 0.227129 0.332756
v -3.208788 0.226757 0.331992
v -3.213075 0.226508 0.333211
v -3.218943 0.225683 0.332679
v -3.216516 0.226234 0.332933
v -3.208667 0.225406 0.333124
v -3.211487 0.225962 0.333382
v 1.298134 0.175115 2.882999
v 1.296181 0.172645 2.883858
v 1.305844 0.172120 2.895529
v 1.298287 0.173354 2.884479
v 1.298993 0.174495 2.886230
v 1.299684 0.173835 2.888269
v 1.298710 0.173324 2.886993
v 1.300763 0.173683 2.889735
v 1.303937 0.173039 2.893311
v 1.301698 0.173485 2.891068
v -3.230585 0.236875 -0.335514
v -3.230399 0.234449 -0.337672
v -3.245418 0.234123 -0.335259
v -3.231640 0.235941 -0.335678
v -3.233868 0.236303 -0.336405
v -3.235963 0.235705 -0.336855
v -3.231540 0.234629 -0.336849
v -3.234330 0.235329 -0.336873
v -3.241896 0.234814 -0.336267
v -3.239413 0.235404 -0.336545
v 0.371964 2.340564 -0.008503
v 0.370087 2.350673 -0.005328
v 0.372010 2.340491 -0.002478
v 0.372381 2.342809 -0.007344
v 0.372173 2.345521 -0.006336
v 0.371446 2.341304 -0.007110
v 0.372056 2.343174 -0.006388
v 0.372242 2.344437 -0.005437
v 0.371378 2.348265 -0.005112
v 0.372195 2.345483 -0.004494
v 0.371973 2.346591 -0.005400
v 0.371468 2.341265 -0.003848
v 0.371273 2.341552 -0.005474
v 0.372419 2.342755 -0.003569
v 0.372075 2.343147 -0.004521
v 1.881462 0.178971 2.563366
v 1.888822 0.175863 2.576239
v 1.883176 0.176523 2.562077
v 1.883912 0.178305 2.565743
v 1.885358 0.177669 2.567283
v 1.887753 0.176830 2.573390
v 1.886863 0.177283 2.570404
v 1.882690 0.177217 2.564221
v 1.884695 0.177186 2.565726
v -0.216619 2.347081 -0.333903
v -0.212976 2.357228 -0.333604
v -0.211428 2.347096 -0.336961
v -0.215843 2.349345 -0.334788
v -0.214878 2.352071 -0.335045
v -0.215152 2.347833 -0.334136
v -0.214850 2.349722 -0.334978
v -0.213872 2.354836 -0.334626
v -0.213970 2.353161 -0.335310
v -0.213799 2.351567 -0.335851
v -0.212343 2.347839 -0.335788
v -0.213653 2.348098 -0.334798
v -0.212587 2.349356 -0.336707
v -0.213236 2.349726 -0.335928
v 1.253327 0.257023 -2.968545
v 1.260857 0.254365 -2.981293
v 1.251356 0.254578 -2.969448
v 1.254130 0.256496 -2.971801
v 1.253699 0.256094 -2.969552
v 1.254794 0.255887 -2.973881
v 1.258981 0.255227 -2.979018
v 1.256770 0.255612 -2.976723
v 1.252633 0.254771 -2.970040
v 1.253994 0.255488 -2.972492
v 2.094816 -0.128344 3.567306
v 2.098156 -0.131138 3.566492
v 2.100368 -0.128226 3.563974
v 2.094946 -0.129421 3.567845
v 2.095624 -0.130329 3.567879
v 2.096394 -0.127518 3.567038
v 2.097165 -0.129019 3.568082
v 2.097897 -0.130130 3.568510
v 2.099052 -0.129731 3.568064
v 2.099625 -0.130915 3.565735
v 2.100563 -0.130280 3.564989
v 2.096750 -0.130934 3.567405
v 2.098713 -0.130624 3.567471
v 2.100010 -0.130109 3.567270
v 2.099396 -0.127455 3.565237
v 2.098001 -0.127206 3.566312
v 2.100821 -0.129339 3.564371
v 2.099967 -0.128977 3.566425
v -4.222390 -0.054992 -0.004108
v -4.221335 -0.052294 -0.000846
v -4.221919 -0.053217 -0.007468
v -4.221921 -0.051363 -0.005781
v -4.223244 -0.052840 -0.005679
v -4.224000 -0.053944 -0.005295
v -4.224185 -0.053577 -0.004064
v -4.222445 -0.054807 -0.002435
v -4.222261 -0.054230 -0.001228
v -4.222480 -0.054757 -0.005762
v -4.223509 -0.054470 -0.004084
v -4.223979 -0.053985 -0.002848
v -4.221912 -0.051442 -0.002307
v -4.222118 -0.051115 -0.004039
v -4.221875 -0.053346 -0.000670
v -4.223225 -0.052902 -0.002437
v -0.015839 2.894385 0.010238
v -0.010273 2.894417 0.006961
v -0.015855 2.894474 0.003815
v -0.014263 2.895187 0.009986
v -0.012650 2.895477 0.009274
v -0.016408 2.895210 0.008778
v -0.014796 2.895854 0.008458
v -0.013402 2.896219 0.008002
v -0.013971 2.896326 0.007032
v -0.011266 2.895237 0.005759
v -0.012673 2.895537 0.004738
v -0.011249 2.895206 0.008212
v -0.012326 2.895867 0.007007
v -0.013411 2.896244 0.006045
v -0.016417 2.895256 0.005301
v -0.016611 2.895514 0.007045
v -0.014287 2.895267 0.004055
v -0.014807 2.895891 0.005609
v -0.015108 2.896235 0.007041
v 2.041272 -0.025226 -3.665251
v 2.039000 -0.027981 -3.667867
v 2.035617 -0.025158 -3.668534
v 2.041712 -0.026294 -3.665670
v 2.041437 -0.027191 -3.666315
v 2.040273 -0.024385 -3.666492
v 2.040819 -0.025856 -3.667724
v 2.040846 -0.026945 -3.668605
v 2.039871 -0.026543 -3.669386
v 2.037575 -0.027748 -3.668744
v 2.036432 -0.027132 -3.669181
v 2.040484 -0.027785 -3.667087
v 2.039538 -0.027445 -3.668814
v 2.038702 -0.026922 -3.669835
v 2.037213 -0.024350 -3.668269
v 2.038849 -0.024079 -3.667552
v 2.035748 -0.026221 -3.669106
v 2.037973 -0.025822 -3.669366
v -3.177212 0.184149 0.277241
v -3.176993 0.181660 0.279347
v -3.168830 0.182667 0.277158
v -3.178720 0.183055 0.277267
v -3.179207 0.182202 0.277679
v -3.175595 0.183442 0.276431
v -3.177038 0.182310 0.276471
v -3.176048 0.181522 0.276550
v -3.175396 0.181143 0.278376
v -3.173280 0.181154 0.277619
v -3.178602 0.181710 0.278407
v -3.176942 0.181216 0.277395
v -3.175123 0.181231 0.276829
v -3.171061 0.182639 0.276385
v -3.173436 0.182912 0.276132
v -3.170977 0.181689 0.277192
v -3.173354 0.181659 0.276434
v -0.181055 2.286015 0.275559
v -0.177599 2.281080 0.275478
v -0.175819 2.285959 0.278529
v -0.180269 2.284893 0.274616
v -0.179337 2.283561 0.274270
v -0.179585 2.286762 0.275784
v -0.178724 2.285599 0.274859
v -0.178035 2.284468 0.274577
v -0.176395 2.282199 0.275710
v -0.175635 2.283522 0.276371
v -0.178399 2.282221 0.274574
v -0.177205 2.283429 0.274825
v -0.176548 2.284453 0.275419
v -0.176751 2.286732 0.277392
v -0.178075 2.287014 0.276429
v -0.175428 2.284842 0.277359
v -0.176422 2.285576 0.276165
v -0.177530 2.285855 0.275443
v 1.326508 0.134633 2.832283
v 1.322257 0.133290 2.825034
v 1.324553 0.132172 2.833153
v 1.326365 0.133947 2.830475
v 1.325503 0.133448 2.828462
v 1.327242 0.133519 2.833583
v 1.327053 0.132792 2.831723
v 1.326461 0.132021 2.830906
v 1.323315 0.132277 2.826885
v 1.324119 0.131708 2.829078
v 1.324062 0.133218 2.826553
v 1.325184 0.132202 2.828536
v 1.325743 0.131748 2.830255
v 1.326182 0.132187 2.834053
v 1.327128 0.132658 2.834203
v 1.324555 0.131671 2.831277
v 1.326190 0.131708 2.832106
v 0.300681 2.290698 -0.008577
v 0.300726 2.290627 -0.002549
v 0.298939 2.285750 -0.005608
v 0.300162 2.291438 -0.007181
v 0.299990 2.291684 -0.005546
v 0.299479 2.289574 -0.008352
v 0.298938 2.290274 -0.006879
v 0.298864 2.290525 -0.005552
v 0.299521 2.289507 -0.002786
v 0.298759 2.288188 -0.003448
v 0.300189 2.291400 -0.003921
v 0.298959 2.290244 -0.004231
v 0.298371 2.289122 -0.004709
v 0.298537 2.286895 -0.006745
v 0.298727 2.288240 -0.007709
v 0.298555 2.286870 -0.004440
v 0.298174 2.288099 -0.005575
v 0.298356 2.289143 -0.006419
v 1.767443 0.197759 -2.637605
v 1.763300 0.196239 -2.630335
v 1.769184 0.195271 -2.636401
v 1.765955 0.197044 -2.636591
v 1.764642 0.196505 -2.634851
v 1.768207 0.196674 -2.638913
v 1.766691 0.195919 -2.637838
v 1.766282 0.195127 -2.636932
v 1.764376 0.195270 -2.632193
v 1.765870 0.194745 -2.634000
v 1.763712 0.196225 -2.632654
v 1.764868 0.195251 -2.634639
v 1.766078 0.194834 -2.635993
v 1.769146 0.195326 -2.638259
v 1.768804 0.195821 -2.639141
v 1.767560 0.194746 -2.635477
v 1.767456 0.194826 -2.637305
v 1.810180 0.129103 2.563295
v 1.811892 0.126659 2.562007
v 1.805909 0.127786 2.556017
v 1.810846 0.128151 2.564108
v 1.808406 0.128803 2.562093
v 1.809289 0.127635 2.563021
v 1.809969 0.126736 2.563411
v 1.808928 0.126622 2.562238
v 1.810359 0.126007 2.560621
v 1.808682 0.125995 2.558997
v 1.811774 0.126827 2.563409
v 1.810217 0.126309 2.562323
v 1.808789 0.126154 2.561188
v 1.806093 0.128088 2.558152
v 1.806967 0.128444 2.560288
v 1.807123 0.126618 2.557379
v 1.807492 0.126909 2.559789
v 1.808059 0.127203 2.561739
v -3.194788 0.185707 -0.274949
v -3.186378 0.184243 -0.275040
v -3.194607 0.183279 -0.277109
v -3.192854 0.185358 -0.274047
v -3.190576 0.184958 -0.273746
v -3.195848 0.184772 -0.275115
v -3.194127 0.184216 -0.274342
v -3.192398 0.183748 -0.273949
v -3.193287 0.183190 -0.274446
v -3.188191 0.183109 -0.275391
v -3.190390 0.182530 -0.275910
v -3.188301 0.184567 -0.274096
v -3.190441 0.183428 -0.274470
v -3.192322 0.182709 -0.274871
v -3.195747 0.183458 -0.276282
v -3.192642 0.182588 -0.276512
v -3.194025 0.182901 -0.275512
v -3.194820 0.183330 -0.274734
v -0.180827 2.295911 -0.273340
v -0.175631 2.295927 -0.276395
v -0.177370 2.290974 -0.273431
v -0.179359 2.296661 -0.273572
v -0.177859 2.296927 -0.274234
v -0.180026 2.294767 -0.272437
v -0.178481 2.295481 -0.272689
v -0.177298 2.295745 -0.273285
v -0.175226 2.294783 -0.275262
v -0.175415 2.293437 -0.274299
v -0.176548 2.296670 -0.275225
v -0.176198 2.295486 -0.274033
v -0.176317 2.294345 -0.273311
v -0.178156 2.292096 -0.272487
v -0.179089 2.293428 -0.272139
v -0.176167 2.292103 -0.273657
v -0.176961 2.293310 -0.272729
v -0.177790 2.294341 -0.272443
v 1.289123 0.205856 -2.907981
v 1.287149 0.203407 -2.908882
v 1.284988 0.204326 -2.900712
v 1.289832 0.204771 -2.909317
v 1.289711 0.203926 -2.909959
v 1.289005 0.205120 -2.906191
v 1.289674 0.203997 -2.907476
v 1.289096 0.203207 -2.906669
v 1.287186 0.202863 -2.907020
v 1.286785 0.202845 -2.904816
v 1.288765 0.203447 -2.909805
v 1.288806 0.202924 -2.907871
v 1.288392 0.202916 -2.906016
v 1.286769 0.204296 -2.902257
v 1.288178 0.204573 -2.904180
v 1.286015 0.203358 -2.902602
v 1.287857 0.203327 -2.904278
v -1.296303 0.981008 -0.659633
v -1.295271 0.976780 -0.658262
v -1.295589 0.980474 -0.658395
v -1.295141 0.979482 -0.657698
v -1.295030 0.978186 -0.657653
v -0.291817 1.025347 -1.223598
v -0.292846 1.029597 -1.224960
v -0.291576 1.026759 -1.222984
v -0.291689 1.028064 -1.223029
v -0.292134 1.029059 -1.223720
v -1.405567 0.601171 -0.905713
v -1.407905 0.601212 -0.909971
v -1.406065 0.600086 -0.906755
v -1.406683 0.599713 -0.907928
v -1.407328 0.600109 -0.909058
v -0.404440 0.649822 -1.475284
v -0.402104 0.649786 -1.471020
v -0.403868 0.648719 -1.474372
v -0.403222 0.648324 -1.473241
v -0.402602 0.648701 -1.472063
v -0.783076 1.033182 -0.925924
v -0.782044 1.028954 -0.924553
v -0.782363 1.032648 -0.924685
v -0.781916 1.031658 -0.923991
v -0.781803 1.030360 -0.923943
v -0.894519 0.653936 -1.175901
v -0.892188 0.653885 -1.171650
v -0.893943 0.652835 -1.174987
v -0.893301 0.652435 -1.173861
v -0.892684 0.652806 -1.172686
v 0.032370 0.597928 -1.782455
v 0.034719 0.597926 -1.778163
v 0.032946 0.596826 -1.781539
v 0.033594 0.596439 -1.780402
v 0.034219 0.596824 -1.779216
v 0.145036 0.973586 -1.530680
v 0.144010 0.977878 -1.532024
v 0.145282 0.975016 -1.530055
v 0.145173 0.976334 -1.530092
v 0.144726 0.977339 -1.530781
v 0.515486 0.467918 -2.182873
v 0.517057 0.468195 -2.177867
v 0.516006 0.466835 -2.181901
v 0.516484 0.466506 -2.180608
v 0.516854 0.466983 -2.179192
v 0.545491 0.872247 -1.857231
v 0.543669 0.876824 -1.857891
v 0.545435 0.873784 -1.856337
v 0.545068 0.875193 -1.856149
v 0.544450 0.876262 -1.856695
v 1.321880 0.179578 -2.910766
v 1.314236 0.181331 -2.898931
v 1.320582 0.178153 -2.911144
v 1.320802 0.179881 -2.907658
v 1.318969 0.180323 -2.904317
v 1.322237 0.178928 -2.911895
v 1.321449 0.178591 -2.909373
v 1.320277 0.178516 -2.906900
v 1.320600 0.177829 -2.908245
v 1.315384 0.179623 -2.901485
v 1.316994 0.178422 -2.904702
v 1.316666 0.180834 -2.901253
v 1.318148 0.178955 -2.904348
v 1.319440 0.177707 -2.907065
v 1.321535 0.178156 -2.912099
v 1.318819 0.177905 -2.908094
v 1.320520 0.177663 -2.909575
v 1.321655 0.177691 -2.910381
v 0.934559 0.730715 -2.216143
v 0.933320 0.727363 -2.212568
v 0.935112 0.730245 -2.214716
v 0.935071 0.729445 -2.213536
v 0.934444 0.728433 -2.212782
v -1.826188 0.873148 -0.429861
v -1.826293 0.868643 -0.428014
v -1.825561 0.872592 -0.428582
v -1.825356 0.871542 -0.427782
v -1.825614 0.870155 -0.427582
v -2.069579 0.444135 -0.636045
v -2.073098 0.443841 -0.639869
v -2.070530 0.442920 -0.636920
v -2.071534 0.442438 -0.637953
v -2.072436 0.442762 -0.638991
v -2.402904 0.707157 -0.214842
v -2.406203 0.710650 -0.215513
v -2.403522 0.708281 -0.213953
v -2.404369 0.709336 -0.213770
v -2.405308 0.710172 -0.214316
v -3.325876 0.037324 -0.223288
v -3.325531 0.035998 -0.224581
v -3.311186 0.039874 -0.224296
v -3.327008 0.036626 -0.223505
v -3.322476 0.037796 -0.222753
v -3.324278 0.036437 -0.223019
v -3.325251 0.035506 -0.223334
v -3.322775 0.035774 -0.223246
v -3.321826 0.035929 -0.224694
v -3.317797 0.036641 -0.224679
v -3.326822 0.035908 -0.224205
v -3.323976 0.035561 -0.223930
v -3.321122 0.035748 -0.223698
v -3.314529 0.039175 -0.223299
v -3.318492 0.038443 -0.222758
v -3.314061 0.038027 -0.224540
v -3.318035 0.037138 -0.223514
v -3.321415 0.036513 -0.222883
v -1.355407 0.996875 -0.765599
v -1.352297 0.999723 -0.759570
v -1.354851 0.998176 -0.764425
v -1.354065 0.999175 -0.762866
v -1.353165 0.999719 -0.761162
v -0.348839 1.048310 -1.324892
v -0.351956 1.045446 -1.330937
v -0.349711 1.048305 -1.326487
v -0.350610 1.047760 -1.328195
v -0.351397 1.046755 -1.329757
v -1.441682 0.695086 -0.960131
v -1.441931 0.702234 -0.959708
v -1.442098 0.696731 -0.960687
v -1.442289 0.698669 -0.960802
v -1.442231 0.700600 -0.960460
v -0.438467 0.750846 -1.525015
v -0.438222 0.743691 -1.525441
v -0.438770 0.749209 -1.525768
v -0.438827 0.747277 -1.526112
v -0.438633 0.745337 -1.525998
v -0.842184 1.049053 -1.031891
v -0.839076 1.051896 -1.025865
v -0.841627 1.050354 -1.030718
v -0.840841 1.051353 -1.029161
v -0.839944 1.051894 -1.027458
v -0.928549 0.754949 -1.225644
v -0.928297 0.747813 -1.226062
v -0.928850 0.753318 -1.226392
v -0.928906 0.751390 -1.226733
v -0.928712 0.749457 -1.226616
v -0.001641 0.698990 -1.832160
v -0.001405 0.691788 -1.832608
v -0.001947 0.697337 -1.832920
v -0.002008 0.695390 -1.833272
v -0.001817 0.693441 -1.833163
v 0.088036 0.996590 -1.631931
v 0.084899 0.993682 -1.638016
v 0.087158 0.996580 -1.633531
v 0.086256 0.996026 -1.635251
v 0.085460 0.995007 -1.636826
v 0.480487 0.569318 -2.231681
v 0.481722 0.561770 -2.233018
v 0.480559 0.567532 -2.232784
v 0.480820 0.565471 -2.233423
v 0.481227 0.563447 -2.233507
v 0.487717 0.895526 -1.957754
v 0.485565 0.892282 -1.964747
v 0.486911 0.895493 -1.959430
v 0.486219 0.894866 -1.961348
v 0.485748 0.893736 -1.963215
v 1.287876 0.273179 -2.960916
v 1.286813 0.271998 -2.961288
v 1.275298 0.283320 -2.950600
v 1.288328 0.272606 -2.962036
v 1.285421 0.276326 -2.959006
v 1.286266 0.275046 -2.960675
v 1.286631 0.274146 -2.961678
v 1.284721 0.275936 -2.960121
v 1.283627 0.274665 -2.959327
v 1.280323 0.277755 -2.956606
v 1.285429 0.274266 -2.960830
v 1.283183 0.276578 -2.959114
v 1.278617 0.281814 -2.953421
v 1.282169 0.279360 -2.956374
v 1.277398 0.280794 -2.953540
v 1.280993 0.279019 -2.956561
v 1.283964 0.277256 -2.959013
v 0.873173 0.747499 -2.319865
v 0.878635 0.749409 -2.315954
v 0.874617 0.748444 -2.319520
v 0.876164 0.749142 -2.318656
v 0.877576 0.749479 -2.317404
v -1.886719 0.888672 -0.535230
v -1.882169 0.891858 -0.529771
v -1.885615 0.890103 -0.534279
v -1.884361 0.891212 -0.532907
v -1.883150 0.891829 -0.531324
v -2.106877 0.537712 -0.690027
v -2.105635 0.545283 -0.690154
v -2.107181 0.539389 -0.690626
v -2.107049 0.541417 -0.690860
v -2.106506 0.543488 -0.690693
v -2.462156 0.729354 -0.315383
v -2.463075 0.727267 -0.322147
v -2.462866 0.729410 -0.317040
v -2.463291 0.729033 -0.318907
v -2.463363 0.728279 -0.320700
v -3.359544 0.130984 -0.273645
v -3.344360 0.141973 -0.279352
v -3.359306 0.129866 -0.274741
v -3.356693 0.134315 -0.274773
v -3.352806 0.137574 -0.276253
v -3.360715 0.130349 -0.273778
v -3.358557 0.132945 -0.274857
v -3.355996 0.135320 -0.276006
v -3.357322 0.133930 -0.275906
v -3.347936 0.139286 -0.279002
v -3.352036 0.136042 -0.278003
v -3.348475 0.140262 -0.277861
v -3.352378 0.137277 -0.277368
v -3.355671 0.134670 -0.276746
v -3.356028 0.132733 -0.276507
v -3.358250 0.132202 -0.275668
v -3.359600 0.132001 -0.275033
v 1.234225 1.004845 -0.826060
v 1.231935 1.000900 -0.825956
v 1.232734 1.004520 -0.826096
v 1.231774 1.003655 -0.826088
v 1.231492 1.002383 -0.826039
v 1.202982 1.033136 0.325999
v 1.205262 1.037102 0.325893
v 1.202539 1.034628 0.325915
v 1.202816 1.035907 0.325864
v 1.203773 1.036775 0.325859
v 1.444834 0.590463 -0.799598
v 1.449643 0.589812 -0.799401
v 1.445817 0.589224 -0.799505
v 1.447076 0.588665 -0.799437
v 1.448420 0.588872 -0.799399
v 1.420673 0.622095 0.352551
v 1.415859 0.622751 0.352354
v 1.419451 0.621154 0.352552
v 1.418104 0.620949 0.352516
v 1.416845 0.621509 0.352445
v 1.203930 1.051370 -0.248176
v 1.201643 1.047426 -0.248072
v 1.202440 1.051043 -0.248213
v 1.201484 1.050180 -0.248206
v 1.201205 1.048910 -0.248156
v 1.419041 0.636941 -0.221556
v 1.414239 0.637581 -0.221752
v 1.417820 0.636000 -0.221554
v 1.416476 0.635790 -0.221592
v 1.415221 0.636346 -0.221661
v 1.449443 0.555867 0.884188
v 1.444603 0.556561 0.883987
v 1.448219 0.554928 0.884188
v 1.446867 0.554730 0.884151
v 1.445599 0.555305 0.884081
v 1.231670 0.967052 0.857626
v 1.233944 0.971067 0.857519
v 1.231218 0.968562 0.857540
v 1.231494 0.969858 0.857490
v 1.232449 0.970736 0.857483
v 1.522366 0.402827 1.502168
v 1.517360 0.403842 1.500937
v 1.521126 0.401910 1.502090
v 1.519735 0.401781 1.501830
v 1.518417 0.402461 1.501425
v 1.288494 0.847259 1.367223
v 1.290635 0.851597 1.366085
v 1.287984 0.848892 1.366742
v 1.288211 0.850291 1.366358
v 1.289143 0.851239 1.366126
v 1.684402 0.069000 2.563084
v 1.678547 0.071841 2.550466
v 1.685183 0.067466 2.562141
v 1.682363 0.069644 2.560565
v 1.680537 0.070411 2.557281
v 1.685080 0.068230 2.563965
v 1.683301 0.068185 2.561980
v 1.681798 0.068362 2.559700
v 1.682672 0.067526 2.560656
v 1.679879 0.069886 2.552735
v 1.681609 0.068367 2.555751
v 1.679194 0.071183 2.553736
v 1.680791 0.069009 2.556571
v 1.682253 0.067494 2.559052
v 1.685508 0.067401 2.563452
v 1.683470 0.067517 2.559055
v 1.683818 0.067181 2.561273
v 1.683924 0.067175 2.562660
v 1.372865 0.682797 1.883032
v 1.369997 0.679875 1.880067
v 1.371306 0.682549 1.882761
v 1.370215 0.681906 1.882102
v 1.369755 0.680966 1.881155
v 1.296092 0.897474 -1.400386
v 1.293944 0.893252 -1.401508
v 1.294607 0.897128 -1.400516
v 1.293676 0.896203 -1.400774
v 1.293446 0.894842 -1.401123
v 1.534732 0.431881 -1.510274
v 1.539736 0.430886 -1.511323
v 1.535790 0.430509 -1.510659
v 1.537111 0.429839 -1.510994
v 1.538496 0.429969 -1.511226
v 1.386239 0.727936 -2.008266
v 1.388993 0.731119 -2.010683
v 1.385962 0.729129 -2.009238
v 1.386388 0.730150 -2.010034
v 1.387452 0.730852 -2.010544
v 1.771808 0.010546 -2.806584
v 1.772538 0.009083 -2.805644
v 1.765493 0.013786 -2.793434
v 1.772475 0.009759 -2.807456
v 1.769680 0.011276 -2.803941
v 1.770635 0.009793 -2.805368
v 1.771269 0.008775 -2.806058
v 1.769966 0.009193 -2.803977
v 1.770723 0.009216 -2.802413
v 1.768747 0.010155 -2.798959
v 1.772870 0.008968 -2.806947
v 1.771127 0.008824 -2.804655
v 1.769494 0.009207 -2.802326
v 1.766260 0.013028 -2.796825
v 1.767732 0.012151 -2.800512
v 1.766906 0.011760 -2.795803
v 1.767952 0.010785 -2.799755
v 1.769066 0.010053 -2.802986
v 1.356504 1.003303 -0.821753
v 1.350208 1.007087 -0.822147
v 1.355411 1.004777 -0.821860
v 1.353828 1.006014 -0.821972
v 1.352003 1.006826 -0.822073
v 1.321245 1.039347 0.329805
v 1.327556 1.035542 0.330202
v 1.323041 1.039082 0.329880
v 1.324870 1.038266 0.329983
v 1.326454 1.037021 0.330094
v 1.522731 0.674226 -0.800775
v 1.523514 0.681342 -0.801078
v 1.523650 0.675760 -0.800815
v 1.524121 0.677648 -0.800886
v 1.524071 0.679608 -0.800979
v 1.494537 0.713626 0.350876
v 1.493759 0.706505 0.351178
v 1.495099 0.711893 0.350975
v 1.495147 0.709929 0.351068
v 1.494675 0.708037 0.351139
v 1.326212 1.049831 -0.243871
v 1.319921 1.053614 -0.244263
v 1.325120 1.051303 -0.243975
v 1.323541 1.052542 -0.244088
v 1.321716 1.053351 -0.244188
v 1.492918 0.728456 -0.223231
v 1.492131 0.721354 -0.222931
v 1.493475 0.726730 -0.223132
v 1.493518 0.724772 -0.223039
v 1.493047 0.722885 -0.222969
v 1.523284 0.647440 0.882509
v 1.522521 0.640269 0.882814
v 1.523849 0.645687 0.882610
v 1.523907 0.643710 0.882702
v 1.523437 0.641806 0.882774
v 1.349895 0.973311 0.861431
v 1.356244 0.969456 0.861828
v 1.351698 0.973042 0.861505
v 1.353539 0.972217 0.861608
v 1.355136 0.970958 0.861721
v 1.596003 0.494795 1.499184
v 1.595435 0.487221 1.500797
v 1.596647 0.492891 1.499785
v 1.596765 0.490782 1.500302
v 1.596338 0.488791 1.500657
v 1.406536 0.853836 1.369994
v 1.413103 0.849588 1.371698
v 1.408365 0.853540 1.370169
v 1.410252 0.852626 1.370554
v 1.411918 0.851240 1.371092
v 1.757557 0.153132 2.561507
v 1.758251 0.151855 2.560768
v 1.756706 0.163791 2.545599
v 1.757642 0.156356 2.558478
v 1.758442 0.154921 2.560039
v 1.758976 0.153920 2.560850
v 1.758893 0.155786 2.558447
v 1.758600 0.154569 2.557074
v 1.758427 0.157789 2.552895
v 1.758568 0.151754 2.562064
v 1.758892 0.154079 2.559387
v 1.758919 0.156460 2.556617
v 1.757182 0.162122 2.549868
v 1.757512 0.159513 2.554391
v 1.757761 0.161028 2.548866
v 1.758224 0.159084 2.553471
v 1.758528 0.157191 2.557248
v 1.494547 0.682321 1.884241
v 1.488705 0.685038 1.886939
v 1.493647 0.683386 1.885318
v 1.492222 0.684278 1.886209
v 1.490485 0.684856 1.886779
v 1.418557 0.895588 -1.397617
v 1.412048 0.899716 -1.396476
v 1.417385 0.897195 -1.397136
v 1.415735 0.898541 -1.396750
v 1.413865 0.899430 -1.396518
v 1.612822 0.515296 -1.512696
v 1.613367 0.522844 -1.511433
v 1.613723 0.516861 -1.512617
v 1.614141 0.518846 -1.512347
v 1.614016 0.520947 -1.511932
v 1.504899 0.733359 -2.006773
v 1.510800 0.730358 -2.004108
v 1.506674 0.733158 -2.006524
v 1.508419 0.732516 -2.005931
v 1.509869 0.731534 -2.005083
v 1.844976 0.094725 -2.807768
v 1.843578 0.105734 -2.791618
v 1.845621 0.093492 -2.807019
v 1.844938 0.098038 -2.804685
v 1.844662 0.101298 -2.800530
v 1.845773 0.096567 -2.806261
v 1.845768 0.098915 -2.803432
v 1.846167 0.097474 -2.804642
v 1.844737 0.102914 -2.794911
v 1.845533 0.099597 -2.798995
v 1.844182 0.104000 -2.795942
v 1.845344 0.100884 -2.799593
v 1.846138 0.098193 -2.802784
v 1.845948 0.093344 -2.808307
v 1.845844 0.096286 -2.803245
v 1.846196 0.095743 -2.805592
v 1.846321 0.095550 -2.807079
v -0.750223 1.014860 0.896020
v -0.750960 1.019072 0.897625
v -0.749842 1.016278 0.895511
v -0.749852 1.017575 0.895638
v -0.750241 1.018558 0.896379
v -0.398432 0.619467 1.406002
v -0.400922 0.619445 1.410164
v -0.399054 0.618368 1.406949
v -0.399750 0.617977 1.408072
v -0.400405 0.618355 1.409202
v -0.248049 0.999008 1.188203
v -0.248790 1.003211 1.189814
v -0.247672 1.000423 1.187698
v -0.247680 1.001719 1.187827
v -0.248072 1.002698 1.188569
v -0.900595 0.635346 1.113804
v -0.903089 0.635317 1.117968
v -0.901220 0.634242 1.114751
v -0.901914 0.633851 1.115876
v -0.902570 0.634228 1.117006
v -1.397660 0.598352 0.866444
v -1.400168 0.598301 0.870628
v -1.398291 0.597238 0.867398
v -1.398989 0.596839 0.868529
v -1.399646 0.597212 0.869661
v -1.247116 0.978301 0.648411
v -1.247847 0.982548 0.650006
v -1.246732 0.979733 0.647898
v -1.246736 0.981043 0.648020
v -1.247126 0.982032 0.648761
v -1.725621 0.894342 0.448702
v -1.726221 0.898665 0.450329
v -1.725184 0.895800 0.448194
v -1.725142 0.897137 0.448324
v -1.725506 0.898143 0.449077
v -1.889135 0.510664 0.662468
v -1.891782 0.510547 0.666633
v -1.889819 0.509525 0.663415
v -1.890561 0.509103 0.664539
v -1.891251 0.509462 0.665670
v -2.855593 0.398514 0.213382
v -2.866379 0.397909 0.213618
v -2.859192 0.397609 0.212534
v -2.862509 0.397177 0.212280
v -2.865031 0.397282 0.212661
v -2.220715 0.758185 0.281216
v -2.218300 0.763421 0.283840
v -2.219122 0.759992 0.281083
v -2.218102 0.761622 0.281534
v -2.217809 0.762827 0.282503
v -2.695965 0.283862 0.393335
v -2.701636 0.282851 0.396533
v -2.697805 0.282381 0.393912
v -2.699530 0.281665 0.394720
v -2.700876 0.281831 0.395642
v 0.090016 0.540947 1.740332
v 0.087644 0.540876 1.744603
v 0.089436 0.539826 1.741319
v 0.088785 0.539421 1.742478
v 0.088154 0.539788 1.743631
v 0.227829 0.926893 1.510445
v 0.226955 0.931134 1.511963
v 0.228155 0.928322 1.509901
v 0.228106 0.929630 1.509999
v 0.227684 0.930617 1.510724
v 1.172484 0.382562 2.468840
v 1.177876 0.382025 2.478047
v 1.175079 0.381683 2.471422
v 1.177011 0.381271 2.474078
v 1.177994 0.381391 2.476404
v 0.872115 0.266947 2.393452
v 0.872541 0.265841 2.400106
v 0.872607 0.265431 2.395354
v 0.872859 0.264686 2.397284
v 0.872836 0.264832 2.398955
v 0.702935 0.794693 1.879993
v 0.699346 0.799746 1.879381
v 0.702229 0.796434 1.878628
v 0.701298 0.798003 1.878032
v 0.700288 0.799167 1.878296
v -0.809278 1.036083 0.996536
v -0.812852 1.033127 1.002250
v -0.810210 1.036051 0.998092
v -0.811217 1.035477 0.999725
v -0.812145 1.034453 1.001185
v -0.428965 0.712475 1.465199
v -0.428617 0.719619 1.465245
v -0.429267 0.714110 1.465846
v -0.429306 0.716042 1.466083
v -0.429078 0.717977 1.465872
v -0.307107 1.020222 1.288726
v -0.310678 1.017275 1.294435
v -0.308039 1.020189 1.290282
v -0.309046 1.019619 1.291912
v -0.309973 1.018596 1.293372
v -0.931132 0.728344 1.173001
v -0.930782 0.735494 1.173046
v -0.931435 0.729981 1.173650
v -0.931471 0.731915 1.173886
v -0.931244 0.733851 1.173674
v -1.428208 0.691321 0.925656
v -1.427849 0.698503 0.925687
v -1.428508 0.692960 0.926303
v -1.428545 0.694902 0.926538
v -1.428314 0.696847 0.926322
v -1.306153 0.999557 0.748900
v -1.309746 0.996569 0.754642
v -1.307088 0.999524 0.750461
v -1.308098 0.998944 0.752099
v -1.309034 0.997906 0.753569
v -1.784507 0.915670 0.549191
v -1.788285 0.912600 0.554922
v -1.785461 0.915629 0.550756
v -1.786511 0.915033 0.552395
v -1.787502 0.913970 0.553857
v -1.919820 0.603556 0.721656
v -1.919287 0.610823 0.721722
v -1.920108 0.605204 0.722307
v -1.920111 0.607163 0.722549
v -1.919822 0.609138 0.722344
v -2.909343 0.452724 0.290213
v -2.900328 0.458240 0.296640
v -2.909187 0.453818 0.291645
v -2.907416 0.455253 0.293371
v -2.904306 0.456804 0.295124
v -2.276556 0.780419 0.382656
v -2.284194 0.776210 0.387172
v -2.277804 0.780293 0.384134
v -2.279696 0.779450 0.385512
v -2.281939 0.778017 0.386578
v -2.729669 0.375851 0.451551
v -2.725315 0.384252 0.452854
v -2.729668 0.377586 0.452297
v -2.728841 0.379791 0.452806
v -2.727310 0.382134 0.453003
v 0.059603 0.633902 1.799633
v 0.059796 0.641109 1.799547
v 0.059289 0.635541 1.800272
v 0.059217 0.637487 1.800480
v 0.059394 0.639442 1.800225
v 0.168648 0.948145 1.610862
v 0.165229 0.945151 1.616704
v 0.167725 0.948111 1.612430
v 0.166751 0.947529 1.614090
v 0.165874 0.946491 1.615593
v 1.134921 0.436826 2.554625
v 1.124894 0.442229 2.550555
v 1.133628 0.437914 2.555261
v 1.131268 0.439323 2.554711
v 1.128201 0.440837 2.553059
v 0.844498 0.358862 2.455135
v 0.841206 0.367361 2.452086
v 0.843918 0.360601 2.455550
v 0.843089 0.362829 2.455118
v 0.842136 0.365201 2.453900
v 0.641058 0.816750 1.978246
v 0.640963 0.812768 1.986747
v 0.640385 0.816640 1.980021
v 0.640131 0.815845 1.982261
v 0.640334 0.814485 1.984620
v 1.397210 0.093910 2.901085
v 1.398366 0.095159 2.900738
v 1.398245 0.093623 2.901887
v -3.270310 0.160934 0.248929
v -3.270607 0.162242 0.247724
v -3.271544 0.160667 0.248456
v -2.118589 1.421055 0.004690
v -2.118655 1.421136 -0.001718
v -2.119777 1.421461 0.003227
v -2.120204 1.421619 0.001500
v -2.119811 1.421504 -0.000238
v 1.015525 1.434559 -1.829205
v 1.009909 1.434638 -1.832391
v 1.014824 1.434974 -1.830945
v 1.013507 1.435132 -1.832161
v 1.011782 1.435015 -1.832669
v -1.091703 -0.041487 -1.835982
v -1.092872 -0.038626 -1.837872
v -1.092456 -0.041250 -1.837250
v -1.092942 -0.040622 -1.838056
v 1.045088 1.383033 1.785554
v 1.039511 1.383011 1.788793
v 1.044413 1.383392 1.787305
v 1.043114 1.383513 1.788534
v 1.041394 1.383381 1.789057
v -1.062122 -0.093064 1.781189
v -1.063206 -0.090292 1.783236
v -1.062851 -0.092868 1.782481
v -1.063315 -0.092273 1.783323
v 2.068578 -0.079561 -0.050683
v 2.070802 -0.076704 -0.050581
v 2.070055 -0.079347 -0.050685
v 2.070994 -0.078728 -0.050666
v -1.711802 1.281698 0.334861
v -1.717355 1.285432 0.334749
v -1.712750 1.282727 0.335790
v -1.714136 1.283800 0.336094
v -1.715755 1.284749 0.335731
v 0.546800 1.259007 1.616642
v 0.543753 1.255378 1.611927
v 0.545112 1.258365 1.615774
v 0.543937 1.257449 1.614573
v 0.543461 1.256399 1.613221
v -0.958392 0.198546 1.613596
v -0.955666 0.198923 1.608891
v -0.957874 0.199437 1.612731
v -0.957170 0.199821 1.611533
v -0.956396 0.199641 1.610185
v 1.105347 1.294096 -1.323020
v 1.107938 1.297865 -1.327891
v 1.106612 1.295129 -1.323388
v 1.107553 1.296212 -1.324443
v 1.108019 1.297171 -1.326024
v 1.126735 1.259732 1.280444
v 1.129400 1.263349 1.285350
v 1.128007 1.260756 1.280819
v 1.128964 1.261804 1.281883
v 1.129451 1.262711 1.283474
v 1.867351 0.210390 -0.037255
v 1.861819 0.210829 -0.037125
v 1.866304 0.211307 -0.037205
v 1.864888 0.211712 -0.037162
v 1.863310 0.211545 -0.037134
v -1.729145 1.295705 -0.334438
v -1.723602 1.291980 -0.334708
v -1.727562 1.295047 -0.335451
v -1.725949 1.294108 -0.335857
v -1.724562 1.293031 -0.335598
v 0.523914 1.305818 -1.657416
v 0.520951 1.302061 -1.652751
v 0.522241 1.305148 -1.656541
v 0.521092 1.304201 -1.655347
v 0.520637 1.303116 -1.654017
v -0.992273 0.244221 -1.658305
v -0.989523 0.244514 -1.653561
v -0.991757 0.245100 -1.657397
v -0.991054 0.245466 -1.656178
v -0.990269 0.245261 -1.654830
v -1.673938 1.231365 0.276318
v -1.679132 1.235081 0.276400
v -1.675403 1.232042 0.275413
v -1.676907 1.232985 0.275111
v -1.678214 1.234055 0.275458
v 0.575347 1.210297 1.555406
v 0.572690 1.206669 1.550870
v 0.575668 1.209274 1.554126
v 0.575274 1.208225 1.552814
v 0.574228 1.207311 1.551670
v -0.926221 0.156917 1.556251
v -0.923285 0.157979 1.551098
v -0.925474 0.156250 1.554921
v -0.924656 0.156218 1.553477
v -0.923884 0.156826 1.552134
v 1.031471 1.240497 -1.318601
v 1.034063 1.244230 -1.323091
v 1.031392 1.241174 -1.320320
v 1.031859 1.242124 -1.321778
v 1.032794 1.243196 -1.322751
v 1.052789 1.206248 1.275822
v 1.055451 1.209867 1.280372
v 1.052739 1.206884 1.277562
v 1.053227 1.207796 1.279038
v 1.054180 1.208843 1.280024
v 1.790538 0.160964 -0.037197
v 1.784605 0.162015 -0.037148
v 1.789018 0.160296 -0.037193
v 1.787354 0.160259 -0.037184
v 1.785806 0.160864 -0.037167
v -1.687810 1.240808 -0.274145
v -1.682602 1.237102 -0.274234
v -1.686876 1.239760 -0.273242
v -1.685557 1.238683 -0.272942
v -1.684057 1.237750 -0.273290
v 0.556745 1.250890 -1.592189
v 0.554160 1.247152 -1.587704
v 0.557086 1.249838 -1.590938
v 0.556715 1.248758 -1.589645
v 0.555686 1.247813 -1.588510
v -0.953729 0.193344 -1.592997
v -0.950704 0.194283 -1.587870
v -0.952962 0.192647 -1.591697
v -0.952116 0.192584 -1.590267
v -0.951325 0.193154 -1.588924
v -0.198462 2.310855 0.306726
v -0.193224 2.310797 0.309694
v -0.196993 2.311603 0.306953
v -0.195482 2.311853 0.307596
v -0.194158 2.311571 0.308558
v 1.310365 0.152407 2.858505
v 1.312321 0.154875 2.857642
v 1.311653 0.152583 2.859085
v 1.312711 0.153919 2.858617
v 1.803083 0.222691 -2.637570
v 1.804826 0.220201 -2.636365
v 1.803741 0.221758 -2.638413
v 1.804682 0.220407 -2.637764
v 1.845822 0.154039 2.563332
v 1.847535 0.151593 2.562043
v 1.847047 0.152283 2.564183
v -0.193528 2.321513 -0.306679
v -0.198722 2.321496 -0.303622
v -0.194448 2.322254 -0.305507
v -0.195757 2.322514 -0.304516
v -0.197257 2.322248 -0.303852
v -3.212503 0.208863 -0.307391
v -3.212689 0.211291 -0.305233
v -3.213644 0.209044 -0.306568
v -3.213743 0.210356 -0.305397
v -3.192474 0.205924 0.304537
v -3.192254 0.203429 0.306636
v -3.193525 0.204983 0.304696
v -3.193408 0.203632 0.305832
v 0.336369 2.315561 -0.002512
v 0.336324 2.315632 -0.008540
v 0.335828 2.316333 -0.003884
v 0.335630 2.316617 -0.005508
v 0.335802 2.316370 -0.007144
v 1.269253 0.228994 -2.939164
v 1.271225 0.231437 -2.938264
v 1.270530 0.229183 -2.939760
v 1.271596 0.230508 -2.939272
v -0.531707 1.033694 -1.071761
v -0.532738 1.037926 -1.073125
v -0.531467 1.035100 -1.071150
v -0.531577 1.036402 -1.071195
v -0.532024 1.037393 -1.071888
v -1.147644 0.634523 -1.033576
v -1.149979 0.634570 -1.037828
v -1.148140 0.633443 -1.034615
v -1.148759 0.633070 -1.035788
v -1.149406 0.633467 -1.036917
v -1.037442 1.009802 -0.786343
v -1.038473 1.014028 -0.787715
v -1.037201 1.011206 -0.785735
v -1.037317 1.012501 -0.785780
v -1.037762 1.013491 -0.786477
v -0.641903 0.658440 -1.318978
v -0.644237 0.658488 -1.323234
v -0.642401 0.657355 -1.320017
v -0.643017 0.656985 -1.321192
v -0.643662 0.657381 -1.322321
v -0.177183 0.629662 -1.623667
v -0.179527 0.629684 -1.627946
v -0.177683 0.628568 -1.624716
v -0.178306 0.628187 -1.625896
v -0.178951 0.628577 -1.627030
v -0.066862 1.005342 -1.376170
v -0.067886 1.009612 -1.377521
v -0.066618 1.006763 -1.375551
v -0.066726 1.008076 -1.375591
v -0.067174 1.009074 -1.376283
v 0.347583 0.929524 -1.689835
v 0.346459 0.933868 -1.691091
v 0.347793 0.930972 -1.689173
v 0.347654 0.932307 -1.689180
v 0.347186 0.933323 -1.689851
v 0.247514 0.550341 -1.946444
v 0.245257 0.550299 -1.950834
v 0.247045 0.549222 -1.947535
v 0.246455 0.548821 -1.948752
v 0.245823 0.549198 -1.949911
v 1.123777 0.454351 -2.555744
v 1.129022 0.453958 -2.565181
v 1.126330 0.453512 -2.558441
v 1.128227 0.453145 -2.561182
v 1.129170 0.453300 -2.563551
v 0.742848 0.802026 -2.035120
v 0.739335 0.807228 -2.034255
v 0.742148 0.803802 -2.033639
v 0.741234 0.805415 -2.032955
v 0.740246 0.806620 -2.033172
v 0.888389 0.337673 -2.511154
v 0.888499 0.336791 -2.517684
v 0.888829 0.336232 -2.513062
v 0.889005 0.335557 -2.514971
v 0.888887 0.335751 -2.516594
v -1.682521 0.548484 -0.782524
v -1.685009 0.548485 -0.786726
v -1.683077 0.547382 -0.783544
v -1.683744 0.546997 -0.784699
v -1.684423 0.547383 -0.785817
v -1.555567 0.930345 -0.539903
v -1.556456 0.934608 -0.541342
v -1.555270 0.931763 -0.539318
v -1.555335 0.933073 -0.539385
v -1.555750 0.934072 -0.540094
v -2.857243 0.373370 -0.219570
v -2.867909 0.372781 -0.219583
v -2.860774 0.372453 -0.218657
v -2.864043 0.372021 -0.218338
v -2.866546 0.372137 -0.218662
v -2.639916 0.263168 -0.442949
v -2.645867 0.262090 -0.445965
v -2.641795 0.261655 -0.443514
v -2.643587 0.260916 -0.444285
v -2.645017 0.261069 -0.445146
v -2.113842 0.791102 -0.319206
v -2.111524 0.796220 -0.321893
v -2.112316 0.792847 -0.319093
v -2.111340 0.794432 -0.319562
v -2.111063 0.795614 -0.320547
v -0.588733 1.056643 -1.173066
v -0.591845 1.053790 -1.179098
v -0.589606 1.056639 -1.174659
v -0.590502 1.056095 -1.176365
v -0.591290 1.055094 -1.177924
v -1.183756 0.728447 -1.087990
v -1.184005 0.735588 -1.087572
v -1.184172 0.730093 -1.088546
v -1.184366 0.732025 -1.088663
v -1.184307 0.733956 -1.088319
v -1.094472 1.032742 -0.887656
v -1.097580 1.029898 -0.893680
v -1.095345 1.032739 -0.889248
v -1.096242 1.032196 -0.890952
v -1.097024 1.031198 -0.892507
v -0.678016 0.752360 -1.373391
v -0.678266 0.759500 -1.372974
v -0.678431 0.754004 -1.373950
v -0.678626 0.755938 -1.374066
v -0.678567 0.757869 -1.373723
v -0.213300 0.723548 -1.678100
v -0.213545 0.730722 -1.677665
v -0.213718 0.725196 -1.678656
v -0.213908 0.727138 -1.678768
v -0.213848 0.729079 -1.678421
v -0.123874 1.028324 -1.477445
v -0.127000 1.025439 -1.483505
v -0.124747 1.028320 -1.479041
v -0.125650 1.027769 -1.480754
v -0.126441 1.026756 -1.482323
v 0.290498 0.952577 -1.790979
v 0.287474 0.949613 -1.797193
v 0.289627 0.952563 -1.792591
v 0.288748 0.951997 -1.794341
v 0.287994 0.950959 -1.795956
v 0.211486 0.644154 -2.000986
v 0.211123 0.651408 -2.000416
v 0.211059 0.645808 -2.001531
v 0.210840 0.647770 -2.001615
v 0.210864 0.649736 -2.001226
v 1.084355 0.510040 -2.639860
v 1.074228 0.515417 -2.635222
v 1.083035 0.511141 -2.640429
v 1.080647 0.512549 -2.639744
v 1.077552 0.514049 -2.637915
v 0.683399 0.825928 -2.134095
v 0.683377 0.821895 -2.143048
v 0.682752 0.825833 -2.135926
v 0.682523 0.825037 -2.138269
v 0.682742 0.823653 -2.140772
v 0.854733 0.430639 -2.567829
v 0.851364 0.438961 -2.564563
v 0.854074 0.432376 -2.568174
v 0.853206 0.434568 -2.567672
v 0.852254 0.436877 -2.566405
v -1.718785 0.642360 -0.836884
v -1.718842 0.649559 -0.836533
v -1.719185 0.644009 -0.837445
v -1.719337 0.645957 -0.837578
v -1.719217 0.647905 -0.837258
v -1.612445 0.953320 -0.641268
v -1.615744 0.950431 -0.647225
v -1.613329 0.953314 -0.642857
v -1.614269 0.952762 -0.644547
v -1.615117 0.951750 -0.646081
v -2.912566 0.428850 -0.294243
v -2.904016 0.434422 -0.300735
v -2.912468 0.429966 -0.295660
v -2.910806 0.431417 -0.297390
v -2.907842 0.432981 -0.299173
v -2.679643 0.355958 -0.496122
v -2.675386 0.364503 -0.497256
v -2.679716 0.357710 -0.496797
v -2.678932 0.359951 -0.497249
v -2.677412 0.362335 -0.497411
v -2.167494 0.814925 -0.421786
v -2.174765 0.810997 -0.426238
v -2.168687 0.814840 -0.423263
v -2.170485 0.814063 -0.424630
v -2.172618 0.812714 -0.425674
v -3.342419 0.082931 -0.249662
v -3.342709 0.084155 -0.248462
v -3.343633 0.082628 -0.249182
v 1.303700 0.225075 -2.936216
v 1.304882 0.226381 -2.935839
v 1.304730 0.224828 -2.937044
v 1.198601 1.047360 0.042361
v 1.200883 1.051311 0.042257
v 1.198158 1.048846 0.042278
v 1.198438 1.050120 0.042228
v 1.199394 1.050983 0.042222
v 1.425572 0.621682 -0.512125
v 1.430379 0.621042 -0.511930
v 1.426554 0.620447 -0.512034
v 1.427813 0.619891 -0.511965
v 1.429154 0.620098 -0.511928
v 1.212856 1.031757 -0.538460
v 1.215148 1.035700 -0.538564
v 1.212419 1.033239 -0.538544
v 1.212699 1.034510 -0.538593
v 1.213658 1.035374 -0.538600
v 1.411304 0.637312 0.068695
v 1.416108 0.636667 0.068891
v 1.412281 0.636075 0.068787
v 1.413542 0.635519 0.068855
v 1.414886 0.635725 0.068893
v 1.426935 0.595899 0.623375
v 1.431760 0.595226 0.623573
v 1.427923 0.594649 0.623467
v 1.429186 0.594082 0.623537
v 1.430534 0.594285 0.623573
v 1.213990 1.006415 0.597012
v 1.216265 1.010402 0.596906
v 1.213544 1.007917 0.596926
v 1.213818 1.009201 0.596877
v 1.214772 1.010074 0.596870
v 1.256338 0.914365 1.112410
v 1.258595 0.918437 1.112171
v 1.255875 0.915896 1.112273
v 1.256143 0.917210 1.112180
v 1.257098 0.918101 1.112145
v 1.471247 0.499787 1.152186
v 1.476118 0.499043 1.152516
v 1.472250 0.498508 1.152328
v 1.473528 0.497919 1.152442
v 1.474887 0.498107 1.152508
v 1.524268 0.375861 2.215263
v 1.529513 0.374542 2.224617
v 1.525123 0.374827 2.218826
v 1.526418 0.374214 2.221856
v 1.527960 0.374113 2.223889
v 1.327984 0.765933 1.626749
v 1.329788 0.770993 1.623388
v 1.327338 0.767842 1.625417
v 1.327456 0.769476 1.624311
v 1.328315 0.770583 1.623599
v 1.590690 0.252601 1.988535
v 1.596039 0.250883 1.991981
v 1.591875 0.250949 1.989869
v 1.593310 0.250044 1.990993
v 1.594771 0.250020 1.991734
v 1.475075 0.538402 -1.101307
v 1.479905 0.537708 -1.101271
v 1.476067 0.537144 -1.101278
v 1.477334 0.536572 -1.101262
v 1.478681 0.536769 -1.101260
v 1.258606 0.955352 -1.110795
v 1.260886 0.959333 -1.110740
v 1.258159 0.956849 -1.110819
v 1.258438 0.958134 -1.110815
v 1.259392 0.959005 -1.110788
v 1.575947 0.370703 -2.401021
v 1.581342 0.369504 -2.410163
v 1.576855 0.369714 -2.404536
v 1.578199 0.369139 -2.407506
v 1.579777 0.369066 -2.409481
v 1.638052 0.245026 -2.101655
v 1.643504 0.243223 -2.105217
v 1.639280 0.243345 -2.103001
v 1.640748 0.242411 -2.104152
v 1.642232 0.242368 -2.104928
v 1.338277 0.814097 -1.705327
v 1.340090 0.818944 -1.701866
v 1.337647 0.815928 -1.704047
v 1.337769 0.817491 -1.702940
v 1.338624 0.818550 -1.702173
v 1.316871 1.053555 0.046170
v 1.323172 1.049763 0.046564
v 1.318666 1.053291 0.046245
v 1.320493 1.052478 0.046345
v 1.322077 1.051240 0.046457
v 1.503468 0.705455 -0.513304
v 1.504253 0.712559 -0.513605
v 1.504385 0.706986 -0.513343
v 1.504855 0.708874 -0.513413
v 1.504808 0.710830 -0.513505
v 1.331137 1.037942 -0.534651
v 1.337430 1.034162 -0.534258
v 1.332932 1.037679 -0.534577
v 1.334756 1.036870 -0.534476
v 1.336339 1.035633 -0.534364
v 1.489194 0.721078 0.067517
v 1.489981 0.728188 0.067215
v 1.490113 0.722611 0.067477
v 1.490584 0.724500 0.067408
v 1.490536 0.726457 0.067315
v 1.504841 0.679631 0.622199
v 1.505613 0.686776 0.621897
v 1.505758 0.681167 0.622160
v 1.506227 0.683065 0.622089
v 1.506176 0.685033 0.621996
v 1.332233 1.012647 0.600818
v 1.338563 1.008820 0.601213
v 1.334035 1.012381 0.600890
v 1.335867 1.011560 0.600994
v 1.337458 1.010311 0.601106
v 1.374523 0.920680 1.116082
v 1.380914 0.916760 1.116646
v 1.376333 0.920407 1.116170
v 1.378184 0.919567 1.116308
v 1.379793 0.918287 1.116475
v 1.549190 0.583440 1.151142
v 1.549922 0.590674 1.150673
v 1.550106 0.584984 1.151091
v 1.550567 0.586900 1.150983
v 1.550500 0.588897 1.150836
v 1.623597 0.417723 2.225878
v 1.625622 0.423066 2.214909
v 1.624910 0.418662 2.225059
v 1.625757 0.420006 2.222684
v 1.626006 0.421553 2.219121
v 1.445664 0.773235 1.627296
v 1.452684 0.768073 1.631823
v 1.447528 0.772868 1.627685
v 1.449520 0.771759 1.628682
v 1.451329 0.770074 1.630136
v 1.669103 0.335270 1.990606
v 1.669245 0.343740 1.986187
v 1.669976 0.336910 1.990254
v 1.670308 0.339095 1.989291
v 1.670049 0.341494 1.987865
v 1.552994 0.622121 -1.102646
v 1.553746 0.629287 -1.102745
v 1.553908 0.623657 -1.102669
v 1.554373 0.625558 -1.102695
v 1.554315 0.627536 -1.102724
v 1.376859 0.961577 -1.106829
v 1.383186 0.957747 -1.106637
v 1.378656 0.961311 -1.106768
v 1.380489 0.960489 -1.106712
v 1.382082 0.959240 -1.106666
v 1.675402 0.412675 -2.408901
v 1.677302 0.417835 -2.398129
v 1.676709 0.413601 -2.408066
v 1.677527 0.414906 -2.405724
v 1.677738 0.416394 -2.402236
v 1.716588 0.327629 -2.106591
v 1.716578 0.336183 -2.102206
v 1.717446 0.329272 -2.106272
v 1.717743 0.331474 -2.105327
v 1.717441 0.333901 -2.103901
v 1.456022 0.821186 -1.697956
v 1.462966 0.816297 -1.701957
v 1.457875 0.820841 -1.698215
v 1.459842 0.819787 -1.699067
v 1.461628 0.818193 -1.700380
v 1.809082 0.051287 -2.806330
v 1.808388 0.052638 -2.807178
v 1.809254 0.050981 -2.807625
v 1.721715 0.109658 2.561453
v 1.720974 0.111070 2.562298
v 1.721855 0.109367 2.562761
v 1.886229 0.177503 2.569008
v 1.843077 0.246454 -2.642518
v -3.214189 0.226488 0.333191
v -3.237058 0.235698 -0.336834
v 1.255375 0.255869 -2.974838
v -4.222775 -0.054552 -0.007514
vn 0.4425 -0.4886 -0.7520
vn 0.3996 -0.5702 -0.7178
vn 0.4375 -0.4884 -0.7550
vn 0.1938 0.9664 -0.1686
vn 0.0969 0.9889 -0.1129
vn 0.1431 0.9860 -0.0852
vn 0.3996 -0.5702 -0.7177
vn 0.3690 -0.6449 -0.6693
vn -0.3061 -0.6326 0.7114
vn -0.2901 -0.5505 0.7828
vn -0.2569 -0.6303 0.7326
vn 0.4126 -0.4878 -0.7693
vn 0.4175 -0.4882 -0.7664
vn 0.2391 0.9611 -0.1382
vn 0.1878 0.9805 -0.0579
vn -0.5064 -0.6245 0.5946
vn -0.5910 -0.5352 0.6036
vn -0.5309 -0.5443 0.6495
vn -0.4045 -0.6322 0.6608
vn -0.3836 -0.5531 0.7396
vn -0.3535 -0.6339 0.6879
vn 0.4220 -0.4881 -0.7640
vn 0.4273 -0.4883 -0.7609
vn 0.3739 -0.6448 -0.6667
vn -0.2365 -0.5465 0.8034
vn -0.2017 -0.6247 0.7543
vn -0.0901 0.9407 -0.3271
vn -0.0810 0.9732 -0.2152
vn -0.0408 0.9524 -0.3020
vn 0.0075 0.9612 -0.2756
vn 0.0089 0.9863 -0.1644
vn 0.0532 0.9667 -0.2501
vn -0.1777 -0.5402 0.8226
vn -0.1409 -0.6173 0.7740
vn -0.1316 -0.5338 0.8353
vn -0.0941 -0.6086 0.7878
vn -0.1677 0.9167 -0.3628
vn -0.1712 0.9492 -0.2642
vn -0.1351 0.9270 -0.3499
vn 0.4073 -0.4884 -0.7718
vn -0.1102 -0.5304 0.8405
vn -0.0728 -0.6040 0.7937
vn -0.1507 -0.5366 0.8303
vn -0.1157 -0.7477 0.6539
vn -0.3510 0.8134 -0.4638
vn -0.2013 0.9386 -0.2801
vn 0.3962 -0.4872 -0.7782
vn 0.4017 -0.4887 -0.7745
vn 0.2847 0.9522 -0.1105
vn 0.2314 0.9724 -0.0308
vn 0.3251 0.9420 -0.0833
vn 0.2713 0.9625 -0.0056
vn -0.6233 -0.6000 0.5015
vn -0.6680 -0.5176 0.5346
vn -0.6431 -0.5241 0.5583
vn 0.3643 -0.6443 -0.6725
vn 0.3513 0.9342 -0.0623
vn 0.2985 0.9543 0.0119
vn 0.5481 0.8342 0.0601
vn 0.4803 0.8676 0.1286
vn -0.6491 -0.5915 0.4784
vn -0.6406 -0.5248 0.5606
vn 0.3536 -0.6424 -0.6799
vn 0.0567 0.9975 -0.0432
vn 0.1004 0.9948 -0.0160
vn -0.3996 0.5702 0.7177
vn -0.3858 0.6349 0.6694
vn -0.3375 -0.5526 0.7621
vn -0.3166 -0.4756 0.8207
vn -0.4070 0.5004 0.7642
vn -0.4021 0.5016 0.7660
vn 0.1434 0.9896 0.0096
vn 0.1851 0.9821 0.0356
vn -0.4323 -0.5521 0.7130
vn -0.5002 -0.4738 0.7248
vn -0.4530 -0.4777 0.7527
vn -0.4064 -0.4780 0.7787
vn -0.4810 -0.5493 0.6834
vn -0.5482 -0.4697 0.6920
vn 0.0517 0.9889 -0.1396
vn -0.0348 0.9813 -0.1893
vn -0.0279 0.9954 -0.0918
vn -0.0693 0.9908 -0.1163
vn -0.2077 -0.4677 0.8591
vn -0.4113 0.5010 0.7614
vn -0.1280 0.9621 -0.2409
vn -0.1135 0.9834 -0.1413
vn -0.1583 0.9733 -0.1662
vn -0.1417 -0.4613 0.8758
vn -0.3997 0.5702 0.7178
vn -0.3981 0.5007 0.7686
vn -0.1989 0.9614 -0.1902
vn -0.3728 0.8501 -0.3718
vn -0.2275 0.9516 -0.2065
vn -0.1852 -0.4314 0.8829
vn -0.3649 0.6347 0.6812
vn -0.6064 -0.4612 0.6478
vn -0.6568 -0.4527 0.6031
vn 0.2237 0.9729 0.0585
vn 0.2512 0.9651 0.0734
vn -0.3996 0.5702 0.7178
vn -0.3562 0.6345 0.6859
vn -0.3610 0.6339 0.6840
vn -0.6807 -0.4478 0.5798
vn -0.6651 -0.4170 0.6195
vn 0.4207 0.8894 0.1788
vn -0.4549 -0.6293 0.6301
vn 0.8365 0.5450 -0.0574
vn 0.7829 0.6222 -0.0060
vn 0.7272 0.6842 0.0550
vn -0.4276 0.5013 0.7522
vn -0.4317 0.5023 0.7492
vn -0.3620 -0.4779 0.8004
vn -0.4236 0.5007 0.7549
vn 0.3461 -0.6438 -0.6824
vn 0.4325 -0.4880 -0.7581
vn -0.4431 0.5016 0.7431
vn -0.3875 0.5445 -0.7439
vn -0.5525 0.3017 -0.7770
vn -0.4013 0.6233 -0.6711
vn -0.5929 0.5668 -0.5720
vn -0.4224 0.6860 -0.5925
vn -0.3900 0.6356 0.6662
vn 0.0980 0.9695 -0.2246
vn -0.3691 0.6349 0.6788
vn 0.0131 0.9976 -0.0682
vn 0.4761 -0.5128 -0.7144
vn 0.3410 -0.6454 -0.6835
vn 0.4731 -0.4876 -0.7338
vn 0.4515 -0.4874 -0.7474
vn -0.3347 0.6352 0.6961
vn -0.3525 0.6357 0.6868
vn -0.4469 0.5006 0.7414
vn -0.3224 0.6260 0.7100
vn 0.3997 -0.5702 -0.7178
vn 0.3925 -0.4856 -0.7811
vn 0.3828 -0.6448 -0.6616
vn -0.2646 -0.4730 0.8404
vn -0.4022 0.6364 0.6582
vn -0.3997 0.5701 0.7178
vn 0.3782 -0.6451 -0.6639
vn 0.3879 -0.6446 -0.6589
vn -0.4192 0.5011 0.7571
vn -0.5690 -0.6136 0.5475
vn 0.3678 -0.5242 0.7681
vn 0.3296 -0.6400 0.6941
vn 0.2970 -0.5464 0.7831
vn -0.4371 0.5028 0.7458
vn 0.3997 -0.5701 -0.7178
vn 0.3731 -0.4879 -0.7892
vn 0.4003 -0.6463 -0.6496
vn 0.3567 -0.5125 -0.7811
vn -0.3958 0.4992 0.7708
vn -0.4331 0.6260 0.6485
vn -0.4326 0.5602 0.7064
vn -0.4167 0.6351 0.6503
vn 0.9601 0.2775 0.0336
vn 0.9444 0.2104 -0.2528
vn 0.4476 -0.4886 -0.7490
vn 0.8058 0.5547 0.2075
vn -0.3992 0.6350 0.6614
vn 0.1454 0.9695 -0.1972
vn -0.4153 0.5008 0.7594
vn -0.3947 0.6352 0.6639
vn 0.3934 -0.6445 -0.6557
vn -0.1626 -0.4636 0.8710
vn -0.3847 0.8754 -0.2928
vn -0.3816 0.6352 0.6715
vn -0.3778 0.6348 0.6740
vn -0.3736 0.6348 0.6764
vn 0.3589 -0.6444 -0.6752
vn 0.3977 -0.6452 -0.6524
vn -0.3975 0.5934 -0.6999
vn -0.4111 0.5883 -0.6964
vn -0.4069 0.5904 -0.6970
vn -0.8863 -0.4602 -0.0520
vn -0.8192 -0.5735 -0.0004
vn -0.8576 -0.5090 -0.0731
vn -0.8806 -0.4629 -0.1010
vn -0.8555 -0.5132 -0.0685
vn -0.4482 0.4714 -0.7595
vn -0.4115 0.5882 -0.6962
vn -0.3705 0.5297 -0.7630
vn 0.8161 0.5778 -0.0105
vn 0.8159 0.5782 0.0011
vn 0.7427 0.6696 0.0022
vn 0.4072 -0.5028 0.7625
vn 0.4117 -0.5863 0.6976
vn 0.4003 -0.5712 -0.7166
vn 0.4812 -0.4088 -0.7755
vn 0.4790 -0.5119 -0.7131
vn -0.3805 0.6647 -0.6429
vn -0.3373 0.6111 -0.7161
vn -0.4042 0.5739 0.7122
vn -0.4003 0.5677 0.7193
vn -0.3982 0.5675 0.7207
vn 0.4426 -0.4669 0.7656
vn 0.4105 -0.5879 0.6970
vn 0.3765 -0.5394 0.7532
vn -0.4788 0.5121 0.7131
vn -0.3701 0.6488 0.6649
vn -0.4544 0.5952 0.6628
vn 0.4478 -0.6411 0.6233
vn 0.4888 -0.5289 0.6938
vn -0.3986 0.5685 0.7197
vn -0.4511 0.3795 0.8078
vn 0.8177 0.5756 0.0042
vn 0.9376 0.3478 -0.0031
vn 0.8436 0.5179 -0.1418
vn 0.8190 0.5738 0.0012
vn 0.2563 0.8629 -0.4355
vn 0.3585 0.8171 -0.4514
vn 0.2907 0.8731 -0.3914
vn -0.8567 -0.5103 0.0748
vn -0.7755 -0.6278 0.0672
vn -0.8194 -0.5732 -0.0008
vn -0.4104 0.5882 -0.6968
vn -0.3256 0.6432 -0.6930
vn -0.4073 0.5908 -0.6964
vn -0.4735 0.3550 -0.8061
vn -0.6465 0.5470 -0.5318
vn -0.4091 0.5449 0.7320
vn -0.4004 0.5671 0.7198
vn -0.3614 0.5107 0.7802
vn 0.1670 0.8571 -0.4874
vn 0.2888 0.8206 -0.4932
vn 0.1158 -0.9754 0.1875
vn -0.0040 -0.9999 -0.0142
vn 0.0699 -0.9974 -0.0148
vn 0.8195 0.5731 0.0014
vn 0.7772 0.6260 -0.0638
vn 0.7325 0.6808 0.0036
vn -0.4093 0.5857 -0.6996
vn -0.3706 0.5300 -0.7627
vn -0.3951 0.5709 0.7197
vn -0.4776 0.5090 0.7161
vn -0.4384 0.6227 0.6481
vn -0.5587 0.4539 0.6942
vn -0.4466 0.6395 -0.6258
vn 0.4830 -0.5087 -0.7127
vn 0.4387 -0.6262 -0.6445
vn 0.5319 -0.5316 -0.6592
vn -0.5085 0.8528 0.1191
vn -0.5732 0.8193 0.0155
vn -0.5050 0.8630 0.0156
vn -0.4089 0.5864 -0.6993
vn -0.2905 0.5224 -0.8017
vn -0.5056 0.8582 -0.0888
vn -0.5654 0.8053 -0.1781
vn 0.4315 -0.4480 -0.7831
vn -0.3982 0.5703 0.7185
vn -0.3143 0.6232 0.7161
vn -0.3553 0.6785 0.6430
vn 0.8155 0.5785 0.0143
vn 0.8212 0.5707 0.0042
vn 0.8552 0.5137 0.0682
vn -0.4202 0.5639 -0.7110
vn -0.2907 0.4467 0.8462
vn 0.4768 -0.5376 0.6955
vn 0.3641 -0.5184 0.7737
vn -0.7756 -0.6271 -0.0714
vn -0.8355 -0.5309 -0.1417
vn 0.2615 0.8529 0.4518
vn 0.3634 0.8064 0.4666
vn 0.2952 0.8087 0.5088
vn -0.0404 -0.9963 -0.0764
vn -0.0392 -0.9981 0.0478
vn -0.2343 -0.9721 -0.0121
vn 0.2359 0.8280 0.5086
vn 0.2250 0.8058 0.5478
vn 0.3547 -0.5060 -0.7862
vn 0.3179 -0.6233 -0.7145
vn 0.3996 -0.5701 -0.7179
vn 0.7751 0.6276 0.0734
vn 0.8194 0.5733 0.0009
vn 0.4937 -0.5249 0.6933
vn 0.8449 0.5138 0.1486
vn 0.1134 -0.9693 -0.2180
vn -0.3662 0.6932 -0.6208
vn -0.8118 -0.5673 -0.1385
vn 0.2109 0.8927 0.3982
vn 0.2534 0.8624 0.4382
vn -0.8107 -0.5697 0.1350
vn -0.8589 -0.5060 0.0790
vn 0.2352 0.9013 -0.3636
vn 0.2170 0.8185 -0.5319
vn 0.2483 0.8725 -0.4207
vn -0.4341 0.9003 0.0320
vn -0.4901 0.8715 0.0155
vn 0.5165 -0.5669 -0.6417
vn -0.4332 0.8969 -0.0884
vn -0.3886 0.5714 0.7229
vn -0.3626 0.6637 0.6542
vn -0.8921 -0.4518 -0.0053
vn -0.8497 -0.5242 -0.0570
vn -0.8772 -0.4702 0.0967
vn 0.2898 -0.5812 0.7604
vn 0.8361 0.5486 0.0015
vn 0.8896 0.4568 -0.0000
vn 0.8194 0.5732 0.0008
vn 0.8555 0.5132 0.0688
vn 0.7586 0.6516 0.0033
vn 0.8002 0.5949 0.0759
vn -0.4805 0.5366 -0.6937
vn -0.4179 0.5901 -0.6907
vn -0.4894 0.5295 -0.6929
vn -0.4651 0.6104 -0.6411
vn 0.2764 -0.5635 -0.7785
vn 0.3577 -0.5104 -0.7820
vn -0.3579 0.5108 0.7817
vn -0.3261 0.5942 0.7352
vn -0.4360 0.4533 0.7774
vn -0.4003 0.5712 0.7166
vn 0.8530 0.5177 -0.0656
vn 0.8553 0.5134 -0.0706
vn 0.7986 0.5974 -0.0732
vn 0.5303 -0.4786 0.6998
vn -0.3727 0.6819 -0.6294
vn 0.3868 -0.4589 -0.7998
vn 0.4645 -0.5219 -0.7155
vn 0.4113 -0.4065 -0.8158
vn 0.4278 -0.5018 0.7518
vn 0.4203 -0.5820 0.6961
vn 0.4330 -0.5014 0.7491
vn 0.0430 0.9616 0.2712
vn 0.0438 0.9861 0.1601
vn -0.0035 0.9826 0.1859
vn 0.3943 -0.6560 0.6436
vn -0.4564 -0.6223 -0.6359
vn -0.5264 -0.5402 -0.6565
vn -0.4998 -0.6202 -0.6047
vn 0.4576 -0.5007 0.7348
vn 0.4529 -0.5006 0.7378
vn -0.0057 0.9553 0.2957
vn -0.0496 0.9763 0.2106
vn -0.2542 -0.6113 -0.7494
vn -0.2199 -0.5201 -0.8253
vn -0.2898 -0.5301 -0.7969
vn -0.3627 -0.6212 -0.6946
vn -0.4419 -0.5413 -0.7154
vn -0.4122 -0.6223 -0.6654
vn 0.4482 -0.5008 0.7405
vn 0.4432 -0.5010 0.7433
vn 0.3894 -0.6562 0.6463
vn -0.5713 -0.5372 -0.6205
vn -0.5460 -0.6166 -0.5671
vn 0.3233 0.9404 0.1059
vn 0.2220 0.9733 0.0579
vn 0.2764 0.9514 0.1357
vn 0.2297 0.9592 0.1649
vn 0.1327 0.9850 0.1101
vn 0.1848 0.9639 0.1919
vn -0.6176 -0.5318 -0.5794
vn -0.5943 -0.6089 -0.5254
vn -0.6519 -0.5263 -0.5460
vn -0.6292 -0.6030 -0.4904
vn 0.3930 0.9178 0.0562
vn 0.3099 0.9508 0.0044
vn 0.3651 0.9277 0.0775
vn 0.4628 -0.5005 0.7317
vn -0.6672 -0.5233 -0.5301
vn -0.6451 -0.5983 -0.4752
vn -0.6381 -0.5287 -0.5597
vn -0.5044 -0.7407 -0.4437
vn 0.5734 0.8176 -0.0532
vn 0.3389 0.9407 -0.0137
vn 0.4736 -0.4997 0.7252
vn 0.4680 -0.5006 0.7283
vn -0.0535 0.9462 0.3192
vn -0.0949 0.9675 0.2344
vn -0.0971 0.9352 0.3405
vn -0.1368 0.9570 0.2559
vn -0.1150 -0.5851 -0.8028
vn -0.1215 -0.5014 -0.8566
vn -0.1545 -0.5083 -0.8472
vn 0.3992 -0.6558 0.6407
vn -0.1277 0.9266 0.3538
vn -0.1656 0.9484 0.2704
vn -0.3329 0.8239 0.4587
vn -0.3577 0.8589 0.3666
vn -0.0820 -0.5762 -0.8132
vn -0.1570 -0.5087 -0.8465
vn 0.4112 -0.6538 0.6352
vn 0.0037 0.9959 0.0899
vn -0.0414 0.9925 0.1148
vn -0.4203 0.5820 -0.6961
vn -0.3859 0.6461 -0.6585
vn -0.4846 -0.5415 -0.6870
vn -0.5459 -0.4658 -0.6965
vn -0.4561 0.5133 -0.7270
vn -0.4603 0.5139 -0.7239
vn -0.0855 0.9867 0.1381
vn -0.1285 0.9784 0.1618
vn -0.3944 -0.5394 -0.7440
vn -0.3706 -0.4600 -0.8069
vn -0.4189 -0.4634 -0.7809
vn -0.4644 -0.4661 -0.7530
vn -0.3443 -0.5358 -0.7710
vn -0.3181 -0.4545 -0.8320
vn 0.0897 0.9868 0.1346
vn 0.1763 0.9807 0.0849
vn 0.0889 0.9951 0.0424
vn 0.1309 0.9912 0.0187
vn -0.6342 -0.4592 -0.6220
vn -0.4518 0.5133 -0.7297
vn 0.2680 0.9630 0.0302
vn 0.1742 0.9847 -0.0077
vn 0.2188 0.9752 -0.0334
vn -0.6818 -0.4549 -0.5728
vn -0.4652 0.5121 -0.7220
vn 0.2597 0.9640 -0.0570
vn 0.5051 0.8550 -0.1172
vn 0.2890 0.9545 -0.0730
vn -0.4880 -0.3790 -0.7863
vn -0.4066 0.6458 -0.6463
vn -0.2507 -0.4453 -0.8596
vn -0.1864 -0.4367 -0.8801
vn -0.1681 0.9687 0.1827
vn -0.1949 0.9606 0.1983
vn -0.4151 0.6454 -0.6412
vn -0.4110 0.6450 -0.6443
vn -0.1540 -0.4321 -0.8886
vn -0.4320 -0.3690 -0.8229
vn -0.3711 0.8821 0.2901
vn -0.3109 -0.6171 -0.7228
vn -0.3757 0.5286 0.7612
vn -0.3932 0.6068 0.6908
vn -0.4174 0.6694 0.6145
vn -0.4357 0.5137 -0.7391
vn -0.4310 0.5148 -0.7411
vn -0.5058 -0.4657 -0.7262
vn -0.4399 0.5137 -0.7366
vn 0.4172 -0.6541 0.6310
vn 0.4381 -0.5010 0.7464
vn -0.4199 0.5147 -0.7475
vn 0.8351 0.5476 0.0521
vn 0.9490 0.3063 -0.0747
vn 0.7789 0.6271 0.0049
vn 0.8401 0.5366 0.0796
vn 0.7217 0.6903 -0.0513
vn -0.3815 0.6462 -0.6610
vn 0.1395 0.9662 0.2167
vn -0.4023 0.6461 -0.6486
vn 0.0476 0.9967 0.0657
vn 0.3783 -0.5257 0.7620
vn 0.4207 -0.6558 0.6269
vn 0.3968 -0.5016 0.7687
vn 0.4194 -0.5002 0.7576
vn -0.4346 0.6454 -0.6282
vn -0.4178 0.6463 -0.6386
vn -0.4166 0.5134 -0.7502
vn -0.4528 0.6361 -0.6247
vn 0.4778 -0.4984 0.7234
vn 0.3804 -0.6566 0.6513
vn -0.5894 -0.4628 -0.6621
vn -0.3682 0.6476 -0.6672
vn -0.4204 0.5819 -0.6962
vn 0.3847 -0.6569 0.6485
vn 0.3759 -0.6557 0.6548
vn -0.4441 0.5135 -0.7342
vn -0.1822 -0.5991 -0.7796
vn -0.9269 -0.3741 -0.0302
vn -0.8874 -0.4609 -0.0094
vn -0.9270 -0.3742 -0.0243
vn -0.4253 0.5159 -0.7436
vn 0.4204 -0.5819 0.6962
vn 0.4952 -0.4994 0.7109
vn 0.3615 -0.6578 0.6608
vn 0.4971 -0.5233 0.6922
vn -0.4677 0.5112 -0.7210
vn -0.3435 0.6384 -0.6888
vn -0.3941 0.5724 -0.7191
vn -0.3537 0.6470 -0.6755
vn -0.5127 0.2572 0.8191
vn -0.2587 0.1887 0.9473
vn 0.4227 -0.5016 0.7548
vn -0.3462 0.5000 0.7938
vn -0.3717 0.6471 -0.6657
vn 0.0918 0.9655 0.2436
vn -0.4479 0.5136 -0.7318
vn -0.3765 0.6467 -0.6633
vn 0.3701 -0.6561 0.6577
vn -0.6672 -0.4561 -0.5889
vn 0.4432 0.8809 -0.1663
vn -0.3897 0.6464 -0.6560
vn -0.3939 0.6461 -0.6538
vn -0.3980 0.6462 -0.6511
vn 0.4046 -0.6550 0.6382
vn 0.3654 -0.6561 0.6603
vn -0.1147 0.9897 -0.0857
vn -0.0184 0.9995 -0.0273
vn -0.0165 0.9966 -0.0812
vn -0.8400 -0.5426 -0.0060
vn 0.6847 -0.7250 -0.0742
vn 0.7494 -0.6508 -0.1221
vn 0.6799 -0.7219 -0.1288
vn -0.9276 -0.3735 0.0033
vn -0.9277 -0.3733 -0.0020
vn -0.1122 0.9838 -0.1402
vn -0.0147 0.9909 -0.1335
vn 0.6787 -0.7173 0.1576
vn 0.7379 -0.6352 0.2279
vn 0.7483 -0.6454 0.1532
vn 0.6868 -0.7259 0.0363
vn 0.7557 -0.6546 -0.0194
vn 0.6868 -0.7265 -0.0212
vn -0.9280 -0.3726 -0.0059
vn -0.9279 -0.3727 -0.0124
vn -0.8398 -0.5427 -0.0115
vn 0.7423 -0.6457 -0.1790
vn 0.6734 -0.7154 -0.1864
vn -0.1229 0.9631 0.2393
vn -0.0250 0.9837 0.1778
vn -0.1220 0.9754 0.1835
vn -0.1207 0.9843 0.1290
vn -0.0218 0.9970 0.0747
vn -0.1198 0.9898 0.0767
vn 0.7320 -0.6377 -0.2398
vn 0.6627 -0.7062 -0.2491
vn 0.7221 -0.6298 -0.2863
vn 0.6534 -0.6964 -0.2968
vn -0.1195 0.9384 0.3243
vn -0.0280 0.9595 0.2803
vn -0.1220 0.9494 0.2895
vn -0.9275 -0.3737 0.0095
vn 0.7169 -0.6257 -0.3076
vn 0.6486 -0.6914 -0.3184
vn 0.7263 -0.6333 -0.2673
vn 0.5291 -0.8212 -0.2138
vn -0.1337 0.8353 0.5334
vn -0.0290 0.9489 0.3143
vn -0.9282 -0.3714 0.0238
vn -0.9275 -0.3735 0.0163
vn -0.1094 0.9750 -0.1934
vn -0.0128 0.9827 -0.1847
vn -0.1059 0.9645 -0.2419
vn -0.0110 0.9727 -0.2319
vn 0.6560 -0.6904 0.3050
vn 0.7166 -0.6152 0.3286
vn 0.7246 -0.6226 0.2954
vn -0.8404 -0.5420 -0.0002
vn -0.1019 0.9560 -0.2750
vn -0.0097 0.9644 -0.2642
vn -0.1013 0.8561 -0.5069
vn -0.0054 0.8773 -0.4800
vn 0.6492 -0.6810 0.3387
vn 0.7253 -0.6233 0.2924
vn -0.8415 -0.5400 0.0128
vn 0.0629 0.9977 -0.0253
vn 0.0648 0.9949 -0.0767
vn 0.8874 0.4609 0.0094
vn 0.8467 0.5317 0.0207
vn 0.7535 -0.6536 -0.0706
vn 0.8042 -0.5828 -0.1167
vn 0.9223 0.3864 -0.0066
vn 0.9221 0.3868 -0.0120
vn 0.0662 0.9897 -0.1268
vn 0.0681 0.9821 -0.1757
vn 0.7558 -0.6538 0.0361
vn 0.8081 -0.5822 0.0899
vn 0.8104 -0.5849 0.0356
vn 0.8099 -0.5863 -0.0178
vn 0.7535 -0.6509 0.0930
vn 0.8030 -0.5773 0.1483
vn -0.0202 0.9995 0.0252
vn -0.0234 0.9919 0.1249
vn 0.0598 0.9956 0.0722
vn 0.0579 0.9910 0.1203
vn 0.7869 -0.5721 -0.2311
vn 0.9222 0.3867 -0.0015
vn -0.0266 0.9725 0.2313
vn 0.0564 0.9837 0.1709
vn 0.0538 0.9735 0.2223
vn 0.7711 -0.5634 -0.2966
vn 0.9221 0.3867 -0.0165
vn 0.0509 0.9617 0.2694
vn -0.0387 0.8602 0.5085
vn 0.0494 0.9522 0.3014
vn 0.8024 -0.5365 -0.2614
vn 0.8475 0.5308 -0.0033
vn 0.7933 -0.5675 0.2205
vn 0.7791 -0.5577 0.2863
vn 0.0685 0.9729 -0.2209
vn 0.0679 0.9654 -0.2520
vn 0.8472 0.5311 -0.0133
vn 0.8475 0.5307 -0.0082
vn 0.7701 -0.5528 0.3185
vn 0.8017 -0.5247 0.2863
vn 0.0694 0.8895 -0.4517
vn 0.6844 -0.7228 0.0953
vn -0.3776 0.6005 -0.7049
vn -0.2974 0.6680 -0.6821
vn -0.2113 0.7187 -0.6624
vn 0.9220 0.3867 0.0172
vn 0.9217 0.3873 0.0224
vn 0.8082 -0.5851 -0.0672
vn 0.9219 0.3872 0.0123
vn -0.8410 -0.5407 0.0204
vn -0.9278 -0.3726 -0.0187
vn 0.9208 0.3884 0.0360
vn -0.3946 0.5971 0.6984
vn -0.3756 0.3486 0.8587
vn -0.3148 0.6663 0.6760
vn -0.1457 0.5870 0.7964
vn -0.2284 0.7185 0.6570
vn 0.8470 0.5310 0.0257
vn -0.1187 0.9926 0.0247
vn 0.8473 0.5311 0.0016
vn 0.0614 0.9978 0.0249
vn -0.9136 -0.3990 -0.0784
vn -0.8392 -0.5432 0.0245
vn -0.9255 -0.3731 -0.0656
vn -0.9275 -0.3717 -0.0406
vn 0.8459 0.5322 -0.0367
vn 0.8465 0.5321 -0.0173
vn 0.9219 0.3854 0.0393
vn 0.8515 0.5216 -0.0540
vn -0.9278 -0.3722 0.0268
vn -0.8400 -0.5421 -0.0218
vn 0.7974 -0.5785 -0.1718
vn 0.8454 0.5326 0.0403
vn 0.8875 0.4608 0.0094
vn -0.8396 -0.5429 -0.0167
vn -0.8394 -0.5427 -0.0283
vn 0.9222 0.3866 0.0078
vn 0.6688 -0.7053 0.2351
vn 0.9209 0.3887 0.0286
vn -0.8875 -0.4608 -0.0094
vn -0.9266 -0.3729 0.0485
vn -0.8393 -0.5421 -0.0410
vn -0.9150 -0.3991 0.0591
vn 0.9230 0.3843 -0.0198
vn 0.8501 0.5217 0.0721
vn 0.8926 0.4489 0.0424
vn 0.8455 0.5310 0.0562
vn -0.3903 0.3327 -0.8585
vn -0.6428 0.2954 -0.7068
vn -0.9270 -0.3732 -0.0363
vn -0.1283 0.5805 -0.8041
vn 0.8454 0.5329 0.0377
vn -0.1164 0.9927 -0.0303
vn 0.9226 0.3858 0.0021
vn 0.8469 0.5308 0.0309
vn -0.8401 -0.5414 -0.0338
vn 0.7770 -0.5658 -0.2759
vn 0.0386 0.8757 0.4812
vn 0.8460 0.5329 0.0174
vn 0.8468 0.5318 0.0119
vn 0.8469 0.5317 0.0066
vn -0.8407 -0.5415 0.0056
vn -0.8386 -0.5432 -0.0401
vn -0.2997 0.2239 -0.9274
vn -0.1419 -0.1277 -0.9816
vn -0.4210 -0.3558 -0.8344
vn -0.1368 0.0865 -0.9868
vn 0.0722 -0.3923 -0.9170
vn -0.2619 -0.2535 -0.9312
vn -0.5542 -0.6336 -0.5398
vn -0.0279 -0.4244 -0.9050
vn 0.3379 -0.8216 -0.4591
vn 0.2362 -0.4357 -0.8686
vn 0.3629 -0.5991 -0.7137
vn 0.3011 -0.8556 -0.4210
vn 0.2603 -0.6543 -0.7100
vn 0.0809 -0.1964 -0.9772
vn 0.2086 -0.6839 -0.6992
vn -0.0051 -0.9867 0.1626
vn 0.0392 -0.8706 0.4904
vn -0.1044 -0.9406 0.3230
vn -0.0850 -0.9814 0.1718
vn 0.1097 -0.9785 0.1749
vn 0.1542 -0.9151 0.3725
vn 0.0173 -0.9735 -0.2282
vn 0.8990 -0.1380 -0.4157
vn 0.9073 0.0735 -0.4140
vn 0.9163 -0.3827 -0.1182
vn 0.9165 -0.2614 -0.3029
vn 0.7306 -0.3972 -0.5554
vn 0.7826 -0.2045 -0.5880
vn 0.7721 -0.4286 -0.4693
vn -0.5201 -0.7354 0.4345
vn -0.1622 -0.9841 0.0727
vn -0.2529 -0.9364 0.2434
vn -0.4586 -0.8606 0.2214
vn -0.2350 -0.9719 -0.0097
vn -0.1310 -0.9804 0.1474
vn 0.1714 -0.9717 -0.1627
vn 0.6092 -0.4390 -0.6604
vn 0.2044 -0.8209 -0.5332
vn 0.4127 -0.5996 -0.6857
vn 0.4587 -0.6554 -0.6001
vn 0.1928 -0.8518 -0.4871
vn 0.4771 -0.6814 -0.5550
vn -0.6359 0.7299 -0.2508
vn -0.4774 0.7101 -0.5176
vn -0.7601 0.5535 -0.3403
vn -0.5472 0.4724 -0.6909
vn -0.5589 0.7939 -0.2396
vn -0.5688 0.8216 0.0370
vn -0.6975 0.6767 0.2360
vn -0.3611 -0.0889 0.9283
vn -0.2332 -0.4188 0.8776
vn -0.2488 -0.2357 0.9394
vn -0.4388 0.2142 0.8727
vn -0.4096 -0.0627 0.9101
vn -0.4949 0.1887 0.8482
vn -0.5311 0.7132 0.4573
vn -0.4127 0.3489 0.8414
vn -0.5088 0.5262 0.6814
vn -0.3453 0.0854 0.9346
vn -0.5313 0.5129 0.6743
vn 0.5587 0.7236 0.4053
vn 0.6954 0.5456 0.4677
vn 0.7084 0.6951 0.1223
vn 0.5115 0.7877 0.3435
vn 0.8850 0.4577 0.0857
vn 0.1740 0.6742 0.7178
vn 0.2508 0.7472 0.6155
vn -0.5018 0.3506 0.7907
vn -0.1049 0.7139 0.6924
vn -0.3739 0.5600 0.7393
vn -0.6178 0.0930 0.7808
vn -0.3131 0.5270 0.7901
vn 0.2760 0.8192 0.5028
vn -0.5159 0.2188 0.8283
vn -0.2960 0.5123 0.8061
vn -0.6071 -0.0793 0.7907
vn -0.6768 -0.2251 0.7009
vn -0.6356 -0.4100 0.6541
vn -0.5692 -0.0620 0.8199
vn -0.4688 0.1867 0.8633
vn -0.0058 -0.5903 0.8072
vn 0.0611 -0.2712 0.9606
vn -0.4584 -0.3885 0.7993
vn -0.3063 -0.2397 0.9212
vn -0.2831 0.1046 0.9534
vn -0.6395 -0.2374 0.7312
vn -0.4980 -0.0303 0.8667
vn -0.8599 -0.2602 0.4392
vn -0.6981 -0.5838 0.4145
vn -0.8333 -0.5338 0.1437
vn -0.7077 0.0643 0.7036
vn -0.4439 0.2940 0.8465
vn -0.4381 0.4036 0.8032
vn 0.6872 0.1916 0.7008
vn 0.6758 0.3401 0.6539
vn 0.7153 0.1421 0.6842
vn 0.7031 0.5915 0.3947
vn 0.6909 0.6201 0.3717
vn 0.2150 0.9362 0.2780
vn 0.2150 0.9362 0.2781
vn 0.8271 -0.4308 0.3610
vn 0.9217 -0.1567 0.3548
vn 0.9299 -0.1101 0.3510
vn 0.3574 0.2418 0.9021
vn 0.3152 -0.0984 0.9439
vn 0.3000 -0.1764 0.9375
vn 0.0484 0.4759 0.8782
vn -0.0121 0.4519 0.8920
vn 0.0423 0.3984 0.9162
vn 0.1953 0.6394 0.7437
vn 0.1948 0.6399 0.7434
vn 0.2913 0.9393 -0.1811
vn 0.0917 0.9883 -0.1215
vn -0.0915 -0.0468 0.9947
vn -0.0999 -0.1235 0.9873
vn -0.9460 0.2024 0.2531
vn -0.8925 0.3577 0.2748
vn -0.9460 0.1563 0.2839
vn -0.5190 0.7455 0.4182
vn -0.4422 0.7983 0.4090
vn -0.3356 0.9397 0.0654
vn -0.3355 0.9398 0.0655
vn -0.3356 0.9397 0.0658
vn -0.8066 0.0340 0.5902
vn -0.8065 0.0341 0.5902
vn 0.2939 -0.0931 -0.9513
vn 0.2376 -0.0013 -0.9714
vn 0.1735 0.6614 -0.7297
vn 0.1735 0.6612 -0.7299
vn -0.0005 0.6038 -0.7972
vn -0.0167 0.6389 -0.7691
vn 0.3224 0.8295 0.4560
vn 0.0645 0.9930 0.0987
vn 0.3186 0.9161 0.2433
vn -0.0463 -0.2445 -0.9685
vn -0.0622 -0.3687 -0.9275
vn -0.0201 -0.0393 -0.9990
vn 0.8091 -0.2730 0.5205
vn 0.7094 -0.5904 0.3850
vn 0.5401 -0.5480 0.6388
vn 0.9625 0.0539 0.2660
vn 0.9544 -0.2387 0.1793
vn 0.9223 -0.3864 -0.0119
vn 0.9996 -0.0271 -0.0110
vn 0.9509 -0.2344 -0.2019
vn 0.9659 0.1105 -0.2342
vn 0.9545 0.2960 -0.0371
vn 0.9127 0.4084 -0.0158
vn 0.7032 -0.5816 -0.4090
vn 0.8022 -0.2583 -0.5384
vn 0.6529 0.4094 -0.6373
vn 0.6756 0.2207 -0.7034
vn 0.7086 0.1595 -0.6873
vn 0.7787 0.5120 -0.3626
vn 0.6803 0.4538 -0.5756
vn 0.2078 0.9434 -0.2585
vn 0.7814 0.5188 -0.3469
vn 0.0794 -0.2805 -0.9566
vn -0.0213 -0.5715 -0.8203
vn 0.2833 -0.5279 -0.8007
vn -0.3282 0.1314 -0.9354
vn -0.3217 -0.2165 -0.9218
vn -0.1782 -0.0273 -0.9836
vn -0.4708 -0.3686 -0.8015
vn 0.3672 0.3449 -0.8638
vn 0.3671 0.3448 -0.8639
vn -0.5796 0.3002 -0.7576
vn -0.4576 0.4288 -0.7789
vn -0.7048 -0.5735 -0.4176
vn -0.8620 -0.4032 -0.3072
vn -0.6722 -0.2882 -0.6819
vn -0.6468 -0.0574 -0.7605
vn -0.9622 -0.0120 -0.2719
vn -0.9738 -0.0995 -0.2045
vn -0.6760 0.6214 -0.3962
vn -0.8902 0.3331 -0.3109
vn -0.7233 0.6578 -0.2101
vn -0.7233 0.6578 -0.2100
vn 0.0475 0.9154 0.3997
vn 0.0503 0.9924 0.1121
vn -0.8145 -0.2538 -0.5217
vn -0.7701 -0.3737 -0.5170
vn -0.7637 -0.3881 -0.5160
vn -0.8533 -0.0861 -0.5143
vn -0.3104 0.0516 0.9492
vn -0.0108 0.6628 0.7488
vn -0.2615 -0.0852 0.9614
vn -0.0078 0.4410 0.8975
vn 0.3419 0.7291 0.5929
vn 0.1808 0.4531 0.8729
vn 0.4144 0.5650 0.7135
vn 0.3009 -0.8095 0.5041
vn -0.0739 -0.9084 0.4115
vn 0.4142 -0.9005 0.1324
vn 0.4523 -0.7730 0.4448
vn 0.1766 -0.7796 0.6008
vn -0.2262 -0.8265 0.5154
vn 0.4066 -0.6069 0.6829
vn 0.6518 0.6693 0.3567
vn 0.9815 0.1143 0.1537
vn 0.7814 0.4517 0.4306
vn 0.9717 -0.0490 0.2312
vn 0.6688 0.4614 0.5830
vn -0.7766 0.5133 -0.3652
vn -0.6362 0.7172 -0.2844
vn -0.6231 0.3892 -0.6784
vn -0.6176 0.2520 -0.7450
vn -0.6699 0.7423 0.0186
vn -0.8188 0.4269 -0.3838
vn -0.8144 0.5801 0.0160
vn -0.5914 -0.8063 -0.0074
vn -0.2709 -0.9571 -0.1032
vn -0.3268 -0.9075 0.2640
vn -0.6103 -0.7786 0.1463
vn -0.5942 -0.8018 -0.0643
vn -0.1790 -0.9803 -0.0837
vn -0.7951 -0.6065 -0.0049
vn -0.6203 0.6710 0.4062
vn -0.6236 0.0472 0.7803
vn -0.7557 0.4504 0.4755
vn -0.6877 -0.0787 0.7217
vn -0.8316 0.4679 0.2991
vn -0.0987 0.8159 0.5697
vn -0.4225 0.8209 0.3842
vn 0.2486 0.8671 0.4316
vn -0.1957 0.9108 0.3634
vn -0.4812 0.8765 0.0133
vn 0.0024 0.9999 0.0126
vn -0.2751 0.9613 0.0136
vn 0.5380 0.8237 -0.1789
vn 0.5410 0.8186 0.1929
vn 0.2411 0.8790 -0.4114
vn 0.4069 0.9134 0.0097
vn 0.1441 0.9567 0.2529
vn -0.4278 0.8295 -0.3589
vn -0.1100 0.8303 -0.5464
vn -0.2025 0.9194 -0.3372
vn 0.1392 0.9634 -0.2293
vn 0.9800 0.1129 -0.1638
vn 0.6522 0.6772 -0.3407
vn 0.9671 -0.0488 -0.2496
vn 0.7779 0.4630 -0.4248
vn 0.3404 0.7458 -0.5726
vn 0.6608 0.4780 -0.5786
vn 0.4089 0.5865 -0.6992
vn 0.2934 -0.7956 -0.5300
vn 0.4050 -0.8996 -0.1636
vn -0.0806 -0.8960 -0.4367
vn 0.1655 -0.7643 -0.6233
vn 0.4415 -0.7644 -0.4699
vn 0.5717 -0.8168 -0.0776
vn 0.3961 -0.5900 -0.7035
vn -0.0161 0.6854 -0.7280
vn -0.3517 0.1076 -0.9299
vn -0.0163 0.4673 -0.8839
vn -0.2745 -0.0564 -0.9599
vn 0.1742 0.4812 -0.8591
vn 0.3639 -0.4761 0.8006
vn 0.2836 -0.3475 0.8938
vn 0.1900 -0.1607 0.9685
vn 0.4421 0.3445 0.8282
vn 0.2408 0.4204 0.8748
vn 0.4733 0.1463 0.8687
vn 0.0389 0.1490 0.9881
vn 0.0614 0.0815 0.9948
vn -0.1601 -0.1166 0.9802
vn 0.1281 0.9907 -0.0463
vn 0.4462 0.8415 -0.3046
vn 0.0888 0.9910 -0.1004
vn 0.0091 0.9809 0.1942
vn 0.4125 0.8769 0.2469
vn 0.4125 0.8768 0.2471
vn 0.1361 0.8766 0.4616
vn -0.1885 0.3872 0.9025
vn -0.2252 0.8053 0.5484
vn 0.0607 0.2380 0.9694
vn -0.1556 0.8727 0.4629
vn -0.0717 0.9748 0.2112
vn 0.1479 -0.3796 0.9133
vn 0.0300 -0.7015 0.7120
vn -0.0675 -0.0632 0.9957
vn -0.1059 -0.4987 0.8603
vn -0.3240 -0.7646 0.5572
vn -0.2834 -0.2135 0.9349
vn -0.4115 -0.5649 0.7153
vn -0.6386 0.2517 0.7272
vn -0.2926 0.2484 0.9234
vn -0.8208 -0.0548 0.5687
vn -0.4920 0.0531 0.8690
vn -0.6606 -0.2093 0.7210
vn -0.6377 -0.6945 0.3331
vn -0.8656 -0.3686 0.3389
vn -0.6917 -0.4930 0.5278
vn -0.9177 -0.3360 0.2118
vn -0.8740 -0.4789 0.0820
vn -0.9309 -0.1470 0.3344
vn -0.8650 0.1595 0.4757
vn -0.8669 0.4331 0.2467
vn -0.9324 0.3584 0.0476
vn -0.9863 0.1602 0.0398
vn -0.7605 -0.1084 0.6403
vn -0.7778 0.6281 0.0243
vn -0.3423 0.8061 0.4827
vn -0.6723 0.3911 0.6285
vn -0.1285 0.9753 0.1795
vn -0.3024 0.8750 0.3780
vn -0.8601 0.2468 0.4465
vn -0.8844 0.0904 0.4579
vn 0.2070 0.9013 -0.3804
vn -0.0106 0.9925 -0.1218
vn 0.0568 0.9913 -0.1188
vn -0.4081 0.8858 -0.2210
vn -0.1556 0.9827 0.1009
vn -0.4516 0.8826 0.1309
vn 0.6090 -0.7015 0.3701
vn 0.7271 -0.3797 0.5720
vn 0.5251 -0.5821 0.6209
vn 0.6457 -0.7634 -0.0140
vn 0.8036 -0.4986 0.3248
vn 0.9029 -0.0625 0.4254
vn 0.8262 -0.5633 -0.0129
vn 0.9551 -0.2115 0.2076
vn 0.7184 -0.3663 -0.5914
vn 0.6033 -0.6925 -0.3956
vn 0.8965 -0.0523 -0.4400
vn 0.7985 -0.4906 -0.3488
vn 0.9521 -0.2065 -0.2256
vn 0.9487 0.2490 0.1947
vn 0.9455 0.2554 -0.2021
vn 0.9985 0.0551 -0.0063
vn 0.6436 -0.3483 0.6815
vn 0.5091 -0.4918 0.7063
vn 0.7631 -0.1472 0.6292
vn 0.8439 0.1510 0.5148
vn 0.6455 0.4211 0.6371
vn 0.5061 0.3416 0.7919
vn 0.5264 0.1409 0.8385
vn 0.9333 -0.0932 0.3467
vn 0.4090 0.6144 0.6747
vn 0.5874 0.8060 0.0732
vn 0.8796 0.3876 0.2757
vn 0.2166 0.9753 0.0442
vn 0.4770 0.8740 0.0929
vn 0.8168 0.2373 0.5258
vn 0.8389 0.0816 0.5381
vn -0.1040 0.9902 0.0929
vn -0.1330 0.9906 0.0334
vn 0.0150 0.8752 0.4835
vn 0.1637 0.9808 0.1061
vn 0.3382 0.8757 0.3446
vn 0.6489 0.0306 -0.7602
vn 0.6748 -0.2252 -0.7028
vn -0.0031 0.3364 -0.9417
vn 0.4566 0.2506 -0.8537
vn 0.7743 0.3397 -0.5339
vn 0.8557 0.1139 -0.5049
vn 0.5273 0.6543 -0.5421
vn -0.0042 0.9628 -0.2702
vn -0.3682 0.9085 -0.1976
vn -0.1706 0.9831 -0.0667
vn 0.3931 0.8859 -0.2463
vn 0.0730 0.9341 -0.3494
vn 0.8648 0.4108 -0.2888
vn 0.5899 0.8033 -0.0817
vn 0.7260 0.6402 -0.2513
vn 0.2617 0.9634 -0.0573
vn 0.3200 0.0353 -0.9468
vn 0.4594 -0.3780 -0.8038
vn 0.2524 -0.2185 -0.9426
vn 0.0656 0.3498 -0.9345
vn 0.8190 0.3243 -0.4733
vn 0.5029 0.2518 -0.8269
vn 0.8651 0.3685 -0.3404
vn 0.2060 0.6587 -0.7237
vn -0.2182 0.8129 -0.5399
vn -0.1893 0.4245 -0.8854
vn -0.0686 0.9678 -0.2422
vn -0.1465 0.6515 -0.7444
vn -0.0041 0.1249 -0.9922
vn 0.0256 0.8910 -0.4532
vn 0.3137 0.8881 0.3360
vn 0.2500 0.9604 -0.1234
vn 0.1612 0.9792 0.1234
vn 0.3700 0.9012 0.2259
vn 0.2762 0.9333 -0.2294
vn 0.0179 -0.6850 -0.7283
vn 0.1326 -0.3578 -0.9243
vn -0.3329 -0.7513 -0.5699
vn -0.1206 -0.4788 -0.8696
vn -0.0832 -0.0397 -0.9957
vn -0.4237 -0.5470 -0.7219
vn -0.2983 -0.1913 -0.9351
vn -0.8708 -0.3613 -0.3333
vn -0.6425 -0.6866 -0.3402
vn -0.8297 -0.0418 -0.5566
vn -0.7007 -0.4795 -0.5283
vn -0.6722 -0.1923 -0.7149
vn -0.3066 0.2697 -0.9128
vn -0.6499 0.2692 -0.7108
vn -0.5062 0.0730 -0.8593
vn -0.9206 -0.3309 -0.2074
vn -0.9344 -0.1269 -0.3328
vn -0.9329 0.3596 -0.0218
vn -0.8714 0.4378 -0.2215
vn -0.9868 0.1615 -0.0152
vn -0.8724 0.1706 -0.4580
vn -0.8909 0.1015 -0.4426
vn -0.7693 -0.0858 -0.6331
vn -0.0096 0.9889 0.1482
vn 0.0539 0.8331 0.5505
vn 0.0569 0.9883 0.1416
vn -0.1580 0.9847 -0.0737
vn -0.4076 0.8799 0.2443
vn -0.4074 0.8800 0.2443
vn -0.4075 0.8799 0.2443
vn -0.4541 0.8853 -0.1005
vn -0.6818 0.4057 -0.6087
vn -0.3506 0.8172 -0.4575
vn -0.8665 0.2574 -0.4276
vn -0.3087 0.8837 -0.3518
vn -0.1321 0.9794 -0.1526
vn 0.9505 0.2248 0.2144
vn 0.9190 -0.1299 0.3722
vn 0.9345 -0.3527 0.0487
vn 0.9202 0.0843 0.3823
vn 0.7573 -0.3982 0.5177
vn 0.9370 -0.2537 0.2399
vn 0.7478 -0.6255 -0.2224
vn 0.7976 -0.4301 0.4229
vn 0.2296 -0.8307 0.5072
vn 0.6328 -0.4445 0.6340
vn 0.4356 -0.6098 0.6622
vn 0.2161 -0.8631 0.4565
vn 0.4843 -0.6635 0.5703
vn 0.8033 -0.2038 0.5596
vn 0.5019 -0.6914 0.5198
vn -0.1330 -0.9853 -0.1069
vn -0.4389 -0.8682 -0.2315
vn -0.2237 -0.9364 -0.2705
vn -0.1015 -0.9783 -0.1804
vn -0.2016 -0.9794 -0.0130
vn -0.3955 -0.9156 -0.0731
vn 0.1942 -0.9746 0.1118
vn -0.0942 -0.1586 0.9828
vn -0.0999 0.0519 0.9936
vn -0.3577 -0.3998 0.8439
vn -0.2009 -0.2814 0.9383
vn 0.1115 -0.4140 0.9034
vn 0.1144 -0.2243 0.9678
vn 0.0179 -0.4478 0.8940
vn -0.1097 -0.7212 -0.6840
vn 0.0215 -0.9800 -0.1979
vn -0.0781 -0.9296 -0.3603
vn 0.0445 -0.8507 -0.5238
vn 0.1308 -0.9673 -0.2174
vn -0.0576 -0.9767 -0.2068
vn 0.0534 -0.9760 0.2113
vn 0.2644 -0.4545 0.8506
vn 0.3609 -0.8277 0.4298
vn 0.3861 -0.6113 0.6908
vn 0.2895 -0.6679 0.6856
vn 0.3264 -0.8592 0.3940
vn 0.2413 -0.6944 0.6779
vn 0.5190 0.7594 -0.3924
vn 0.6846 0.7160 -0.1366
vn 0.8586 0.5112 0.0396
vn 0.5074 0.7227 -0.4692
vn 0.4864 0.8029 -0.3447
vn 0.2510 0.8327 -0.4936
vn 0.1442 0.6912 -0.7081
vn -0.5996 -0.0904 -0.7952
vn -0.3301 -0.3628 -0.8714
vn -0.6838 -0.2256 -0.6939
vn -0.5314 0.2297 -0.8154
vn -0.5480 -0.4364 -0.7136
vn -0.4824 0.2034 -0.8520
vn -0.5650 0.1063 -0.8182
vn -0.1297 0.7260 -0.6753
vn -0.5195 0.3613 -0.7743
vn -0.3334 0.5401 -0.7728
vn -0.6325 0.0983 -0.7683
vn -0.3149 0.5288 -0.7881
vn -0.6184 0.7314 0.2874
vn -0.3817 0.4693 0.7963
vn -0.4679 0.6839 0.5598
vn -0.5574 0.7785 0.2885
vn -0.6727 0.6961 0.2510
vn -0.7100 0.6746 -0.2018
vn -0.4306 0.3646 -0.8256
vn -0.5479 0.7195 -0.4268
vn -0.4520 0.5716 -0.6848
vn -0.3617 0.1087 -0.9259
vn -0.5261 0.5372 -0.6593
vn -0.5772 0.8166 0.0029
vn -0.4552 0.2333 -0.8593
vn -0.5487 0.5219 -0.6531
vn -0.3928 -0.0785 -0.9162
vn -0.2624 -0.2076 -0.9424
vn -0.5793 -0.3691 -0.7267
vn -0.3385 -0.4148 -0.8446
vn -0.5073 0.2009 -0.8380
vn -0.6383 0.3054 0.7066
vn -0.8041 -0.0260 0.5939
vn -0.5720 -0.2888 0.7678
vn -0.7841 0.1851 0.5924
vn -0.8829 -0.2838 0.3741
vn -0.7192 -0.1656 0.6748
vn -0.2851 -0.6053 0.7432
vn -0.8292 -0.3229 0.4562
vn -0.6647 -0.7428 -0.0803
vn -0.9241 -0.3217 0.2065
vn -0.8708 -0.4912 0.0214
vn -0.6217 -0.7807 -0.0631
vn -0.8259 -0.5528 0.1104
vn -0.9146 -0.0825 0.3959
vn -0.7962 -0.5859 0.1512
vn 0.0194 -0.9967 -0.0787
vn 0.2970 -0.9153 -0.2722
vn 0.2111 -0.9752 -0.0657
vn 0.0670 -0.9977 -0.0132
vn -0.0254 -0.9826 -0.1838
vn 0.1351 -0.9386 -0.3175
vn -0.3335 -0.9380 0.0949
vn -0.8063 -0.0349 -0.5905
vn -0.7831 0.1747 -0.5969
vn -0.5882 -0.3074 -0.7481
vn -0.7316 -0.1678 -0.6608
vn -0.8806 -0.2857 -0.3780
vn -0.9097 -0.0885 -0.4058
vn -0.8298 -0.3247 -0.4539
vn 0.5333 -0.8097 0.2448
vn 0.0183 -0.9943 0.1049
vn 0.2147 -0.9715 0.1008
vn 0.3000 -0.9078 0.2929
vn -0.0202 -0.9779 0.2083
vn 0.0656 -0.9970 0.0406
vn -0.3443 -0.9360 -0.0735
vn -0.9203 -0.3233 -0.2204
vn -0.6665 -0.7420 0.0728
vn -0.8696 -0.4925 -0.0366
vn -0.8235 -0.5549 -0.1181
vn -0.6232 -0.7797 0.0603
vn -0.7954 -0.5852 -0.1576
vn 0.1744 0.7106 0.6817
vn -0.1342 0.7305 0.6696
vn 0.1337 0.5379 0.8324
vn -0.2822 0.5099 0.8127
vn 0.1575 0.7778 0.6085
vn 0.4088 0.7740 0.4836
vn 0.6176 0.6028 0.5051
vn 0.9676 -0.2160 -0.1309
vn 0.8216 -0.5269 -0.2176
vn 0.9061 -0.3535 -0.2324
vn 0.9956 0.0873 -0.0336
vn 0.9769 -0.1960 -0.0853
vn 0.9974 0.0644 0.0321
vn 0.7404 0.6234 0.2512
vn 0.9732 0.2266 -0.0391
vn 0.9022 0.4138 0.1220
vn 0.9889 -0.0390 -0.1436
vn 0.9064 0.3978 0.1421
vn 0.1784 0.7089 -0.6824
vn 0.1520 0.5357 -0.8306
vn -0.1385 0.7228 -0.6770
vn 0.1525 0.7764 -0.6116
vn -0.2852 0.5040 -0.8153
vn 0.6308 0.6008 -0.4911
vn 0.5108 0.6896 -0.5134
vn 0.9713 0.2290 0.0642
vn 0.7439 0.6254 -0.2356
vn 0.8923 0.4508 -0.0232
vn 0.9850 -0.0346 0.1691
vn 0.9040 0.4150 -0.1023
vn 0.4089 0.7753 -0.4813
vn 0.9939 0.0935 0.0578
vn 0.9081 0.3998 -0.1241
vn 0.9663 -0.2063 0.1542
vn 0.9030 -0.3440 0.2573
vn 0.8189 -0.5193 0.2447
vn 0.9766 -0.1869 0.1069
vn 0.9981 0.0617 -0.0014
vn 0.4702 -0.1584 -0.8682
vn 0.4927 -0.1593 -0.8555
vn 0.4706 0.0903 -0.8777
vn 0.5028 0.0871 -0.8600
vn 0.3967 0.6505 -0.6476
vn 0.2544 0.8227 -0.5083
vn 0.3047 0.8234 -0.4787
vn 0.4491 -0.1595 -0.8791
vn 0.4397 0.0884 -0.8938
vn 0.3469 0.6512 -0.6750
vn 0.2058 0.8202 -0.5338
vn 0.2357 -0.8603 -0.4520
vn 0.2140 -0.8591 -0.4650
vn 0.1199 -0.9590 -0.2569
vn -0.2115 -0.9576 0.1958
vn -0.2756 -0.8611 0.4272
vn -0.1629 -0.9600 0.2275
vn 0.1913 -0.8565 -0.4793
vn 0.0869 -0.9565 -0.2784
vn -0.2623 -0.9512 0.1627
vn -0.3284 -0.8576 0.3958
vn 0.5366 -0.1618 -0.8282
vn 0.5152 -0.1597 -0.8420
vn 0.5667 0.0841 -0.8196
vn 0.4469 0.6487 -0.6160
vn 0.4045 0.8148 -0.4154
vn 0.4944 0.6425 -0.5854
vn 0.5357 0.0870 -0.8399
vn 0.3559 0.8203 -0.4477
vn 0.2571 -0.8607 -0.4395
vn 0.2765 -0.8606 -0.4276
vn 0.1533 -0.9587 -0.2397
vn 0.1830 -0.9578 -0.2216
vn -0.0682 -0.9579 0.2789
vn -0.2234 -0.8613 0.4563
vn -0.1744 -0.8590 0.4814
vn -0.1149 -0.9594 0.2575
vn 0.2972 -0.8591 -0.4166
vn 0.3200 -0.8562 -0.4056
vn 0.2143 -0.9551 -0.2047
vn 0.2497 -0.9501 -0.1872
vn 0.0311 -0.9450 0.3256
vn -0.1234 -0.8554 0.5031
vn -0.0672 -0.8467 0.5279
vn -0.0196 -0.9539 0.2994
vn 0.4270 -0.1600 -0.8900
vn 0.4078 0.0863 -0.9090
vn 0.2998 0.6479 -0.7002
vn 0.1565 0.8140 -0.5594
vn 0.4033 -0.1615 -0.9007
vn 0.3732 0.0847 -0.9239
vn 0.2522 0.6416 -0.7244
vn 0.1038 0.8050 -0.5841
vn 0.3786 -0.1637 -0.9110
vn 0.3377 0.0816 -0.9377
vn 0.1990 0.6345 -0.7468
vn 0.0495 0.7940 -0.6059
vn 0.3538 -0.1602 -0.9215
vn 0.3042 0.0842 -0.9489
vn 0.1442 0.6257 -0.7666
vn -0.0003 0.7811 -0.6244
vn 0.3442 -0.8533 -0.3917
vn 0.3627 -0.8521 -0.3774
vn 0.2869 -0.9436 -0.1651
vn 0.3137 -0.9386 -0.1434
vn 0.1291 -0.9205 0.3688
vn -0.0058 -0.8349 0.5504
vn 0.0402 -0.8222 0.5678
vn 0.0870 -0.9330 0.3493
vn 0.2568 -0.1828 -0.9490
vn 0.2071 -0.3098 -0.9280
vn 0.0231 0.2785 -0.9601
vn -0.0227 0.0061 -0.9997
vn -0.2215 0.6488 -0.7280
vn -0.2527 0.3269 -0.9107
vn 0.3355 -0.1535 -0.9294
vn 0.2757 0.0923 -0.9568
vn 0.0902 0.6179 -0.7811
vn -0.0382 0.7739 -0.6321
vn 0.0492 0.6187 -0.7841
vn 0.3716 -0.8521 -0.3685
vn 0.3252 -0.9359 -0.1357
vn 0.0596 -0.8142 0.5775
vn 0.1486 -0.9126 0.3808
vn 0.1634 -0.8520 -0.4974
vn 0.0525 -0.9520 -0.3014
vn -0.3250 -0.9377 0.1230
vn -0.3815 -0.8521 0.3583
vn 0.1339 -0.8495 -0.5103
vn 0.0043 -0.9455 -0.3255
vn -0.3789 -0.9217 0.0833
vn -0.4483 -0.8378 0.3116
vn 0.5787 -0.1615 -0.7994
vn 0.5577 -0.1628 -0.8139
vn 0.6226 0.0859 -0.7778
vn 0.5391 0.6378 -0.5501
vn 0.4908 0.7978 -0.3501
vn 0.5801 0.6314 -0.5146
vn 0.5961 0.0835 -0.7985
vn 0.4505 0.8068 -0.3822
vn 0.6812 -0.3091 -0.6637
vn 0.8636 0.0079 -0.5041
vn 0.9078 0.3285 -0.2606
vn 0.6658 -0.1802 -0.7240
vn 0.7928 0.2913 -0.5354
vn 0.7138 0.6718 -0.1980
vn 0.1129 -0.8508 -0.5132
vn -0.0398 -0.9364 -0.3487
vn -0.4165 -0.9061 0.0746
vn -0.5068 -0.8194 0.2679
vn -0.5378 -0.8042 0.2530
vn -0.0657 -0.9337 -0.3519
vn -0.4175 -0.9064 0.0639
vn 0.5938 -0.1561 -0.7894
vn 0.6048 0.6321 -0.4845
vn 0.6425 0.0903 -0.7610
vn 0.5165 0.7929 -0.3232
vn -0.0528 0.9881 0.1443
vn -0.0898 0.9883 0.1235
vn -0.1794 0.9163 0.3580
vn -0.2057 0.9171 0.3416
vn -0.2931 0.7847 0.5463
vn -0.3077 0.7854 0.5371
vn -0.1244 0.9869 0.1030
vn -0.2307 0.9164 0.3272
vn -0.3218 0.7853 0.5289
vn -0.5316 -0.2574 0.8069
vn -0.4918 -0.2590 0.8313
vn -0.5313 0.0221 0.8469
vn -0.5023 0.0209 0.8644
vn -0.4896 0.2950 0.8205
vn -0.4737 0.2942 0.8301
vn -0.5735 -0.2511 0.7798
vn -0.5614 0.0246 0.8272
vn -0.5059 0.2969 0.8098
vn -0.0154 0.9859 0.1667
vn 0.0211 0.9818 0.1886
vn -0.1519 0.9150 0.3737
vn -0.1257 0.9122 0.3900
vn -0.2775 0.7844 0.5547
vn -0.2629 0.7829 0.5638
vn -0.4141 -0.2603 0.8722
vn -0.4520 -0.2593 0.8535
vn -0.4461 0.0175 0.8948
vn -0.4735 0.0195 0.8806
vn -0.4434 0.2928 0.8471
vn -0.4582 0.2933 0.8391
vn -0.3312 -0.2576 0.9077
vn -0.3753 -0.2591 0.8899
vn -0.3869 0.0196 0.9219
vn -0.4184 0.0181 0.9081
vn -0.4116 0.2937 0.8627
vn -0.4284 0.2931 0.8548
vn -0.1598 0.9837 0.0830
vn -0.2568 0.9146 0.3124
vn -0.3363 0.7848 0.5206
vn -0.1968 0.9786 0.0598
vn -0.2841 0.9118 0.2963
vn -0.3517 0.7841 0.5113
vn -0.2347 0.9714 0.0372
vn -0.3117 0.9084 0.2785
vn -0.3676 0.7829 0.5020
vn -0.2690 0.9630 0.0142
vn -0.3371 0.9047 0.2604
vn -0.3825 0.7825 0.4912
vn -0.2423 -0.2559 0.9358
vn -0.2820 -0.2555 0.9248
vn -0.3225 0.0171 0.9464
vn -0.3513 0.0192 0.9361
vn -0.3770 0.2913 0.8792
vn -0.3926 0.2942 0.8714
vn -0.5043 0.7970 -0.3325
vn -0.4272 0.9015 -0.0692
vn -0.5452 0.8370 0.0454
vn -0.4547 0.8674 0.2020
vn -0.5081 0.7569 0.4109
vn -0.4481 0.7676 0.4583
vn -0.2924 0.9563 -0.0041
vn -0.3541 0.9031 0.2429
vn -0.3925 0.7840 0.4810
vn -0.2234 -0.2572 0.9402
vn -0.3080 0.0126 0.9513
vn -0.3689 0.2879 0.8838
vn -0.6235 -0.2461 0.7421
vn -0.5983 0.0286 0.8007
vn -0.5262 0.2989 0.7961
vn -0.6680 -0.2438 0.7031
vn -0.6326 0.0273 0.7740
vn -0.5462 0.2978 0.7829
vn 0.0569 0.9760 0.2101
vn 0.0904 0.9692 0.2290
vn -0.0992 0.9089 0.4051
vn -0.0729 0.9057 0.4176
vn -0.2479 0.7816 0.5724
vn -0.2325 0.7812 0.5794
vn 0.5505 0.7937 0.2588
vn 0.2525 0.8345 0.4898
vn -0.0778 0.7565 0.6493
vn 0.2563 0.9083 0.3306
vn 0.0473 0.8682 0.4939
vn -0.1621 0.7672 0.6205
vn -0.6893 -0.2455 0.6816
vn -0.6509 0.0210 0.7588
vn -0.5585 0.2927 0.7761
vn 0.1166 0.9641 0.2387
vn -0.0520 0.9044 0.4236
vn -0.2202 0.7824 0.5826
vn -0.6074 -0.5321 0.5898
vn 0.9617 0.1616 0.2212
vn 0.9619 0.1623 0.2202
vn -0.6031 -0.5329 0.5935
vn 0.5393 -0.3020 0.7861
vn 0.5394 -0.3020 0.7861
vn 0.9540 0.1295 0.2703
vn -0.1961 -0.5424 0.8169
vn -0.2033 -0.5434 0.8145
vn -0.9617 -0.2721 -0.0324
vn -0.9618 -0.2718 -0.0325
vn -0.7527 0.1531 -0.6403
vn -0.4138 0.3843 -0.8253
vn -0.7124 0.1882 -0.6761
vn -0.5269 0.7506 0.3987
vn -0.5738 0.8189 0.0158
vn -0.5323 0.7612 -0.3705
vn 0.6012 0.7543 -0.2638
vn -0.0636 0.7636 -0.6426
vn 0.2896 0.8214 -0.4913
vn -0.1813 -0.9310 -0.3167
vn -0.2346 -0.8115 -0.5351
vn -0.5029 0.0961 -0.8590
vn -0.2776 -0.8317 -0.4808
vn -0.5045 0.0506 -0.8619
vn 0.6025 0.7481 0.2782
vn 0.2941 0.8073 0.5116
vn -0.0553 0.7444 0.6654
vn -0.1728 -0.9424 0.2863
vn -0.3388 -0.8258 0.4508
vn -0.4828 0.1734 0.8584
vn -0.2652 -0.8517 0.4521
vn 0.3549 -0.9347 -0.0176
vn 0.5865 -0.8085 0.0490
vn 0.9955 0.0941 -0.0073
vn 0.5496 -0.8352 -0.0194
vn 0.2151 -0.3080 0.9268
vn 0.2022 -0.2895 0.9356
vn -0.0117 0.0138 0.9998
vn -0.0877 0.1216 0.9887
vn -0.2265 0.3188 0.9204
vn -0.2959 0.6405 0.7087
vn -0.4720 0.5964 0.6492
vn -0.6495 0.3441 0.6780
vn -0.7570 0.2023 0.6213
vn -0.8447 0.0381 0.5338
vn -0.9055 -0.1802 0.3842
vn -0.9106 -0.2938 0.2907
vn -0.2395 0.8650 0.4409
vn -0.1458 0.9497 0.2772
vn -0.0208 0.9968 0.0770
vn 0.1553 0.9545 -0.2544
vn -0.1350 0.9565 0.2585
vn 0.1186 0.9748 -0.1889
vn 0.7047 -0.3086 0.6388
vn 0.8772 0.0118 0.4800
vn 0.9128 0.3181 0.2560
vn 0.7174 -0.2917 0.6326
vn 0.9078 0.1390 0.3958
vn 0.7555 0.6495 0.0857
vn 0.6945 -0.2944 -0.6565
vn 0.7579 -0.2056 -0.6191
vn 0.8698 0.0225 -0.4928
vn 0.9119 0.2549 -0.3216
vn 0.9091 0.3245 -0.2614
vn 0.8034 0.5842 -0.1148
vn 0.4785 0.8780 0.0072
vn 0.3053 0.9522 0.0101
vn 0.0867 0.9962 0.0124
vn -0.2581 0.9660 0.0124
vn -0.2732 0.9618 0.0155
vn 0.2872 0.9578 0.0098
vn -0.1594 0.9871 0.0140
vn -0.3108 0.6530 -0.6906
vn -0.2352 0.3366 -0.9118
vn -0.1089 0.1564 -0.9817
vn -0.0231 0.0338 -0.9992
vn 0.2012 -0.2867 -0.9367
vn -0.6769 0.3446 -0.6505
vn -0.7763 0.2058 -0.5958
vn -0.9052 -0.1216 -0.4072
vn -0.9157 -0.2856 -0.2828
vn -0.5002 0.5991 -0.6252
vn -0.6894 0.3291 -0.6453
vn -0.7801 0.1997 -0.5929
vn -0.2354 0.8884 -0.3941
vn -0.0309 0.9834 -0.1788
vn -0.0345 0.9981 -0.0510
vn 0.1464 0.9553 0.2567
vn -0.2182 0.9054 -0.3643
vn -0.2121 0.3031 0.9290
vn 0.0081 -0.0107 0.9999
vn 0.2203 -0.3132 0.9238
vn -0.9152 -0.3060 0.2623
vn -0.8623 -0.0011 0.5063
vn -0.6835 0.3082 0.6617
vn 0.1137 0.9768 -0.1813
vn -0.0783 0.9844 0.1573
vn -0.2595 0.8416 0.4737
vn 0.9141 0.3047 0.2674
vn 0.8697 -0.0103 0.4935
vn 0.6930 -0.3235 0.6443
vn 0.9102 0.3108 -0.2736
vn 0.8628 0.0025 -0.5055
vn 0.6839 -0.3077 -0.6616
vn -0.2165 0.9762 0.0147
vn 0.1750 0.9845 0.0102
vn 0.5376 0.8432 0.0070
vn 0.2119 -0.3019 -0.9295
vn -0.0084 0.0128 -0.9999
vn -0.2273 0.3253 -0.9179
vn -0.9143 -0.3052 -0.2664
vn -0.8702 0.0106 -0.4927
vn -0.6934 0.3242 -0.6435
vn 0.1148 0.9724 0.2031
vn -0.0822 0.9878 -0.1323
vn -0.2670 0.8533 -0.4479
vn 0.0667 -0.7618 0.6444
vn -0.2885 -0.8208 0.4930
vn -0.2886 -0.8208 0.4930
vn -0.6000 -0.7544 0.2661
vn 0.1392 0.8102 -0.5693
vn 0.0477 0.8453 -0.5322
vn -0.2327 0.6835 -0.6919
vn -0.9025 -0.1478 -0.4047
vn -0.6917 0.3135 -0.6506
vn -0.9050 -0.1620 -0.3934
vn -0.8751 -0.4703 -0.1146
vn -0.6883 0.3177 -0.6521
vn -0.6969 0.3301 -0.6367
vn 0.3390 -0.4861 0.8055
vn 0.2198 -0.3286 0.9185
vn -0.2039 0.3071 0.9296
vn -0.2154 0.2932 0.9315
vn -0.2178 0.2965 0.9299
vn -0.5640 0.8055 0.1820
vn -0.5325 0.7475 0.3971
vn 0.1060 -0.1702 0.9797
vn -0.4825 0.6725 0.5612
vn -0.4847 0.8400 0.2439
vn -0.5706 0.8156 0.0966
vn 0.3114 -0.4472 -0.8385
vn 0.4435 -0.3768 -0.8132
vn -0.2188 0.3311 -0.9179
vn -0.1403 0.3835 -0.9128
vn 0.2094 -0.3045 -0.9292
vn -0.5359 0.7602 -0.3672
vn -0.2973 -0.8087 -0.5076
vn -0.2975 -0.8087 -0.5074
vn -0.6036 -0.7482 -0.2754
vn 0.0560 -0.7461 -0.6635
vn 0.9097 0.3119 -0.2741
vn 0.5263 -0.4703 -0.7084
vn 0.4305 0.7987 0.4203
vn 0.9097 0.3117 -0.2742
vn 0.9094 0.3152 -0.2712
vn 0.5253 -0.4713 -0.7085
vn 0.5372 -0.4870 0.6887
vn 0.3697 -0.4912 0.7887
vn 0.9199 0.2936 0.2601
vn 0.8064 -0.1663 0.5675
vn 0.7987 -0.1791 0.5744
vn 0.7239 0.6739 -0.1477
vn 0.4271 0.8079 -0.4060
vn 0.5389 -0.4854 0.6885
vn 0.9138 0.3059 0.2670
vn 0.9195 0.2977 0.2565
vn 0.5269 -0.7526 -0.3950
vn 0.5732 -0.8193 -0.0137
vn 0.5732 -0.8193 -0.0141
vn 0.5324 -0.7616 0.3694
vn 0.1524 0.7974 0.5839
vn -0.6834 0.3062 0.6627
vn -0.6807 0.2957 0.6702
vn -0.8721 -0.4759 0.1135
vn -0.8738 -0.4718 0.1177
vn -0.2222 0.6684 0.7099
vn -0.8973 -0.1553 0.4132
vn -0.6781 0.2990 0.6714
vn -0.8488 -0.5255 0.0577
vn 0.5122 -0.1742 0.8410
vn 0.4903 -0.1733 0.8541
vn 0.5193 0.0732 0.8514
vn 0.4873 0.0747 0.8700
vn 0.3553 0.6385 0.6827
vn 0.3058 0.8154 0.4916
vn 0.2553 0.8147 0.5207
vn 0.5328 -0.1725 0.8285
vn 0.5488 0.0759 0.8325
vn 0.4043 0.6395 0.6539
vn 0.3535 0.8121 0.4643
vn 0.2750 -0.8675 0.4145
vn 0.2973 -0.8658 0.4025
vn 0.1669 -0.9621 0.2157
vn -0.0585 -0.9518 -0.3011
vn -0.2252 -0.8533 -0.4703
vn -0.1094 -0.9553 -0.2745
vn 0.3213 -0.8627 0.3906
vn 0.2013 -0.9595 0.1973
vn -0.0040 -0.9446 -0.3283
vn -0.1712 -0.8492 -0.4995
vn 0.4445 -0.1776 0.8780
vn 0.4673 -0.1750 0.8666
vn 0.4209 0.0685 0.9045
vn 0.3032 0.6361 0.7095
vn 0.1505 0.8044 0.5747
vn 0.2524 0.6297 0.7347
vn 0.4540 0.0697 0.8883
vn 0.2022 0.8108 0.5493
vn 0.2531 -0.8685 0.4261
vn 0.2335 -0.8682 0.4379
vn 0.1334 -0.9632 0.2335
vn 0.1046 -0.9618 0.2532
vn -0.2018 -0.9548 -0.2180
vn -0.2769 -0.8541 -0.4402
vn -0.3233 -0.8527 -0.4103
vn -0.1578 -0.9565 -0.2454
vn 0.2138 -0.8671 0.4500
vn 0.1920 -0.8650 0.4635
vn 0.0728 -0.9601 0.2699
vn 0.0395 -0.9561 0.2904
vn -0.2912 -0.9440 -0.1549
vn -0.3683 -0.8494 -0.3780
vn -0.4170 -0.8428 -0.3403
vn -0.2445 -0.9512 -0.1880
vn 0.5531 -0.1740 0.8148
vn 0.5781 0.0728 0.8127
vn 0.4502 0.6366 0.6261
vn 0.3996 0.8078 0.4333
vn 0.5746 -0.1740 0.7997
vn 0.6084 0.0720 0.7903
vn 0.4947 0.6337 0.5947
vn 0.4476 0.7997 0.4001
vn 0.5960 -0.1754 0.7836
vn 0.6383 0.0709 0.7665
vn 0.5412 0.6258 0.5616
vn 0.4948 0.7886 0.3652
vn 0.6176 -0.1716 0.7675
vn 0.6652 0.0744 0.7430
vn 0.5861 0.6176 0.5245
vn 0.5354 0.7772 0.3307
vn 0.1675 -0.8627 0.4772
vn 0.1469 -0.8609 0.4871
vn 0.0017 -0.9501 0.3121
vn -0.0292 -0.9450 0.3257
vn -0.3798 -0.9203 -0.0937
vn -0.4681 -0.8314 -0.2994
vn -0.5065 -0.8194 -0.2683
vn -0.3414 -0.9323 -0.1196
vn 0.6901 -0.1925 0.6976
vn 0.6982 -0.3186 0.6411
vn 0.8157 0.2731 0.5099
vn 0.8744 0.0010 0.4853
vn 0.7367 0.6494 0.1888
vn 0.9120 0.3264 0.2484
vn 0.5248 -0.4137 0.7439
vn 0.6860 0.0810 0.7231
vn 0.6260 0.6104 0.4853
vn 0.5609 0.7712 0.3010
vn 0.6948 0.0911 0.7134
vn 0.6487 0.6135 0.4504
vn 0.1342 -0.8615 0.4897
vn -0.0438 -0.9431 0.3296
vn -0.5243 -0.8122 -0.2558
vn -0.3991 -0.9132 -0.0822
vn 0.3508 -0.8578 0.3755
vn 0.2380 -0.9547 0.1785
vn 0.0636 -0.9310 -0.3595
vn -0.1127 -0.8420 -0.5275
vn 0.3768 -0.8550 0.3563
vn 0.2841 -0.9467 0.1515
vn 0.1222 -0.9122 -0.3911
vn -0.0382 -0.8276 -0.5601
vn 0.3984 -0.1773 0.8999
vn 0.4214 -0.1786 0.8891
vn 0.3568 0.0680 0.9317
vn 0.2007 0.6220 0.7569
vn 0.0504 0.7860 0.6161
vn 0.1481 0.6171 0.7728
vn 0.3875 0.0664 0.9195
vn 0.0990 0.7952 0.5982
vn 0.2300 -0.3259 0.9170
vn -0.0008 -0.0122 0.9999
vn -0.2353 0.3094 0.9214
vn 0.2898 -0.1978 0.9364
vn 0.0595 0.2735 0.9600
vn -0.1942 0.6579 0.7276
vn 0.3900 -0.8553 0.3411
vn 0.3252 -0.9377 0.1221
vn 0.1515 -0.8987 -0.4116
vn 0.0278 -0.8068 -0.5902
vn 0.0579 -0.7932 -0.6063
vn 0.3410 -0.9346 0.1011
vn 0.1602 -0.8979 -0.4101
vn 0.3819 -0.1716 0.9081
vn 0.1084 0.6206 0.7766
vn 0.3318 0.0741 0.9404
vn 0.0141 0.7812 0.6242
vn -0.1024 0.9898 -0.0987
vn -0.0655 0.9906 -0.1198
vn -0.2227 0.9217 -0.3175
vn -0.1959 0.9225 -0.3327
vn -0.3269 0.7938 -0.5129
vn -0.3119 0.7942 -0.5214
vn -0.0304 0.9898 -0.1393
vn -0.1704 0.9223 -0.3469
vn -0.2977 0.7945 -0.5294
vn -0.4266 -0.2414 -0.8716
vn -0.4679 -0.2437 -0.8495
vn -0.4626 0.0373 -0.8858
vn -0.4924 0.0347 -0.8697
vn -0.4623 0.3096 -0.8309
vn -0.4785 0.3080 -0.8223
vn -0.3820 -0.2366 -0.8934
vn -0.4304 0.0404 -0.9017
vn -0.4449 0.3113 -0.8398
vn -0.1410 0.9869 -0.0782
vn -0.1782 0.9823 -0.0579
vn -0.2507 0.9194 -0.3029
vn -0.2775 0.9167 -0.2875
vn -0.3425 0.7923 -0.5049
vn -0.3575 0.7914 -0.4959
vn -0.5425 -0.2467 -0.8030
vn -0.5069 -0.2470 -0.8258
vn -0.5468 0.0320 -0.8366
vn -0.5209 0.0332 -0.8530
vn -0.5084 0.3068 -0.8046
vn -0.4941 0.3074 -0.8132
vn -0.6150 -0.2457 -0.7493
vn -0.5772 -0.2473 -0.7783
vn -0.6006 0.0319 -0.7989
vn -0.5725 0.0321 -0.8193
vn -0.5385 0.3061 -0.7851
vn -0.5228 0.3062 -0.7956
vn 0.0054 0.9872 -0.1592
vn -0.1445 0.9210 -0.3617
vn -0.2832 0.7940 -0.5379
vn 0.0429 0.9826 -0.1809
vn -0.1161 0.9192 -0.3763
vn -0.2676 0.7935 -0.5465
vn 0.0817 0.9759 -0.2022
vn -0.0874 0.9158 -0.3919
vn -0.2512 0.7928 -0.5553
vn 0.1188 0.9681 -0.2204
vn -0.0587 0.9126 -0.4046
vn -0.2345 0.7927 -0.5627
vn -0.6841 -0.2463 -0.6866
vn -0.6544 -0.2455 -0.7152
vn -0.6541 0.0283 -0.7559
vn -0.6305 0.0314 -0.7755
vn -0.5698 0.3035 -0.7636
vn -0.5554 0.3062 -0.7732
vn 0.5382 0.8045 -0.2512
vn 0.2717 0.9091 -0.3157
vn 0.2317 0.8477 -0.4772
vn 0.0508 0.8771 -0.4776
vn -0.1010 0.7693 -0.6309
vn -0.1730 0.7787 -0.6030
vn 0.1463 0.9617 -0.2318
vn -0.0349 0.9113 -0.4103
vn -0.2210 0.7939 -0.5665
vn -0.6974 -0.2486 -0.6722
vn -0.6654 0.0248 -0.7461
vn -0.5777 0.3004 -0.7590
vn -0.3241 -0.2303 -0.9176
vn -0.3889 0.0441 -0.9202
vn -0.4228 0.3144 -0.8499
vn -0.2681 -0.2270 -0.9362
vn -0.3486 0.0437 -0.9363
vn -0.4014 0.3122 -0.8610
vn -0.2145 0.9760 -0.0374
vn -0.2476 0.9687 -0.0177
vn -0.3038 0.9130 -0.2721
vn -0.3279 0.9094 -0.2560
vn -0.3725 0.7897 -0.4875
vn -0.3864 0.7889 -0.4778
vn -0.5054 0.7845 0.3593
vn -0.5543 0.8322 -0.0148
vn -0.5244 0.7613 -0.3813
vn -0.4190 0.9051 0.0724
vn -0.4544 0.8699 -0.1917
vn -0.4573 0.7733 -0.4391
vn -0.2387 -0.2286 -0.9438
vn -0.3262 0.0378 -0.9445
vn -0.3890 0.3075 -0.8684
vn -0.2695 0.9630 -0.0008
vn -0.3435 0.9077 -0.2408
vn -0.3953 0.7900 -0.4686
vn -0.2043 -0.5173 -0.8311
vn -0.2057 -0.5178 -0.8304
vn -0.9482 -0.3124 0.0586
vn -0.9482 -0.3124 0.0584
vn -0.7137 0.1101 0.6918
vn -0.6000 -0.5338 -0.5959
vn -0.6004 -0.5333 -0.5959
vn 0.5139 -0.2540 -0.8194
vn 0.5139 -0.2539 -0.8194
vn 0.5141 -0.2538 -0.8193
vn 0.9331 0.1607 -0.3217
vn 0.9190 0.3883 0.0686
vn -0.9995 -0.0322 0.0023
vn -0.9992 -0.0316 -0.0229
vn -0.9765 0.2153 0.0071
vn -0.9762 0.2147 -0.0288
vn -0.6694 0.7421 -0.0346
vn -0.4579 0.8887 0.0231
vn -0.4560 0.8893 -0.0353
vn -0.9991 -0.0338 0.0251
vn -0.9760 0.2136 0.0421
vn -0.6699 0.7422 0.0206
vn -0.4582 0.8855 0.0771
vn -0.6147 -0.7887 0.0065
vn -0.6167 -0.7866 0.0327
vn -0.4048 -0.9143 0.0155
vn 0.1499 -0.9848 0.0881
vn 0.3937 -0.9186 0.0342
vn 0.1533 -0.9877 0.0305
vn -0.6170 -0.7849 0.0573
vn -0.4076 -0.9115 0.0548
vn 0.1459 -0.9780 0.1494
vn 0.3911 -0.9155 0.0948
vn -0.9965 -0.0353 -0.0753
vn -0.9982 -0.0335 -0.0505
vn -0.9718 0.2113 -0.1047
vn -0.6669 0.7390 -0.0960
vn -0.4498 0.8799 -0.1530
vn -0.6622 0.7339 -0.1513
vn -0.9749 0.2114 -0.0699
vn -0.4541 0.8859 -0.0950
vn -0.6137 -0.7893 -0.0192
vn -0.6134 -0.7887 -0.0415
vn -0.4026 -0.9150 -0.0245
vn -0.4040 -0.9129 -0.0574
vn 0.1511 -0.9856 -0.0761
vn 0.3937 -0.9189 -0.0256
vn 0.3923 -0.9163 -0.0806
vn 0.1545 -0.9876 -0.0277
vn -0.6136 -0.7869 -0.0649
vn -0.6133 -0.7847 -0.0906
vn -0.4023 -0.9106 -0.0947
vn -0.4022 -0.9058 -0.1334
vn 0.1477 -0.9713 -0.1867
vn 0.3888 -0.9111 -0.1371
vn 0.3830 -0.9025 -0.1970
vn 0.1512 -0.9800 -0.1296
vn -0.9982 -0.0344 0.0497
vn -0.9745 0.2107 0.0773
vn -0.6704 0.7386 0.0717
vn -0.4575 0.8791 0.1334
vn -0.9963 -0.0341 0.0783
vn -0.9701 0.2115 0.1188
vn -0.6689 0.7321 0.1284
vn -0.4554 0.8694 0.1915
vn -0.9940 -0.0356 0.1036
vn -0.9661 0.2078 0.1530
vn -0.6642 0.7243 0.1852
vn -0.4517 0.8569 0.2485
vn -0.9908 -0.0334 0.1312
vn -0.9603 0.2071 0.1871
vn -0.6574 0.7137 0.2419
vn -0.4438 0.8435 0.3026
vn -0.6132 -0.7811 -0.1177
vn -0.6079 -0.7811 -0.1428
vn -0.4004 -0.8993 -0.1757
vn -0.3928 -0.8948 -0.2121
vn 0.1417 -0.9459 -0.2920
vn 0.3759 -0.8888 -0.2624
vn 0.3713 -0.8754 -0.3095
vn 0.1444 -0.9581 -0.2474
vn -0.9718 -0.0601 0.2281
vn -0.9460 -0.1916 0.2614
vn -0.8127 0.3825 0.4395
vn -0.8600 0.1130 0.4976
vn -0.4467 0.7094 0.5453
vn -0.6316 0.4083 0.6590
vn -0.9574 -0.2828 0.0583
vn -0.9528 0.2142 0.2152
vn -0.6432 0.7050 0.2987
vn -0.4341 0.8343 0.3400
vn -0.9465 0.2251 0.2312
vn -0.6279 0.7027 0.3344
vn -0.6047 -0.7815 -0.1534
vn -0.3924 -0.8927 -0.2214
vn 0.3712 -0.8670 -0.3324
vn 0.1463 -0.9367 -0.3181
vn -0.6202 -0.7791 0.0912
vn -0.4067 -0.9088 0.0929
vn 0.1412 -0.9645 0.2232
vn 0.3856 -0.9086 0.1604
vn -0.6168 -0.7773 0.1244
vn -0.4088 -0.9005 0.1480
vn 0.1382 -0.9470 0.2901
vn 0.3776 -0.8940 0.2412
vn -0.9915 -0.0352 -0.1249
vn -0.9943 -0.0353 -0.1010
vn -0.9626 0.2093 -0.1720
vn -0.6563 0.7255 -0.2071
vn -0.4366 0.8612 -0.2603
vn -0.6436 0.7196 -0.2606
vn -0.9677 0.2091 -0.1412
vn -0.4446 0.8709 -0.2092
vn -0.9406 -0.1895 -0.2818
vn -0.8476 0.1191 -0.5170
vn -0.6157 0.4130 -0.6711
vn -0.9696 -0.0568 -0.2380
vn -0.8043 0.4002 -0.4394
vn -0.4232 0.7352 -0.5295
vn -0.6096 -0.7797 0.1429
vn -0.4029 -0.8932 0.1997
vn 0.1435 -0.9345 0.3258
vn 0.3706 -0.8742 0.3136
vn 0.3721 -0.8605 0.3480
vn -0.3920 -0.8925 0.2229
vn 0.1377 -0.9331 0.3321
vn -0.9891 -0.0290 -0.1443
vn -0.6271 0.7204 -0.2964
vn -0.9557 0.2150 -0.2012
vn -0.4259 0.8551 -0.2957
vn 0.2768 0.9607 -0.0190
vn 0.2751 0.9611 0.0244
vn 0.5141 0.8577 -0.0104
vn 0.5125 0.8584 0.0204
vn 0.7139 0.7002 -0.0004
vn 0.7138 0.7002 0.0160
vn 0.2744 0.9595 0.0636
vn 0.5118 0.8577 0.0494
vn 0.7127 0.7006 0.0331
vn 0.9227 -0.3776 0.0782
vn 0.9248 -0.3791 0.0329
vn 0.9926 -0.1057 0.0606
vn 0.9939 -0.1067 0.0281
vn 0.9846 0.1708 0.0381
vn 0.9853 0.1698 0.0197
vn 0.9189 -0.3727 0.1296
vn 0.9900 -0.1020 0.0970
vn 0.9832 0.1731 0.0576
vn 0.2783 0.9585 -0.0626
vn 0.2794 0.9544 -0.1051
vn 0.5143 0.8566 -0.0421
vn 0.5152 0.8539 -0.0729
vn 0.7149 0.6990 -0.0186
vn 0.7153 0.6978 -0.0362
vn 0.9230 -0.3809 -0.0550
vn 0.9245 -0.3811 -0.0128
vn 0.9934 -0.1092 -0.0364
vn 0.9942 -0.1078 -0.0057
vn 0.9855 0.1687 -0.0158
vn 0.9856 0.1693 0.0016
vn 0.9145 -0.3776 -0.1456
vn 0.9201 -0.3794 -0.0975
vn 0.9892 -0.1064 -0.1010
vn 0.9918 -0.1082 -0.0673
vn 0.9840 0.1708 -0.0500
vn 0.9849 0.1701 -0.0311
vn 0.2725 0.9565 0.1045
vn 0.5112 0.8559 0.0784
vn 0.7138 0.6987 0.0478
vn 0.2703 0.9514 0.1478
vn 0.5083 0.8540 0.1112
vn 0.7123 0.6987 0.0671
vn 0.2672 0.9443 0.1919
vn 0.5063 0.8503 0.1437
vn 0.7118 0.6972 0.0853
vn 0.2630 0.9363 0.2328
vn 0.5022 0.8469 0.1746
vn 0.7077 0.6986 0.1053
vn 0.8977 -0.3723 -0.2357
vn 0.9065 -0.3738 -0.1962
vn 0.9794 -0.1088 -0.1700
vn 0.9845 -0.1059 -0.1394
vn 0.9818 0.1679 -0.0889
vn 0.9828 0.1701 -0.0718
vn 0.0513 0.7947 0.6049
vn 0.2576 0.8743 0.4114
vn 0.4044 0.7902 0.4605
vn 0.5026 0.8087 0.3054
vn 0.6941 0.6738 0.2535
vn 0.7103 0.6816 0.1759
vn 0.2567 0.9302 0.2624
vn 0.4951 0.8460 0.1979
vn 0.7056 0.6989 0.1170
vn 0.8920 -0.3731 -0.2550
vn 0.9763 -0.1117 -0.1852
vn 0.9815 0.1644 -0.0981
vn 0.9106 -0.3662 0.1914
vn 0.9850 -0.0984 0.1421
vn 0.9810 0.1757 0.0819
vn 0.8982 -0.3623 0.2490
vn 0.9777 -0.0994 0.1851
vn 0.9791 0.1734 0.1065
vn 0.2806 0.9485 -0.1467
vn 0.2791 0.9422 -0.1855
vn 0.5157 0.8504 -0.1037
vn 0.5134 0.8479 -0.1326
vn 0.7152 0.6969 -0.0536
vn 0.7145 0.6960 -0.0708
vn 0.0662 0.7942 -0.6040
vn 0.4146 0.7897 -0.4521
vn 0.6999 0.6732 -0.2386
vn 0.2819 0.8811 -0.3798
vn 0.5182 0.8099 -0.2748
vn 0.7157 0.6818 -0.1514
vn 0.8893 -0.3631 0.2781
vn 0.9724 -0.1050 0.2085
vn 0.9787 0.1670 0.1192
vn 0.2758 0.9373 -0.2129
vn 0.5091 0.8469 -0.1536
vn 0.7119 0.6973 -0.0834
vn 0.7342 -0.6318 0.2488
vn -0.2431 0.1979 -0.9496
vn -0.2441 0.1990 -0.9491
vn 0.7353 -0.6330 0.2421
vn 0.3915 -0.3529 -0.8498
vn -0.2003 0.1596 -0.9666
vn 0.7357 -0.6404 -0.2205
vn 0.7368 -0.6415 -0.2135
vn 0.3954 -0.3280 0.8580
vn -0.1796 0.1732 0.9684
vn -0.4753 0.4472 0.7577
vn -0.2270 0.2153 0.9498
vn 0.1365 0.9902 -0.0309
vn 0.0412 0.9911 0.1269
vn 0.0413 0.9911 0.1268
vn 0.1091 -0.0509 -0.9927
vn 0.0890 -0.9711 0.2216
vn 0.0890 -0.9711 0.2215
vn 0.1490 0.9877 0.0470
vn 0.1491 0.9877 0.0469
vn 0.1336 -0.0867 0.9872
vn 0.1337 -0.0867 0.9872
vn 0.1338 -0.0868 0.9872
vn 0.7404 -0.6593 0.1309
vn -0.6498 0.7509 0.1177
vn 0.6914 0.4187 0.5888
vn 0.5452 -0.7786 0.3106
vn 0.3611 0.3095 0.8797
vn -0.8510 0.4160 0.3204
vn 0.1651 0.3627 -0.9172
vn -0.0641 -0.3839 -0.9212
vn -0.6349 0.6640 -0.3949
vn -0.2779 0.1811 0.9434
vn 0.9558 0.1992 0.2162
vn -0.6599 0.1854 0.7282
vn 0.9529 0.2033 -0.2249
vn -0.2889 0.2079 -0.9345
vn 0.3873 0.6141 0.6877
vn -0.8753 -0.4766 -0.0814
vn -0.7787 0.6274 0.0036
vn -0.4839 -0.6694 0.5637
vn -0.4372 0.1111 -0.8925
vn -0.3253 -0.6198 -0.7141
vn 0.5059 0.6899 0.5177
vn 0.9256 0.3628 -0.1076
vn -0.7115 0.1889 -0.6768
vn -0.9165 -0.2293 -0.3278
vn -0.0630 0.7560 -0.6516
vn -0.9102 -0.3098 -0.2749
vn 0.1144 -0.1815 0.9767
vn 0.2133 -0.3035 -0.9287
vn -0.5328 0.7623 -0.3675
vn 0.9094 0.3154 -0.2710
vn -0.8993 -0.1663 0.4044
vn -0.3772 0.3439 0.8599
vn -0.4854 0.4308 -0.7608
vn -0.2279 0.2161 0.9494
vt 0.757132 0.733556
vt 0.752506 0.733510
vt 0.754280 0.730986
vt 0.886390 0.772512
vt 0.877609 0.764021
vt 0.887680 0.770496
vt 0.749512 0.731053
vt 0.744544 0.731235
vt 0.746388 0.728734
vt 0.870592 0.730758
vt 0.860394 0.725417
vt 0.861781 0.723540
vt 0.739912 0.724618
vt 0.738620 0.720459
vt 0.741791 0.722179
vt 0.896698 0.778578
vt 0.897962 0.776543
vt 0.910657 0.757571
vt 0.920912 0.765513
vt 0.909452 0.759571
vt 0.889971 0.744909
vt 0.878720 0.739866
vt 0.880040 0.737940
vt 0.745013 0.724120
vt 0.748215 0.726255
vt 0.741286 0.729057
vt 0.743159 0.726579
vt 0.852104 0.718039
vt 0.853531 0.716179
vt 0.832507 0.730177
vt 0.841726 0.735736
vt 0.840304 0.737666
vt 0.848469 0.744903
vt 0.858534 0.750071
vt 0.857166 0.752035
vt 0.843771 0.710006
vt 0.845218 0.708176
vt 0.833234 0.699034
vt 0.834677 0.697242
vt 0.817397 0.713721
vt 0.826399 0.720355
vt 0.824906 0.722245
vt 0.736722 0.722877
vt 0.735473 0.718946
vt 0.818715 0.683568
vt 0.820126 0.681775
vt 0.801509 0.665837
vt 0.802900 0.663936
vt 0.810032 0.704694
vt 0.818939 0.711862
vt 0.730270 0.719974
vt 0.728991 0.716442
vt 0.732289 0.717617
vt 0.907230 0.784255
vt 0.908471 0.782201
vt 0.918324 0.789704
vt 0.919540 0.787627
vt 0.938353 0.770662
vt 0.961431 0.782291
vt 0.937262 0.772698
vt 0.747697 0.733576
vt 0.930272 0.795041
vt 0.931461 0.792951
vt 0.942687 0.800232
vt 0.943857 0.798131
vt 0.962505 0.780269
vt 0.989872 0.793735
vt 0.758779 0.739686
vt 0.753761 0.738872
vt 0.755450 0.736200
vt 0.878919 0.762031
vt 0.888965 0.768485
vt 0.863874 0.741382
vt 0.851419 0.740746
vt 0.855110 0.734205
vt 0.869239 0.732661
vt 0.859004 0.727303
vt 0.850507 0.720178
vt 0.838857 0.719152
vt 0.842160 0.712120
vt 0.899223 0.774513
vt 0.909708 0.780151
vt 0.888686 0.746859
vt 0.897704 0.755424
vt 0.887397 0.748813
vt 0.877396 0.741798
vt 0.898956 0.753443
vt 0.908243 0.761579
vt 0.867834 0.757150
vt 0.849863 0.742957
vt 0.859899 0.748113
vt 0.851253 0.741017
vt 0.842317 0.711841
vt 0.858837 0.727573
vt 0.846888 0.726914
vt 0.833962 0.728265
vt 0.843145 0.733814
vt 0.835414 0.726361
vt 0.817306 0.685355
vt 0.829865 0.709660
vt 0.831670 0.701138
vt 0.827889 0.718474
vt 0.811711 0.702988
vt 0.820475 0.710016
vt 0.800241 0.667864
vt 0.899399 0.774251
vt 0.893309 0.761992
vt 0.903705 0.768085
vt 0.919757 0.767553
vt 0.936171 0.774741
vt 0.920750 0.785555
vt 0.932649 0.790865
vt 0.914698 0.773889
vt 0.920990 0.785323
vt 0.909894 0.779893
vt 0.960360 0.784315
vt 0.988609 0.795765
vt 0.945025 0.796029
vt 0.900203 0.751471
vt 0.767523 0.749427
vt 0.766197 0.742507
vt 0.768164 0.749265
vt 0.766928 0.742514
vt 0.768804 0.749102
vt 0.897530 0.755688
vt 0.908068 0.761843
vt 0.867883 0.734571
vt 0.887226 0.749078
vt 0.762809 0.744326
vt 0.757638 0.743033
vt 0.751311 0.728552
vt 0.935932 0.774971
vt 0.946594 0.787498
vt 0.928433 0.780152
vt 0.715995 0.715107
vt 0.709801 0.715105
vt 0.715895 0.714427
vt 0.709887 0.714382
vt 0.715797 0.713744
vt 0.843309 0.733541
vt 0.866491 0.759131
vt 0.889138 0.768222
vt 0.883134 0.755462
vt 0.869173 0.755175
vt 0.767412 0.749340
vt 0.763004 0.749199
vt 0.765394 0.742513
vt 0.762775 0.739439
vt 0.945103 0.795732
vt 0.933004 0.790682
vt 0.959995 0.784487
vt 0.966617 0.795898
vt 0.726348 0.718590
vt 0.725540 0.715407
vt 0.734802 0.725305
vt 0.733557 0.721346
vt 0.850672 0.719905
vt 0.820521 0.709606
vt 0.819058 0.697582
vt 0.738011 0.727074
vt 0.731620 0.723755
vt 0.873265 0.748526
vt 0.877227 0.742064
vt 0.922061 0.763483
vt 0.833162 0.866832
vt 0.791764 0.875765
vt 0.790988 0.874899
vt 0.919572 0.767811
vt 0.721461 0.717036
vt 0.722220 0.714532
vt 0.717287 0.718529
vt 0.716122 0.715178
vt 0.817281 0.685753
vt 0.806914 0.684932
vt 0.800567 0.668607
vt 0.813604 0.701168
vt 0.770094 0.756050
vt 0.769420 0.756347
vt 0.759948 0.736351
vt 0.770696 0.755693
vt 0.828013 0.718155
vt 0.876293 0.766019
vt 0.867715 0.734839
vt 0.835572 0.726080
vt 0.802666 0.686362
vt 0.728228 0.722335
vt 0.831787 0.700825
vt 0.804580 0.685501
vt 0.813357 0.701328
vt 0.860067 0.747845
vt 0.869342 0.754909
vt 0.879090 0.761766
vt 0.750718 0.736059
vt 0.723682 0.720711
vt 0.878237 0.828860
vt 0.812367 0.776866
vt 0.895708 0.833456
vt 0.729319 0.780727
vt 0.759256 0.822470
vt 0.758412 0.823120
vt 0.733092 0.782809
vt 0.760106 0.821822
vt 0.787730 0.852526
vt 0.798884 0.818715
vt 0.821484 0.835441
vt 0.736358 0.957321
vt 0.691143 0.886406
vt 0.696625 0.885335
vt 0.884011 0.862979
vt 0.833295 0.867824
vt 0.757155 0.909449
vt 0.736381 0.951903
vt 0.756168 0.909046
vt 0.804453 0.801833
vt 0.855206 0.818373
vt 0.768720 0.967084
vt 0.846059 0.936278
vt 0.755763 0.979947
vt 0.703455 0.804000
vt 0.741818 0.838150
vt 0.704411 0.806152
vt 0.791192 0.915253
vt 0.829192 0.917019
vt 0.789478 0.953253
vt 0.770870 0.869012
vt 0.741086 0.838927
vt 0.899090 0.850986
vt 0.850194 0.940767
vt 0.698268 0.785739
vt 0.685114 0.887580
vt 0.693640 0.767613
vt 0.738981 0.974888
vt 0.842081 0.931952
vt 0.882371 0.864210
vt 0.884123 0.863203
vt 0.778414 0.916213
vt 0.791635 0.875882
vt 0.779355 0.916444
vt 0.784852 0.861386
vt 0.746500 0.825710
vt 0.752670 0.824319
vt 0.814201 0.771051
vt 0.913548 0.838407
vt 0.790748 0.874768
vt 0.835034 0.861249
vt 0.833201 0.866641
vt 0.769307 0.966496
vt 0.841292 0.931080
vt 0.638140 0.976056
vt 0.683661 0.955591
vt 0.685668 0.985005
vt 0.777916 0.867615
vt 0.746311 0.825879
vt 0.783060 0.866534
vt 0.832756 0.850255
vt 0.828948 0.846133
vt 0.772653 0.917482
vt 0.778221 0.916232
vt 0.836966 0.855179
vt 0.913631 0.838784
vt 0.836914 0.854931
vt 0.758144 0.909848
vt 0.770907 0.869182
vt 0.772047 0.868939
vt 0.703231 0.804117
vt 0.698320 0.884971
vt 0.696955 0.885267
vt 0.711581 0.773758
vt 0.693927 0.767353
vt 0.736226 0.956482
vt 0.736198 0.954044
vt 0.736484 0.956493
vt 0.786839 0.870501
vt 0.766410 0.918759
vt 0.783269 0.866601
vt 0.703010 0.803312
vt 0.744319 0.831826
vt 0.742634 0.837198
vt 0.786636 0.855910
vt 0.742284 0.992981
vt 0.882253 0.864011
vt 0.833424 0.868818
vt 0.786996 0.854528
vt 0.786629 0.855636
vt 0.810596 0.782469
vt 0.874988 0.828401
vt 0.810166 0.783796
vt 0.706421 0.945358
vt 0.658893 0.936409
vt 0.679646 0.896762
vt 0.729457 0.780517
vt 0.731467 0.781675
vt 0.828834 0.845973
vt 0.787160 0.854582
vt 0.828533 0.844949
vt 0.766169 0.918681
vt 0.761980 0.914133
vt 0.742553 0.837375
vt 0.741921 0.992859
vt 0.733196 0.993955
vt 0.783222 0.866387
vt 0.787346 0.853463
vt 0.733199 0.782620
vt 0.809739 0.785108
vt 0.792388 0.876714
vt 0.780298 0.916673
vt 0.880890 0.865108
vt 0.770422 0.964947
vt 0.840511 0.930213
vt 0.704986 0.808070
vt 0.699672 0.884679
vt 0.769808 0.869416
vt 0.736172 0.951907
vt 0.884766 0.862688
vt 0.842306 0.932199
vt 0.769092 0.966357
vt 0.770233 0.964807
vt 0.771230 0.963513
vt 0.792512 0.876602
vt 0.772279 0.868797
vt 0.768106 0.869843
vt 0.734091 0.877988
vt 0.736569 0.850405
vt 0.717109 0.882054
vt 0.705062 0.830986
vt 0.758226 0.823182
vt 0.728685 0.780218
vt 0.770707 0.818894
vt 0.753700 0.785294
vt 0.787505 0.853515
vt 0.828229 0.843928
vt 0.830925 0.879001
vt 0.868905 0.880785
vt 0.792908 0.877216
vt 0.817109 0.903764
vt 0.758292 0.909977
vt 0.748621 0.901497
vt 0.729156 0.933121
vt 0.705186 0.807982
vt 0.810698 0.782148
vt 0.877405 0.828903
vt 0.874960 0.828650
vt 0.872835 0.828382
vt 0.736932 0.717212
vt 0.741545 0.717309
vt 0.739761 0.719815
vt 0.868636 0.799794
vt 0.860055 0.791540
vt 0.869896 0.797832
vt 0.744521 0.719758
vt 0.749443 0.719542
vt 0.747646 0.722042
vt 0.852625 0.758926
vt 0.842383 0.753927
vt 0.843695 0.752020
vt 0.754172 0.726002
vt 0.755588 0.730098
vt 0.752368 0.728489
vt 0.878627 0.805771
vt 0.879884 0.803802
vt 0.892608 0.785243
vt 0.902654 0.793245
vt 0.891395 0.787212
vt 0.872090 0.772644
vt 0.860866 0.767780
vt 0.862141 0.765850
vt 0.749094 0.726625
vt 0.745852 0.724538
vt 0.752699 0.721637
vt 0.750893 0.724133
vt 0.833929 0.746975
vt 0.835256 0.745098
vt 0.815138 0.759540
vt 0.824348 0.764677
vt 0.823017 0.766610
vt 0.831224 0.773441
vt 0.841202 0.778233
vt 0.839910 0.780187
vt 0.825471 0.739400
vt 0.826823 0.737556
vt 0.814760 0.729036
vt 0.816110 0.727226
vt 0.799780 0.743951
vt 0.808819 0.750134
vt 0.807422 0.752036
vt 0.757398 0.727632
vt 0.758771 0.731498
vt 0.799949 0.714427
vt 0.801261 0.712592
vt 0.782287 0.697885
vt 0.783438 0.696014
vt 0.792285 0.735375
vt 0.801225 0.742081
vt 0.763910 0.730298
vt 0.765305 0.733765
vt 0.761984 0.732712
vt 0.888794 0.811481
vt 0.890049 0.809500
vt 0.899489 0.817096
vt 0.900738 0.815091
vt 0.919687 0.798824
vt 0.941576 0.811330
vt 0.918543 0.800781
vt 0.746312 0.717253
vt 0.911049 0.822699
vt 0.912277 0.820650
vt 0.923282 0.827991
vt 0.924288 0.825912
vt 0.942741 0.809429
vt 0.968349 0.824433
vt 0.735387 0.711056
vt 0.740352 0.711987
vt 0.738643 0.714602
vt 0.861320 0.789588
vt 0.871156 0.795871
vt 0.846242 0.769581
vt 0.833994 0.769289
vt 0.837434 0.762758
vt 0.851332 0.760844
vt 0.841067 0.755837
vt 0.832442 0.749131
vt 0.820980 0.748528
vt 0.823968 0.741527
vt 0.881140 0.801833
vt 0.891302 0.807519
vt 0.870828 0.774588
vt 0.879784 0.783046
vt 0.869566 0.776533
vt 0.859587 0.769714
vt 0.881027 0.781089
vt 0.890178 0.789187
vt 0.850437 0.784951
vt 0.832533 0.771497
vt 0.842493 0.776283
vt 0.833840 0.769558
vt 0.824112 0.741248
vt 0.840912 0.756109
vt 0.829123 0.755863
vt 0.816497 0.757618
vt 0.825677 0.762748
vt 0.817855 0.755705
vt 0.798633 0.716262
vt 0.811841 0.739549
vt 0.813303 0.731153
vt 0.810212 0.748241
vt 0.793867 0.733657
vt 0.802662 0.740223
vt 0.781618 0.699886
vt 0.881315 0.801580
vt 0.875432 0.789514
vt 0.885617 0.795568
vt 0.901472 0.795238
vt 0.917404 0.802743
vt 0.901983 0.813087
vt 0.913491 0.818624
vt 0.896335 0.801436
vt 0.902224 0.812866
vt 0.891489 0.807271
vt 0.940426 0.813225
vt 0.966583 0.826400
vt 0.925275 0.823877
vt 0.882267 0.779136
vt 0.945722 0.829624
vt 0.945917 0.827622
vt 0.946116 0.825617
vt 0.879613 0.783307
vt 0.890003 0.789445
vt 0.850037 0.762765
vt 0.869399 0.776796
vt 0.731426 0.706246
vt 0.736592 0.707746
vt 0.742732 0.722259
vt 0.917162 0.802958
vt 0.927091 0.815666
vt 0.909658 0.807913
vt 0.778275 0.734638
vt 0.784376 0.734424
vt 0.778396 0.735300
vt 0.784286 0.735145
vt 0.778513 0.735964
vt 0.825829 0.762476
vt 0.849161 0.786903
vt 0.871326 0.795614
vt 0.865408 0.783120
vt 0.851713 0.783001
vt 0.727025 0.700828
vt 0.731384 0.701270
vt 0.728741 0.708016
vt 0.731400 0.711212
vt 0.925363 0.823599
vt 0.913840 0.818455
vt 0.940064 0.813368
vt 0.945732 0.825335
vt 0.767858 0.731537
vt 0.768773 0.734673
vt 0.759225 0.725156
vt 0.760595 0.729047
vt 0.832594 0.748858
vt 0.802693 0.739821
vt 0.800829 0.728135
vt 0.755987 0.723513
vt 0.762438 0.726588
vt 0.855620 0.776416
vt 0.859424 0.769981
vt 0.903835 0.791259
vt 0.721309 0.739146
vt 0.725901 0.739230
vt 0.724124 0.741723
vt 0.901285 0.795489
vt 0.772773 0.732912
vt 0.772104 0.735427
vt 0.776876 0.731282
vt 0.778146 0.734572
vt 0.798623 0.716649
vt 0.788630 0.716236
vt 0.781952 0.700599
vt 0.795652 0.731820
vt 0.966950 0.828632
vt 0.967377 0.830719
vt 0.734168 0.714363
vt 0.966533 0.826547
vt 0.810323 0.747925
vt 0.858786 0.793497
vt 0.849878 0.763034
vt 0.818000 0.755424
vt 0.784541 0.717762
vt 0.765857 0.727879
vt 0.813406 0.730843
vt 0.786377 0.716863
vt 0.795416 0.731984
vt 0.842650 0.776017
vt 0.851874 0.782738
vt 0.861486 0.789328
vt 0.743332 0.714798
vt 0.770435 0.729334
vt 0.911917 0.674709
vt 0.919998 0.683458
vt 0.910528 0.676582
vt 0.728858 0.741683
vt 0.733775 0.741509
vt 0.731953 0.743986
vt 0.926283 0.716223
vt 0.936262 0.721536
vt 0.934894 0.723378
vt 0.738397 0.748034
vt 0.739720 0.752153
vt 0.736551 0.750471
vt 0.902426 0.668015
vt 0.901014 0.669869
vt 0.887247 0.689318
vt 0.877220 0.681375
vt 0.888456 0.687361
vt 0.907429 0.702049
vt 0.918409 0.707175
vt 0.917085 0.709049
vt 0.733333 0.748562
vt 0.730141 0.746449
vt 0.737001 0.743650
vt 0.735161 0.746112
vt 0.944389 0.728745
vt 0.943001 0.730559
vt 0.963497 0.716906
vt 0.954499 0.711523
vt 0.955878 0.709652
vt 0.947990 0.702604
vt 0.938273 0.697486
vt 0.939629 0.695597
vt 0.952502 0.736586
vt 0.951089 0.738364
vt 0.962704 0.747308
vt 0.961301 0.749043
vt 0.978259 0.732927
vt 0.969465 0.726478
vt 0.970923 0.724630
vt 0.741584 0.749729
vt 0.742869 0.753626
vt 0.976669 0.762257
vt 0.975308 0.764002
vt 0.993637 0.779136
vt 0.992417 0.781271
vt 0.985354 0.741755
vt 0.976746 0.734753
vt 0.748051 0.752540
vt 0.749364 0.756059
vt 0.746058 0.754917
vt 0.892861 0.661450
vt 0.891425 0.663285
vt 0.882912 0.654790
vt 0.881440 0.656610
vt 0.859991 0.676118
vt 0.836917 0.664390
vt 0.861090 0.674097
vt 0.730662 0.739192
vt 0.872325 0.647758
vt 0.870817 0.649564
vt 0.861327 0.640413
vt 0.859798 0.642224
vt 0.835847 0.666425
vt 0.808106 0.653272
vt 0.719715 0.733018
vt 0.724699 0.733903
vt 0.722999 0.736534
vt 0.918627 0.685356
vt 0.909135 0.678459
vt 0.932970 0.705884
vt 0.945099 0.706619
vt 0.941469 0.712964
vt 0.927630 0.714366
vt 0.937633 0.719689
vt 0.945946 0.726659
vt 0.957304 0.727668
vt 0.954077 0.734535
vt 0.899598 0.671727
vt 0.889985 0.665125
vt 0.908721 0.700151
vt 0.899974 0.691593
vt 0.910018 0.698249
vt 0.919736 0.705296
vt 0.898714 0.693525
vt 0.889672 0.685396
vt 0.929346 0.690440
vt 0.946625 0.704482
vt 0.936920 0.699373
vt 0.945262 0.706358
vt 0.953923 0.734805
vt 0.937798 0.719425
vt 0.949473 0.720097
vt 0.962079 0.718775
vt 0.953121 0.713389
vt 0.960664 0.720636
vt 0.978022 0.760537
vt 0.966050 0.736924
vt 0.964225 0.745277
vt 0.968010 0.728317
vt 0.983757 0.743384
vt 0.975251 0.736554
vt 0.994693 0.776764
vt 0.898527 0.672995
vt 0.904397 0.685171
vt 0.894213 0.679032
vt 0.878383 0.679370
vt 0.862194 0.672069
vt 0.879964 0.658438
vt 0.869307 0.651378
vt 0.883427 0.673187
vt 0.877321 0.661852
vt 0.888221 0.667324
vt 0.837990 0.662350
vt 0.809238 0.651302
vt 0.858270 0.644037
vt 0.897461 0.695450
vt 0.711235 0.722909
vt 0.712130 0.729981
vt 0.710581 0.723034
vt 0.711395 0.729925
vt 0.709925 0.723158
vt 0.900148 0.691335
vt 0.889847 0.685138
vt 0.928979 0.712505
vt 0.910190 0.697991
vt 0.715705 0.728242
vt 0.720905 0.729688
vt 0.727064 0.744159
vt 0.862434 0.671842
vt 0.851934 0.659336
vt 0.869907 0.666847
vt 0.992555 0.759242
vt 0.997240 0.776739
vt 0.990715 0.760070
vt 0.994812 0.776675
vt 0.988883 0.760902
vt 0.952961 0.713655
vt 0.930696 0.688545
vt 0.908605 0.679070
vt 0.914329 0.691763
vt 0.927997 0.692335
vt 0.711339 0.723002
vt 0.715750 0.723330
vt 0.712939 0.730031
vt 0.715703 0.733226
vt 0.853532 0.651238
vt 0.865499 0.656430
vt 0.838356 0.662174
vt 0.831782 0.651288
vt 0.751997 0.753883
vt 0.752839 0.757089
vt 0.743461 0.747292
vt 0.744752 0.751214
vt 0.945784 0.726925
vt 0.975207 0.736953
vt 0.976514 0.748672
vt 0.740255 0.745584
vt 0.746651 0.748788
vt 0.923885 0.698761
vt 0.919906 0.705037
vt 0.876064 0.683369
vt 0.878568 0.679117
vt 0.756954 0.755396
vt 0.756243 0.757998
vt 0.761065 0.753735
vt 0.762327 0.757069
vt 0.978041 0.760156
vt 0.988496 0.760616
vt 0.994364 0.776085
vt 0.981958 0.745136
vt 0.709076 0.716171
vt 0.709779 0.715928
vt 0.718531 0.736339
vt 0.708453 0.716490
vt 0.967889 0.728628
vt 0.921367 0.681563
vt 0.929147 0.712244
vt 0.960510 0.720910
vt 0.750064 0.750144
vt 0.964111 0.745579
vt 0.982195 0.744980
vt 0.936754 0.699631
vt 0.927827 0.692591
vt 0.918451 0.685610
vt 0.727688 0.736721
vt 0.754645 0.751712
vt 0.709768 0.715829
vt 0.709778 0.715848
vt 0.709751 0.715831
vt 0.709806 0.715846
vt 0.709807 0.715867
vt 0.709763 0.715852
vt 0.709741 0.715834
vt 0.709788 0.715867
vt 0.709898 0.715907
vt 0.709900 0.715883
vt 0.709940 0.715901
vt 0.709844 0.715906
vt 0.709846 0.715887
vt 0.709851 0.715865
vt 0.709803 0.715881
vt 0.802965 0.663923
vt 0.803035 0.663985
vt 0.709769 0.715868
vt 0.709791 0.715892
vt 0.769396 0.756342
vt 0.769388 0.756312
vt 0.769425 0.756365
vt 0.769399 0.756359
vt 0.769366 0.756317
vt 0.769353 0.756272
vt 0.769373 0.756337
vt 0.991006 0.791684
vt 0.990988 0.791616
vt 0.991053 0.791715
vt 0.769345 0.756342
vt 0.769352 0.756325
vt 0.769380 0.756357
vt 0.769414 0.756378
vt 0.769319 0.756233
vt 0.769300 0.756242
vt 0.769288 0.756201
vt 0.769335 0.756282
vt 0.769320 0.756289
vt 0.709909 0.714358
vt 0.709939 0.714356
vt 0.800158 0.667833
vt 0.800191 0.667946
vt 0.800184 0.668006
vt 0.800193 0.668119
vt 0.800262 0.668154
vt 0.800321 0.668301
vt 0.800245 0.668072
vt 0.800245 0.667983
vt 0.800187 0.667838
vt 0.800325 0.668050
vt 0.800302 0.668135
vt 0.800448 0.668472
vt 0.800504 0.668446
vt 0.800372 0.668291
vt 0.800417 0.668253
vt 0.770709 0.755664
vt 0.770703 0.755708
vt 0.988375 0.795902
vt 0.988316 0.795850
vt 0.988484 0.795874
vt 0.770715 0.755682
vt 0.988401 0.795839
vt 0.988549 0.795851
vt 0.987946 0.795734
vt 0.987944 0.795796
vt 0.987769 0.795735
vt 0.988162 0.795743
vt 0.988144 0.795800
vt 0.988154 0.795850
vt 0.988320 0.795806
vt 0.988488 0.795810
vt 0.988390 0.795755
vt 0.988675 0.795823
vt 0.790947 0.874918
vt 0.790921 0.874871
vt 0.790910 0.874946
vt 0.790893 0.874885
vt 0.790845 0.874839
vt 0.790871 0.874904
vt 0.790845 0.874858
vt 0.790833 0.874951
vt 0.790878 0.874981
vt 0.790854 0.875019
vt 0.790809 0.874872
vt 0.790851 0.874924
vt 0.790809 0.874835
vt 0.790787 0.874804
vt 0.790780 0.874811
vt 0.703371 0.803982
vt 0.703301 0.803803
vt 0.703166 0.803648
vt 0.703137 0.803585
vt 0.703205 0.803806
vt 0.703268 0.804033
vt 0.703113 0.803554
vt 0.703187 0.803812
vt 0.884249 0.862912
vt 0.884089 0.863014
vt 0.884431 0.862869
vt 0.884284 0.862934
vt 0.884300 0.862957
vt 0.884130 0.863057
vt 0.884142 0.863115
vt 0.884335 0.862984
vt 0.884324 0.862970
vt 0.884464 0.862854
vt 0.884539 0.862824
vt 0.884402 0.862890
vt 0.769119 0.966441
vt 0.768997 0.966591
vt 0.768931 0.966785
vt 0.768891 0.966840
vt 0.769047 0.966674
vt 0.769215 0.966506
vt 0.769060 0.966687
vt 0.768919 0.966798
vt 0.877466 0.828836
vt 0.877664 0.828865
vt 0.877486 0.828779
vt 0.877685 0.828834
vt 0.877871 0.828827
vt 0.877931 0.828835
vt 0.877419 0.828643
vt 0.877708 0.828781
vt 0.877474 0.828719
vt 0.877711 0.828762
vt 0.877888 0.828831
vt 0.772079 0.868779
vt 0.772030 0.868802
vt 0.772008 0.868762
vt 0.772159 0.868798
vt 0.772093 0.868807
vt 0.772044 0.868847
vt 0.772135 0.868828
vt 0.772100 0.868835
vt 0.772169 0.868845
vt 0.772191 0.868816
vt 0.772229 0.868813
vt 0.772227 0.868803
vt 0.772050 0.868894
vt 0.772104 0.868895
vt 0.772105 0.868864
vt 0.736420 0.956748
vt 0.736413 0.956546
vt 0.736363 0.956948
vt 0.736388 0.956765
vt 0.736296 0.956544
vt 0.736314 0.956780
vt 0.736334 0.956780
vt 0.736353 0.957046
vt 0.786752 0.855745
vt 0.786756 0.855691
vt 0.786802 0.855692
vt 0.786696 0.855805
vt 0.786721 0.855743
vt 0.786693 0.855735
vt 0.786710 0.855681
vt 0.786647 0.855858
vt 0.786666 0.855781
vt 0.786664 0.855824
vt 0.786657 0.855861
vt 0.786667 0.855662
vt 0.786639 0.855708
vt 0.786666 0.855725
vt 0.786649 0.855790
vt 0.729142 0.780556
vt 0.729310 0.780642
vt 0.729012 0.780419
vt 0.729144 0.780514
vt 0.729156 0.780488
vt 0.729327 0.780585
vt 0.729370 0.780545
vt 0.729160 0.780444
vt 0.729154 0.780460
vt 0.728982 0.780397
vt 0.728917 0.780347
vt 0.729045 0.780432
vt 0.742308 0.993066
vt 0.742188 0.992962
vt 0.742296 0.993162
vt 0.742158 0.993087
vt 0.742097 0.992936
vt 0.742112 0.993172
vt 0.742052 0.993074
vt 0.741879 0.993606
vt 0.741997 0.993247
vt 0.742237 0.993302
vt 0.741768 0.993152
vt 0.741946 0.993119
vt 0.742032 0.993136
vt 0.742009 0.992900
vt 0.741850 0.992917
vt 0.741959 0.993022
vt 0.741803 0.993003
vt 0.913706 0.838463
vt 0.913581 0.838500
vt 0.913702 0.838304
vt 0.913612 0.838342
vt 0.913606 0.838592
vt 0.913803 0.838461
vt 0.913747 0.838561
vt 0.914298 0.838444
vt 0.913926 0.838524
vt 0.913853 0.838285
vt 0.913955 0.838771
vt 0.913839 0.838631
vt 0.913811 0.838548
vt 0.913622 0.838685
vt 0.913714 0.838817
vt 0.913750 0.838668
vt 0.913810 0.838815
vt 0.783212 0.866594
vt 0.783267 0.866545
vt 0.783160 0.866580
vt 0.783215 0.866543
vt 0.783259 0.866492
vt 0.783183 0.866508
vt 0.783213 0.866501
vt 0.783094 0.866489
vt 0.783110 0.866561
vt 0.783132 0.866450
vt 0.783137 0.866517
vt 0.783174 0.866536
vt 0.783244 0.866440
vt 0.783174 0.866417
vt 0.783198 0.866462
vt 0.783163 0.866485
vt 0.693553 0.767591
vt 0.693705 0.767538
vt 0.693476 0.767531
vt 0.693609 0.767447
vt 0.693772 0.767470
vt 0.693558 0.767364
vt 0.693675 0.767361
vt 0.693300 0.766947
vt 0.693552 0.767225
vt 0.693385 0.767410
vt 0.693752 0.767079
vt 0.693690 0.767246
vt 0.693631 0.767313
vt 0.693846 0.767409
vt 0.693914 0.767264
vt 0.693767 0.767306
vt 0.693863 0.767183
vt 0.880779 0.864921
vt 0.880791 0.865002
vt 0.880726 0.864983
vt 0.880871 0.864988
vt 0.880845 0.864961
vt 0.880738 0.865041
vt 0.880666 0.865043
vt 0.880773 0.865042
vt 0.880817 0.865050
vt 0.880883 0.865024
vt 0.880795 0.865116
vt 0.880753 0.865071
vt 0.880817 0.865019
vt 0.880600 0.865102
vt 0.880621 0.865143
vt 0.881860 0.865620
vt 0.880689 0.865084
vt 0.880708 0.865127
vt 0.792529 0.876642
vt 0.792475 0.876624
vt 0.792539 0.876682
vt 0.792493 0.876661
vt 0.792443 0.876650
vt 0.792482 0.876693
vt 0.792468 0.876678
vt 0.792504 0.876759
vt 0.792545 0.876722
vt 0.791289 0.875384
vt 0.792464 0.876749
vt 0.792505 0.876719
vt 0.792476 0.876714
vt 0.792503 0.876689
vt 0.792414 0.876679
vt 0.792426 0.876734
vt 0.792449 0.876701
vt 0.771310 0.963534
vt 0.771262 0.963584
vt 0.771297 0.963467
vt 0.771354 0.963485
vt 0.771287 0.963612
vt 0.771351 0.963520
vt 0.771323 0.963562
vt 0.771469 0.963379
vt 0.771430 0.963354
vt 0.771819 0.964636
vt 0.771443 0.963463
vt 0.771402 0.963440
vt 0.771364 0.963413
vt 0.771405 0.963644
vt 0.771354 0.963565
vt 0.771423 0.963550
vt 0.771321 0.963628
vt 0.771382 0.963503
vt 0.769790 0.869292
vt 0.769736 0.869276
vt 0.769773 0.869253
vt 0.769801 0.869332
vt 0.769754 0.869312
vt 0.769704 0.869301
vt 0.769765 0.869340
vt 0.769729 0.869329
vt 0.769765 0.869411
vt 0.769807 0.869373
vt 0.769726 0.869401
vt 0.769767 0.869370
vt 0.769744 0.869345
vt 0.769676 0.869331
vt 0.769688 0.869385
vt 0.771467 0.868969
vt 0.769710 0.869352
vt 0.769737 0.869365
vt 0.705128 0.808042
vt 0.705108 0.807976
vt 0.705193 0.808064
vt 0.705149 0.808105
vt 0.705072 0.807983
vt 0.705120 0.808085
vt 0.705097 0.808040
vt 0.705185 0.808257
vt 0.705225 0.808235
vt 0.703891 0.807946
vt 0.705123 0.808192
vt 0.705164 0.808169
vt 0.705207 0.808148
vt 0.705079 0.808065
vt 0.705059 0.808132
vt 0.705040 0.808005
vt 0.705119 0.808120
vt 0.736318 0.951854
vt 0.736365 0.951807
vt 0.736320 0.951931
vt 0.736280 0.951876
vt 0.736306 0.951789
vt 0.736346 0.951723
vt 0.736281 0.951820
vt 0.736241 0.951853
vt 0.736238 0.951933
vt 0.736196 0.951801
vt 0.736258 0.951787
vt 0.736324 0.951644
vt 0.736257 0.951640
vt 0.735394 0.952356
vt 0.736286 0.951721
vt 0.736225 0.951717
vt 0.872792 0.828315
vt 0.872868 0.828324
vt 0.872740 0.828358
vt 0.872728 0.828297
vt 0.872817 0.828279
vt 0.872879 0.828285
vt 0.872762 0.828275
vt 0.872585 0.828233
vt 0.872582 0.828300
vt 0.873404 0.827471
vt 0.872664 0.828209
vt 0.872662 0.828270
vt 0.872658 0.828330
vt 0.872731 0.828249
vt 0.872858 0.828175
vt 0.872798 0.828239
vt 0.872751 0.828189
vt 0.787462 0.853509
vt 0.787504 0.853471
vt 0.787422 0.853499
vt 0.787463 0.853469
vt 0.787498 0.853431
vt 0.787434 0.853463
vt 0.787462 0.853438
vt 0.787372 0.853428
vt 0.787384 0.853484
vt 0.787401 0.853399
vt 0.787407 0.853450
vt 0.787440 0.853443
vt 0.787486 0.853391
vt 0.787433 0.853374
vt 0.786882 0.855096
vt 0.787451 0.853410
vt 0.787426 0.853427
vt 0.733157 0.782758
vt 0.733173 0.782824
vt 0.733104 0.782696
vt 0.733093 0.782732
vt 0.733217 0.782785
vt 0.733254 0.782846
vt 0.733200 0.782754
vt 0.733185 0.782712
vt 0.733129 0.782667
vt 0.733253 0.782698
vt 0.733235 0.782757
vt 0.733158 0.782727
vt 0.733338 0.782874
vt 0.733364 0.782835
vt 0.733171 0.781541
vt 0.733279 0.782806
vt 0.733306 0.782768
vt 0.784459 0.733698
vt 0.784448 0.733678
vt 0.784477 0.733698
vt 0.784418 0.733682
vt 0.784415 0.733661
vt 0.784465 0.733673
vt 0.784486 0.733694
vt 0.784436 0.733660
vt 0.784321 0.733626
vt 0.784320 0.733649
vt 0.784280 0.733633
vt 0.784373 0.733625
vt 0.784373 0.733644
vt 0.784370 0.733666
vt 0.784418 0.733645
vt 0.783497 0.695996
vt 0.783568 0.696049
vt 0.783370 0.695976
vt 0.783453 0.695961
vt 0.783605 0.696016
vt 0.783714 0.696109
vt 0.783547 0.695979
vt 0.725189 0.693440
vt 0.725213 0.693445
vt 0.725220 0.693475
vt 0.725184 0.693424
vt 0.725211 0.693427
vt 0.725241 0.693471
vt 0.725254 0.693515
vt 0.725235 0.693451
vt 0.969540 0.822433
vt 0.969528 0.822366
vt 0.969582 0.822464
vt 0.969449 0.822319
vt 0.969462 0.822270
vt 0.969580 0.822393
vt 0.969520 0.822310
vt 0.725289 0.693556
vt 0.725311 0.693546
vt 0.725321 0.693591
vt 0.725273 0.693504
vt 0.725288 0.693497
vt 0.725254 0.693463
vt 0.781502 0.699937
vt 0.781567 0.700023
vt 0.781568 0.700129
vt 0.781545 0.699862
vt 0.781573 0.699968
vt 0.781639 0.700165
vt 0.781702 0.700308
vt 0.781624 0.700085
vt 0.781623 0.700001
vt 0.781570 0.699865
vt 0.781700 0.700063
vt 0.781679 0.700145
vt 0.781831 0.700471
vt 0.781885 0.700444
vt 0.781752 0.700297
vt 0.781795 0.700258
vt 0.966427 0.826479
vt 0.966605 0.826519
vt 0.966330 0.826485
vt 0.966283 0.826435
vt 0.966488 0.826466
vt 0.966358 0.826436
vt 0.965953 0.826307
vt 0.965947 0.826364
vt 0.965787 0.826297
vt 0.966151 0.826330
vt 0.966131 0.826380
vt 0.966137 0.826425
vt 0.966290 0.826397
vt 0.966443 0.826419
vt 0.966359 0.826357
vt 0.966638 0.826495
vt 0.768521 0.756118
vt 0.768494 0.756107
vt 0.768538 0.756101
vt 0.768465 0.756131
vt 0.768453 0.756106
vt 0.768505 0.756092
vt 0.768542 0.756087
vt 0.768473 0.756095
vt 0.768359 0.756079
vt 0.768358 0.756101
vt 0.768318 0.756085
vt 0.768408 0.756077
vt 0.768409 0.756095
vt 0.768407 0.756116
vt 0.768451 0.756090
vt 0.768510 0.756071
vt 0.768488 0.756084
vt 0.768459 0.756075
vt 0.709802 0.715936
vt 0.709807 0.715964
vt 0.709776 0.715910
vt 0.709802 0.715919
vt 0.709829 0.715961
vt 0.709839 0.716005
vt 0.709823 0.715942
vt 0.709807 0.715903
vt 0.709818 0.715924
vt 0.709789 0.715898
vt 0.709850 0.715936
vt 0.709843 0.715953
vt 0.709871 0.716045
vt 0.709890 0.716037
vt 0.709900 0.716078
vt 0.709857 0.715996
vt 0.709873 0.715990
vt 0.994720 0.776604
vt 0.994698 0.776516
vt 0.994797 0.776779
vt 0.994726 0.776660
vt 0.994638 0.776490
vt 0.994587 0.776362
vt 0.994660 0.776556
vt 0.994671 0.776635
vt 0.994760 0.776781
vt 0.994591 0.776581
vt 0.994606 0.776508
vt 0.994474 0.776210
vt 0.994424 0.776233
vt 0.994543 0.776371
vt 0.994504 0.776405
vt 0.708439 0.716518
vt 0.708447 0.716475
vt 0.708446 0.716546
vt 0.708433 0.716563
vt 0.708434 0.716500
vt 0.708430 0.716539
vt 0.809869 0.651303
vt 0.809870 0.651237
vt 0.810053 0.651299
vt 0.809650 0.651300
vt 0.809666 0.651243
vt 0.708428 0.716619
vt 0.708442 0.716613
vt 0.708439 0.716681
vt 0.809492 0.651247
vt 0.809492 0.651204
vt 0.809340 0.651256
vt 0.809431 0.651299
vt 0.809175 0.651253
vt 0.809285 0.651225
vt 0.809414 0.651223
vt 0.745026 0.724103
vt 0.748227 0.726238
vt 0.745036 0.724089
vt 0.748237 0.726224
vt 0.745045 0.724075
vt 0.748247 0.726210
vt 0.866455 0.759182
vt 0.876258 0.766071
vt 0.741803 0.722162
vt 0.741813 0.722148
vt 0.741822 0.722134
vt 0.857129 0.752086
vt 0.744531 0.731252
vt 0.747685 0.733594
vt 0.744520 0.731267
vt 0.747674 0.733608
vt 0.744510 0.731282
vt 0.890007 0.744856
vt 0.750706 0.736076
vt 0.750695 0.736091
vt 0.747663 0.733623
vt 0.900237 0.751416
vt 0.754292 0.730969
vt 0.751323 0.728536
vt 0.754302 0.730955
vt 0.751333 0.728522
vt 0.754313 0.730942
vt 0.896665 0.778632
vt 0.751344 0.728508
vt 0.886357 0.772565
vt 0.741273 0.729074
vt 0.737998 0.727090
vt 0.741262 0.729089
vt 0.737987 0.727105
vt 0.741252 0.729104
vt 0.737978 0.727121
vt 0.880078 0.737888
vt 0.870630 0.730706
vt 0.734788 0.725322
vt 0.731607 0.723772
vt 0.734777 0.725337
vt 0.731596 0.723787
vt 0.853615 0.716091
vt 0.861821 0.723489
vt 0.853573 0.716130
vt 0.734768 0.725352
vt 0.738633 0.720442
vt 0.738643 0.720428
vt 0.738652 0.720413
vt 0.848430 0.744953
vt 0.735486 0.718930
vt 0.735496 0.718916
vt 0.735504 0.718901
vt 0.840264 0.737715
vt 0.732303 0.717600
vt 0.732313 0.717586
vt 0.732321 0.717571
vt 0.832466 0.730225
vt 0.729009 0.716428
vt 0.729023 0.716415
vt 0.729033 0.716400
vt 0.824860 0.722290
vt 0.728214 0.722351
vt 0.723663 0.720726
vt 0.728202 0.722366
vt 0.723648 0.720739
vt 0.834774 0.697171
vt 0.845262 0.708128
vt 0.834722 0.697198
vt 0.845307 0.708093
vt 0.722217 0.714513
vt 0.716075 0.715162
vt 0.722213 0.714495
vt 0.716035 0.715145
vt 0.722209 0.714478
vt 0.716007 0.715127
vt 0.722200 0.714459
vt 0.725569 0.715396
vt 0.725592 0.715386
vt 0.725608 0.715372
vt 0.809993 0.704748
vt 0.817344 0.713759
vt 0.717257 0.718539
vt 0.717232 0.718549
vt 0.803179 0.664053
vt 0.820176 0.681736
vt 0.820242 0.681725
vt 0.753749 0.738890
vt 0.753739 0.738905
vt 0.750683 0.736105
vt 0.910689 0.757515
vt 0.757631 0.743056
vt 0.757624 0.743074
vt 0.753727 0.738919
vt 0.922091 0.763426
vt 0.759955 0.736330
vt 0.757143 0.733538
vt 0.759961 0.736312
vt 0.757153 0.733524
vt 0.759971 0.736297
vt 0.918298 0.789762
vt 0.757164 0.733510
vt 0.907199 0.784310
vt 0.767444 0.749375
vt 0.767475 0.749405
vt 0.767501 0.749424
vt 0.765412 0.742506
vt 0.765429 0.742501
vt 0.765446 0.742497
vt 0.765466 0.742497
vt 0.763006 0.749231
vt 0.763007 0.749258
vt 0.757614 0.743090
vt 0.962520 0.780206
vt 0.938376 0.770602
vt 0.763003 0.749279
vt 0.990902 0.791574
vt 0.762774 0.739409
vt 0.762774 0.739383
vt 0.942651 0.800287
vt 0.762779 0.739364
vt 0.930254 0.795102
vt 0.878960 0.761968
vt 0.869214 0.755113
vt 0.879005 0.761899
vt 0.869258 0.755044
vt 0.879049 0.761830
vt 0.869302 0.754973
vt 0.859941 0.748051
vt 0.859985 0.747982
vt 0.860028 0.747911
vt 0.897663 0.755487
vt 0.887356 0.748875
vt 0.897618 0.755555
vt 0.887312 0.748944
vt 0.897573 0.755624
vt 0.887267 0.749013
vt 0.908203 0.761643
vt 0.908158 0.761711
vt 0.908112 0.761780
vt 0.889006 0.768422
vt 0.899264 0.774450
vt 0.889051 0.768353
vt 0.899309 0.774382
vt 0.889096 0.768285
vt 0.899356 0.774314
vt 0.867841 0.734633
vt 0.877355 0.741860
vt 0.867797 0.734703
vt 0.877310 0.741929
vt 0.867754 0.734773
vt 0.877267 0.741999
vt 0.850629 0.719967
vt 0.858961 0.727365
vt 0.850585 0.720037
vt 0.858917 0.727434
vt 0.850544 0.720110
vt 0.858875 0.727505
vt 0.851295 0.740955
vt 0.851339 0.740884
vt 0.851381 0.740813
vt 0.843188 0.733752
vt 0.843231 0.733681
vt 0.843273 0.733608
vt 0.835457 0.726299
vt 0.835499 0.726226
vt 0.835538 0.726151
vt 0.827930 0.718409
vt 0.827965 0.718328
vt 0.827993 0.718240
vt 0.831747 0.700889
vt 0.842273 0.711903
vt 0.831714 0.700967
vt 0.842232 0.711974
vt 0.831688 0.701053
vt 0.842193 0.712049
vt 0.806579 0.684634
vt 0.813411 0.701280
vt 0.806676 0.684696
vt 0.813473 0.701234
vt 0.806790 0.684802
vt 0.813539 0.701196
vt 0.715805 0.713721
vt 0.820511 0.709944
vt 0.820529 0.709844
vt 0.820532 0.709726
vt 0.817274 0.685425
vt 0.817261 0.685522
vt 0.817265 0.685636
vt 0.919717 0.767617
vt 0.919671 0.767685
vt 0.919620 0.767751
vt 0.936129 0.774803
vt 0.936071 0.774864
vt 0.936002 0.774921
vt 0.909749 0.780087
vt 0.920794 0.785493
vt 0.909797 0.780020
vt 0.920854 0.785431
vt 0.909847 0.779953
vt 0.920922 0.785373
vt 0.770700 0.755636
vt 0.967010 0.796101
vt 0.966919 0.796034
vt 0.966780 0.795965
vt 0.967041 0.796168
vt 0.945052 0.795959
vt 0.945075 0.795882
vt 0.945092 0.795804
vt 0.960308 0.784372
vt 0.960223 0.784421
vt 0.960113 0.784459
vt 0.932702 0.790807
vt 0.932787 0.790755
vt 0.932892 0.790713
vt 0.989924 0.793760
vt 0.988657 0.795801
vt 0.770099 0.756077
vt 0.769424 0.756375
vt 0.770098 0.756068
vt 0.801464 0.665799
vt 0.802853 0.663905
vt 0.709783 0.715109
vt 0.709870 0.714381
vt 0.836979 0.855111
vt 0.836975 0.855047
vt 0.836953 0.854987
vt 0.746341 0.825817
vt 0.746435 0.825733
vt 0.746382 0.825768
vt 0.814355 0.770561
vt 0.814316 0.770684
vt 0.814239 0.770930
vt 0.814278 0.770806
vt 0.766221 0.918726
vt 0.766278 0.918754
vt 0.766341 0.918764
vt 0.850539 0.941146
vt 0.850454 0.941051
vt 0.850280 0.940860
vt 0.850368 0.940956
vt 0.684612 0.887679
vt 0.684737 0.887653
vt 0.684990 0.887604
vt 0.684863 0.887628
vt 0.833161 0.866786
vt 0.833169 0.866739
vt 0.884499 0.862833
vt 0.833183 0.866691
vt 0.884625 0.862756
vt 0.768803 0.966951
vt 0.778273 0.916219
vt 0.778321 0.916210
vt 0.778369 0.916207
vt 0.884653 0.862760
vt 0.842247 0.932135
vt 0.842191 0.932073
vt 0.842137 0.932014
vt 0.768803 0.966980
vt 0.768876 0.966878
vt 0.742581 0.837338
vt 0.742603 0.837295
vt 0.742619 0.837249
vt 0.703084 0.803452
vt 0.758185 0.909870
vt 0.758223 0.909900
vt 0.736364 0.957013
vt 0.758257 0.909936
vt 0.736369 0.957162
vt 0.736351 0.957180
vt 0.696711 0.885318
vt 0.696793 0.885301
vt 0.696873 0.885285
vt 0.703060 0.803439
vt 0.878079 0.828854
vt 0.828910 0.846094
vt 0.828878 0.846056
vt 0.828852 0.846016
vt 0.758279 0.823173
vt 0.758327 0.823161
vt 0.758372 0.823144
vt 0.728816 0.780306
vt 0.728947 0.780377
vt 0.728804 0.780280
vt 0.810672 0.782232
vt 0.810646 0.782311
vt 0.810621 0.782389
vt 0.878101 0.828839
vt 0.877969 0.828827
vt 0.833407 0.868955
vt 0.833419 0.868908
vt 0.833426 0.868862
vt 0.833096 0.872076
vt 0.780342 0.916679
vt 0.780389 0.916678
vt 0.780437 0.916670
vt 0.783514 0.916671
vt 0.840457 0.930153
vt 0.840403 0.930094
vt 0.840350 0.930034
vt 0.837562 0.926921
vt 0.739541 0.841757
vt 0.741019 0.839049
vt 0.741037 0.839003
vt 0.741058 0.838962
vt 0.756057 0.908962
vt 0.756092 0.908996
vt 0.756128 0.909025
vt 0.753570 0.907017
vt 0.699751 0.884661
vt 0.699829 0.884644
vt 0.699907 0.884627
vt 0.703981 0.883770
vt 0.828212 0.843886
vt 0.828188 0.843847
vt 0.828157 0.843809
vt 0.826507 0.841088
vt 0.760144 0.821798
vt 0.760187 0.821781
vt 0.760234 0.821768
vt 0.763055 0.820526
vt 0.809714 0.785185
vt 0.809690 0.785260
vt 0.809664 0.785337
vt 0.808415 0.789376
vt 0.791731 0.875794
vt 0.791699 0.875823
vt 0.791667 0.875852
vt 0.770366 0.964905
vt 0.770327 0.964876
vt 0.770289 0.964848
vt 0.704347 0.806180
vt 0.704303 0.806199
vt 0.704260 0.806218
vt 0.704197 0.806246
vt 0.736451 0.954040
vt 0.736325 0.954042
vt 0.736279 0.951938
vt 0.736375 0.954041
vt 0.736274 0.954043
vt 0.787078 0.854555
vt 0.787037 0.854541
vt 0.787119 0.854568
vt 0.872878 0.828243
vt 0.874969 0.828576
vt 0.874979 0.828476
vt 0.874974 0.828526
vt 0.882288 0.864069
vt 0.882336 0.864150
vt 0.882312 0.864109
vt 0.770898 0.869139
vt 0.770889 0.869097
vt 0.770880 0.869054
vt 0.731434 0.781735
vt 0.731388 0.781817
vt 0.731411 0.781776
vt 0.731355 0.781877
vt 0.749082 0.726642
vt 0.745840 0.724555
vt 0.749072 0.726656
vt 0.745830 0.724569
vt 0.858723 0.793591
vt 0.849127 0.786954
vt 0.858752 0.793548
vt 0.752356 0.728506
vt 0.752346 0.728520
vt 0.849096 0.786996
vt 0.839875 0.780237
vt 0.749456 0.719525
vt 0.882358 0.778984
vt 0.872156 0.772544
vt 0.872188 0.772497
vt 0.882330 0.779033
vt 0.872125 0.772591
vt 0.746325 0.717236
vt 0.892690 0.785087
vt 0.892666 0.785138
vt 0.882301 0.779082
vt 0.739749 0.719832
vt 0.742720 0.722275
vt 0.739738 0.719846
vt 0.868576 0.799891
vt 0.878595 0.805824
vt 0.878570 0.805870
vt 0.742710 0.722290
vt 0.868603 0.799846
vt 0.752711 0.721620
vt 0.755999 0.723495
vt 0.852737 0.758789
vt 0.862211 0.765752
vt 0.852698 0.758831
vt 0.862177 0.765797
vt 0.852662 0.758874
vt 0.862247 0.765708
vt 0.759238 0.725139
vt 0.762451 0.726570
vt 0.835379 0.744971
vt 0.843771 0.751927
vt 0.835335 0.745009
vt 0.843733 0.751969
vt 0.835295 0.745048
vt 0.843813 0.751888
vt 0.755576 0.730115
vt 0.755566 0.730130
vt 0.755558 0.730145
vt 0.752338 0.728535
vt 0.831187 0.773491
vt 0.758759 0.731515
vt 0.758749 0.731529
vt 0.758742 0.731545
vt 0.822980 0.766660
vt 0.761971 0.732728
vt 0.761961 0.732743
vt 0.761954 0.732758
vt 0.815099 0.759588
vt 0.765287 0.733780
vt 0.765274 0.733793
vt 0.765264 0.733809
vt 0.807379 0.752081
vt 0.765870 0.727862
vt 0.770453 0.729319
vt 0.765881 0.727847
vt 0.770468 0.729305
vt 0.816203 0.727153
vt 0.826864 0.737508
vt 0.816153 0.727181
vt 0.762461 0.726555
vt 0.826906 0.737472
vt 0.772107 0.735447
vt 0.778193 0.734587
vt 0.772112 0.735464
vt 0.778234 0.734602
vt 0.772117 0.735482
vt 0.778262 0.734619
vt 0.772127 0.735500
vt 0.768744 0.734685
vt 0.768721 0.734697
vt 0.768706 0.734710
vt 0.792249 0.735430
vt 0.799730 0.743990
vt 0.776906 0.731271
vt 0.776930 0.731261
vt 0.801309 0.712551
vt 0.801373 0.712537
vt 0.743344 0.714781
vt 0.903902 0.791096
vt 0.903886 0.791151
vt 0.892640 0.785188
vt 0.740364 0.711969
vt 0.919718 0.798649
vt 0.919721 0.798711
vt 0.903865 0.791203
vt 0.734160 0.714384
vt 0.736921 0.717229
vt 0.734153 0.714402
vt 0.888741 0.811582
vt 0.899462 0.817152
vt 0.899450 0.817205
vt 0.736911 0.717244
vt 0.888762 0.811534
vt 0.726994 0.700789
vt 0.726964 0.700757
vt 0.726938 0.700737
vt 0.726915 0.700732
vt 0.728722 0.708023
vt 0.728705 0.708027
vt 0.728687 0.708028
vt 0.945689 0.829686
vt 0.736600 0.707724
vt 0.942711 0.809228
vt 0.942747 0.809304
vt 0.919712 0.798767
vt 0.942760 0.809369
vt 0.731383 0.701238
vt 0.969221 0.822089
vt 0.969333 0.822201
vt 0.731400 0.711242
vt 0.911041 0.822822
vt 0.923253 0.828048
vt 0.923215 0.828089
vt 0.731400 0.711268
vt 0.911030 0.822759
vt 0.861360 0.789527
vt 0.851752 0.782939
vt 0.861403 0.789459
vt 0.851794 0.782871
vt 0.861446 0.789391
vt 0.851836 0.782801
vt 0.842532 0.776222
vt 0.842574 0.776152
vt 0.842614 0.776082
vt 0.879744 0.783108
vt 0.869526 0.776595
vt 0.879700 0.783176
vt 0.869483 0.776664
vt 0.879655 0.783244
vt 0.869439 0.776732
vt 0.890138 0.789249
vt 0.890093 0.789316
vt 0.890047 0.789383
vt 0.871196 0.795810
vt 0.881180 0.801772
vt 0.871240 0.795743
vt 0.881225 0.801706
vt 0.871285 0.795676
vt 0.881272 0.801640
vt 0.849997 0.762827
vt 0.859547 0.769777
vt 0.849956 0.762897
vt 0.859505 0.769846
vt 0.849915 0.762968
vt 0.859463 0.769915
vt 0.832554 0.748920
vt 0.841027 0.755900
vt 0.832514 0.748990
vt 0.840986 0.755970
vt 0.832476 0.749063
vt 0.840947 0.756042
vt 0.833879 0.769496
vt 0.833920 0.769426
vt 0.833959 0.769355
vt 0.825716 0.762686
vt 0.825756 0.762616
vt 0.825795 0.762543
vt 0.817894 0.755642
vt 0.817933 0.755570
vt 0.817969 0.755495
vt 0.810250 0.748176
vt 0.810282 0.748096
vt 0.810306 0.748009
vt 0.813369 0.730906
vt 0.824072 0.741310
vt 0.813339 0.730984
vt 0.824033 0.741382
vt 0.813318 0.731070
vt 0.823999 0.741456
vt 0.788295 0.715958
vt 0.795467 0.731935
vt 0.788391 0.716015
vt 0.795527 0.731889
vt 0.788506 0.716114
vt 0.795590 0.731849
vt 0.784235 0.735173
vt 0.778506 0.735986
vt 0.802694 0.740152
vt 0.802709 0.740053
vt 0.802707 0.739938
vt 0.798604 0.716331
vt 0.798595 0.716425
vt 0.798603 0.716536
vt 0.901432 0.795300
vt 0.901384 0.795366
vt 0.901333 0.795430
vt 0.917360 0.802802
vt 0.917301 0.802859
vt 0.917232 0.802912
vt 0.891343 0.807458
vt 0.902028 0.813028
vt 0.891391 0.807393
vt 0.902088 0.812968
vt 0.891442 0.807329
vt 0.902156 0.812913
vt 0.946091 0.825552
vt 0.946009 0.825482
vt 0.945882 0.825409
vt 0.925303 0.823812
vt 0.925329 0.823740
vt 0.925350 0.823667
vt 0.940373 0.813276
vt 0.940287 0.813318
vt 0.940179 0.813348
vt 0.913543 0.818568
vt 0.913627 0.818520
vt 0.913730 0.818482
vt 0.968401 0.824466
vt 0.966625 0.826458
vt 0.723789 0.693886
vt 0.724497 0.693669
vt 0.723793 0.693903
vt 0.724497 0.693642
vt 0.725184 0.693414
vt 0.724497 0.693651
vt 0.782241 0.697857
vt 0.783393 0.695990
vt 0.782187 0.697847
vt 0.783344 0.695968
vt 0.784394 0.734420
vt 0.784304 0.735146
vt 0.733321 0.748579
vt 0.730129 0.746465
vt 0.921466 0.681430
vt 0.930765 0.688455
vt 0.921434 0.681471
vt 0.930733 0.688496
vt 0.921403 0.681513
vt 0.736539 0.750488
vt 0.930800 0.688416
vt 0.939700 0.695509
vt 0.939666 0.695548
vt 0.733788 0.741492
vt 0.730674 0.739175
vt 0.733798 0.741477
vt 0.730685 0.739160
vt 0.733809 0.741463
vt 0.907393 0.702101
vt 0.727700 0.736704
vt 0.727711 0.736689
vt 0.730696 0.739146
vt 0.897426 0.695504
vt 0.724112 0.741740
vt 0.912012 0.674573
vt 0.902491 0.667922
vt 0.902518 0.667877
vt 0.911983 0.674617
vt 0.902462 0.667966
vt 0.727052 0.744175
vt 0.911953 0.674659
vt 0.737014 0.743633
vt 0.740268 0.745567
vt 0.737025 0.743618
vt 0.740278 0.745553
vt 0.737035 0.743603
vt 0.740288 0.745537
vt 0.917048 0.709100
vt 0.926245 0.716273
vt 0.743474 0.747275
vt 0.746664 0.748771
vt 0.743484 0.747260
vt 0.746675 0.748756
vt 0.743494 0.747244
vt 0.746683 0.748740
vt 0.934854 0.723427
vt 0.942960 0.730608
vt 0.739708 0.752170
vt 0.939737 0.695472
vt 0.948064 0.702518
vt 0.948028 0.702555
vt 0.742857 0.753642
vt 0.948104 0.702483
vt 0.955955 0.709568
vt 0.955917 0.709604
vt 0.746044 0.754933
vt 0.955997 0.709537
vt 0.963578 0.716825
vt 0.963537 0.716859
vt 0.749346 0.756074
vt 0.749332 0.756087
vt 0.746034 0.754947
vt 0.970967 0.724586
vt 0.750078 0.750127
vt 0.754664 0.751697
vt 0.750089 0.750112
vt 0.754678 0.751683
vt 0.750098 0.750096
vt 0.754689 0.751668
vt 0.754695 0.751649
vt 0.750104 0.750076
vt 0.756246 0.758018
vt 0.762375 0.757083
vt 0.756250 0.758036
vt 0.762415 0.757097
vt 0.756258 0.758053
vt 0.992602 0.759191
vt 0.985397 0.741708
vt 0.762443 0.757114
vt 0.999536 0.776525
vt 0.752809 0.757100
vt 0.752786 0.757111
vt 0.971016 0.724560
vt 0.978310 0.732890
vt 0.978374 0.732883
vt 0.761094 0.753724
vt 0.761119 0.753713
vt 0.761135 0.753700
vt 0.761143 0.753682
vt 0.724711 0.733886
vt 0.724721 0.733870
vt 0.727723 0.736675
vt 0.887215 0.689373
vt 0.720912 0.729666
vt 0.720920 0.729647
vt 0.724733 0.733857
vt 0.876034 0.683426
vt 0.718523 0.736360
vt 0.892946 0.661307
vt 0.882964 0.654687
vt 0.882972 0.654631
vt 0.892924 0.661355
vt 0.882946 0.654738
vt 0.721298 0.739163
vt 0.892897 0.661400
vt 0.711310 0.722965
vt 0.711282 0.722934
vt 0.711257 0.722914
vt 0.712920 0.730038
vt 0.712903 0.730041
vt 0.712885 0.730042
vt 0.712865 0.730040
vt 0.715749 0.723298
vt 0.715749 0.723271
vt 0.720930 0.729632
vt 0.835832 0.666488
vt 0.859967 0.676177
vt 0.715754 0.723250
vt 0.807106 0.655405
vt 0.872332 0.647563
vt 0.861416 0.640334
vt 0.861463 0.640304
vt 0.872352 0.647638
vt 0.861372 0.640368
vt 0.715704 0.733257
vt 0.872353 0.647701
vt 0.918585 0.685415
vt 0.927956 0.692395
vt 0.918538 0.685481
vt 0.927911 0.692461
vt 0.918493 0.685548
vt 0.927867 0.692529
vt 0.936879 0.699432
vt 0.936835 0.699500
vt 0.936792 0.699568
vt 0.900015 0.691531
vt 0.910059 0.698188
vt 0.900060 0.691464
vt 0.910104 0.698121
vt 0.900106 0.691397
vt 0.910149 0.698054
vt 0.889712 0.685333
vt 0.889757 0.685267
vt 0.889804 0.685200
vt 0.909091 0.678518
vt 0.899553 0.671785
vt 0.909042 0.678582
vt 0.899502 0.671847
vt 0.708515 0.745386
vt 0.707383 0.748932
vt 0.708491 0.745377
vt 0.898570 0.672934
vt 0.707407 0.748941
vt 0.706078 0.752436
vt 0.908647 0.679008
vt 0.929021 0.712445
vt 0.919777 0.705235
vt 0.929065 0.712377
vt 0.919822 0.705168
vt 0.929108 0.712308
vt 0.919865 0.705100
vt 0.945827 0.726865
vt 0.937675 0.719629
vt 0.945869 0.726797
vt 0.937719 0.719561
vt 0.945910 0.726726
vt 0.937760 0.719491
vt 0.945221 0.706418
vt 0.945178 0.706486
vt 0.945136 0.706555
vt 0.953079 0.713449
vt 0.953037 0.713518
vt 0.952997 0.713589
vt 0.960622 0.720696
vt 0.960581 0.720767
vt 0.960543 0.720841
vt 0.967970 0.728381
vt 0.967936 0.728459
vt 0.967909 0.728545
vt 0.964150 0.745518
vt 0.953965 0.734746
vt 0.964183 0.745442
vt 0.954006 0.734676
vt 0.964207 0.745359
vt 0.954044 0.734604
vt 0.988815 0.760898
vt 0.982143 0.745027
vt 0.988723 0.760839
vt 0.982084 0.745072
vt 0.988614 0.760739
vt 0.982020 0.745109
vt 0.975216 0.736624
vt 0.975198 0.736722
vt 0.975196 0.736836
vt 0.978052 0.760469
vt 0.978063 0.760376
vt 0.978058 0.760267
vt 0.878422 0.679308
vt 0.878469 0.679242
vt 0.878520 0.679177
vt 0.862237 0.672008
vt 0.862296 0.671947
vt 0.862364 0.671891
vt 0.889938 0.665181
vt 0.879912 0.658491
vt 0.889884 0.665241
vt 0.879846 0.658544
vt 0.710186 0.738017
vt 0.709410 0.741771
vt 0.710163 0.738002
vt 0.877389 0.661804
vt 0.709434 0.741781
vt 0.888268 0.667265
vt 0.709907 0.723172
vt 0.709892 0.723205
vt 0.709881 0.723252
vt 0.708431 0.716740
vt 0.711372 0.729924
vt 0.711347 0.729923
vt 0.853543 0.651166
vt 0.831616 0.651219
vt 0.838041 0.662292
vt 0.838128 0.662243
vt 0.838238 0.662203
vt 0.869246 0.651425
vt 0.858226 0.644096
vt 0.710803 0.734012
vt 0.710781 0.733984
vt 0.711322 0.729923
vt 0.710825 0.734033
vt 0.865610 0.656402
vt 0.808056 0.653249
vt 0.809193 0.651272
vt 0.806953 0.655264
vt 0.709073 0.716143
vt 0.709778 0.715899
vt 0.709074 0.716152
vt 0.993689 0.779170
vt 0.992471 0.781295
vt 0.769542 0.756637
vt 0.997258 0.776795
vt 0.999516 0.776652
vt 0.999523 0.776707
vt 0.994808 0.776742
vt 0.728890 0.780342
vt 0.736362 0.957077
vt 0.884557 0.862802
vt 0.703109 0.803526
vt 0.768854 0.966893
vt 0.877997 0.828839
vt 0.806506 0.684630
vt 0.788224 0.715956
vt 0.806999 0.655295
vt 0.790829 0.874873
vt 0.703262 0.803799
vt 0.703161 0.803632
vt 0.769014 0.966627
vt 0.772148 0.868814
vt 0.772152 0.868835
vt 0.736364 0.956964
vt 0.786687 0.855787
vt 0.781521 0.699876
vt 0.768531 0.756078
vt 0.861862 0.723449
vt 0.768822 0.749087
vt 0.839843 0.780278
vt 0.963624 0.716796
vt 0.746690 0.748720
vt 0.985424 0.741656
vt 0.706102 0.752445
vt 0.709871 0.723306
vt 0.710210 0.738030
s 1
g off
g esquinasupderdelantera_Holocron_Corners.001
usemtl Holocron_Corners.001
f 1222/1/1 1/2/2 202/3/3
f 1173/4/4 20/5/5 106/6/6
f 89/7/7 227/8/8 3/9/7
f 216/10/9 114/11/10 1183/12/11
f 4/13/7 1187/14/12 206/15/13
f 201/16/14 106/6/6 16/17/15
f 212/18/16 102/19/17 14/20/18
f 226/21/19 109/22/20 1178/23/21
f 3/9/7 1162/24/22 222/25/23
f 1177/26/24 4/13/7 88/27/7
f 1183/12/11 22/28/25 231/29/26
f 1193/30/27 19/31/28 237/32/29
f 1188/33/30 26/34/31 207/35/32
f 231/29/26 108/36/33 1198/37/34
f 1198/37/34 23/38/35 241/39/36
f 1208/40/37 18/41/38 247/42/39
f 90/43/7 236/44/40 1187/14/12
f 241/39/36 115/45/41 1213/46/42
f 1213/46/42 1325/47/43 253/48/44
f 269/49/45 113/50/46 1208/40/37
f 91/51/7 246/52/47 1192/53/48
f 1223/54/49 16/17/15 104/55/50
f 274/56/51 104/55/50 17/57/52
f 280/58/53 110/59/54 13/60/55
f 1/2/2 1167/61/56 89/7/7
f 1238/62/57 17/57/52 112/63/58
f 285/64/59 112/63/58 21/65/60
f 1233/66/61 1322/67/62 110/59/54
f 6/68/7 1217/69/63 93/70/7
f 106/6/6 328/71/64 1252/72/65
f 10/73/66 1268/74/67 97/75/66
f 24/76/68 1262/77/69 114/11/10
f 337/78/70 98/79/66 1278/80/71
f 104/55/50 308/81/72 1302/82/73
f 15/83/74 1247/84/75 333/85/76
f 15/83/74 1257/86/77 109/22/20
f 103/87/78 317/88/79 1247/84/75
f 116/89/80 328/71/64 20/5/5
f 117/90/81 312/91/82 26/34/31
f 19/31/28 1267/92/83 117/90/81
f 22/28/25 1277/93/84 108/36/33
f 1263/94/85 8/95/66 337/78/70
f 105/96/86 342/97/87 19/31/28
f 18/41/38 1272/98/88 105/96/86
f 23/38/35 1292/99/89 115/45/41
f 1278/80/71 11/100/90 347/101/91
f 113/50/46 352/102/92 18/41/38
f 25/103/93 1287/104/94 113/50/46
f 115/45/41 358/105/95 1325/47/43
f 307/106/96 96/107/66 7/108/66
f 14/20/18 1297/109/97 317/88/79
f 102/19/17 384/110/98 1297/109/97
f 112/63/58 380/111/99 1317/112/100
f 100/113/101 379/114/102 1303/115/103
f 13/60/55 1312/116/104 384/110/98
f 110/59/54 396/117/105 1312/116/104
f 21/65/60 1317/112/100 389/118/106
f 1168/119/107 14/20/18 103/87/78
f 1228/120/108 21/121/60 107/122/109
f 107/122/109 389/123/106 1307/124/110
f 7/108/66 1248/125/111 318/126/112
f 227/8/8 88/27/7 3/9/7
f 1178/23/21 24/76/68 216/10/9
f 109/22/20 323/127/113 24/76/68
f 96/107/66 332/128/114 1248/125/111
f 94/129/7 279/130/115 6/68/7
f 202/3/3 89/7/7 1172/131/116
f 16/17/15 1252/72/65 308/81/72
f 385/132/117 101/133/66 12/134/66
f 237/32/29 117/90/81 1188/33/30
f 1203/135/118 1326/136/119 111/137/120
f 111/137/120 357/138/121 1282/139/122
f 97/75/66 343/140/123 8/95/66
f 207/35/32 116/89/80 1163/141/124
f 226/21/19 103/87/78 15/83/74
f 1253/142/125 9/143/66 96/107/66
f 26/34/31 1242/144/126 116/89/80
f 1227/145/127 1232/146/128 94/129/7
f 284/147/129 94/129/7 1237/148/130
f 101/133/66 390/149/131 1318/150/132
f 1313/151/133 1308/152/134 101/133/66
f 5/153/135 1207/154/136 246/52/47
f 1182/155/137 2/156/7 90/43/7
f 114/11/10 338/157/138 22/28/25
f 11/100/90 1288/158/139 99/159/140
f 217/160/141 90/43/7 4/13/7
f 232/161/142 91/51/7 2/156/7
f 95/162/66 332/128/114 9/143/66
f 10/73/66 1258/163/143 95/162/66
f 1218/164/144 13/60/55 102/19/17
f 7/108/66 1303/115/103 307/106/96
s 2
f 1355/165/145 1445/166/146 411/167/147
s 1
f 1298/168/148 12/134/66 100/113/101
f 92/169/149 270/170/150 1207/154/136
f 1212/171/151 1202/172/152 92/169/149
f 1293/173/153 1283/174/154 359/175/155
f 99/159/140 374/176/156 1283/174/154
f 1228/120/108 1323/177/157 289/178/158
f 275/179/159 93/70/7 1222/1/1
f 17/57/52 1302/82/73 380/111/99
f 107/122/109 394/180/160 1323/177/157
f 247/42/39 105/96/86 1193/30/27
f 1237/148/130 6/68/7 275/179/159
f 12/134/66 1318/150/132 379/114/102
f 98/79/66 353/181/161 11/100/90
f 2/156/7 1192/53/48 236/44/40
f 1163/141/124 20/5/5 221/182/162
f 322/183/163 97/75/66 1263/94/85
f 8/95/66 1273/184/164 98/79/66
f 1203/185/118 25/103/93 269/49/45
f 1197/186/165 5/153/135 91/51/7
f 108/36/33 348/187/166 23/38/35
f 111/188/120 375/189/167 25/103/93
f 1172/131/116 3/9/7 222/25/23
f 88/27/7 206/15/13 1162/24/22
f 313/190/168 95/162/66 1243/191/169
f 1243/191/169 9/143/66 327/192/170
f 93/70/7 211/193/171 1/2/2
f 242/194/172 92/169/149 5/153/135
f 347/101/91 99/159/140 1293/173/153
f 318/126/112 100/113/101 7/108/66
s 2
f 457/195/173 130/196/174 34/197/175
f 503/198/176 136/199/177 1391/200/178
f 136/199/177 725/201/179 1435/202/180
f 709/203/181 131/204/182 1431/205/183
f 481/206/184 127/207/185 1380/208/186
f 435/209/187 137/210/188 1355/165/145
f 138/211/189 671/212/190 1421/213/191
f 1431/205/183 1441/214/192 690/215/193
f 447/216/194 124/217/195 29/218/196
f 426/219/197 135/220/198 1454/221/199
f 1406/222/200 1411/223/201 620/224/202
f 1475/225/203 1416/226/204 135/220/198
f 27/227/205 1348/228/206 124/217/195
f 31/229/207 1352/230/208 566/231/209
f 32/232/210 1352/230/208 127/207/185
f 1366/233/211 1471/234/212 437/235/213
f 1361/236/214 1446/237/215 120/238/216
f 33/239/217 1334/240/218 129/241/219
f 34/197/175 1339/242/220 200/243/221
f 413/244/222 122/245/223 1356/246/224
f 446/247/225 134/248/226 1366/233/211
s 3
f 514/249/227 121/250/228 1351/251/229
s 2
f 30/252/230 1333/253/231 548/254/232
f 457/195/173 128/255/233 1385/256/234
f 447/216/194 123/257/235 1360/258/236
f 27/227/205 1328/259/237 532/260/238
f 34/197/175 1329/261/239 128/255/233
f 1375/262/240 1474/263/241 467/264/242
f 427/265/243 119/266/244 1381/267/245
f 35/268/246 1339/242/220 130/196/174
f 35/268/246 1334/240/218 568/269/247
f 482/270/248 119/266/244 1459/271/249
f 480/272/250 138/211/189 1375/262/240
f 28/273/251 1343/274/252 547/275/253
f 29/218/196 1343/274/252 123/257/235
f 428/276/254 125/277/255 1371/278/256
f 490/279/257 128/255/233 33/239/217
f 29/218/196 1348/228/206 513/280/258
f 1470/281/259 1401/282/260 137/210/188
f 1391/200/178 1461/283/261 491/284/262
f 1396/285/263 1466/286/264 139/287/265
s 3
f 1338/288/266 1347/289/267 531/290/268
s 2
f 28/273/251 1328/259/237 122/245/223
f 505/291/269 139/287/265 1479/292/270
f 1386/293/271 1462/294/272 118/295/273
f 30/252/230 1342/296/274 126/297/275
f 31/229/207 1333/253/231 125/277/255
f 1370/298/276 1475/225/203 135/220/198
f 32/232/210 1342/296/274 515/299/277
s 3
f 1351/251/229 1338/288/266 567/300/278
s 2
f 33/239/217 1329/261/239 549/301/279
f 1461/283/261 1435/202/180 708/302/280
f 139/287/265 726/303/281 1479/292/270
f 1466/286/264 1440/304/282 139/287/265
f 120/238/216 603/305/283 1405/306/284
f 134/248/226 585/307/285 1471/234/212
f 1450/308/286 1410/309/287 134/248/226
f 119/266/244 656/310/288 1425/311/289
f 1474/263/241 1421/213/191 637/312/290
f 1459/271/249 1425/311/289 672/313/291
f 436/314/292 124/217/195 1365/315/293
f 445/316/294 120/238/216 1451/317/295
f 1451/317/295 1405/306/284 619/318/296
f 137/210/188 601/319/297 1445/166/146
f 428/276/254 127/207/185 31/229/207
f 466/320/298 125/277/255 30/252/230
f 638/321/299 133/322/300 1415/323/301
f 1415/323/301 1426/324/302 655/325/303
f 490/279/257 129/241/219 1390/326/304
f 504/327/305 129/241/219 35/268/246
f 1441/214/192 1436/328/306 727/329/307
f 118/295/273 707/330/308 1430/331/309
f 413/244/222 123/257/235 28/273/251
f 436/314/292 122/245/223 27/227/205
f 1411/223/201 1400/332/310 586/333/311
f 602/334/312 132/335/313 1406/222/200
f 466/320/298 126/297/275 1376/336/314
f 481/206/184 126/297/275 32/232/210
f 1426/324/302 1420/337/315 673/338/316
f 135/220/198 654/339/317 1454/221/199
f 504/327/305 130/196/174 1395/340/318
f 455/341/319 118/295/273 1467/342/320
f 118/295/273 689/343/321 1467/342/320
s 4
f 1543/344/322 36/345/323 743/346/324
f 1494/347/325 55/348/326 158/349/327
f 141/350/323 768/351/328 38/352/323
f 757/353/329 166/354/330 1504/355/331
f 39/356/323 1508/357/332 747/358/333
f 742/359/334 158/349/327 51/360/335
f 753/361/336 154/362/337 49/363/338
f 767/364/339 161/365/340 1499/366/341
f 38/352/323 1483/367/342 763/368/343
f 1498/369/344 39/356/323 140/370/323
f 1504/355/331 57/371/345 772/372/346
f 1514/373/347 54/374/348 778/375/349
f 1509/376/350 61/377/351 748/378/352
f 772/372/346 160/379/353 1519/380/354
f 1519/380/354 58/381/355 782/382/356
f 1529/383/357 53/384/358 788/385/359
f 142/386/323 777/387/360 1508/357/332
f 782/382/356 167/388/361 1534/389/362
f 1534/389/362 1646/390/363 794/391/364
f 810/392/365 165/393/366 1529/383/357
f 143/394/323 787/395/367 1513/396/368
f 1544/397/369 51/360/335 156/398/370
f 815/399/371 156/398/370 52/400/372
f 821/401/373 162/402/374 48/403/375
f 36/345/323 1488/404/376 141/350/323
f 1559/405/377 52/400/372 164/406/378
f 826/407/379 164/406/378 56/408/380
f 1554/409/381 1643/410/382 162/402/374
f 41/411/323 1538/412/383 145/413/323
f 158/349/327 869/414/384 1573/415/385
f 45/416/386 1589/417/387 149/418/386
f 59/419/388 1583/420/389 166/354/330
f 878/421/390 150/422/386 1599/423/391
f 156/398/370 849/424/392 1623/425/393
f 50/426/394 1568/427/395 874/428/396
f 50/426/394 1578/429/397 161/365/340
f 155/430/398 858/431/399 1568/427/395
f 168/432/400 869/414/384 55/348/326
f 169/433/401 853/434/402 61/377/351
f 54/374/348 1588/435/403 169/433/401
f 57/371/345 1598/436/404 160/379/353
f 1584/437/405 43/438/386 878/421/390
f 157/439/406 883/440/407 54/374/348
f 53/384/358 1593/441/408 157/439/406
f 58/381/355 1613/442/409 167/388/361
f 1599/423/391 46/443/386 888/444/410
f 165/393/366 893/445/411 53/384/358
f 60/446/412 1608/447/413 165/393/366
f 167/388/361 899/448/414 1646/390/363
f 848/449/415 148/450/386 42/451/386
f 49/363/338 1618/452/416 858/431/399
f 154/362/337 925/453/417 1618/452/416
f 164/406/378 921/454/418 1638/455/419
f 152/456/386 920/457/420 1624/458/421
f 48/403/375 1633/459/422 925/453/417
f 162/402/374 937/460/423 1633/459/422
f 56/408/380 1638/455/419 930/461/424
f 1489/462/425 49/363/338 155/430/398
f 1549/463/426 56/408/380 159/464/427
f 159/464/427 930/461/424 1628/465/428
f 42/451/386 1569/466/429 859/467/430
f 768/351/328 140/370/323 38/352/323
f 1499/366/341 59/419/388 757/353/329
f 161/365/340 864/468/431 59/419/388
f 148/450/386 873/469/432 1569/466/429
f 146/470/323 820/471/433 41/411/323
f 743/346/324 141/350/323 1493/472/434
f 51/360/335 1573/415/385 849/424/392
f 926/473/435 153/474/386 47/475/386
f 778/375/349 169/433/401 1509/376/350
f 1524/476/436 1647/477/437 163/478/438
f 163/478/438 898/479/439 1603/480/440
f 149/418/386 884/481/441 43/438/386
f 748/378/352 168/432/400 1484/482/442
f 767/364/339 155/430/398 50/426/394
f 1574/483/443 44/484/386 148/450/386
f 61/377/351 1563/485/444 168/432/400
f 1548/486/445 1553/487/446 146/470/323
f 825/488/447 146/470/323 1558/489/448
f 153/474/386 931/490/449 1639/491/450
f 1634/492/451 1629/493/452 153/474/386
f 40/494/323 1528/495/453 787/395/367
f 1503/496/454 37/497/323 142/386/323
f 166/354/330 879/498/455 57/371/345
f 46/443/386 1609/499/456 151/500/457
f 758/501/458 142/386/323 39/356/323
f 773/502/459 143/394/323 37/497/323
f 147/503/386 873/469/432 44/484/386
f 45/416/386 1579/504/460 147/503/386
f 1539/505/461 48/403/375 154/362/337
f 42/451/386 1624/458/421 848/449/415
s 5
f 1709/506/462 62/507/463 953/508/464
s 4
f 1619/509/465 47/475/386 152/456/386
f 144/510/466 811/511/467 1528/495/453
f 1533/512/468 1523/513/469 144/510/466
f 1614/514/470 1604/515/471 900/516/472
f 151/500/457 915/517/473 1604/515/471
f 1549/463/426 1644/518/474 830/519/475
f 816/520/476 145/413/323 1543/344/322
f 52/400/372 1623/425/393 921/454/418
f 159/464/427 935/521/477 1644/518/474
f 788/385/359 157/439/406 1514/373/347
f 1558/489/448 41/411/323 816/520/476
f 47/475/386 1639/491/450 920/457/420
f 150/422/386 894/522/478 46/443/386
f 37/497/323 1513/396/368 777/387/360
f 1484/482/442 55/348/326 762/523/479
f 863/524/480 149/418/386 1584/437/405
f 43/438/386 1594/525/481 150/422/386
f 1524/526/436 60/446/412 810/392/365
f 1518/527/482 40/494/323 143/394/323
f 160/379/353 889/528/483 58/381/355
f 163/529/438 916/530/484 60/446/412
f 1493/472/434 38/352/323 763/368/343
f 140/370/323 747/358/333 1483/367/342
f 854/531/485 147/503/386 1564/532/486
f 1564/532/486 44/484/386 868/533/487
f 145/413/323 752/534/488 36/345/323
f 783/535/489 144/510/466 40/494/323
f 888/444/410 151/500/457 1614/514/470
f 859/467/430 152/456/386 42/451/386
s 5
f 1660/536/490 81/537/491 188/538/492
f 171/539/463 978/540/493 64/541/463
f 967/542/494 196/543/495 1670/544/496
f 65/545/463 1674/546/497 957/547/498
f 952/548/499 188/538/492 77/549/500
f 963/550/501 184/551/502 75/552/503
f 977/553/504 191/554/505 1665/555/506
f 64/541/463 1649/556/507 973/557/508
f 1664/558/509 65/545/463 170/559/463
f 1670/544/496 83/560/510 982/561/511
f 1680/562/512 80/563/513 988/564/514
f 1675/565/515 87/566/516 958/567/517
f 982/561/511 190/568/518 1685/569/519
f 1685/569/519 84/570/520 992/571/521
f 1695/572/522 79/573/523 998/574/524
f 172/575/463 987/576/525 1674/546/497
f 992/571/521 197/577/526 1700/578/527
f 1700/578/527 1812/579/528 1004/580/529
f 1020/581/530 195/582/531 1695/572/522
f 173/583/463 997/584/532 1679/585/533
f 1710/586/534 77/549/500 186/587/535
f 1025/588/536 186/587/535 78/589/537
f 1031/590/538 192/591/539 74/592/540
f 62/507/463 1654/593/541 171/539/463
f 1725/594/542 78/589/537 194/595/543
f 1036/596/544 194/595/543 82/597/545
f 1720/598/546 1809/599/547 192/591/539
f 67/600/463 1704/601/548 175/602/463
f 188/538/492 1079/603/549 1739/604/550
f 71/605/551 1755/606/552 179/607/551
f 85/608/553 1749/609/554 196/543/495
f 1088/610/555 180/611/551 1765/612/556
f 186/587/535 1059/613/557 1789/614/558
f 76/615/559 1734/616/560 1084/617/561
f 76/615/559 1744/618/562 191/554/505
f 185/619/563 1068/620/564 1734/616/560
f 198/621/565 1079/603/549 81/537/491
f 199/622/566 1063/623/567 87/566/516
f 80/563/513 1754/624/568 199/622/566
f 83/560/510 1764/625/569 190/568/518
f 1750/626/570 69/627/551 1088/610/555
f 187/628/571 1093/629/572 80/563/513
f 79/573/523 1759/630/573 187/628/571
f 84/570/520 1779/631/574 197/577/526
f 1765/612/556 72/632/551 1098/633/575
f 195/582/531 1103/634/576 79/573/523
f 86/635/577 1774/636/578 195/582/531
f 197/577/526 1109/637/579 1812/579/528
f 1058/638/580 178/639/551 68/640/551
f 75/552/503 1784/641/581 1068/620/564
f 184/551/502 1135/642/582 1784/641/581
f 194/595/543 1131/643/583 1804/644/584
f 182/645/551 1130/646/585 1790/647/586
f 74/592/540 1799/648/587 1135/642/582
f 192/591/539 1147/649/588 1799/648/587
f 82/597/545 1804/644/584 1140/650/589
f 1655/651/590 75/552/503 185/619/563
f 1715/652/591 82/653/545 189/654/592
f 189/654/592 1140/655/589 1794/656/593
f 68/640/551 1735/657/594 1069/658/595
f 978/540/493 170/559/463 64/541/463
f 1665/555/506 85/608/553 967/542/494
f 191/554/505 1074/659/596 85/608/553
f 178/639/551 1083/660/597 1735/657/594
f 176/661/463 1030/662/598 67/600/463
f 953/508/464 171/539/463 1659/663/599
f 77/549/500 1739/604/550 1059/613/557
f 1136/664/600 183/665/551 73/666/551
f 988/564/514 199/622/566 1675/565/515
f 1690/667/601 1813/668/602 193/669/603
f 193/669/603 1108/670/604 1769/671/605
f 179/607/551 1094/672/606 69/627/551
f 958/567/517 198/621/565 1650/673/607
f 977/553/504 185/619/563 76/615/559
f 1740/674/608 70/675/551 178/639/551
f 87/566/516 1729/676/609 198/621/565
f 1714/677/610 1719/678/611 176/661/463
f 1035/679/612 176/661/463 1724/680/613
f 183/665/551 1141/681/614 1805/682/615
f 1800/683/616 1795/684/617 183/665/551
f 66/685/463 1694/686/618 997/584/532
f 1669/687/619 63/688/463 172/575/463
f 196/543/495 1089/689/620 83/560/510
f 72/632/551 1775/690/621 181/691/622
f 968/692/623 172/575/463 65/545/463
f 983/693/624 173/583/463 63/688/463
f 177/694/551 1083/660/597 70/675/551
f 71/605/551 1745/695/625 177/694/551
f 1705/696/626 74/592/540 184/551/502
f 68/640/551 1790/647/586 1058/638/580
f 1785/697/627 73/666/551 182/645/551
f 174/698/628 1021/699/629 1694/686/618
f 1699/700/630 1689/701/631 174/698/628
f 1780/702/632 1770/703/633 1110/704/634
f 181/691/622 1125/705/635 1770/703/633
f 1715/652/591 1810/706/636 1040/707/637
f 1026/708/638 175/602/463 1709/506/462
f 78/589/537 1789/614/558 1131/643/583
f 189/654/592 1145/709/639 1810/706/636
f 998/574/524 187/628/571 1680/562/512
f 1724/680/613 67/600/463 1026/708/638
f 73/666/551 1805/682/615 1130/646/585
f 180/611/551 1104/710/640 72/632/551
f 63/688/463 1679/585/533 987/576/525
f 1650/673/607 81/537/491 972/711/641
f 1073/712/642 179/607/551 1750/626/570
f 69/627/551 1760/713/643 180/611/551
f 1690/667/601 86/635/577 1020/581/530
f 1684/714/644 66/685/463 173/583/463
f 190/568/518 1099/715/645 84/570/520
f 193/669/603 1126/716/646 86/635/577
f 1659/663/599 64/541/463 973/557/508
f 170/559/463 957/547/498 1649/556/507
f 1064/717/647 177/694/551 1730/718/648
f 1730/718/648 70/675/551 1078/719/649
f 175/602/463 962/720/650 62/507/463
f 993/721/651 174/698/628 66/685/463
f 1098/633/575 181/691/622 1780/702/632
f 1069/658/595 182/645/551 68/640/551
s 1
f 251/722/652 257/723/653 256/724/654
f 254/725/655 258/726/656 257/723/653
f 256/724/654 268/727/657 265/728/658
f 257/723/653 259/729/659 268/727/657
f 260/730/660 262/731/661 252/732/662
f 261/733/663 263/734/664 260/730/660
f 263/734/664 255/735/665 262/731/661
f 264/736/666 258/726/656 263/734/664
f 253/48/44 267/737/667 266/738/668
f 265/728/669 268/727/670 267/739/667
f 266/740/668 264/736/671 261/733/672
f 267/739/667 259/729/673 264/736/671
f 289/178/158 294/741/674 293/742/675
f 292/743/676 295/744/677 294/741/674
f 293/742/675 306/745/678 303/746/679
f 294/741/674 296/747/680 306/745/678
f 290/748/681 300/749/682 299/750/683
f 297/751/684 301/752/685 300/753/682
f 299/754/683 300/753/682 295/744/686
f 300/753/682 296/747/687 295/744/686
f 302/755/688 304/756/689 291/757/690
f 303/746/679 305/758/691 302/755/688
f 305/758/691 298/759/692 304/756/689
f 306/745/678 301/752/693 305/758/691
f 357/138/121 361/760/694 360/761/695
f 366/762/696 362/763/697 361/764/694
f 360/765/695 373/766/698 370/767/699
f 361/764/694 363/768/700 373/766/698
f 358/105/95 367/769/701 366/770/702
f 364/771/703 368/772/704 367/769/701
f 366/770/702 367/769/701 362/763/705
f 367/769/701 363/768/706 362/763/705
f 369/773/707 371/774/708 359/175/155
f 370/767/699 372/775/709 369/773/707
f 372/775/709 365/776/710 371/774/708
f 373/766/711 368/772/704 372/775/709
f 394/180/160 399/777/712 407/778/713
f 397/779/714 400/780/715 399/781/712
f 407/778/713 399/777/712 410/782/716
f 399/781/712 401/783/717 410/784/718
f 402/785/719 404/786/720 395/787/721
f 403/788/722 405/789/723 402/785/719
f 405/789/723 398/790/724 404/786/720
f 406/791/725 400/780/726 405/789/723
f 396/117/105 409/792/727 408/793/728
f 407/794/729 410/784/730 409/792/727
f 408/793/728 406/791/725 403/788/722
f 409/792/727 401/783/731 406/791/725
s 2
f 414/795/732 416/796/733 411/167/147
f 415/797/734 417/798/735 414/795/732
f 417/798/735 424/799/736 416/796/733
f 417/798/735 422/800/737 418/801/738
f 419/802/739 421/803/740 412/804/741
f 420/805/742 422/806/737 419/802/739
f 421/803/740 422/800/737 415/797/734
f 424/799/736 425/807/743 423/808/744
f 425/807/743 420/805/742 423/809/744
s 6
f 429/810/745 430/811/746 426/219/747
f 430/811/746 431/812/748 1816/813/749
s 7
f 427/265/750 432/814/751 429/815/750
s 8
f 433/816/752 431/812/753 432/817/754
s 9
f 438/818/755 439/819/756 435/209/757
s 10
f 438/818/758 440/820/759 444/821/760
s 11
f 439/819/761 444/822/762 443/823/761
s 2
f 437/235/213 443/824/763 444/825/764
s 10
f 444/826/760 1817/827/765 442/828/766
f 444/822/760 440/829/759 1817/827/765
s 12
f 448/830/767 449/831/768 445/316/769
f 449/831/768 450/832/770 452/833/771
s 13
f 446/247/772 451/834/773 448/835/774
s 14
f 451/836/775 452/837/776 450/832/775
s 2
f 458/838/777 459/839/778 455/341/319
s 15
f 458/838/779 461/840/779 462/841/780
s 2
f 459/839/778 460/842/781 1818/843/782
f 456/844/783 462/845/784 461/846/785
s 16
f 462/847/786 1818/848/787 460/842/788
s 2
f 468/849/789 470/850/790 465/851/791
f 469/852/792 471/853/793 468/849/789
f 471/853/793 477/854/794 470/850/790
f 471/853/793 472/855/795 479/856/796
f 474/857/797 475/858/798 473/859/799
f 475/858/798 469/852/792 473/860/799
f 476/861/800 478/862/801 467/264/242
f 476/861/800 477/854/794 479/863/796
f 479/863/796 474/857/797 478/862/801
s 17
f 483/864/802 487/865/803 480/272/804
f 483/864/802 484/866/805 488/867/806
s 18
f 482/270/807 487/868/807 488/869/807
s 17
f 488/870/806 484/866/805 1815/871/808
s 2
f 492/872/809 494/873/810 489/874/811
f 493/875/812 495/876/813 492/872/814
f 494/873/810 495/877/813 500/878/815
s 19
f 496/879/816 498/880/817 497/881/817
s 2
f 497/881/818 493/875/812 496/882/819
f 499/883/820 501/884/821 491/284/262
f 500/878/815 502/885/822 499/883/820
f 501/884/821 502/885/822 498/886/823
f 502/885/822 495/877/813 498/880/823
f 506/887/824 507/888/825 503/198/176
f 506/887/824 508/889/826 512/890/827
s 20
f 507/888/828 512/891/829 511/892/828
s 2
f 505/291/269 511/893/830 512/894/831
s 21
f 512/895/832 1819/896/833 510/897/834
f 512/891/832 508/898/835 1819/896/833
s 2
f 516/899/836 518/900/837 513/280/258
f 517/901/838 519/902/839 516/899/836
f 519/902/839 528/903/840 518/900/837
f 519/902/839 520/904/841 521/905/842
s 3
f 514/906/227 525/907/843 524/908/844
f 522/909/845 526/910/846 525/907/843
f 524/908/844 520/904/847 517/901/848
f 525/907/843 521/911/849 520/904/847
s 2
f 527/912/850 529/913/851 515/299/277
f 528/903/840 530/914/852 527/912/850
f 530/914/852 523/915/853 529/913/851
f 530/914/852 521/911/842 526/910/854
f 200/243/221 535/916/855 534/917/856
f 1820/918/857 535/916/855 533/919/858
f 535/916/855 544/920/859 534/917/856
f 535/916/855 536/921/860 537/922/861
s 3
f 531/923/268 541/924/862 540/925/863
f 538/926/864 542/927/865 541/924/862
f 540/925/863 536/921/866 1820/918/867
f 541/924/862 537/928/868 536/921/866
s 2
f 543/929/869 545/930/870 532/260/238
f 544/920/859 546/931/871 543/929/869
f 546/931/871 539/932/872 545/930/870
f 546/931/871 537/928/861 542/927/873
f 550/933/874 552/934/875 547/275/253
f 551/935/876 553/936/877 550/933/874
f 553/936/877 562/937/878 552/934/875
f 553/936/877 555/938/879 565/939/880
f 556/940/881 558/941/882 548/254/232
f 557/942/883 559/943/884 556/940/881
f 559/943/884 551/935/876 558/941/882
f 559/943/884 555/938/879 554/944/885
f 561/945/886 563/946/887 549/301/279
f 562/937/878 564/947/888 561/945/886
f 564/947/888 557/942/883 563/946/887
f 564/947/888 555/938/879 560/948/889
f 569/949/890 571/950/891 566/231/209
f 570/951/892 572/952/893 569/949/890
f 572/952/893 581/953/894 571/950/891
f 572/952/893 573/954/895 574/955/896
s 3
f 567/956/278 578/957/897 577/958/898
f 575/959/899 579/960/900 578/957/897
f 577/958/898 573/954/901 570/951/902
f 578/957/897 574/961/903 573/954/901
s 2
f 580/962/904 582/963/905 568/269/247
f 581/953/894 583/964/906 580/962/904
f 583/964/906 576/965/907 582/963/905
f 583/964/906 574/961/896 579/960/908
f 584/966/909 590/967/910 589/968/911
f 588/969/912 590/967/913 587/970/914
f 589/968/911 596/971/915 598/972/916
f 590/967/913 591/973/917 596/971/915
f 585/307/285 595/974/918 594/975/919
f 592/976/920 596/977/921 595/974/918
s 22
f 594/975/922 595/978/923 588/969/922
s 2
f 595/974/918 596/977/921 591/973/924
f 597/979/925 599/980/926 586/981/311
f 598/972/916 600/982/927 597/979/925
f 600/982/928 593/983/929 599/980/926
f 604/984/930 606/985/931 601/319/297
f 605/986/932 607/987/933 604/984/930
f 607/987/933 615/988/934 606/985/931
f 607/987/933 608/989/935 618/990/936
f 609/991/937 611/992/938 602/993/312
f 610/994/939 612/995/940 609/991/937
f 612/995/940 605/986/932 611/992/938
f 612/995/940 613/996/941 608/997/935
f 614/998/942 616/999/943 603/305/283
f 615/988/934 617/1000/944 614/998/942
f 617/1000/944 610/994/939 616/999/943
f 618/990/936 613/996/941 617/1000/944
f 619/318/296 625/1001/945 624/1002/946
f 622/1003/947 631/1004/948 625/1001/949
f 625/1001/949 633/1005/950 624/1002/951
f 625/1001/949 626/1006/952 635/1007/953
f 627/1008/954 629/1009/955 620/1010/202
f 628/1011/956 630/1012/957 627/1008/954
f 630/1012/958 623/1013/959 629/1009/955
f 621/1014/960 635/1015/961 634/1016/962
s 23
f 632/1017/963 633/1005/963 635/1015/963
s 2
f 634/1016/962 631/1018/964 628/1011/956
f 635/1007/961 626/1006/965 631/1018/964
f 639/1019/966 641/1020/967 636/1021/968
f 640/1022/969 642/1023/970 639/1019/966
f 642/1023/970 650/1024/971 641/1020/967
f 643/1025/972 653/1026/973 642/1023/970
f 644/1027/974 646/1028/975 637/312/290
f 645/1029/976 647/1030/977 644/1027/974
f 647/1030/977 640/1022/969 646/1028/975
f 647/1030/977 648/1031/978 643/1025/972
f 649/1032/979 651/1033/980 638/1034/299
f 650/1024/971 652/1035/981 649/1032/979
f 652/1035/981 645/1029/976 651/1033/980
f 652/1035/981 653/1026/973 648/1036/978
f 654/339/317 660/1037/982 659/1038/983
f 657/1039/984 666/1040/985 660/1037/986
f 660/1037/986 668/1041/987 659/1038/988
f 660/1037/986 661/1042/989 670/1043/990
f 662/1044/991 664/1045/992 655/1046/303
f 663/1047/993 665/1048/994 662/1044/991
f 665/1048/995 658/1049/996 664/1045/992
f 656/310/288 670/1050/997 669/1051/998
s 24
f 667/1052/999 668/1041/999 670/1050/999
s 2
f 669/1051/998 666/1053/1000 663/1047/993
f 670/1043/997 661/1042/1001 666/1053/1000
f 671/212/190 676/1054/1002 675/1055/1003
f 674/1056/1004 677/1057/1005 676/1054/1002
f 675/1055/1003 688/1058/1006 685/1059/1007
f 676/1054/1002 678/1060/1008 688/1058/1006
f 672/313/291 682/1061/1009 681/1062/1010
f 679/1063/1011 683/1064/1012 682/1061/1009
f 681/1062/1010 682/1061/1009 677/1057/1013
f 682/1061/1009 678/1060/1008 677/1057/1013
f 684/1065/1014 686/1066/1015 673/1067/316
f 685/1059/1007 687/1068/1016 684/1065/1014
f 687/1068/1016 680/1069/1017 686/1066/1015
f 688/1058/1006 683/1064/1012 687/1068/1016
f 689/343/321 695/1070/1018 694/1071/1019
f 692/1072/1020 696/1073/1021 695/1070/1018
f 694/1071/1022 706/1074/1023 703/1075/1024
f 695/1070/1018 697/1076/1025 706/1074/1023
f 698/1077/1026 700/1078/1027 690/1079/193
f 699/1080/1028 701/1081/1029 698/1077/1026
f 701/1081/1029 693/1082/1030 700/1078/1027
f 702/1083/1031 696/1073/1021 701/1081/1029
f 691/1084/1032 705/1085/1033 704/1086/1034
f 703/1075/1035 706/1074/1036 705/1085/1033
f 704/1086/1034 702/1083/1031 699/1080/1028
f 705/1085/1033 697/1076/1025 702/1083/1031
f 710/1087/1037 712/1088/1038 707/330/308
f 711/1089/1039 713/1090/1040 710/1087/1037
f 713/1090/1040 721/1091/1041 712/1088/1038
f 714/1092/1042 724/1093/1043 713/1090/1040
f 715/1094/1044 717/1095/1045 708/302/280
f 716/1096/1046 718/1097/1047 715/1094/1044
f 718/1097/1047 711/1089/1039 717/1095/1045
f 718/1097/1047 719/1098/1048 714/1092/1042
f 720/1099/1049 722/1100/1050 709/1101/181
f 721/1091/1041 723/1102/1051 720/1099/1049
f 723/1102/1051 716/1096/1046 722/1100/1050
f 723/1102/1051 724/1093/1043 719/1103/1048
f 725/201/179 731/1104/1052 730/1105/1053
f 729/1106/1054 731/1104/1055 728/1107/1056
f 730/1105/1053 737/1108/1057 739/1109/1058
f 731/1104/1055 732/1110/1059 737/1108/1057
f 726/303/281 736/1111/1060 735/1112/1061
f 733/1113/1062 737/1114/1063 736/1111/1060
s 25
f 735/1112/1064 736/1115/1065 729/1106/1066
s 2
f 736/1111/1060 737/1114/1063 732/1110/1067
f 738/1116/1068 740/1117/1069 727/1118/307
f 739/1109/1058 741/1119/1070 738/1116/1068
f 741/1119/1071 734/1120/1072 740/1117/1069
s 4
f 792/1121/1073 798/1122/1074 797/1123/1075
f 795/1124/1076 799/1125/1077 798/1122/1074
f 797/1123/1075 809/1126/1078 806/1127/1079
f 798/1122/1074 800/1128/1080 809/1126/1078
f 801/1129/1081 803/1130/1082 793/1131/1083
f 802/1132/1084 804/1133/1085 801/1129/1081
f 804/1133/1085 796/1134/1086 803/1130/1082
f 805/1135/1087 799/1125/1077 804/1133/1085
f 794/391/364 808/1136/1088 807/1137/1089
f 806/1138/1090 809/1139/1091 808/1136/1088
f 807/1137/1089 805/1140/1092 802/1141/1093
f 808/1136/1088 800/1142/1094 805/1140/1092
f 830/1143/475 835/1144/1095 834/1145/1096
f 833/1146/1097 836/1147/1098 835/1144/1095
f 834/1145/1096 847/1148/1099 844/1149/1100
f 835/1144/1095 837/1150/1101 847/1148/1099
f 831/1151/1102 841/1152/1103 840/1153/1104
f 838/1154/1105 842/1155/1106 841/1152/1103
f 840/1153/1104 841/1152/1103 836/1156/1107
f 841/1152/1103 837/1157/1108 836/1156/1107
f 843/1158/1109 845/1159/1110 832/1160/1111
f 844/1149/1100 846/1161/1112 843/1158/1109
f 846/1161/1112 839/1162/1113 845/1159/1110
f 847/1148/1099 842/1163/1114 846/1161/1112
f 898/1164/439 903/1165/1115 902/1166/1116
f 901/1167/1117 904/1168/1118 903/1165/1115
f 902/1166/1116 914/1169/1119 911/1170/1120
f 903/1165/1115 905/1171/1121 914/1169/1119
f 899/448/414 908/1172/1122 901/1173/1123
f 906/1174/1124 909/1175/1125 908/1172/1122
f 901/1173/1123 908/1172/1122 904/1168/1126
f 908/1172/1122 905/1171/1127 904/1168/1128
f 910/1176/1129 912/1177/1130 900/516/472
f 911/1170/1120 913/1178/1131 910/1176/1129
f 913/1178/1131 907/1179/1132 912/1177/1130
f 914/1169/1133 909/1175/1125 913/1178/1131
f 935/521/477 941/1180/1134 940/1181/1135
f 938/1182/1136 942/1183/1137 941/1180/1134
f 940/1181/1135 941/1180/1134 951/1184/1138
f 941/1180/1134 943/1185/1139 951/1184/1138
f 944/1186/1140 946/1187/1141 936/1188/1142
f 945/1189/1143 947/1190/1144 944/1186/1140
f 947/1190/1144 939/1191/1145 946/1187/1141
f 948/1192/1146 942/1183/1147 947/1190/1144
f 937/460/423 950/1193/1148 949/1194/1149
f 940/1195/1150 951/1184/1151 950/1193/1148
f 949/1194/1149 948/1192/1146 945/1189/1143
f 950/1193/1148 943/1185/1152 948/1192/1146
s 5
f 1002/1196/1153 1008/1197/1154 1007/1198/1155
f 1005/1199/1156 1009/1200/1157 1008/1197/1154
f 1007/1198/1155 1019/1201/1158 1016/1202/1159
f 1008/1197/1154 1010/1203/1160 1019/1201/1158
f 1011/1204/1161 1013/1205/1162 1003/1206/1163
f 1012/1207/1164 1014/1208/1165 1011/1204/1161
f 1014/1208/1165 1006/1209/1166 1013/1205/1162
f 1015/1210/1167 1009/1200/1157 1014/1208/1165
f 1004/1211/529 1018/1212/1168 1017/1213/1169
f 1016/1202/1170 1019/1201/1171 1018/1212/1168
f 1017/1213/1169 1015/1210/1172 1012/1207/1173
f 1018/1212/1168 1010/1203/1174 1015/1210/1172
f 1040/707/637 1045/1214/1175 1044/1215/1176
f 1043/1216/1177 1046/1217/1178 1045/1214/1175
f 1044/1215/1176 1057/1218/1179 1054/1219/1180
f 1045/1214/1175 1047/1220/1181 1057/1218/1179
f 1041/1221/1182 1051/1222/1183 1050/1223/1184
f 1048/1224/1185 1052/1225/1186 1051/1222/1183
f 1050/1223/1184 1051/1222/1183 1046/1217/1187
f 1051/1222/1183 1047/1220/1188 1046/1217/1187
f 1053/1226/1189 1055/1227/1190 1042/1228/1191
f 1054/1219/1180 1056/1229/1192 1053/1226/1189
f 1056/1229/1192 1049/1230/1193 1055/1227/1190
f 1057/1218/1179 1052/1225/1194 1056/1229/1192
f 1108/670/604 1112/1231/1195 1111/1232/1196
f 1117/1233/1197 1113/1234/1198 1112/1231/1195
f 1111/1232/1196 1124/1235/1199 1121/1236/1200
f 1112/1231/1195 1114/1237/1201 1124/1235/1199
f 1109/637/579 1118/1238/1202 1117/1239/1203
f 1115/1240/1204 1119/1241/1205 1118/1238/1202
f 1117/1239/1203 1118/1238/1202 1113/1234/1206
f 1118/1238/1202 1114/1237/1207 1113/1234/1206
f 1120/1242/1208 1122/1243/1209 1110/704/634
f 1121/1236/1200 1123/1244/1210 1120/1242/1208
f 1123/1244/1210 1116/1245/1211 1122/1243/1209
f 1124/1235/1212 1119/1241/1205 1123/1244/1210
f 1145/709/639 1150/1246/1213 1158/1247/1214
f 1148/1248/1215 1151/1249/1216 1150/1246/1213
f 1158/1247/1214 1150/1246/1213 1161/1250/1217
f 1150/1246/1213 1152/1251/1218 1161/1250/1219
f 1153/1252/1220 1155/1253/1221 1146/1254/1222
f 1154/1255/1223 1156/1256/1224 1153/1252/1220
f 1156/1257/1224 1149/1258/1225 1155/1259/1221
f 1157/1260/1226 1151/1261/1227 1156/1256/1224
f 1147/649/588 1160/1262/1228 1159/1263/1229
f 1158/1264/1230 1161/1265/1231 1160/1262/1228
f 1159/1263/1229 1157/1260/1226 1154/1255/1223
f 1160/1262/1228 1152/1266/1232 1157/1260/1226
s 1
f 222/25/23 1164/1267/1233 225/1268/1234
f 225/1268/1234 1165/1269/1235 224/1270/1236
f 224/1270/1237 1166/1271/1238 223/1272/1239
f 1166/1273/1238 221/182/162 223/1274/1239
f 1162/24/22 208/1275/1240 1164/1267/1233
f 1164/1267/1233 209/1276/1241 1165/1269/1235
f 1165/1269/1242 210/1277/1243 1166/1271/1238
f 210/1278/1243 1163/141/124 1166/1273/1238
f 1167/61/56 230/1279/1244 227/8/8
f 1169/1280/1245 229/1281/1246 230/1279/1244
f 1170/1282/1247 228/1283/1248 229/1281/1249
f 228/1284/1248 1168/119/107 226/21/19
f 211/193/171 1169/1280/1245 1167/61/56
f 213/1285/1250 1170/1282/1251 1169/1280/1245
f 214/1286/1252 1171/1287/1253 1170/1282/1247
f 1171/1288/1253 212/18/16 1168/119/107
f 1172/131/116 205/1289/1254 202/3/3
f 1174/1290/1255 204/1291/1256 205/1289/1254
f 1175/1292/1257 203/1293/1258 204/1291/1259
f 203/1294/1258 1173/4/4 201/16/14
f 222/25/23 1174/1290/1255 1172/131/116
f 225/1268/1234 1175/1292/1260 1174/1290/1255
f 224/1270/1237 1176/1295/1261 1175/1292/1257
f 1176/1296/1261 221/182/162 1173/4/4
f 217/160/141 1179/1297/1262 220/1298/1263
f 220/1298/1263 1180/1299/1264 219/1300/1265
f 219/1300/1266 1181/1301/1267 218/1302/1268
f 1181/1303/1267 216/10/9 218/1304/1268
f 1177/26/24 230/1279/1244 1179/1297/1262
f 1179/1297/1262 229/1281/1246 1180/1299/1264
f 1180/1299/1269 228/1283/1248 1181/1301/1267
f 228/1284/1248 1178/23/21 1181/1303/1267
f 232/161/142 1184/1305/1270 235/1306/1271
f 235/1306/1271 1185/1307/1272 234/1308/1273
f 234/1309/1274 1186/1310/1275 233/1311/1276
f 1186/1310/1275 231/29/26 233/1311/1276
f 1182/155/137 220/1298/1263 1184/1305/1270
f 1184/1305/1270 219/1300/1265 1185/1307/1272
f 1185/1307/1277 218/1302/1268 1186/1312/1275
f 218/1304/1268 1183/12/11 1186/1310/1275
f 206/15/13 1189/1313/1278 208/1275/1240
f 208/1275/1240 1190/1314/1279 209/1276/1241
f 209/1276/1280 1191/1315/1281 210/1277/1243
f 1191/1316/1281 207/35/32 210/1278/1243
f 1187/14/12 238/1317/1282 1189/1313/1278
f 1189/1313/1278 239/1318/1283 1190/1314/1279
f 1190/1314/1284 240/1319/1285 1191/1315/1281
f 240/1320/1285 1188/33/30 1191/1316/1281
f 236/44/40 1194/1321/1286 238/1317/1282
f 238/1317/1282 1195/1322/1287 239/1318/1283
f 239/1318/1288 1196/1323/1289 240/1319/1285
f 1196/1324/1289 237/32/29 240/1320/1285
f 1192/53/48 248/1325/1290 1194/1321/1286
f 1194/1321/1286 249/1326/1291 1195/1322/1287
f 1195/1322/1292 250/1327/1293 1196/1323/1289
f 250/1328/1293 1193/30/27 1196/1324/1289
f 242/194/172 1199/1329/1294 245/1330/1295
f 245/1330/1295 1200/1331/1296 244/1332/1297
f 244/1333/1298 1201/1334/1299 243/1335/1300
f 1201/1334/1299 241/39/36 243/1335/1300
f 1197/186/165 235/1306/1271 1199/1329/1294
f 1199/1329/1294 234/1308/1273 1200/1331/1296
f 1200/1336/1301 233/1311/1276 1201/1334/1299
f 233/1311/1276 1198/37/34 1201/1334/1299
f 1202/172/152 273/1337/1302 270/170/150
f 1204/1338/1303 272/1339/1304 273/1337/1302
f 1205/1340/1305 271/1341/1306 272/1339/1304
f 1206/1342/1307 269/1343/45 271/1341/1306
f 252/732/662 1204/1338/1303 1202/172/152
f 262/731/661 1205/1340/1305 1204/1338/1303
f 255/735/665 1206/1342/1307 1205/1340/1305
f 254/725/655 1203/135/118 1206/1342/1307
f 246/52/47 1209/1344/1308 248/1325/1290
f 248/1325/1290 1210/1345/1309 249/1326/1291
f 249/1326/1310 1211/1346/1311 250/1327/1293
f 250/1328/1293 1208/40/37 247/42/39
f 1207/154/136 273/1337/1302 1209/1344/1308
f 1209/1344/1308 272/1339/1304 1210/1345/1309
f 1210/1345/1312 271/1341/1306 1211/1346/1311
f 271/1347/1306 1208/40/37 1211/1348/1311
f 252/732/662 1214/1349/1313 260/730/660
f 260/730/660 1215/1350/1314 261/733/663
f 261/1351/672 1216/1352/1315 266/738/668
f 266/738/668 1213/46/42 253/48/44
f 1212/171/151 245/1330/1295 1214/1349/1313
f 1214/1349/1313 244/1332/1297 1215/1350/1314
f 1215/1353/1316 243/1335/1300 1216/1352/1315
f 1216/1352/1315 241/39/36 1213/46/42
f 1217/69/63 213/1285/1250 211/193/171
f 1219/1354/1317 214/1286/1318 213/1285/1250
f 1220/1355/1319 215/1356/1320 214/1286/1252
f 215/1357/1320 1218/164/144 212/18/16
f 279/130/115 1219/1354/1317 1217/69/63
f 281/1358/1321 1220/1355/1322 1219/1354/1317
f 282/1359/1323 1221/1360/1324 1220/1355/1319
f 1221/1361/1324 280/58/53 1218/164/144
f 1222/1/1 278/1362/1325 275/179/159
f 1224/1363/1326 277/1364/1327 278/1362/1325
f 1225/1365/1328 276/1366/1329 277/1364/1330
f 276/1367/1329 1223/54/49 274/56/51
f 202/3/3 1224/1363/1326 1222/1/1
f 205/1289/1254 1225/1365/1331 1224/1363/1326
f 204/1291/1259 1226/1368/1332 1225/1365/1328
f 1226/1369/1332 201/16/14 1223/54/49
f 291/757/690 1229/1370/1333 302/755/688
f 302/755/688 1230/1371/1334 303/746/679
f 303/746/679 1231/1372/1335 293/742/675
f 293/742/675 1228/120/108 289/178/158
f 1227/145/127 286/1373/1336 1229/1370/1333
f 1229/1370/1333 287/1374/1337 1230/1371/1334
f 1230/1371/1334 288/1375/1338 1231/1372/1335
f 1231/1372/1335 285/1376/59 1228/120/108
f 1232/146/128 281/1358/1321 279/130/115
f 1234/1377/1339 282/1359/1340 281/1358/1321
f 1235/1378/1341 283/1379/1342 282/1359/1323
f 1236/1380/1343 280/58/53 283/1381/1342
f 291/757/690 1234/1377/1339 1232/146/128
f 304/756/689 1235/1378/1344 1234/1377/1339
f 298/759/1345 1236/1382/1343 1235/1378/1341
f 297/1383/684 1233/66/61 1236/1380/1343
f 1237/148/130 286/1373/1336 284/147/129
f 1239/1384/1346 287/1374/1337 286/1373/1336
f 1240/1385/1347 288/1375/1338 287/1374/1337
f 288/1386/1338 1238/62/57 285/64/59
f 275/179/159 1239/1384/1346 1237/148/130
f 278/1362/1325 1240/1385/1348 1239/1384/1346
f 277/1364/1330 1241/1387/1349 1240/1385/1347
f 276/1367/1329 1238/62/57 1241/1388/1349
f 1242/144/126 331/1389/1350 328/71/64
f 1244/1390/1351 330/1391/1352 331/1389/1350
f 1245/1392/1353 329/1393/1354 330/1391/1352
f 1246/1394/1355 327/192/170 329/1393/1354
f 312/91/82 1244/1390/1351 1242/144/126
f 314/1395/1356 1245/1392/1353 1244/1390/1351
f 315/1396/1357 1246/1394/1355 1245/1392/1353
f 316/1397/1358 1243/191/169 1246/1394/1355
f 333/85/76 1249/1398/1359 336/1399/1360
f 336/1399/1360 1250/1400/1361 335/1401/1362
f 335/1401/1362 1251/1402/1363 334/1403/1364
f 334/1403/1364 1248/125/111 332/128/114
f 1247/84/75 319/1404/1365 1249/1398/1359
f 1249/1398/1359 320/1405/1366 1250/1400/1361
f 1250/1400/1361 321/1406/1367 1251/1402/1363
f 1251/1402/1363 318/126/112 1248/125/111
f 308/81/72 1254/1407/1368 311/1408/1369
f 311/1408/1369 1255/1409/1370 310/1410/1371
f 310/1410/1371 1256/1411/1372 309/1412/1373
f 309/1412/1373 1253/142/125 307/106/96
f 1252/72/65 331/1389/1350 1254/1407/1368
f 1254/1407/1368 330/1391/1352 1255/1409/1370
f 1255/1409/1370 329/1393/1354 1256/1411/1372
f 1256/1411/1372 327/192/170 1253/142/125
f 1257/86/77 326/1413/1374 323/127/113
f 1259/1414/1375 325/1415/1376 326/1413/1374
f 1260/1416/1377 324/1417/1378 325/1415/1376
f 1261/1418/1379 322/183/163 324/1417/1378
f 333/85/76 1259/1414/1375 1257/86/77
f 336/1399/1360 1260/1416/1377 1259/1414/1375
f 335/1401/1362 1261/1418/1379 1260/1416/1377
f 334/1403/1364 1258/163/143 1261/1418/1379
f 1262/77/69 341/1419/1380 338/157/138
f 1264/1420/1381 340/1421/1382 341/1419/1380
f 1265/1422/1383 339/1423/1384 340/1421/1382
f 1266/1424/1385 337/78/70 339/1423/1384
f 323/127/113 1264/1420/1381 1262/77/69
f 326/1413/1374 1265/1422/1383 1264/1420/1381
f 325/1415/1376 1266/1424/1385 1265/1422/1383
f 324/1417/1378 1263/94/85 1266/1424/1385
f 1267/92/83 314/1395/1356 312/91/82
f 1269/1425/1386 315/1396/1357 314/1395/1356
f 1270/1426/1387 316/1397/1358 315/1396/1357
f 1271/1427/1388 313/190/168 316/1397/1358
f 342/97/87 1269/1425/1386 1267/92/83
f 344/1428/1389 1270/1426/1387 1269/1425/1386
f 345/1429/1390 1271/1427/1388 1270/1426/1387
f 346/1430/1391 1268/74/67 1271/1427/1388
f 1272/98/88 344/1428/1389 342/97/87
f 1274/1431/1392 345/1429/1390 344/1428/1389
f 1275/1432/1393 346/1430/1391 345/1429/1390
f 1276/1433/1394 343/140/123 346/1430/1391
f 352/102/92 1274/1431/1392 1272/98/88
f 354/1434/1395 1275/1432/1393 1274/1431/1392
f 355/1435/1396 1276/1433/1394 1275/1432/1393
f 356/1436/1397 1273/184/164 1276/1433/1394
f 1277/93/84 351/1437/1398 348/187/166
f 1279/1438/1399 350/1439/1400 351/1437/1398
f 1280/1440/1401 349/1441/1402 350/1439/1400
f 1281/1442/1403 347/101/91 349/1441/1402
f 338/157/138 1279/1438/1399 1277/93/84
f 341/1419/1380 1280/1440/1401 1279/1438/1399
f 340/1421/1382 1281/1442/1403 1280/1440/1401
f 339/1423/1384 1278/80/71 1281/1442/1403
f 375/189/167 1284/1443/1404 378/1444/1405
f 378/1444/1405 1285/1445/1406 377/1446/1407
f 377/1446/1407 1286/1447/1408 376/1448/1409
f 376/1448/1409 1283/174/154 374/176/156
f 1282/139/122 360/761/695 1284/1449/1404
f 1284/1443/1404 370/767/699 1285/1445/1406
f 1285/1445/1406 369/773/707 1286/1447/1408
f 1286/1447/1408 359/175/155 1283/174/154
f 1287/104/94 354/1434/1395 352/102/92
f 1289/1450/1410 355/1435/1396 354/1434/1395
f 1290/1451/1411 356/1436/1397 355/1435/1396
f 1291/1452/1412 353/181/161 356/1436/1397
f 375/189/167 1289/1450/1410 1287/104/94
f 378/1444/1405 1290/1451/1411 1289/1450/1410
f 377/1446/1407 1291/1452/1412 1290/1451/1411
f 376/1448/1409 1288/158/139 1291/1452/1412
f 1292/99/89 364/771/703 358/105/95
f 1294/1453/1413 365/776/710 364/771/703
f 1295/1454/1414 371/774/708 365/776/710
f 1296/1455/1415 359/175/155 371/774/708
f 348/187/166 1294/1453/1413 1292/99/89
f 351/1437/1398 1295/1454/1414 1294/1453/1413
f 350/1439/1400 1296/1455/1415 1295/1454/1414
f 349/1441/1402 1293/173/153 1296/1455/1415
f 317/88/79 1299/1456/1416 319/1404/1365
f 319/1404/1365 1300/1457/1417 320/1405/1366
f 320/1405/1366 1301/1458/1418 321/1406/1367
f 321/1406/1367 1298/168/148 318/126/112
f 1297/109/97 386/1459/1419 1299/1456/1416
f 1299/1456/1416 387/1460/1420 1300/1457/1417
f 1300/1457/1417 388/1461/1421 1301/1458/1418
f 1301/1458/1418 385/132/117 1298/168/148
f 380/111/99 1304/1462/1422 383/1463/1423
f 383/1463/1423 1305/1464/1424 382/1465/1425
f 382/1465/1425 1306/1466/1426 381/1467/1427
f 381/1467/1427 1303/115/103 379/114/102
f 1302/82/73 311/1408/1369 1304/1462/1422
f 1304/1462/1422 310/1410/1371 1305/1464/1424
f 1305/1464/1424 309/1412/1373 1306/1466/1426
f 1306/1466/1426 307/106/96 1303/115/103
f 1307/124/110 397/1468/714 394/180/160
f 1309/1469/1428 398/790/724 397/779/714
f 1310/1470/1429 404/786/720 398/790/724
f 1311/1471/1430 395/787/721 404/786/720
f 389/118/106 1309/1469/1428 1307/1472/110
f 391/1473/1431 1310/1470/1429 1309/1469/1428
f 392/1474/1432 1311/1471/1430 1310/1470/1429
f 393/1475/1433 1308/152/134 1311/1471/1430
f 384/110/98 1314/1476/1434 386/1459/1419
f 386/1459/1419 1315/1477/1435 387/1460/1420
f 387/1460/1420 1316/1478/1436 388/1461/1421
f 388/1461/1421 1313/151/133 385/132/117
f 1312/116/104 408/793/728 1314/1476/1434
f 1314/1476/1434 403/788/722 1315/1477/1435
f 1315/1477/1435 402/785/719 1316/1478/1436
f 1316/1478/1436 395/787/721 1313/151/133
f 389/118/106 1319/1479/1437 391/1473/1431
f 391/1473/1431 1320/1480/1438 392/1474/1432
f 392/1474/1432 1321/1481/1439 393/1475/1433
f 393/1475/1433 1318/150/132 390/149/131
f 1317/112/100 383/1463/1423 1319/1479/1437
f 1319/1479/1437 382/1465/1425 1320/1480/1438
f 1320/1480/1438 381/1467/1427 1321/1481/1439
f 1321/1481/1439 379/114/102 1318/150/132
f 396/117/105 1324/1482/1440 407/1483/729
f 407/778/1441 1323/177/157 394/180/1442
f 1322/67/62 299/750/1443 1324/1482/1440
s 26
f 1324/1484/1444 299/1485/1445 292/743/1444
s 1
f 1324/1486/1446 289/178/158 1323/177/157
f 253/48/44 1327/1487/1447 265/1488/1448
s 27
f 265/728/1449 1327/1489/1449 256/724/1450
s 1
f 1327/1489/1451 251/722/652 256/724/1452
f 1325/47/43 366/770/702 1327/1487/1447
f 366/1490/1453 1326/136/119 1327/1489/1451
s 2
f 532/260/238 1330/1491/1454 543/929/869
f 543/929/869 1331/1492/1455 544/920/859
f 1331/1492/1455 534/917/856 544/920/859
f 1332/1493/1456 200/243/221 534/917/856
f 1328/259/237 552/934/875 1330/1491/1454
f 1330/1491/1454 562/937/878 1331/1492/1455
f 562/937/878 1332/1493/1456 1331/1492/1455
f 561/945/886 1329/261/239 1332/1493/1456
f 1333/253/231 556/940/881 548/254/232
f 1335/1494/1457 557/942/883 556/940/881
f 557/942/883 1337/1495/1458 563/946/887
f 563/946/887 1334/240/218 549/301/279
f 566/231/209 1335/1494/1457 1333/253/231
f 571/950/891 1336/1496/1459 1335/1494/1457
f 1336/1496/1459 580/962/904 1337/1495/1458
f 1337/1495/1458 568/269/247 1334/240/218
s 3
f 1338/1497/266 575/959/899 567/956/278
f 1340/1498/1460 576/965/1461 575/959/899
s 2
f 576/965/907 1341/1499/1462 582/963/905
f 1341/1499/1462 568/269/247 582/963/905
s 3
f 1338/1497/266 540/925/863 1340/1498/1460
f 1340/1498/1460 1820/918/867 1341/1500/1463
s 2
f 1341/1500/1462 1820/918/857 533/919/858
f 1341/1499/1462 200/243/1464 1339/242/220
f 515/299/277 1344/1501/1465 527/912/850
f 527/912/850 1345/1502/1466 528/903/840
f 1345/1502/1466 518/900/837 528/903/840
f 1346/1503/1467 513/280/258 518/900/837
f 1342/296/274 558/941/882 1344/1501/1465
f 1344/1501/1465 551/935/876 1345/1502/1466
f 551/935/876 1346/1503/1467 1345/1502/1466
f 550/933/874 1343/274/252 1346/1503/1467
s 3
f 1347/1504/267 538/926/864 531/923/268
f 1349/1505/1468 539/932/1469 538/926/864
s 2
f 539/932/872 1350/1506/1470 545/930/870
f 1350/1506/1470 532/260/238 545/930/870
s 3
f 1347/1504/267 524/908/844 1349/1505/1468
f 1349/1505/1468 517/901/848 1350/1507/1471
s 2
f 1350/1507/1470 517/901/838 516/899/836
f 1350/1506/1470 513/280/258 1348/228/206
s 3
f 1351/1508/229 522/909/845 514/906/227
f 1353/1509/1472 523/915/1473 522/909/845
s 2
f 523/915/853 1354/1510/1474 529/913/851
f 1354/1510/1474 515/299/277 529/913/851
s 3
f 1351/1508/229 577/958/898 1353/1509/1472
f 1353/1509/1472 570/951/902 1354/1511/1475
s 2
f 1354/1511/1474 570/951/892 569/949/890
f 1354/1510/1474 566/231/209 1352/230/208
f 435/209/187 1357/1512/1476 438/818/1477
f 438/818/1477 1358/1513/1478 1817/1514/1479
f 1817/1514/1479 1359/1515/1480 441/1516/1481
f 441/1516/1481 1356/246/224 436/314/292
f 411/167/147 1357/1512/1476 1355/165/145
f 416/796/733 1358/1513/1478 1357/1512/1476
f 424/799/736 1359/1515/1480 1358/1513/1478
f 423/808/744 1356/246/224 1359/1515/1480
f 1360/258/236 453/1517/1482 447/216/194
f 1362/1518/1483 452/833/1484 453/1517/1482
f 1363/1519/1485 449/831/1486 452/833/1484
f 1364/1520/1487 445/316/294 449/831/1486
f 1360/258/236 423/809/744 1362/1518/1483
f 1362/1518/1483 420/805/742 1363/1519/1485
f 1363/1519/1485 419/802/739 1364/1520/1487
f 1364/1520/1487 412/804/741 1361/236/214
f 1365/315/293 441/1521/1481 436/314/292
f 1367/1522/1488 442/828/1489 441/1521/1481
f 1368/1523/1490 444/825/764 442/828/1489
f 1369/1524/1491 437/235/213 444/825/764
f 1365/315/293 453/1525/1482 1367/1522/1488
f 1367/1522/1488 452/1526/1492 1368/1523/1490
f 1368/1523/1490 451/836/1493 1369/1524/1491
f 1369/1524/1491 446/247/225 1366/233/211
f 465/851/791 1372/1527/1494 468/849/789
f 468/849/789 1373/1528/1495 469/852/792
f 469/852/792 1374/1529/1496 473/860/799
f 473/860/799 1371/278/256 466/320/298
f 426/219/197 1372/1527/1494 1370/298/276
f 430/811/1497 1373/1528/1495 1372/1527/1494
f 1816/813/1498 1374/1529/1496 1373/1528/1495
f 434/1530/1499 1371/278/256 1374/1529/1496
f 480/272/250 1377/1531/1500 483/864/1501
f 483/864/1501 1378/1532/1502 1815/1533/1503
f 1815/1533/1503 1379/1534/1504 485/1535/1505
f 485/1535/1505 1376/336/314 481/206/184
f 467/264/242 1377/1531/1500 1375/262/240
f 478/862/801 1378/1532/1502 1377/1531/1500
f 474/857/797 1379/1534/1504 1378/1532/1502
f 473/859/799 1376/336/314 1379/1534/1504
f 1380/208/186 485/1536/1505 481/206/184
f 1382/1537/1506 1815/871/1507 485/1536/1505
f 1383/1538/1508 488/869/1509 1815/871/1507
f 1384/1539/1510 482/270/248 488/869/1509
f 1380/208/186 434/1540/1499 1382/1537/1506
f 1382/1537/1506 433/816/1511 1383/1538/1508
f 1383/1538/1508 432/817/1512 1384/1539/1510
f 1384/1539/1510 427/265/243 1381/267/245
f 1385/256/234 463/1541/1513 457/195/173
f 1387/1542/1514 1818/843/1515 463/1541/1513
f 1388/1543/1516 459/839/778 1818/843/1515
f 1389/1544/1517 455/341/319 459/839/778
f 1385/256/234 496/882/819 1387/1542/1514
f 1387/1542/1514 493/875/812 1388/1543/1516
f 1388/1543/1516 492/872/809 1389/1544/1517
f 1389/1544/1517 489/874/811 1386/293/271
f 1390/326/304 496/879/819 490/279/257
f 1392/1545/1518 498/886/1519 496/879/819
f 1393/1546/1520 501/884/821 498/886/823
f 1394/1547/1521 491/284/262 501/884/821
f 1390/326/304 509/1548/1522 1392/1545/1518
f 1392/1545/1518 1819/1549/1523 1393/1546/1524
f 1393/1546/1520 506/887/824 1394/1547/1521
f 1394/1547/1521 503/198/176 1391/200/178
f 1395/340/318 509/1550/1522 504/327/305
f 1397/1551/1525 510/897/1526 509/1550/1522
f 1398/1552/1527 512/894/831 510/897/1526
f 1399/1553/1528 505/291/269 512/894/831
f 1395/340/318 463/1554/1513 1397/1551/1525
f 1397/1551/1525 464/1555/1529 1398/1552/1527
f 1398/1552/1527 462/847/784 1399/1553/1528
f 1399/1553/1528 456/844/783 1396/285/263
f 586/981/311 1402/1556/1530 597/979/925
f 597/979/925 1403/1557/1531 598/972/916
f 598/972/916 1404/1558/1532 589/968/911
f 589/968/911 1401/282/260 584/966/909
f 1400/1559/310 611/992/938 1402/1556/1530
f 1402/1556/1530 605/986/932 1403/1557/1531
f 1403/1557/1531 604/984/930 1404/1558/1532
f 1404/1558/1532 601/319/297 1401/282/260
f 1405/306/284 622/1003/947 619/318/296
f 1407/1560/1533 623/1013/959 622/1003/947
f 1408/1561/1534 629/1009/955 623/1013/959
f 1409/1562/1535 620/1010/202 629/1009/955
f 603/305/283 1407/1560/1533 1405/306/284
f 616/999/943 1408/1561/1534 1407/1560/1533
f 610/994/939 1409/1562/1535 1408/1561/1534
f 609/991/937 1406/1563/200 1409/1562/1535
f 1410/309/287 592/976/920 585/307/285
f 1412/1564/1536 593/983/929 592/976/920
f 1413/1565/1537 599/980/926 593/983/929
f 1414/1566/1538 586/981/311 599/980/926
f 1410/309/287 634/1016/962 1412/1564/1536
f 1412/1564/1536 628/1011/956 1413/1565/1537
f 1413/1565/1537 627/1008/954 1414/1566/1538
f 1414/1566/1538 620/1010/202 1411/1567/201
f 1415/1568/301 649/1032/979 638/1034/299
f 1417/1569/1539 650/1024/971 649/1032/979
f 1418/1570/1540 641/1020/967 650/1024/971
f 1419/1571/1541 636/1021/968 641/1020/967
f 655/1046/303 1417/1569/1539 1415/1568/301
f 664/1045/992 1418/1570/1540 1417/1569/1539
f 658/1049/996 1419/1571/1541 1418/1570/1540
f 657/1039/984 1416/226/204 1419/1571/1541
f 673/1067/316 1422/1572/1542 684/1065/1014
f 684/1065/1014 1423/1573/1543 685/1059/1007
f 685/1059/1007 1424/1574/1544 675/1055/1003
f 675/1055/1003 1421/213/191 671/212/190
f 1420/1575/315 651/1033/980 1422/1572/1542
f 1422/1572/1542 645/1029/976 1423/1573/1543
f 1423/1573/1543 644/1027/974 1424/1574/1544
f 1424/1574/1544 637/312/290 1421/213/191
f 1425/311/289 679/1063/1011 672/313/291
f 1427/1576/1545 680/1069/1017 679/1063/1011
f 1428/1577/1546 686/1066/1015 680/1069/1017
f 1429/1578/1547 673/1067/316 686/1066/1015
f 1425/311/289 669/1051/998 1427/1576/1545
f 1427/1576/1545 663/1047/993 1428/1577/1546
f 1428/1577/1546 662/1044/991 1429/1578/1547
f 1429/1578/1547 655/1046/303 1426/1579/302
f 1430/331/309 692/1072/1020 689/343/321
f 1432/1580/1548 693/1082/1030 692/1072/1020
f 1433/1581/1549 700/1078/1027 693/1082/1030
f 1434/1582/1550 690/1079/193 700/1078/1027
f 707/330/308 1432/1580/1548 1430/331/309
f 712/1088/1038 1433/1581/1549 1432/1580/1548
f 721/1091/1041 1434/1582/1550 1433/1581/1549
f 720/1099/1049 1431/1583/183 1434/1582/1550
f 708/302/280 1437/1584/1551 715/1094/1044
f 715/1094/1044 1438/1585/1552 716/1096/1046
f 716/1096/1046 1439/1586/1553 722/1100/1050
f 722/1100/1050 1436/1587/306 709/1101/181
f 1435/202/180 730/1105/1053 1437/1584/1551
f 1437/1584/1551 739/1109/1058 1438/1585/1552
f 1438/1585/1552 738/1116/1068 1439/1586/1553
f 1439/1586/1553 727/1118/307 1436/1587/306
f 1440/304/282 733/1113/1062 726/303/281
f 1442/1588/1554 734/1120/1072 733/1113/1062
f 1443/1589/1555 740/1117/1069 734/1120/1072
f 1444/1590/1556 727/1118/307 740/1117/1069
f 1440/304/282 704/1086/1034 1442/1588/1554
f 1442/1588/1554 699/1080/1028 1443/1589/1555
f 1443/1589/1555 698/1077/1026 1444/1590/1556
f 1444/1590/1556 690/1079/193 1441/1591/192
f 411/167/147 1447/1592/1557 414/795/732
f 1447/1592/1557 415/797/1558 414/795/732
f 1448/1593/1559 421/803/740 415/797/1558
f 1449/1594/1560 412/804/741 421/803/740
f 1445/166/146 606/985/931 1447/1592/1557
f 1447/1592/1557 615/988/934 1448/1593/1559
f 615/988/934 1449/1594/1560 1448/1593/1559
f 614/998/942 1446/237/215 1449/1594/1560
f 621/1014/960 1452/1595/1561 632/1017/1562
f 632/1017/1562 1452/1596/1561 633/1005/1563
s 28
f 633/1005/1564 1453/1597/1565 624/1002/1566
s 2
f 1453/1597/1567 619/318/296 624/1002/946
f 446/247/225 1452/1595/1561 1450/308/286
s 28
f 1452/1596/1568 448/830/1569 1453/1597/1565
s 2
f 1453/1597/1567 445/316/294 1451/317/295
f 426/219/197 1456/1598/1570 429/810/1571
s 29
f 429/810/1572 1456/1598/1573 1457/1599/1574
s 2
f 1457/1600/1575 427/265/243 429/815/1576
f 654/339/317 1456/1598/1570 1454/221/199
s 29
f 1456/1598/1573 668/1041/1577 1457/1599/1574
s 2
f 1457/1599/1575 668/1041/1578 667/1052/1579
f 1457/1600/1575 656/310/288 1455/1601/1580
f 1458/1602/1581 674/1056/1582 671/212/190
f 674/1056/1004 1460/1603/1583 681/1604/1584
f 681/1062/1010 1459/271/249 672/313/291
f 480/272/250 1460/1605/1585 1458/1602/1581
f 1460/1606/1586 482/270/248 1459/271/249
f 1461/283/261 499/883/820 491/284/262
f 499/883/820 1464/1607/1587 500/878/1588
f 1464/1607/1587 494/873/810 500/878/1588
f 494/873/810 1462/294/272 489/874/811
f 708/302/280 1463/1608/1589 1461/283/261
f 1463/1608/1589 711/1089/1039 1464/1607/1587
f 711/1089/1039 1465/1609/1590 1464/1607/1587
f 1465/1609/1590 707/330/308 1462/294/272
f 1466/286/264 703/1610/1035 691/1084/1032
f 703/1075/1024 1469/1611/1591 694/1071/1022
f 1469/1611/1592 689/343/321 694/1071/1019
f 456/844/783 1468/1612/1593 1466/286/264
f 1468/1613/1594 458/838/1595 1469/1611/1591
f 458/838/1596 1467/342/320 1469/1611/1592
f 584/966/909 1472/1614/1597 587/970/1598
s 30
f 1472/1614/1599 588/969/1600 587/970/1601
s 2
f 588/969/1602 1473/1615/1603 594/975/919
f 1473/1615/1603 585/307/285 594/975/919
f 1470/281/259 439/819/1604 1472/1614/1597
s 30
f 1472/1614/1599 443/823/1605 1473/1616/1606
s 2
f 1473/1615/1603 437/235/213 1471/234/212
f 467/264/242 1476/1617/1607 476/861/800
f 1476/1617/1607 477/854/1608 476/861/800
f 1477/1618/1609 470/850/790 477/854/1608
f 470/850/790 1475/225/203 465/851/791
f 637/312/290 1476/1617/1607 1474/263/241
f 646/1028/975 1477/1618/1609 1476/1617/1607
f 640/1022/969 1478/1619/1610 1477/1618/1609
f 1478/1619/1610 636/1021/968 1475/225/203
f 505/291/269 1481/1620/1611 511/893/830
s 31
f 511/892/1612 1482/1621/1613 507/888/1612
s 2
f 1482/1621/1614 503/198/176 507/888/1615
f 726/303/281 1481/1620/1611 1479/292/270
f 1481/1620/1611 735/1112/1061 729/1106/1616
s 31
f 729/1106/1617 1482/1621/1613 1481/1622/1618
s 2
f 1482/1621/1614 725/201/179 1480/1623/1619
s 4
f 763/368/343 1485/1624/1620 766/1625/1621
f 766/1625/1621 1486/1626/1622 765/1627/1623
f 765/1628/1624 1487/1629/1625 764/1630/1626
f 1487/1629/1625 762/523/479 764/1630/1626
f 1483/367/342 749/1631/1627 1485/1624/1620
f 1485/1624/1620 750/1632/1628 1486/1626/1622
f 1486/1633/1629 751/1634/1630 1487/1629/1625
f 751/1634/1630 1484/482/442 1487/1629/1625
f 1488/404/376 771/1635/1631 768/351/328
f 1490/1636/1632 770/1637/1633 771/1638/1631
f 1491/1639/1634 769/1640/1635 770/1637/1636
f 769/1640/1635 1489/462/425 767/364/339
f 752/534/488 1490/1641/1632 1488/404/376
f 754/1642/1637 1491/1639/1638 1490/1636/1632
f 755/1643/1639 1492/1644/1640 1491/1639/1634
f 1492/1644/1640 753/361/336 1489/462/425
f 1493/472/434 746/1645/1641 743/346/324
f 1495/1646/1642 745/1647/1643 746/1645/1641
f 1496/1648/1644 744/1649/1645 745/1650/1646
f 744/1649/1645 1494/347/325 742/359/334
f 763/368/343 1495/1646/1642 1493/472/434
f 766/1625/1621 1496/1651/1647 1495/1646/1642
f 765/1628/1624 1497/1652/1648 1496/1648/1644
f 1497/1652/1648 762/523/479 1494/347/325
f 758/501/458 1500/1653/1649 761/1654/1650
f 761/1655/1650 1501/1656/1651 760/1657/1652
f 760/1657/1653 1502/1658/1654 759/1659/1655
f 1502/1658/1654 757/353/329 759/1659/1655
f 1498/369/344 771/1635/1631 1500/1653/1649
f 1500/1660/1649 770/1637/1633 1501/1656/1651
f 1501/1656/1656 769/1640/1635 1502/1658/1654
f 769/1640/1635 1499/366/341 1502/1658/1654
f 773/502/459 1505/1661/1657 776/1662/1658
f 776/1663/1658 1506/1664/1659 775/1665/1660
f 775/1665/1661 1507/1666/1662 774/1667/1663
f 1507/1666/1662 772/372/346 774/1667/1663
f 1503/496/454 761/1654/1650 1505/1661/1657
f 1505/1668/1657 760/1657/1652 1506/1664/1659
f 1506/1664/1664 759/1659/1655 1507/1666/1662
f 759/1659/1655 1504/355/331 1507/1666/1662
f 747/358/333 1510/1669/1665 749/1631/1627
f 749/1631/1627 1511/1670/1666 750/1632/1628
f 750/1632/1667 1512/1671/1668 751/1672/1630
f 1512/1673/1668 748/378/352 751/1634/1630
f 1508/357/332 779/1674/1669 1510/1669/1665
f 1510/1669/1665 780/1675/1670 1511/1670/1666
f 1511/1670/1671 781/1676/1672 1512/1671/1668
f 781/1677/1672 1509/376/350 1512/1673/1668
f 777/387/360 1515/1678/1673 779/1674/1669
f 779/1674/1669 1516/1679/1674 780/1675/1670
f 780/1675/1675 1517/1680/1676 781/1676/1672
f 1517/1681/1676 778/375/349 781/1677/1672
f 1513/396/368 789/1682/1677 1515/1678/1673
f 1515/1678/1673 790/1683/1678 1516/1679/1674
f 1516/1679/1679 791/1684/1680 1517/1680/1676
f 791/1685/1680 1514/373/347 1517/1681/1676
f 783/535/489 1520/1686/1681 786/1687/1682
f 786/1687/1682 1521/1688/1683 785/1689/1684
f 785/1690/1685 1522/1691/1686 784/1692/1687
f 1522/1691/1686 782/382/356 784/1692/1687
f 1518/527/482 776/1662/1658 1520/1686/1681
f 1520/1686/1681 775/1693/1660 1521/1688/1683
f 1521/1694/1688 774/1667/1663 1522/1691/1686
f 774/1667/1663 1519/380/354 1522/1691/1686
f 1523/513/469 814/1695/1689 811/511/467
f 1525/1696/1690 813/1697/1691 814/1695/1689
f 1526/1698/1692 812/1699/1693 813/1697/1691
f 1527/1700/1694 810/1701/365 812/1699/1693
f 793/1131/1083 1525/1696/1690 1523/513/469
f 803/1130/1082 1526/1698/1692 1525/1696/1690
f 796/1134/1086 1527/1700/1694 1526/1698/1692
f 795/1124/1076 1524/476/436 1527/1700/1694
f 787/395/367 1530/1702/1695 789/1682/1677
f 789/1682/1677 1531/1703/1696 790/1683/1678
f 790/1683/1697 1532/1704/1698 791/1684/1680
f 791/1685/1680 1529/383/357 788/385/359
f 1528/495/453 814/1695/1689 1530/1702/1695
f 1530/1702/1699 813/1697/1691 1531/1703/1696
f 1531/1703/1700 812/1699/1693 1532/1704/1698
f 812/1705/1693 1529/383/357 1532/1706/1698
f 793/1131/1083 1535/1707/1701 801/1129/1081
f 801/1129/1081 1536/1708/1702 802/1132/1084
f 802/1141/1093 1537/1709/1703 807/1137/1089
f 807/1137/1089 1534/389/362 794/391/364
f 1533/512/468 786/1687/1682 1535/1707/1701
f 1535/1707/1701 785/1689/1684 1536/1708/1702
f 1536/1710/1704 784/1692/1687 1537/1709/1703
f 1537/1709/1703 782/382/356 1534/389/362
f 1538/412/383 754/1711/1637 752/534/488
f 1540/1712/1705 755/1643/1706 754/1642/1637
f 1541/1713/1707 756/1714/1708 755/1643/1639
f 756/1714/1708 1539/505/461 753/361/336
f 820/471/433 1540/1715/1705 1538/412/383
f 822/1716/1709 1541/1713/1710 1540/1712/1705
f 823/1717/1711 1542/1718/1712 1541/1713/1707
f 1542/1718/1712 821/401/373 1539/505/461
f 1543/344/322 819/1719/1713 816/520/476
f 1545/1720/1714 818/1721/1715 819/1719/1713
f 1546/1722/1716 817/1723/1717 818/1724/1718
f 817/1723/1717 1544/397/369 815/399/371
f 743/346/324 1545/1720/1714 1543/344/322
f 746/1645/1641 1546/1725/1719 1545/1720/1714
f 745/1650/1646 1547/1726/1720 1546/1722/1716
f 1547/1726/1720 742/359/334 1544/397/369
f 832/1160/1111 1550/1727/1721 843/1158/1109
f 843/1158/1109 1551/1728/1722 844/1149/1100
f 844/1149/1100 1552/1729/1723 834/1145/1096
f 834/1145/1096 1549/1730/426 830/1143/475
f 1548/486/445 827/1731/1724 1550/1727/1721
f 1550/1727/1721 828/1732/1725 1551/1728/1722
f 1551/1728/1722 829/1733/1726 1552/1729/1723
f 1552/1734/1723 826/407/379 1549/463/426
f 1553/487/446 822/1735/1709 820/471/433
f 1555/1736/1727 823/1717/1728 822/1716/1709
f 1556/1737/1729 824/1738/1730 823/1717/1711
f 1557/1739/1731 821/401/373 824/1738/1730
f 832/1160/1111 1555/1740/1727 1553/487/446
f 845/1741/1110 1556/1737/1732 1555/1736/1727
f 839/1742/1733 1557/1739/1731 1556/1737/1729
f 838/1154/1105 1554/409/381 1557/1739/1731
f 1558/489/448 827/1731/1724 825/488/447
f 1560/1743/1734 828/1732/1725 827/1731/1724
f 1561/1744/1735 829/1745/1726 828/1746/1725
f 829/1745/1726 1559/405/377 826/407/379
f 816/520/476 1560/1743/1734 1558/489/448
f 819/1719/1713 1561/1747/1736 1560/1743/1734
f 818/1724/1718 1562/1748/1737 1561/1744/1735
f 817/1723/1717 1559/405/377 1562/1748/1737
f 1563/485/444 872/1749/1738 869/414/384
f 1565/1750/1739 871/1751/1740 872/1749/1738
f 1566/1752/1741 870/1753/1742 871/1751/1740
f 1567/1754/1743 868/533/487 870/1753/1742
f 853/434/402 1565/1750/1739 1563/485/444
f 855/1755/1744 1566/1752/1741 1565/1750/1739
f 856/1756/1745 1567/1754/1743 1566/1752/1741
f 857/1757/1746 1564/532/486 1567/1754/1743
f 874/428/396 1570/1758/1747 877/1759/1748
f 877/1759/1748 1571/1760/1749 876/1761/1750
f 876/1761/1750 1572/1762/1751 875/1763/1752
f 875/1763/1752 1569/466/429 873/469/432
f 1568/427/395 860/1764/1753 1570/1758/1747
f 1570/1758/1747 861/1765/1754 1571/1760/1749
f 1571/1760/1749 862/1766/1755 1572/1762/1751
f 1572/1762/1751 859/467/430 1569/466/429
f 849/424/392 1575/1767/1756 852/1768/1757
f 852/1768/1757 1576/1769/1758 851/1770/1759
f 851/1770/1759 1577/1771/1760 850/1772/1761
f 850/1772/1761 1574/483/443 848/449/415
f 1573/415/385 872/1749/1738 1575/1767/1756
f 1575/1767/1756 871/1751/1740 1576/1769/1758
f 1576/1769/1758 870/1753/1742 1577/1771/1760
f 1577/1771/1760 868/533/487 1574/483/443
f 1578/429/397 867/1773/1762 864/468/431
f 1580/1774/1763 866/1775/1764 867/1773/1762
f 1581/1776/1765 865/1777/1766 866/1775/1764
f 1582/1778/1767 863/524/480 865/1777/1766
f 874/428/396 1580/1774/1763 1578/429/397
f 877/1759/1748 1581/1776/1765 1580/1774/1763
f 876/1761/1750 1582/1778/1767 1581/1776/1765
f 875/1763/1752 1579/504/460 1582/1778/1767
f 1583/420/389 882/1779/1768 879/498/455
f 1585/1780/1769 881/1781/1770 882/1779/1768
f 1586/1782/1771 880/1783/1772 881/1781/1770
f 1587/1784/1773 878/421/390 880/1783/1772
f 864/468/431 1585/1780/1769 1583/420/389
f 867/1773/1762 1586/1782/1771 1585/1780/1769
f 866/1775/1764 1587/1784/1773 1586/1782/1771
f 865/1777/1766 1584/437/405 1587/1784/1773
f 1588/435/403 855/1755/1744 853/434/402
f 1590/1785/1774 856/1756/1745 855/1755/1744
f 1591/1786/1775 857/1757/1746 856/1756/1745
f 1592/1787/1776 854/531/485 857/1757/1746
f 883/440/407 1590/1785/1774 1588/435/403
f 885/1788/1777 1591/1786/1775 1590/1785/1774
f 886/1789/1778 1592/1787/1776 1591/1786/1775
f 887/1790/1779 1589/417/387 1592/1787/1776
f 1593/441/408 885/1788/1777 883/440/407
f 1595/1791/1780 886/1789/1778 885/1788/1777
f 1596/1792/1781 887/1790/1779 886/1789/1778
f 1597/1793/1782 884/481/441 887/1790/1779
f 893/445/411 1595/1791/1780 1593/441/408
f 895/1794/1783 1596/1792/1781 1595/1791/1780
f 896/1795/1784 1597/1793/1782 1596/1792/1781
f 897/1796/1785 1594/525/481 1597/1793/1782
f 1598/436/404 892/1797/1786 889/528/483
f 1600/1798/1787 891/1799/1788 892/1797/1786
f 1601/1800/1789 890/1801/1790 891/1799/1788
f 1602/1802/1791 888/444/410 890/1801/1790
f 879/498/455 1600/1798/1787 1598/436/404
f 882/1779/1768 1601/1800/1789 1600/1798/1787
f 881/1781/1770 1602/1802/1791 1601/1800/1789
f 880/1783/1772 1599/423/391 1602/1802/1791
f 916/530/484 1605/1803/1792 919/1804/1793
f 919/1804/1793 1606/1805/1794 918/1806/1795
f 918/1806/1795 1607/1807/1796 917/1808/1797
f 917/1808/1797 1604/515/471 915/517/473
f 1603/480/440 902/1809/1116 1605/1810/1792
f 1605/1803/1792 911/1170/1120 1606/1805/1794
f 1606/1805/1794 910/1176/1129 1607/1807/1796
f 1607/1807/1796 900/516/472 1604/515/471
f 1608/447/413 895/1794/1783 893/445/411
f 1610/1811/1798 896/1795/1784 895/1794/1783
f 1611/1812/1799 897/1796/1785 896/1795/1784
f 1612/1813/1800 894/522/478 897/1796/1785
f 916/530/484 1610/1811/1798 1608/447/413
f 919/1804/1793 1611/1812/1799 1610/1811/1798
f 918/1806/1795 1612/1813/1800 1611/1812/1799
f 917/1808/1797 1609/499/456 1612/1813/1800
f 1613/442/409 906/1174/1124 899/448/414
f 1615/1814/1801 907/1179/1132 906/1174/1124
f 1616/1815/1802 912/1177/1130 907/1179/1132
f 1617/1816/1803 900/516/472 912/1177/1130
f 889/528/483 1615/1814/1801 1613/442/409
f 892/1797/1786 1616/1815/1802 1615/1814/1801
f 891/1799/1788 1617/1816/1803 1616/1815/1802
f 890/1801/1790 1614/514/470 1617/1816/1803
f 858/431/399 1620/1817/1804 860/1764/1753
f 860/1764/1753 1621/1818/1805 861/1765/1754
f 861/1765/1754 1622/1819/1806 862/1766/1755
f 862/1766/1755 1619/509/465 859/467/430
f 1618/452/416 927/1820/1807 1620/1817/1804
f 1620/1817/1804 928/1821/1808 1621/1818/1805
f 1621/1818/1805 929/1822/1809 1622/1819/1806
f 1622/1819/1806 926/473/435 1619/509/465
f 921/454/418 1625/1823/1810 924/1824/1811
f 924/1824/1811 1626/1825/1812 923/1826/1813
f 923/1826/1813 1627/1827/1814 922/1828/1815
f 922/1828/1815 1624/458/421 920/457/420
f 1623/425/393 852/1768/1757 1625/1823/1810
f 1625/1823/1810 851/1770/1759 1626/1825/1812
f 1626/1825/1812 850/1772/1761 1627/1827/1814
f 1627/1827/1814 848/449/415 1624/458/421
f 1628/465/428 938/1182/1136 935/521/477
f 1630/1829/1816 939/1191/1145 938/1182/1136
f 1631/1830/1817 946/1187/1141 939/1191/1145
f 1632/1831/1818 936/1188/1142 946/1187/1141
f 930/461/424 1630/1829/1816 1628/465/428
f 932/1832/1819 1631/1830/1817 1630/1829/1816
f 933/1833/1820 1632/1831/1818 1631/1830/1817
f 934/1834/1821 1629/493/452 1632/1831/1818
f 925/453/417 1635/1835/1822 927/1820/1807
f 927/1820/1807 1636/1836/1823 928/1821/1808
f 928/1821/1808 1637/1837/1824 929/1822/1809
f 929/1822/1809 1634/492/451 926/473/435
f 1633/459/422 949/1194/1149 1635/1835/1822
f 1635/1835/1822 945/1189/1143 1636/1836/1823
f 1636/1836/1823 944/1186/1140 1637/1837/1824
f 1637/1837/1824 936/1188/1142 1634/492/451
f 930/461/424 1640/1838/1825 932/1832/1819
f 932/1832/1819 1641/1839/1826 933/1833/1820
f 933/1833/1820 1642/1840/1827 934/1834/1821
f 934/1834/1821 1639/491/450 931/490/449
f 1638/455/419 924/1824/1811 1640/1838/1825
f 1640/1838/1825 923/1826/1813 1641/1839/1826
f 1641/1839/1826 922/1828/1815 1642/1840/1827
f 1642/1840/1827 920/457/420 1639/491/450
f 937/460/423 1645/1841/1828 940/1842/1150
f 940/1843/1135 1644/1844/474 935/1845/477
f 1643/410/382 840/1153/1829 1645/1841/1828
s 32
f 1645/1846/1830 840/1847/1831 833/1146/1831
s 4
f 1645/1848/1832 830/1143/475 1644/1844/474
f 794/391/364 1648/1849/1833 806/1850/1834
s 33
f 806/1138/1835 1648/1851/1836 797/1852/1837
s 4
f 1648/1853/1838 792/1121/1073 797/1123/1839
f 899/448/414 1648/1849/1833 1646/390/363
f 901/1854/1117 1647/477/437 1648/1853/1838
s 5
f 973/557/508 1651/1855/1840 976/1856/1841
f 976/1857/1841 1652/1858/1842 975/1859/1843
f 975/1859/1844 1653/1860/1845 974/1861/1846
f 1653/1860/1845 972/711/641 974/1861/1846
f 1649/556/507 959/1862/1847 1651/1855/1840
f 1651/1863/1840 960/1864/1848 1652/1858/1842
f 1652/1858/1849 961/1865/1850 1653/1860/1845
f 961/1865/1850 1650/673/607 1653/1860/1845
f 1654/593/541 981/1866/1851 978/540/493
f 1656/1867/1852 980/1868/1853 981/1866/1851
f 1657/1869/1854 979/1870/1855 980/1868/1856
f 979/1871/1855 1655/651/590 977/553/504
f 962/720/650 1656/1867/1852 1654/593/541
f 964/1872/1857 1657/1869/1858 1656/1867/1852
f 965/1873/1859 1658/1874/1860 1657/1869/1854
f 1658/1875/1860 963/550/501 1655/651/590
f 1659/663/599 956/1876/1861 953/508/464
f 1661/1877/1862 955/1878/1863 956/1879/1861
f 1662/1880/1864 954/1881/1865 955/1878/1866
f 954/1881/1865 1660/536/490 952/548/499
f 973/557/508 1661/1882/1862 1659/663/599
f 976/1857/1841 1662/1880/1867 1661/1877/1862
f 975/1859/1844 1663/1883/1868 1662/1880/1864
f 1663/1883/1868 972/711/641 1660/536/490
f 968/692/623 1666/1884/1869 971/1885/1870
f 971/1885/1870 1667/1886/1871 970/1887/1872
f 970/1887/1873 1668/1888/1874 969/1889/1875
f 1668/1890/1874 967/542/494 969/1891/1875
f 1664/558/509 981/1866/1851 1666/1884/1869
f 1666/1884/1869 980/1868/1853 1667/1886/1871
f 1667/1886/1876 979/1870/1855 1668/1888/1874
f 979/1871/1855 1665/555/506 1668/1890/1874
f 983/693/624 1671/1892/1877 986/1893/1878
f 986/1893/1878 1672/1894/1879 985/1895/1880
f 985/1895/1881 1673/1896/1882 984/1897/1883
f 1673/1898/1882 982/561/511 984/1899/1883
f 1669/687/619 971/1885/1870 1671/1892/1877
f 1671/1892/1877 970/1887/1872 1672/1894/1879
f 1672/1894/1884 969/1889/1875 1673/1896/1882
f 969/1891/1875 1670/544/496 1673/1898/1882
f 957/547/498 1676/1900/1885 959/1862/1847
f 959/1901/1847 1677/1902/1886 960/1864/1848
f 960/1864/1887 1678/1903/1888 961/1865/1850
f 1678/1903/1888 958/567/517 961/1865/1850
f 1674/546/497 989/1904/1889 1676/1900/1885
f 1676/1905/1885 990/1906/1890 1677/1902/1886
f 1677/1902/1891 991/1907/1892 1678/1903/1888
f 991/1907/1892 1675/565/515 1678/1903/1888
f 987/576/525 1681/1908/1893 989/1904/1889
f 989/1909/1889 1682/1910/1894 990/1906/1890
f 990/1906/1895 1683/1911/1896 991/1907/1892
f 1683/1911/1896 988/564/514 991/1907/1892
f 1679/585/533 999/1912/1897 1681/1908/1893
f 1681/1908/1893 1000/1913/1898 1682/1914/1894
f 1682/1910/1899 1001/1915/1900 1683/1911/1896
f 1001/1915/1900 1680/562/512 1683/1911/1896
f 993/721/651 1686/1916/1901 996/1917/1902
f 996/1917/1902 1687/1918/1903 995/1919/1904
f 995/1919/1905 1688/1920/1906 994/1921/1907
f 1688/1920/1906 992/1922/521 994/1921/1907
f 1684/714/644 986/1893/1878 1686/1916/1901
f 1686/1916/1901 985/1895/1880 1687/1918/1903
f 1687/1918/1908 984/1897/1883 1688/1920/1906
f 984/1897/1883 1685/1923/519 1688/1920/1906
f 1689/701/631 1024/1924/1909 1021/699/629
f 1691/1925/1910 1023/1926/1911 1024/1924/1909
f 1692/1927/1912 1022/1928/1913 1023/1926/1911
f 1693/1929/1914 1020/581/530 1022/1930/1913
f 1003/1206/1163 1691/1925/1910 1689/701/631
f 1013/1205/1162 1692/1927/1912 1691/1925/1910
f 1006/1209/1166 1693/1931/1914 1692/1927/1912
f 1005/1932/1156 1690/667/601 1693/1929/1914
f 997/584/532 1696/1933/1915 999/1912/1897
f 999/1912/1897 1697/1934/1916 1000/1913/1898
f 1000/1935/1917 1698/1936/1918 1001/1915/1900
f 1001/1915/1900 1695/572/522 998/574/524
f 1694/686/618 1024/1924/1909 1696/1933/1915
f 1696/1933/1919 1023/1926/1911 1697/1934/1916
f 1697/1937/1920 1022/1930/1913 1698/1936/1918
f 1022/1930/1913 1695/572/522 1698/1936/1918
f 1003/1206/1163 1701/1938/1921 1011/1204/1161
f 1011/1204/1161 1702/1939/1922 1012/1207/1164
f 1012/1207/1173 1703/1940/1923 1017/1213/1169
f 1017/1213/1169 1700/1941/527 1004/1211/529
f 1699/700/630 996/1917/1902 1701/1938/1921
f 1701/1938/1921 995/1919/1904 1702/1939/1922
f 1702/1939/1924 994/1921/1907 1703/1940/1923
f 1703/1940/1923 992/1922/521 1700/1941/527
f 1704/601/548 964/1872/1857 962/720/650
f 1706/1942/1925 965/1873/1926 964/1872/1857
f 1707/1943/1927 966/1944/1928 965/1873/1859
f 966/1945/1928 1705/696/626 963/550/501
f 1030/662/598 1706/1942/1925 1704/601/548
f 1032/1946/1929 1707/1943/1930 1706/1942/1925
f 1033/1947/1931 1708/1948/1932 1707/1943/1927
f 1708/1949/1932 1031/590/538 1705/696/626
f 1709/506/462 1029/1950/1933 1026/708/638
f 1711/1951/1934 1028/1952/1935 1029/1953/1933
f 1712/1954/1936 1027/1955/1937 1028/1952/1938
f 1027/1955/1937 1710/586/534 1025/588/536
f 953/508/464 1711/1956/1934 1709/506/462
f 956/1879/1861 1712/1954/1939 1711/1951/1934
f 955/1878/1866 1713/1957/1940 1712/1954/1936
f 1713/1957/1940 952/548/499 1710/586/534
f 1042/1228/1191 1716/1958/1941 1053/1226/1189
f 1053/1226/1189 1717/1959/1942 1054/1219/1180
f 1054/1219/1180 1718/1960/1943 1044/1215/1176
f 1044/1215/1176 1715/652/591 1040/707/637
f 1714/677/610 1037/1961/1944 1716/1958/1941
f 1716/1958/1941 1038/1962/1945 1717/1959/1942
f 1717/1959/1942 1039/1963/1946 1718/1960/1943
f 1718/1960/1943 1036/1964/544 1715/652/591
f 1719/678/611 1032/1946/1929 1030/662/598
f 1721/1965/1947 1033/1947/1948 1032/1946/1929
f 1722/1966/1949 1034/1967/1950 1033/1947/1931
f 1723/1968/1951 1031/590/538 1034/1969/1950
f 1042/1228/1191 1721/1965/1947 1719/678/611
f 1055/1227/1190 1722/1966/1952 1721/1965/1947
f 1049/1230/1953 1723/1970/1951 1722/1966/1949
f 1048/1971/1185 1720/598/546 1723/1968/1951
f 1724/680/613 1037/1961/1944 1035/679/612
f 1726/1972/1954 1038/1973/1945 1037/1974/1944
f 1727/1975/1955 1039/1976/1946 1038/1973/1945
f 1039/1976/1946 1725/594/542 1036/596/544
f 1026/708/638 1726/1977/1954 1724/680/613
f 1029/1953/1933 1727/1975/1956 1726/1972/1954
f 1028/1952/1938 1728/1978/1957 1727/1975/1955
f 1027/1955/1937 1725/594/542 1728/1978/1957
f 1729/676/609 1082/1979/1958 1079/603/549
f 1731/1980/1959 1081/1981/1960 1082/1979/1958
f 1732/1982/1961 1080/1983/1962 1081/1981/1960
f 1733/1984/1963 1078/719/649 1080/1983/1962
f 1063/623/567 1731/1980/1959 1729/676/609
f 1065/1985/1964 1732/1982/1961 1731/1980/1959
f 1066/1986/1965 1733/1984/1963 1732/1982/1961
f 1067/1987/1966 1730/718/648 1733/1984/1963
f 1084/617/561 1736/1988/1967 1087/1989/1968
f 1087/1989/1968 1737/1990/1969 1086/1991/1970
f 1086/1991/1970 1738/1992/1971 1085/1993/1972
f 1085/1993/1972 1735/657/594 1083/660/597
f 1734/616/560 1070/1994/1973 1736/1988/1967
f 1736/1988/1967 1071/1995/1974 1737/1990/1969
f 1737/1990/1969 1072/1996/1975 1738/1992/1971
f 1738/1992/1971 1069/658/595 1735/657/594
f 1059/613/557 1741/1997/1976 1062/1998/1977
f 1062/1998/1977 1742/1999/1978 1061/2000/1979
f 1061/2001/1979 1743/2002/1980 1060/2003/1981
f 1060/2004/1981 1740/674/608 1058/638/580
f 1739/604/550 1082/1979/1958 1741/1997/1976
f 1741/1997/1976 1081/1981/1960 1742/1999/1978
f 1742/2005/1978 1080/2006/1962 1743/2002/1980
f 1743/2007/1980 1078/719/649 1740/674/608
f 1744/618/562 1077/2008/1982 1074/659/596
f 1746/2009/1983 1076/2010/1984 1077/2008/1982
f 1747/2011/1985 1075/2012/1986 1076/2010/1984
f 1748/2013/1987 1073/712/642 1075/2012/1986
f 1084/617/561 1746/2009/1983 1744/618/562
f 1087/1989/1968 1747/2011/1985 1746/2009/1983
f 1086/1991/1970 1748/2013/1987 1747/2011/1985
f 1085/1993/1972 1745/695/625 1748/2013/1987
f 1749/609/554 1092/2014/1988 1089/689/620
f 1751/2015/1989 1091/2016/1990 1092/2014/1988
f 1752/2017/1991 1090/2018/1992 1091/2016/1990
f 1753/2019/1993 1088/610/555 1090/2018/1992
f 1074/659/596 1751/2015/1989 1749/609/554
f 1077/2008/1982 1752/2017/1991 1751/2015/1989
f 1076/2010/1984 1753/2019/1993 1752/2017/1991
f 1075/2012/1986 1750/626/570 1753/2019/1993
f 1754/624/568 1065/1985/1964 1063/623/567
f 1756/2020/1994 1066/1986/1965 1065/1985/1964
f 1757/2021/1995 1067/1987/1966 1066/1986/1965
f 1758/2022/1996 1064/717/647 1067/1987/1966
f 1093/629/572 1756/2020/1994 1754/624/568
f 1095/2023/1997 1757/2021/1995 1756/2020/1994
f 1096/2024/1998 1758/2022/1996 1757/2021/1995
f 1097/2025/1999 1755/606/552 1758/2022/1996
f 1759/630/573 1095/2023/1997 1093/629/572
f 1761/2026/2000 1096/2024/1998 1095/2023/1997
f 1762/2027/2001 1097/2025/1999 1096/2024/1998
f 1763/2028/2002 1094/672/606 1097/2025/1999
f 1103/634/576 1761/2026/2000 1759/630/573
f 1105/2029/2003 1762/2027/2001 1761/2026/2000
f 1106/2030/2004 1763/2028/2002 1762/2027/2001
f 1107/2031/2005 1760/713/643 1763/2028/2002
f 1764/625/569 1102/2032/2006 1099/715/645
f 1766/2033/2007 1101/2034/2008 1102/2032/2006
f 1767/2035/2009 1100/2036/2010 1101/2034/2008
f 1768/2037/2011 1098/633/575 1100/2036/2010
f 1089/689/620 1766/2033/2007 1764/625/569
f 1092/2014/1988 1767/2035/2009 1766/2033/2007
f 1091/2016/1990 1768/2037/2011 1767/2035/2009
f 1090/2018/1992 1765/612/556 1768/2037/2011
f 1126/716/646 1771/2038/2012 1129/2039/2013
f 1129/2039/2013 1772/2040/2014 1128/2041/2015
f 1128/2041/2015 1773/2042/2016 1127/2043/2017
f 1127/2043/2017 1770/703/633 1125/705/635
f 1769/671/605 1111/1232/1196 1771/2038/2012
f 1771/2038/2012 1121/1236/1200 1772/2040/2014
f 1772/2040/2014 1120/1242/1208 1773/2042/2016
f 1773/2042/2016 1110/704/634 1770/703/633
f 1774/636/578 1105/2029/2003 1103/634/576
f 1776/2044/2018 1106/2030/2004 1105/2029/2003
f 1777/2045/2019 1107/2031/2005 1106/2030/2004
f 1778/2046/2020 1104/710/640 1107/2031/2005
f 1126/716/646 1776/2044/2018 1774/636/578
f 1129/2039/2013 1777/2045/2019 1776/2044/2018
f 1128/2041/2015 1778/2046/2020 1777/2045/2019
f 1127/2043/2017 1775/690/621 1778/2046/2020
f 1779/631/574 1115/1240/1204 1109/637/579
f 1781/2047/2021 1116/1245/1211 1115/1240/1204
f 1782/2048/2022 1122/1243/1209 1116/1245/1211
f 1783/2049/2023 1110/704/634 1122/1243/1209
f 1099/715/645 1781/2047/2021 1779/631/574
f 1102/2032/2006 1782/2048/2022 1781/2047/2021
f 1101/2034/2008 1783/2049/2023 1782/2048/2022
f 1100/2036/2010 1780/702/632 1783/2049/2023
f 1068/620/564 1786/2050/2024 1070/1994/1973
f 1070/1994/1973 1787/2051/2025 1071/1995/1974
f 1071/1995/1974 1788/2052/2026 1072/1996/1975
f 1072/1996/1975 1785/697/627 1069/658/595
f 1784/641/581 1137/2053/2027 1786/2050/2024
f 1786/2050/2024 1138/2054/2028 1787/2051/2025
f 1787/2051/2025 1139/2055/2029 1788/2052/2026
f 1788/2052/2026 1136/664/600 1785/697/627
f 1131/643/583 1791/2056/2030 1134/2057/2031
f 1134/2057/2031 1792/2058/2032 1133/2059/2033
f 1133/2060/2033 1793/2061/2034 1132/2062/2035
f 1132/2063/2035 1790/647/586 1130/646/585
f 1789/614/558 1062/1998/1977 1791/2056/2030
f 1791/2056/2030 1061/2000/1979 1792/2058/2032
f 1792/2064/2032 1060/2003/1981 1793/2061/2034
f 1793/2065/2034 1058/638/580 1790/647/586
f 1794/656/593 1148/1248/1215 1145/709/639
f 1796/2066/2036 1149/1258/1225 1148/1248/1215
f 1797/2067/2037 1155/1259/1221 1149/1258/1225
f 1798/2068/2038 1146/2069/1222 1155/1259/1221
f 1140/655/589 1796/2066/2036 1794/656/593
f 1142/2070/2039 1797/2067/2037 1796/2066/2036
f 1143/2071/2040 1798/2068/2038 1797/2067/2037
f 1144/2072/2041 1795/684/617 1798/2073/2038
f 1135/642/582 1801/2074/2042 1137/2053/2027
f 1137/2053/2027 1802/2075/2043 1138/2054/2028
f 1138/2054/2028 1803/2076/2044 1139/2055/2029
f 1139/2055/2029 1800/683/616 1136/664/600
f 1799/648/587 1159/1263/1229 1801/2074/2042
f 1801/2074/2042 1154/1255/1223 1802/2075/2043
f 1802/2075/2043 1153/1252/1220 1803/2076/2044
f 1803/2076/2044 1146/1254/1222 1800/683/616
f 1140/650/589 1806/2077/2045 1142/2078/2039
f 1142/2070/2039 1807/2079/2046 1143/2071/2040
f 1143/2071/2040 1808/2080/2047 1144/2081/2041
f 1144/2072/2041 1805/682/615 1141/681/614
f 1804/644/584 1134/2057/2031 1806/2077/2045
f 1806/2082/2045 1133/2060/2033 1807/2079/2046
f 1807/2079/2046 1132/2062/2035 1808/2080/2047
f 1808/2083/2047 1130/646/585 1805/682/615
f 1147/649/588 1811/2084/2048 1158/2085/1230
f 1158/1247/2049 1810/706/636 1145/709/2050
f 1809/599/547 1050/2086/2051 1811/2084/2048
s 34
f 1811/2087/2052 1050/2088/2052 1043/1216/2052
s 5
f 1811/2089/2053 1040/707/637 1810/706/636
f 1004/580/529 1814/2090/2054 1016/2091/2055
s 35
f 1016/1202/2056 1814/2092/2056 1007/1198/2056
s 5
f 1814/2093/2057 1002/2094/1153 1007/2095/2058
f 1812/579/528 1117/1239/1203 1814/2090/2054
f 1117/2096/2059 1813/668/602 1814/2093/2057
s 2
f 509/1548/1522 510/2097/1526 1819/1549/2060
s 36
f 485/1535/2061 486/2098/2061 1815/1533/2062
s 37
f 441/1516/2063 442/2099/2063 1817/1514/2063
s 38
f 434/1530/2064 1816/813/2065 433/2100/2064
s 39
f 453/1517/2066 452/833/2067 454/2101/2066
s 40
f 463/1541/2068 1818/843/2069 464/2102/2070
s 1
f 212/18/16 1218/164/144 102/19/17
f 231/29/26 22/28/25 108/36/33
f 1198/37/34 108/36/33 23/38/35
f 241/39/36 23/38/35 115/45/41
f 10/73/66 313/190/168 1268/74/67
f 24/76/68 323/127/113 1262/77/69
f 337/78/70 8/95/66 98/79/66
f 15/83/74 103/87/78 1247/84/75
f 15/83/74 333/85/76 1257/86/77
f 103/87/78 14/20/18 317/88/79
f 22/28/25 338/157/138 1277/93/84
f 1263/94/85 97/75/66 8/95/66
f 23/38/35 348/187/166 1292/99/89
f 1278/80/71 98/79/66 11/100/90
f 115/45/41 1292/99/89 358/105/95
f 307/106/96 1253/142/125 96/107/66
f 14/20/18 102/19/17 1297/109/97
f 102/19/17 13/60/55 384/110/98
f 100/113/101 12/134/66 379/114/102
f 13/60/55 110/59/54 1312/116/104
f 110/59/54 1322/67/62 396/117/105
f 7/108/66 96/107/66 1248/125/111
f 109/22/20 1257/86/77 323/127/113
f 96/107/66 9/143/66 332/128/114
f 385/132/117 1313/151/133 101/133/66
f 97/75/66 1268/74/67 343/140/123
f 226/21/19 1168/119/107 103/87/78
f 1253/142/125 327/192/170 9/143/66
f 101/133/66 1308/152/134 390/149/131
f 1313/151/133 395/787/721 1308/152/134
f 114/11/10 1262/77/69 338/157/138
f 11/100/90 353/181/161 1288/158/139
f 95/162/66 1258/163/143 332/128/114
f 10/73/66 322/183/163 1258/163/143
f 1218/164/144 280/58/53 13/60/55
f 7/108/66 100/113/101 1303/115/103
s 2
f 1355/165/145 137/210/188 1445/166/146
s 1
f 1298/168/148 385/132/117 12/134/66
f 1293/173/153 99/159/140 1283/174/154
f 99/159/140 1288/158/139 374/176/156
f 17/57/52 104/55/50 1302/82/73
f 12/134/66 101/133/66 1318/150/132
f 98/79/66 1273/184/164 353/181/161
f 322/183/163 10/73/66 97/75/66
f 8/95/66 343/140/123 1273/184/164
f 108/36/33 1277/93/84 348/187/166
f 313/190/168 10/73/66 95/162/66
f 1243/191/169 95/162/66 9/143/66
f 347/101/91 11/100/90 99/159/140
f 318/126/112 1298/168/148 100/113/101
s 2
f 435/209/187 1470/281/259 137/210/188
f 447/216/194 1365/315/293 124/217/195
f 1406/222/200 132/335/313 1411/223/201
f 27/227/205 532/260/238 1348/228/206
f 1361/236/214 412/804/741 1446/237/215
f 413/244/222 28/273/251 122/245/223
f 446/247/225 1450/308/286 134/248/226
s 3
f 514/249/227 1347/289/267 121/250/228
s 2
f 447/216/194 29/218/196 123/257/235
f 27/227/205 122/245/223 1328/259/237
f 28/273/251 123/257/235 1343/274/252
f 29/218/196 513/280/258 1343/274/252
f 29/218/196 124/217/195 1348/228/206
f 1470/281/259 584/966/909 1401/282/260
s 3
f 1338/288/266 121/250/228 1347/289/267
s 2
f 28/273/251 547/275/253 1328/259/237
f 30/252/230 548/254/232 1342/296/274
f 32/232/210 126/297/275 1342/296/274
f 33/239/217 128/255/233 1329/261/239
f 120/238/216 1446/237/215 603/305/283
f 436/314/292 27/227/205 124/217/195
f 445/316/294 1361/236/214 120/238/216
f 1451/317/295 120/238/216 1405/306/284
f 137/210/188 1401/282/260 601/319/297
f 413/244/222 1360/258/236 123/257/235
f 436/314/292 1356/246/224 122/245/223
f 1411/223/201 132/335/313 1400/332/310
f 602/334/312 1400/332/310 132/335/313
s 1
f 333/85/76 1247/84/75 1249/1398/1359
f 335/1401/1362 1250/1400/1361 1251/1402/1363
f 309/1412/1373 1256/1411/1372 1253/142/125
f 1264/1420/1381 1265/1422/1383 340/1421/1382
f 1281/1442/1403 1278/80/71 347/101/91
f 348/187/166 351/1437/1398 1294/1453/1413
f 349/1441/1402 347/101/91 1293/173/153
f 317/88/79 1297/109/97 1299/1456/1416
f 1301/1458/1418 388/1461/1421 385/132/117
f 387/1460/1420 1315/1477/1435 1316/1478/1436
f 1314/1476/1434 408/793/728 403/788/722
s 2
f 550/933/874 547/275/253 1343/274/252
s 3
f 1347/1504/267 1349/1505/1468 538/926/864
f 1349/1505/1468 1350/1507/1471 539/932/1469
s 2
f 1350/1506/1470 1348/228/206 532/260/238
s 3
f 1347/1504/267 514/906/227 524/908/844
f 1349/1505/1468 524/908/844 517/901/848
s 2
f 1350/1506/1470 516/899/836 513/280/258
f 435/209/187 1355/165/145 1357/1512/1476
f 1817/1514/1479 1358/1513/1478 1359/1515/1480
f 411/167/147 416/796/733 1357/1512/1476
f 424/799/736 423/808/744 1359/1515/1480
f 1360/258/236 1362/1518/1483 453/1517/1482
f 1362/1518/1483 1363/1519/1485 452/833/1484
f 1363/1519/1485 1364/1520/1487 449/831/1486
f 1364/1520/1487 1361/236/214 445/316/294
f 1360/258/236 413/244/222 423/809/744
f 1363/1519/1485 420/805/742 419/802/739
f 1367/1522/1488 1368/1523/1490 442/828/1489
f 1369/1524/1491 1366/233/211 437/235/213
f 1368/1523/1490 452/1526/1492 451/836/1493
f 589/968/911 1404/1558/1532 1401/282/260
f 1400/1559/310 602/993/312 611/992/938
f 1402/1556/1530 611/992/938 605/986/932
f 1403/1557/1531 605/986/932 604/984/930
f 1404/1558/1532 604/984/930 601/319/297
f 1405/306/284 1407/1560/1533 622/1003/947
f 603/305/283 616/999/943 1407/1560/1533
f 616/999/943 610/994/939 1408/1561/1534
s 1
f 1222/1/1 93/70/7 1/2/2
f 1173/4/4 221/182/162 20/5/5
f 89/7/7 1167/61/56 227/8/8
f 216/10/9 24/76/68 114/11/10
f 4/13/7 90/43/7 1187/14/12
f 201/16/14 1173/4/4 106/6/6
f 226/21/19 15/83/74 109/22/20
f 3/9/7 88/27/7 1162/24/22
f 1177/26/24 217/160/141 4/13/7
f 1183/12/11 114/11/10 22/28/25
f 1193/30/27 105/96/86 19/31/28
f 1188/33/30 117/90/81 26/34/31
f 1208/40/37 113/50/46 18/41/38
f 90/43/7 2/156/7 236/44/40
f 1213/46/42 115/45/41 1325/47/43
f 269/49/45 25/103/93 113/50/46
f 91/51/7 5/153/135 246/52/47
f 1223/54/49 201/16/14 16/17/15
f 274/56/51 1223/54/49 104/55/50
f 280/58/53 1233/66/61 110/59/54
f 1/2/2 211/193/171 1167/61/56
f 1238/62/57 274/56/51 17/57/52
f 285/64/59 1238/62/57 112/63/58
f 1233/66/61 290/748/681 1322/67/62
f 6/68/7 279/130/115 1217/69/63
f 106/6/6 20/5/5 328/71/64
f 104/55/50 16/17/15 308/81/72
f 116/89/80 1242/144/126 328/71/64
f 117/90/81 1267/92/83 312/91/82
f 19/31/28 342/97/87 1267/92/83
f 105/96/86 1272/98/88 342/97/87
f 18/41/38 352/102/92 1272/98/88
f 113/50/46 1287/104/94 352/102/92
f 25/103/93 375/189/167 1287/104/94
f 112/63/58 17/57/52 380/111/99
f 21/65/60 112/63/58 1317/112/100
f 1168/119/107 212/18/16 14/20/18
f 1228/120/108 285/1376/59 21/121/60
f 107/122/109 21/121/60 389/123/106
f 227/8/8 1177/26/24 88/27/7
f 1178/23/21 109/22/20 24/76/68
f 94/129/7 1232/146/128 279/130/115
f 202/3/3 1/2/2 89/7/7
f 16/17/15 106/6/6 1252/72/65
f 237/32/29 19/31/28 117/90/81
f 1203/135/118 251/722/652 1326/136/119
f 111/137/120 1326/136/119 357/138/121
f 207/35/32 26/34/31 116/89/80
f 26/34/31 312/91/82 1242/144/126
f 1227/145/127 291/757/690 1232/146/128
f 284/147/129 1227/145/127 94/129/7
f 5/153/135 92/169/149 1207/154/136
f 1182/155/137 232/161/142 2/156/7
f 217/160/141 1182/155/137 90/43/7
f 232/161/142 1197/186/165 91/51/7
f 92/169/149 1202/172/152 270/170/150
f 1212/171/151 252/732/662 1202/172/152
f 1228/120/108 107/122/109 1323/177/157
f 275/179/159 6/68/7 93/70/7
f 107/122/109 1307/124/110 394/180/160
f 247/42/39 18/41/38 105/96/86
f 1237/148/130 94/129/7 6/68/7
f 2/156/7 91/51/7 1192/53/48
f 1163/141/124 116/89/80 20/5/5
f 1203/185/118 111/188/120 25/103/93
f 1197/186/165 242/194/172 5/153/135
f 111/188/120 1282/2103/122 375/189/167
f 1172/131/116 89/7/7 3/9/7
f 88/27/7 4/13/7 206/15/13
f 93/70/7 1217/69/63 211/193/171
f 242/194/172 1212/171/151 92/169/149
s 2
f 457/195/173 1395/340/318 130/196/174
f 503/198/176 1480/1623/1619 136/199/177
f 136/199/177 1480/1623/1619 725/201/179
f 709/203/181 1436/328/306 131/204/182
f 481/206/184 32/232/210 127/207/185
f 138/211/189 1458/1602/1581 671/212/190
f 1431/205/183 131/204/182 1441/214/192
f 426/219/197 1370/298/276 135/220/198
f 1475/225/203 636/1021/968 1416/226/204
f 31/229/207 127/207/185 1352/230/208
f 32/232/210 515/299/277 1352/230/208
f 1366/233/211 134/248/226 1471/234/212
f 33/239/217 549/301/279 1334/240/218
f 34/197/175 130/196/174 1339/242/220
f 30/252/230 125/277/255 1333/253/231
f 457/195/173 34/197/175 128/255/233
f 34/197/175 200/243/221 1329/261/239
f 1375/262/240 138/211/189 1474/263/241
f 427/265/243 1455/1601/1580 119/266/244
f 35/268/246 568/269/247 1339/242/220
f 35/268/246 129/241/219 1334/240/218
f 482/270/248 1381/267/245 119/266/244
f 480/272/250 1458/1602/1581 138/211/189
f 428/276/254 31/229/207 125/277/255
f 490/279/257 1385/256/234 128/255/233
f 1391/200/178 136/199/177 1461/283/261
f 1396/285/263 456/844/783 1466/286/264
f 505/291/269 1396/285/263 139/287/265
f 1386/293/271 489/874/811 1462/294/272
f 31/229/207 566/231/209 1333/253/231
f 1370/298/276 465/851/791 1475/225/203
s 3
f 1351/251/229 121/250/228 1338/288/266
s 2
f 1461/283/261 136/199/177 1435/202/180
f 139/287/265 1440/304/282 726/303/281
f 1466/286/264 691/1084/1032 1440/304/282
f 134/248/226 1410/309/287 585/307/285
f 1450/308/286 621/1014/960 1410/309/287
f 119/266/244 1455/1601/1580 656/310/288
f 1474/263/241 138/211/189 1421/213/191
f 1459/271/249 119/266/244 1425/311/289
f 428/276/254 1380/208/186 127/207/185
f 466/320/298 1371/278/256 125/277/255
f 638/321/299 1420/337/315 133/322/300
f 1415/323/301 133/322/300 1426/324/302
f 490/279/257 33/239/217 129/241/219
f 504/327/305 1390/326/304 129/241/219
f 1441/214/192 131/204/182 1436/328/306
f 118/295/273 1462/294/272 707/330/308
f 466/320/298 30/252/230 126/297/275
f 481/206/184 1376/336/314 126/297/275
f 1426/324/302 133/322/300 1420/337/315
f 135/220/198 1416/226/204 654/339/317
f 504/327/305 35/268/246 130/196/174
f 455/341/319 1386/293/271 118/295/273
f 118/295/273 1430/331/309 689/343/321
s 4
f 1543/344/322 145/413/323 36/345/323
f 1494/347/325 762/523/479 55/348/326
f 141/350/323 1488/404/376 768/351/328
f 757/353/329 59/419/388 166/354/330
f 39/356/323 142/386/323 1508/357/332
f 742/359/334 1494/347/325 158/349/327
f 753/361/336 1539/505/461 154/362/337
f 767/364/339 50/426/394 161/365/340
f 38/352/323 140/370/323 1483/367/342
f 1498/369/344 758/501/458 39/356/323
f 1504/355/331 166/354/330 57/371/345
f 1514/373/347 157/439/406 54/374/348
f 1509/376/350 169/433/401 61/377/351
f 772/372/346 57/371/345 160/379/353
f 1519/380/354 160/379/353 58/381/355
f 1529/383/357 165/393/366 53/384/358
f 142/386/323 37/497/323 777/387/360
f 782/382/356 58/381/355 167/388/361
f 1534/389/362 167/388/361 1646/390/363
f 810/392/365 60/446/412 165/393/366
f 143/394/323 40/494/323 787/395/367
f 1544/397/369 742/359/334 51/360/335
f 815/399/371 1544/397/369 156/398/370
f 821/401/373 1554/409/381 162/402/374
f 36/345/323 752/534/488 1488/404/376
f 1559/405/377 815/399/371 52/400/372
f 826/407/379 1559/405/377 164/406/378
f 1554/409/381 831/1151/1102 1643/410/382
f 41/411/323 820/471/433 1538/412/383
f 158/349/327 55/348/326 869/414/384
f 45/416/386 854/531/485 1589/417/387
f 59/419/388 864/468/431 1583/420/389
f 878/421/390 43/438/386 150/422/386
f 156/398/370 51/360/335 849/424/392
f 50/426/394 155/430/398 1568/427/395
f 50/426/394 874/428/396 1578/429/397
f 155/430/398 49/363/338 858/431/399
f 168/432/400 1563/485/444 869/414/384
f 169/433/401 1588/435/403 853/434/402
f 54/374/348 883/440/407 1588/435/403
f 57/371/345 879/498/455 1598/436/404
f 1584/437/405 149/418/386 43/438/386
f 157/439/406 1593/441/408 883/440/407
f 53/384/358 893/445/411 1593/441/408
f 58/381/355 889/528/483 1613/442/409
f 1599/423/391 150/422/386 46/443/386
f 165/393/366 1608/447/413 893/445/411
f 60/446/412 916/530/484 1608/447/413
f 167/388/361 1613/442/409 899/448/414
f 848/449/415 1574/483/443 148/450/386
f 49/363/338 154/362/337 1618/452/416
f 154/362/337 48/403/375 925/453/417
f 164/406/378 52/400/372 921/454/418
f 152/456/386 47/475/386 920/457/420
f 48/403/375 162/402/374 1633/459/422
f 162/402/374 1643/410/382 937/460/423
f 56/408/380 164/406/378 1638/455/419
f 1489/462/425 753/361/336 49/363/338
f 1549/463/426 826/407/379 56/408/380
f 159/464/427 56/408/380 930/461/424
f 42/451/386 148/450/386 1569/466/429
f 768/351/328 1498/369/344 140/370/323
f 1499/366/341 161/365/340 59/419/388
f 161/365/340 1578/429/397 864/468/431
f 148/450/386 44/484/386 873/469/432
f 146/470/323 1553/487/446 820/471/433
f 743/346/324 36/345/323 141/350/323
f 51/360/335 158/349/327 1573/415/385
f 926/473/435 1634/492/451 153/474/386
f 778/375/349 54/374/348 169/433/401
f 1524/476/436 792/1121/1073 1647/477/437
f 163/478/438 1647/477/437 898/479/439
f 149/418/386 1589/417/387 884/481/441
f 748/378/352 61/377/351 168/432/400
f 767/364/339 1489/462/425 155/430/398
f 1574/483/443 868/533/487 44/484/386
f 61/377/351 853/434/402 1563/485/444
f 1548/486/445 832/1160/1111 1553/487/446
f 825/488/447 1548/486/445 146/470/323
f 153/474/386 1629/493/452 931/490/449
f 1634/492/451 936/1188/1142 1629/493/452
f 40/494/323 144/510/466 1528/495/453
f 1503/496/454 773/502/459 37/497/323
f 166/354/330 1583/420/389 879/498/455
f 46/443/386 894/522/478 1609/499/456
f 758/501/458 1503/496/454 142/386/323
f 773/502/459 1518/527/482 143/394/323
f 147/503/386 1579/504/460 873/469/432
f 45/416/386 863/524/480 1579/504/460
f 1539/505/461 821/401/373 48/403/375
f 42/451/386 152/456/386 1624/458/421
s 5
f 1709/506/462 175/602/463 62/507/463
s 4
f 1619/509/465 926/473/435 47/475/386
f 144/510/466 1523/513/469 811/511/467
f 1533/512/468 793/1131/1083 1523/513/469
f 1614/514/470 151/500/457 1604/515/471
f 151/500/457 1609/499/456 915/517/473
f 1549/463/426 159/464/427 1644/518/474
f 816/520/476 41/411/323 145/413/323
f 52/400/372 156/398/370 1623/425/393
f 159/464/427 1628/465/428 935/521/477
f 788/385/359 53/384/358 157/439/406
f 1558/489/448 146/470/323 41/411/323
f 47/475/386 153/474/386 1639/491/450
f 150/422/386 1594/525/481 894/522/478
f 37/497/323 143/394/323 1513/396/368
f 1484/482/442 168/432/400 55/348/326
f 863/524/480 45/416/386 149/418/386
f 43/438/386 884/481/441 1594/525/481
f 1524/526/436 163/529/438 60/446/412
f 1518/527/482 783/535/489 40/494/323
f 160/379/353 1598/436/404 889/528/483
f 163/529/438 1603/2104/440 916/530/484
f 1493/472/434 141/350/323 38/352/323
f 140/370/323 39/356/323 747/358/333
f 854/531/485 45/416/386 147/503/386
f 1564/532/486 147/503/386 44/484/386
f 145/413/323 1538/412/383 752/534/488
f 783/535/489 1533/512/468 144/510/466
f 888/444/410 46/443/386 151/500/457
f 859/467/430 1619/509/465 152/456/386
s 5
f 1660/536/490 972/711/641 81/537/491
f 171/539/463 1654/593/541 978/540/493
f 967/542/494 85/608/553 196/543/495
f 65/545/463 172/575/463 1674/546/497
f 952/548/499 1660/536/490 188/538/492
f 963/550/501 1705/696/626 184/551/502
f 977/553/504 76/615/559 191/554/505
f 64/541/463 170/559/463 1649/556/507
f 1664/558/509 968/692/623 65/545/463
f 1670/544/496 196/543/495 83/560/510
f 1680/562/512 187/628/571 80/563/513
f 1675/565/515 199/622/566 87/566/516
f 982/561/511 83/560/510 190/568/518
f 1685/569/519 190/568/518 84/570/520
f 1695/572/522 195/582/531 79/573/523
f 172/575/463 63/688/463 987/576/525
f 992/571/521 84/570/520 197/577/526
f 1700/578/527 197/577/526 1812/579/528
f 1020/581/530 86/635/577 195/582/531
f 173/583/463 66/685/463 997/584/532
f 1710/586/534 952/548/499 77/549/500
f 1025/588/536 1710/586/534 186/587/535
f 1031/590/538 1720/598/546 192/591/539
f 62/507/463 962/720/650 1654/593/541
f 1725/594/542 1025/588/536 78/589/537
f 1036/596/544 1725/594/542 194/595/543
f 1720/598/546 1041/2105/1182 1809/599/547
f 67/600/463 1030/662/598 1704/601/548
f 188/538/492 81/537/491 1079/603/549
f 71/605/551 1064/717/647 1755/606/552
f 85/608/553 1074/659/596 1749/609/554
f 1088/610/555 69/627/551 180/611/551
f 186/587/535 77/549/500 1059/613/557
f 76/615/559 185/619/563 1734/616/560
f 76/615/559 1084/617/561 1744/618/562
f 185/619/563 75/552/503 1068/620/564
f 198/621/565 1729/676/609 1079/603/549
f 199/622/566 1754/624/568 1063/623/567
f 80/563/513 1093/629/572 1754/624/568
f 83/560/510 1089/689/620 1764/625/569
f 1750/626/570 179/607/551 69/627/551
f 187/628/571 1759/630/573 1093/629/572
f 79/573/523 1103/634/576 1759/630/573
f 84/570/520 1099/715/645 1779/631/574
f 1765/612/556 180/611/551 72/632/551
f 195/582/531 1774/636/578 1103/634/576
f 86/635/577 1126/716/646 1774/636/578
f 197/577/526 1779/631/574 1109/637/579
f 1058/638/580 1740/674/608 178/639/551
f 75/552/503 184/551/502 1784/641/581
f 184/551/502 74/592/540 1135/642/582
f 194/595/543 78/589/537 1131/643/583
f 182/645/551 73/666/551 1130/646/585
f 74/592/540 192/591/539 1799/648/587
f 192/591/539 1809/599/547 1147/649/588
f 82/597/545 194/595/543 1804/644/584
f 1655/651/590 963/550/501 75/552/503
f 1715/652/591 1036/1964/544 82/653/545
f 189/654/592 82/653/545 1140/655/589
f 68/640/551 178/639/551 1735/657/594
f 978/540/493 1664/558/509 170/559/463
f 1665/555/506 191/554/505 85/608/553
f 191/554/505 1744/618/562 1074/659/596
f 178/639/551 70/675/551 1083/660/597
f 176/661/463 1719/678/611 1030/662/598
f 953/508/464 62/507/463 171/539/463
f 77/549/500 188/538/492 1739/604/550
f 1136/664/600 1800/683/616 183/665/551
f 988/564/514 80/563/513 199/622/566
f 1690/667/601 1002/2094/1153 1813/668/602
f 193/669/603 1813/668/602 1108/670/604
f 179/607/551 1755/606/552 1094/672/606
f 958/567/517 87/566/516 198/621/565
f 977/553/504 1655/651/590 185/619/563
f 1740/674/608 1078/719/649 70/675/551
f 87/566/516 1063/623/567 1729/676/609
f 1714/677/610 1042/1228/1191 1719/678/611
f 1035/679/612 1714/677/610 176/661/463
f 183/665/551 1795/684/617 1141/681/614
f 1800/683/616 1146/1254/1222 1795/684/617
f 66/685/463 174/698/628 1694/686/618
f 1669/687/619 983/693/624 63/688/463
f 196/543/495 1749/609/554 1089/689/620
f 72/632/551 1104/710/640 1775/690/621
f 968/692/623 1669/687/619 172/575/463
f 983/693/624 1684/714/644 173/583/463
f 177/694/551 1745/695/625 1083/660/597
f 71/605/551 1073/712/642 1745/695/625
f 1705/696/626 1031/590/538 74/592/540
f 68/640/551 182/645/551 1790/647/586
f 1785/697/627 1136/664/600 73/666/551
f 174/698/628 1689/701/631 1021/699/629
f 1699/700/630 1003/1206/1163 1689/701/631
f 1780/702/632 181/691/622 1770/703/633
f 181/691/622 1775/690/621 1125/705/635
f 1715/652/591 189/654/592 1810/706/636
f 1026/708/638 67/600/463 175/602/463
f 78/589/537 186/587/535 1789/614/558
f 189/654/592 1794/656/593 1145/709/639
f 998/574/524 79/573/523 187/628/571
f 1724/680/613 176/661/463 67/600/463
f 73/666/551 183/665/551 1805/682/615
f 180/611/551 1760/713/643 1104/710/640
f 63/688/463 173/583/463 1679/585/533
f 1650/673/607 198/621/565 81/537/491
f 1073/712/642 71/605/551 179/607/551
f 69/627/551 1094/672/606 1760/713/643
f 1690/667/601 193/669/603 86/635/577
f 1684/714/644 993/721/651 66/685/463
f 190/568/518 1764/625/569 1099/715/645
f 193/669/603 1769/671/605 1126/716/646
f 1659/663/599 171/539/463 64/541/463
f 170/559/463 65/545/463 957/547/498
f 1064/717/647 71/605/551 177/694/551
f 1730/718/648 177/694/551 70/675/551
f 175/602/463 1704/601/548 962/720/650
f 993/721/651 1699/700/630 174/698/628
f 1098/633/575 72/632/551 181/691/622
f 1069/658/595 1785/697/627 182/645/551
s 1
f 251/722/652 254/725/655 257/723/653
f 254/725/655 255/735/665 258/726/656
f 256/724/654 257/723/653 268/727/657
f 257/723/653 258/726/656 259/729/659
f 260/730/660 263/734/664 262/731/661
f 261/733/663 264/736/666 263/734/664
f 263/734/664 258/726/656 255/735/665
f 264/736/666 259/729/659 258/726/656
f 253/48/44 265/1488/669 267/737/667
f 266/740/668 267/739/667 264/736/671
f 267/739/667 268/727/670 259/729/673
f 289/178/158 292/743/676 294/741/674
f 292/743/676 299/1485/2071 295/744/677
f 293/742/675 294/741/674 306/745/678
f 294/741/674 295/744/677 296/747/680
f 290/748/681 297/1383/684 300/749/682
f 297/751/684 298/759/1345 301/752/685
f 300/753/682 301/752/685 296/747/687
f 302/755/688 305/758/691 304/756/689
f 303/746/679 306/745/678 305/758/691
f 305/758/691 301/752/693 298/759/692
f 306/745/678 296/747/680 301/752/693
f 357/138/121 366/1490/696 361/760/694
f 360/765/695 361/764/694 373/766/698
f 361/764/694 362/763/2072 363/768/700
f 358/105/95 364/771/703 367/769/701
f 364/771/703 365/776/710 368/772/704
f 367/769/701 368/772/704 363/768/706
f 369/773/707 372/775/709 371/774/708
f 370/767/699 373/766/711 372/775/709
f 372/775/709 368/772/704 365/776/710
f 373/766/711 363/768/706 368/772/704
f 394/180/160 397/1468/714 399/777/712
f 397/779/714 398/790/724 400/780/715
f 399/781/712 400/780/715 401/783/717
f 402/785/719 405/789/723 404/786/720
f 403/788/722 406/791/725 405/789/723
f 405/789/723 400/780/726 398/790/724
f 406/791/725 401/783/731 400/780/726
f 396/117/105 407/1483/729 409/792/727
f 408/793/728 409/792/727 406/791/725
f 409/792/727 410/784/730 401/783/731
s 2
f 414/795/732 417/798/735 416/796/733
f 415/797/734 422/800/737 417/798/735
f 417/798/735 418/801/738 424/799/736
f 419/802/739 422/806/737 421/803/740
f 420/805/742 418/2106/738 422/806/737
f 424/799/736 418/801/738 425/807/743
f 425/807/743 418/2106/738 420/805/742
s 6
f 429/810/745 432/2107/2073 430/811/746
f 430/811/746 432/2107/2073 431/812/748
s 8
f 433/816/752 1816/2108/2074 431/812/753
s 9
f 438/818/755 444/821/2075 439/819/756
s 10
f 438/818/758 1817/827/765 440/820/759
s 12
f 448/830/767 451/2109/2076 449/831/768
f 449/831/768 451/2109/2076 450/832/770
s 2
f 458/838/777 462/841/2077 459/839/778
f 459/839/778 462/841/2077 460/842/781
s 16
f 462/847/786 464/1555/2078 1818/848/787
s 2
f 468/849/789 471/853/793 470/850/790
f 469/852/792 472/2110/795 471/853/793
f 471/853/793 479/856/796 477/854/794
f 474/857/797 472/2111/795 475/858/798
f 475/858/798 472/2110/795 469/852/792
f 476/861/800 479/863/796 478/862/801
f 479/863/796 472/2111/795 474/857/797
s 17
f 483/864/802 488/867/806 487/865/803
f 483/864/802 1815/2112/808 484/866/805
s 2
f 492/872/809 495/876/813 494/873/810
f 493/875/812 498/2113/823 495/876/813
f 497/881/818 498/2113/823 493/875/812
f 499/883/820 502/885/822 501/884/821
f 500/878/815 495/877/813 502/885/822
f 506/887/824 512/890/827 507/888/825
f 506/887/824 1819/896/2079 508/889/826
f 516/899/836 519/902/839 518/900/837
f 517/901/838 520/904/2080 519/902/839
f 519/902/839 521/905/842 528/903/840
s 3
f 514/906/227 522/909/845 525/907/843
f 522/909/845 523/915/1473 526/910/846
f 524/908/844 525/907/843 520/904/847
f 525/907/843 526/910/846 521/911/849
s 2
f 527/912/850 530/914/852 529/913/851
f 528/903/840 521/905/842 530/914/852
f 530/914/852 526/910/2081 523/915/853
f 200/243/221 533/919/858 535/916/855
f 1820/918/857 536/921/860 535/916/855
f 535/916/855 537/922/861 544/920/859
s 3
f 531/923/268 538/926/864 541/924/862
f 538/926/864 539/932/1469 542/927/865
f 540/925/863 541/924/862 536/921/866
f 541/924/862 542/927/865 537/928/868
s 2
f 543/929/869 546/931/871 545/930/870
f 544/920/859 537/922/861 546/931/871
f 546/931/871 542/927/2082 539/932/872
f 550/933/874 553/936/877 552/934/875
f 551/935/876 554/944/885 553/936/877
f 553/936/877 565/939/880 562/937/878
f 553/936/877 554/944/885 555/938/879
f 556/940/881 559/943/884 558/941/882
f 557/942/883 560/948/889 559/943/884
f 559/943/884 554/944/885 551/935/876
f 559/943/884 560/948/889 555/938/879
f 561/945/886 564/947/888 563/946/887
f 562/937/878 565/939/880 564/947/888
f 564/947/888 560/948/889 557/942/883
f 564/947/888 565/939/880 555/938/879
f 569/949/890 572/952/893 571/950/891
f 570/951/892 573/954/2083 572/952/893
f 572/952/893 574/955/896 581/953/894
s 3
f 567/956/278 575/959/899 578/957/897
f 575/959/899 576/965/1461 579/960/900
f 577/958/898 578/957/897 573/954/901
f 578/957/897 579/960/900 574/961/903
s 2
f 580/962/904 583/964/906 582/963/905
f 581/953/894 574/955/896 583/964/906
f 583/964/906 579/960/2084 576/965/907
f 584/966/909 587/970/1598 590/967/910
f 588/969/912 595/978/2085 590/967/913
f 589/968/911 590/967/913 596/971/915
f 590/967/913 595/978/2085 591/973/917
f 585/307/285 592/976/920 595/974/918
f 592/976/920 593/983/929 596/977/921
f 597/979/925 600/982/928 599/980/926
f 598/972/916 596/971/915 600/982/927
f 600/982/928 596/977/921 593/983/929
f 604/984/930 607/987/933 606/985/931
f 605/986/932 608/997/935 607/987/933
f 607/987/933 618/990/936 615/988/934
f 609/991/937 612/995/940 611/992/938
f 610/994/939 613/996/941 612/995/940
f 612/995/940 608/997/935 605/986/932
f 614/998/942 617/1000/944 616/999/943
f 615/988/934 618/990/936 617/1000/944
f 617/1000/944 613/996/941 610/994/939
f 618/990/936 608/989/935 613/996/941
f 619/318/296 622/1003/947 625/1001/945
f 622/1003/947 623/1013/959 631/1004/948
f 625/1001/949 635/1007/953 633/1005/950
f 625/1001/949 631/1004/948 626/1006/952
f 627/1008/954 630/1012/957 629/1009/955
f 628/1011/956 631/1018/964 630/1012/957
f 630/1012/958 631/1004/948 623/1013/959
f 621/1014/960 632/1017/1562 635/1015/961
f 634/1016/962 635/1015/961 631/1018/964
f 639/1019/966 642/1023/970 641/1020/967
f 640/1022/969 643/1025/972 642/1023/970
f 642/1023/970 653/1026/973 650/1024/971
f 643/1025/972 648/1031/978 653/1026/973
f 644/1027/974 647/1030/977 646/1028/975
f 645/1029/976 648/1036/978 647/1030/977
f 647/1030/977 643/1025/972 640/1022/969
f 649/1032/979 652/1035/981 651/1033/980
f 650/1024/971 653/1026/973 652/1035/981
f 652/1035/981 648/1036/978 645/1029/976
f 654/339/317 657/1039/984 660/1037/982
f 657/1039/984 658/1049/996 666/1040/985
f 660/1037/986 670/1043/990 668/1041/987
f 660/1037/986 666/1040/985 661/1042/989
f 662/1044/991 665/1048/994 664/1045/992
f 663/1047/993 666/1053/1000 665/1048/994
f 665/1048/995 666/1040/985 658/1049/996
f 656/310/288 667/1052/1579 670/1050/997
f 669/1051/998 670/1050/997 666/1053/1000
f 671/212/190 674/1056/1582 676/1054/1002
f 674/1056/1004 681/1604/1584 677/1057/1005
f 675/1055/1003 676/1054/1002 688/1058/1006
f 676/1054/1002 677/1057/1005 678/1060/1008
f 672/313/291 679/1063/1011 682/1061/1009
f 679/1063/1011 680/1069/1017 683/1064/1012
f 682/1061/1009 683/1064/1012 678/1060/1008
f 684/1065/1014 687/1068/1016 686/1066/1015
f 685/1059/1007 688/1058/1006 687/1068/1016
f 687/1068/1016 683/1064/1012 680/1069/1017
f 688/1058/1006 678/1060/1008 683/1064/1012
f 689/343/321 692/1072/1020 695/1070/1018
f 692/1072/1020 693/1082/1030 696/1073/1021
f 694/1071/1022 695/1070/1018 706/1074/1023
f 695/1070/1018 696/1073/1021 697/1076/1025
f 698/1077/1026 701/1081/1029 700/1078/1027
f 699/1080/1028 702/1083/1031 701/1081/1029
f 701/1081/1029 696/1073/1021 693/1082/1030
f 702/1083/1031 697/1076/1025 696/1073/1021
f 691/1084/1032 703/1610/1035 705/1085/1033
f 704/1086/1034 705/1085/1033 702/1083/1031
f 705/1085/1033 706/1074/1036 697/1076/1025
f 710/1087/1037 713/1090/1040 712/1088/1038
f 711/1089/1039 714/1092/1042 713/1090/1040
f 713/1090/1040 724/1093/1043 721/1091/1041
f 714/1092/1042 719/1098/1048 724/1093/1043
f 715/1094/1044 718/1097/1047 717/1095/1045
f 716/1096/1046 719/1103/1048 718/1097/1047
f 718/1097/1047 714/1092/1042 711/1089/1039
f 720/1099/1049 723/1102/1051 722/1100/1050
f 721/1091/1041 724/1093/1043 723/1102/1051
f 723/1102/1051 719/1103/1048 716/1096/1046
f 725/201/179 728/1107/2086 731/1104/1052
f 729/1106/1054 736/1115/2087 731/1104/1055
f 730/1105/1053 731/1104/1055 737/1108/1057
f 731/1104/1055 736/1115/2087 732/1110/1059
f 726/303/281 733/1113/1062 736/1111/1060
f 733/1113/1062 734/1120/1072 737/1114/1063
f 738/1116/1068 741/1119/1071 740/1117/1069
f 739/1109/1058 737/1108/1057 741/1119/1070
f 741/1119/1071 737/1114/1063 734/1120/1072
s 4
f 792/1121/1073 795/1124/1076 798/1122/1074
f 795/1124/1076 796/1134/1086 799/1125/1077
f 797/1123/1075 798/1122/1074 809/1126/1078
f 798/1122/1074 799/1125/1077 800/1128/1080
f 801/1129/1081 804/1133/1085 803/1130/1082
f 802/1132/1084 805/1135/1087 804/1133/1085
f 804/1133/1085 799/1125/1077 796/1134/1086
f 805/1135/1087 800/1128/1080 799/1125/1077
f 794/391/364 806/1850/1090 808/1136/1088
f 807/1137/1089 808/1136/1088 805/1140/1092
f 808/1136/1088 809/1139/1091 800/1142/1094
f 830/1143/475 833/1146/1097 835/1144/1095
f 833/1146/1097 840/1847/2088 836/1147/1098
f 834/1145/1096 835/1144/1095 847/1148/1099
f 835/1144/1095 836/1147/1098 837/1150/1101
f 831/1151/1102 838/1154/1105 841/1152/1103
f 838/1154/1105 839/1742/1733 842/1155/1106
f 841/1152/1103 842/1155/1106 837/1157/1108
f 843/1158/1109 846/1161/1112 845/1159/1110
f 844/1149/1100 847/1148/1099 846/1161/1112
f 846/1161/1112 842/1163/1114 839/1162/1113
f 847/1148/1099 837/1150/1101 842/1163/1114
f 898/1164/439 901/2114/1117 903/1165/1115
f 902/1166/1116 903/1165/1115 914/1169/1119
f 903/1165/1115 904/1168/1118 905/1171/1121
f 899/448/414 906/1174/1124 908/1172/1122
f 906/1174/1124 907/1179/1132 909/1175/1125
f 908/1172/1122 909/1175/1125 905/1171/1127
f 910/1176/1129 913/1178/1131 912/1177/1130
f 911/1170/1120 914/1169/1133 913/1178/1131
f 913/1178/1131 909/1175/1125 907/1179/1132
f 914/1169/1133 905/1171/1127 909/1175/1125
f 935/521/477 938/1182/1136 941/1180/1134
f 938/1182/1136 939/1191/1145 942/1183/1137
f 941/1180/1134 942/1183/1137 943/1185/1139
f 944/1186/1140 947/1190/1144 946/1187/1141
f 945/1189/1143 948/1192/1146 947/1190/1144
f 947/1190/1144 942/1183/1147 939/1191/1145
f 948/1192/1146 943/1185/1152 942/1183/1147
f 937/460/423 940/1842/1150 950/1193/1148
f 949/1194/1149 950/1193/1148 948/1192/1146
f 950/1193/1148 951/1184/2089 943/1185/1152
s 5
f 1002/1196/1153 1005/1199/1156 1008/1197/1154
f 1005/1199/1156 1006/1209/1166 1009/1200/1157
f 1007/1198/1155 1008/1197/1154 1019/1201/1158
f 1008/1197/1154 1009/1200/1157 1010/1203/1160
f 1011/1204/1161 1014/1208/1165 1013/1205/1162
f 1012/1207/1164 1015/1210/1167 1014/1208/1165
f 1014/1208/1165 1009/1200/1157 1006/1209/1166
f 1015/1210/1167 1010/1203/1160 1009/1200/1157
f 1004/1211/529 1016/2115/1170 1018/1212/1168
f 1017/1213/1169 1018/1212/1168 1015/1210/1172
f 1018/1212/1168 1019/1201/1171 1010/1203/1174
f 1040/707/637 1043/1216/1177 1045/1214/1175
f 1043/1216/1177 1050/2088/2090 1046/1217/1178
f 1044/1215/1176 1045/1214/1175 1057/1218/1179
f 1045/1214/1175 1046/1217/1178 1047/1220/1181
f 1041/1221/1182 1048/1224/1185 1051/1222/1183
f 1048/1224/1185 1049/1230/1953 1052/1225/1186
f 1051/1222/1183 1052/1225/1186 1047/1220/1188
f 1053/1226/1189 1056/1229/1192 1055/1227/1190
f 1054/1219/1180 1057/1218/1179 1056/1229/1192
f 1056/1229/1192 1052/1225/1194 1049/1230/1193
f 1057/1218/1179 1047/1220/1181 1052/1225/1194
f 1108/670/604 1117/2096/1197 1112/1231/1195
f 1111/1232/1196 1112/1231/1195 1124/1235/1199
f 1112/1231/1195 1113/1234/2091 1114/1237/1201
f 1109/637/579 1115/1240/1204 1118/1238/1202
f 1115/1240/1204 1116/1245/1211 1119/1241/1205
f 1118/1238/1202 1119/1241/1205 1114/1237/1207
f 1120/1242/1208 1123/1244/1210 1122/1243/1209
f 1121/1236/1200 1124/1235/1212 1123/1244/1210
f 1123/1244/1210 1119/1241/1205 1116/1245/1211
f 1124/1235/1212 1114/1237/1207 1119/1241/1205
f 1145/709/639 1148/1248/1215 1150/1246/1213
f 1148/1248/1215 1149/1258/1225 1151/1249/1216
f 1150/1246/1213 1151/1249/1216 1152/1251/1218
f 1153/1252/1220 1156/1256/1224 1155/1253/1221
f 1154/1255/1223 1157/1260/1226 1156/1256/1224
f 1156/1257/1224 1151/1249/1227 1149/1258/1225
f 1157/1260/1226 1152/1266/1232 1151/1261/1227
f 1147/649/588 1158/2085/1230 1160/1262/1228
f 1159/1263/1229 1160/1262/1228 1157/1260/1226
f 1160/1262/1228 1161/1265/1231 1152/1266/1232
s 1
f 222/25/23 1162/24/22 1164/1267/1233
f 225/1268/1234 1164/1267/1233 1165/1269/1235
f 224/1270/1237 1165/1269/1242 1166/1271/1238
f 1166/1273/1238 1163/141/124 221/182/162
f 1162/24/22 206/15/13 208/1275/1240
f 1164/1267/1233 208/1275/1240 209/1276/1241
f 1165/1269/1242 209/1276/1280 210/1277/1243
f 210/1278/1243 207/35/32 1163/141/124
f 1167/61/56 1169/1280/1245 230/1279/1244
f 1169/1280/1245 1170/1282/1251 229/1281/1246
f 1170/1282/1247 1171/1287/1253 228/1283/1248
f 228/1284/1248 1171/1288/1253 1168/119/107
f 211/193/171 213/1285/1250 1169/1280/1245
f 213/1285/1250 214/1286/1318 1170/1282/1251
f 214/1286/1252 215/1356/1320 1171/1287/1253
f 1171/1288/1253 215/1357/1320 212/18/16
f 1172/131/116 1174/1290/1255 205/1289/1254
f 1174/1290/1255 1175/1292/1260 204/1291/1256
f 1175/1292/1257 1176/1295/1261 203/1293/1258
f 203/1294/1258 1176/1296/1261 1173/4/4
f 222/25/23 225/1268/1234 1174/1290/1255
f 225/1268/1234 224/1270/1236 1175/1292/1260
f 224/1270/1237 223/1272/1239 1176/1295/1261
f 1176/1296/1261 223/1274/1239 221/182/162
f 217/160/141 1177/26/24 1179/1297/1262
f 220/1298/1263 1179/1297/1262 1180/1299/1264
f 219/1300/1266 1180/1299/1269 1181/1301/1267
f 1181/1303/1267 1178/23/21 216/10/9
f 1177/26/24 227/8/8 230/1279/1244
f 1179/1297/1262 230/1279/1244 229/1281/1246
f 1180/1299/1269 229/1281/1249 228/1283/1248
f 228/1284/1248 226/21/19 1178/23/21
f 232/161/142 1182/155/137 1184/1305/1270
f 235/1306/1271 1184/1305/1270 1185/1307/1272
f 234/1309/1274 1185/2116/1277 1186/1310/1275
f 1186/1310/1275 1183/12/11 231/29/26
f 1182/155/137 217/160/141 220/1298/1263
f 1184/1305/1270 220/1298/1263 219/1300/1265
f 1185/1307/1277 219/1300/1266 218/1302/1268
f 218/1304/1268 216/10/9 1183/12/11
f 206/15/13 1187/14/12 1189/1313/1278
f 208/1275/1240 1189/1313/1278 1190/1314/1279
f 209/1276/1280 1190/1314/1284 1191/1315/1281
f 1191/1316/1281 1188/33/30 207/35/32
f 1187/14/12 236/44/40 238/1317/1282
f 1189/1313/1278 238/1317/1282 239/1318/1283
f 1190/1314/1284 239/1318/1288 240/1319/1285
f 240/1320/1285 237/32/29 1188/33/30
f 236/44/40 1192/53/48 1194/1321/1286
f 238/1317/1282 1194/1321/1286 1195/1322/1287
f 239/1318/1288 1195/1322/1292 1196/1323/1289
f 1196/1324/1289 1193/30/27 237/32/29
f 1192/53/48 246/52/47 248/1325/1290
f 1194/1321/1286 248/1325/1290 249/1326/1291
f 1195/1322/1292 249/1326/1310 250/1327/1293
f 250/1328/1293 247/42/39 1193/30/27
f 242/194/172 1197/186/165 1199/1329/1294
f 245/1330/1295 1199/1329/1294 1200/1331/1296
f 244/1333/1298 1200/1336/1301 1201/1334/1299
f 1201/1334/1299 1198/37/34 241/39/36
f 1197/186/165 232/161/142 235/1306/1271
f 1199/1329/1294 235/1306/1271 234/1308/1273
f 1200/1336/1301 234/1309/1274 233/1311/1276
f 233/1311/1276 231/29/26 1198/37/34
f 1202/172/152 1204/1338/1303 273/1337/1302
f 1204/1338/1303 1205/1340/1305 272/1339/1304
f 1205/1340/1305 1206/1342/1307 271/1341/1306
f 1206/1342/1307 1203/135/118 269/1343/45
f 252/732/662 262/731/661 1204/1338/1303
f 262/731/661 255/735/665 1205/1340/1305
f 255/735/665 254/725/655 1206/1342/1307
f 254/725/655 251/722/652 1203/135/118
f 246/52/47 1207/154/136 1209/1344/1308
f 248/1325/1290 1209/1344/1308 1210/1345/1309
f 249/1326/1310 1210/1345/1312 1211/1346/1311
f 250/1328/1293 1211/1348/1311 1208/40/37
f 1207/154/136 270/170/150 273/1337/1302
f 1209/1344/1308 273/1337/1302 272/1339/1304
f 1210/1345/1312 272/1339/1304 271/1341/1306
f 271/1347/1306 269/49/45 1208/40/37
f 252/732/662 1212/171/151 1214/1349/1313
f 260/730/660 1214/1349/1313 1215/1350/1314
f 261/1351/672 1215/1353/1316 1216/1352/1315
f 266/738/668 1216/1352/1315 1213/46/42
f 1212/171/151 242/194/172 245/1330/1295
f 1214/1349/1313 245/1330/1295 244/1332/1297
f 1215/1353/1316 244/1333/1298 243/1335/1300
f 1216/1352/1315 243/1335/1300 241/39/36
f 1217/69/63 1219/1354/1317 213/1285/1250
f 1219/1354/1317 1220/1355/1322 214/1286/1318
f 1220/1355/1319 1221/1360/1324 215/1356/1320
f 215/1357/1320 1221/1361/1324 1218/164/144
f 279/130/115 281/1358/1321 1219/1354/1317
f 281/1358/1321 282/1359/1340 1220/1355/1322
f 282/1359/1323 283/1379/1342 1221/1360/1324
f 1221/1361/1324 283/1381/1342 280/58/53
f 1222/1/1 1224/1363/1326 278/1362/1325
f 1224/1363/1326 1225/1365/1331 277/1364/1327
f 1225/1365/1328 1226/1368/1332 276/1366/1329
f 276/1367/1329 1226/1369/1332 1223/54/49
f 202/3/3 205/1289/1254 1224/1363/1326
f 205/1289/1254 204/1291/1256 1225/1365/1331
f 204/1291/1259 203/1293/1258 1226/1368/1332
f 1226/1369/1332 203/1294/1258 201/16/14
f 291/757/690 1227/145/127 1229/1370/1333
f 302/755/688 1229/1370/1333 1230/1371/1334
f 303/746/679 1230/1371/1334 1231/1372/1335
f 293/742/675 1231/1372/1335 1228/120/108
f 1227/145/127 284/147/129 286/1373/1336
f 1229/1370/1333 286/1373/1336 287/1374/1337
f 1230/1371/1334 287/1374/1337 288/1375/1338
f 1231/1372/1335 288/1375/1338 285/1376/59
f 1232/146/128 1234/1377/1339 281/1358/1321
f 1234/1377/1339 1235/1378/1344 282/1359/1340
f 1235/1378/1341 1236/1382/1343 283/1379/1342
f 1236/1380/1343 1233/66/61 280/58/53
f 291/757/690 304/756/689 1234/1377/1339
f 304/756/689 298/759/692 1235/1378/1344
f 298/759/1345 297/751/684 1236/1382/1343
f 297/1383/684 290/748/681 1233/66/61
f 1237/148/130 1239/1384/1346 286/1373/1336
f 1239/1384/1346 1240/1385/1348 287/1374/1337
f 1240/1385/1347 1241/1387/1349 288/1375/1338
f 288/1386/1338 1241/1388/1349 1238/62/57
f 275/179/159 278/1362/1325 1239/1384/1346
f 278/1362/1325 277/1364/1327 1240/1385/1348
f 277/1364/1330 276/1366/1329 1241/1387/1349
f 276/1367/1329 274/56/51 1238/62/57
f 1242/144/126 1244/1390/1351 331/1389/1350
f 1244/1390/1351 1245/1392/1353 330/1391/1352
f 1245/1392/1353 1246/1394/1355 329/1393/1354
f 1246/1394/1355 1243/191/169 327/192/170
f 312/91/82 314/1395/1356 1244/1390/1351
f 314/1395/1356 315/1396/1357 1245/1392/1353
f 315/1396/1357 316/1397/1358 1246/1394/1355
f 316/1397/1358 313/190/168 1243/191/169
f 336/1399/1360 1249/1398/1359 1250/1400/1361
f 334/1403/1364 1251/1402/1363 1248/125/111
f 1247/84/75 317/88/79 319/1404/1365
f 1249/1398/1359 319/1404/1365 320/1405/1366
f 1250/1400/1361 320/1405/1366 321/1406/1367
f 1251/1402/1363 321/1406/1367 318/126/112
f 308/81/72 1252/72/65 1254/1407/1368
f 311/1408/1369 1254/1407/1368 1255/1409/1370
f 310/1410/1371 1255/1409/1370 1256/1411/1372
f 1252/72/65 328/71/64 331/1389/1350
f 1254/1407/1368 331/1389/1350 330/1391/1352
f 1255/1409/1370 330/1391/1352 329/1393/1354
f 1256/1411/1372 329/1393/1354 327/192/170
f 1257/86/77 1259/1414/1375 326/1413/1374
f 1259/1414/1375 1260/1416/1377 325/1415/1376
f 1260/1416/1377 1261/1418/1379 324/1417/1378
f 1261/1418/1379 1258/163/143 322/183/163
f 333/85/76 336/1399/1360 1259/1414/1375
f 336/1399/1360 335/1401/1362 1260/1416/1377
f 335/1401/1362 334/1403/1364 1261/1418/1379
f 334/1403/1364 332/128/114 1258/163/143
f 1262/77/69 1264/1420/1381 341/1419/1380
f 1265/1422/1383 1266/1424/1385 339/1423/1384
f 1266/1424/1385 1263/94/85 337/78/70
f 323/127/113 326/1413/1374 1264/1420/1381
f 326/1413/1374 325/1415/1376 1265/1422/1383
f 325/1415/1376 324/1417/1378 1266/1424/1385
f 324/1417/1378 322/183/163 1263/94/85
f 1267/92/83 1269/1425/1386 314/1395/1356
f 1269/1425/1386 1270/1426/1387 315/1396/1357
f 1270/1426/1387 1271/1427/1388 316/1397/1358
f 1271/1427/1388 1268/74/67 313/190/168
f 342/97/87 344/1428/1389 1269/1425/1386
f 344/1428/1389 345/1429/1390 1270/1426/1387
f 345/1429/1390 346/1430/1391 1271/1427/1388
f 346/1430/1391 343/140/123 1268/74/67
f 1272/98/88 1274/1431/1392 344/1428/1389
f 1274/1431/1392 1275/1432/1393 345/1429/1390
f 1275/1432/1393 1276/1433/1394 346/1430/1391
f 1276/1433/1394 1273/184/164 343/140/123
f 352/102/92 354/1434/1395 1274/1431/1392
f 354/1434/1395 355/1435/1396 1275/1432/1393
f 355/1435/1396 356/1436/1397 1276/1433/1394
f 356/1436/1397 353/181/161 1273/184/164
f 1277/93/84 1279/1438/1399 351/1437/1398
f 1279/1438/1399 1280/1440/1401 350/1439/1400
f 1280/1440/1401 1281/1442/1403 349/1441/1402
f 338/157/138 341/1419/1380 1279/1438/1399
f 341/1419/1380 340/1421/1382 1280/1440/1401
f 340/1421/1382 339/1423/1384 1281/1442/1403
f 339/1423/1384 337/78/70 1278/80/71
f 375/189/167 1282/2103/122 1284/1443/1404
f 378/1444/1405 1284/1443/1404 1285/1445/1406
f 377/1446/1407 1285/1445/1406 1286/1447/1408
f 376/1448/1409 1286/1447/1408 1283/174/154
f 1282/139/122 357/138/121 360/761/695
f 1284/1443/1404 360/765/695 370/767/699
f 1285/1445/1406 370/767/699 369/773/707
f 1286/1447/1408 369/773/707 359/175/155
f 1287/104/94 1289/1450/1410 354/1434/1395
f 1289/1450/1410 1290/1451/1411 355/1435/1396
f 1290/1451/1411 1291/1452/1412 356/1436/1397
f 1291/1452/1412 1288/158/139 353/181/161
f 375/189/167 378/1444/1405 1289/1450/1410
f 378/1444/1405 377/1446/1407 1290/1451/1411
f 377/1446/1407 376/1448/1409 1291/1452/1412
f 376/1448/1409 374/176/156 1288/158/139
f 1292/99/89 1294/1453/1413 364/771/703
f 1294/1453/1413 1295/1454/1414 365/776/710
f 1295/1454/1414 1296/1455/1415 371/774/708
f 1296/1455/1415 1293/173/153 359/175/155
f 351/1437/1398 350/1439/1400 1295/1454/1414
f 350/1439/1400 349/1441/1402 1296/1455/1415
f 319/1404/1365 1299/1456/1416 1300/1457/1417
f 320/1405/1366 1300/1457/1417 1301/1458/1418
f 321/1406/1367 1301/1458/1418 1298/168/148
f 1297/109/97 384/110/98 386/1459/1419
f 1299/1456/1416 386/1459/1419 387/1460/1420
f 1300/1457/1417 387/1460/1420 388/1461/1421
f 380/111/99 1302/82/73 1304/1462/1422
f 383/1463/1423 1304/1462/1422 1305/1464/1424
f 382/1465/1425 1305/1464/1424 1306/1466/1426
f 381/1467/1427 1306/1466/1426 1303/115/103
f 1302/82/73 308/81/72 311/1408/1369
f 1304/1462/1422 311/1408/1369 310/1410/1371
f 1305/1464/1424 310/1410/1371 309/1412/1373
f 1306/1466/1426 309/1412/1373 307/106/96
f 1307/124/110 1309/2117/1428 397/1468/714
f 1309/1469/1428 1310/1470/1429 398/790/724
f 1310/1470/1429 1311/1471/1430 404/786/720
f 1311/1471/1430 1308/152/134 395/787/721
f 389/118/106 391/1473/1431 1309/1469/1428
f 391/1473/1431 392/1474/1432 1310/1470/1429
f 392/1474/1432 393/1475/1433 1311/1471/1430
f 393/1475/1433 390/149/131 1308/152/134
f 384/110/98 1312/116/104 1314/1476/1434
f 386/1459/1419 1314/1476/1434 1315/1477/1435
f 388/1461/1421 1316/1478/1436 1313/151/133
f 1312/116/104 396/117/105 408/793/728
f 1315/1477/1435 403/788/722 402/785/719
f 1316/1478/1436 402/785/719 395/787/721
f 389/118/106 1317/112/100 1319/1479/1437
f 391/1473/1431 1319/1479/1437 1320/1480/1438
f 392/1474/1432 1320/1480/1438 1321/1481/1439
f 393/1475/1433 1321/1481/1439 1318/150/132
f 1317/112/100 380/111/99 383/1463/1423
f 1319/1479/1437 383/1463/1423 382/1465/1425
f 1320/1480/1438 382/1465/1425 381/1467/1427
f 1321/1481/1439 381/1467/1427 379/114/102
f 396/117/105 1322/67/62 1324/1482/1440
f 407/778/1441 1324/1486/1446 1323/177/157
f 1322/67/62 290/748/681 299/750/1443
f 1324/1486/1446 292/743/2092 289/178/158
f 253/48/44 1325/47/43 1327/1487/1447
f 1327/1489/1451 1326/136/119 251/722/652
f 1325/47/43 358/105/95 366/770/702
f 366/1490/1453 357/138/2093 1326/136/119
s 2
f 532/260/238 1328/259/237 1330/1491/1454
f 543/929/869 1330/1491/1454 1331/1492/1455
f 1331/1492/1455 1332/1493/1456 534/917/856
f 1332/1493/1456 1329/261/239 200/243/221
f 1328/259/237 547/275/253 552/934/875
f 1330/1491/1454 552/934/875 562/937/878
f 562/937/878 561/945/886 1332/1493/1456
f 561/945/886 549/301/279 1329/261/239
f 1333/253/231 1335/1494/1457 556/940/881
f 1335/1494/1457 1336/1496/1459 557/942/883
f 557/942/883 1336/1496/1459 1337/1495/1458
f 563/946/887 1337/1495/1458 1334/240/218
f 566/231/209 571/950/891 1335/1494/1457
f 571/950/891 581/953/894 1336/1496/1459
f 1336/1496/1459 581/953/894 580/962/904
f 1337/1495/1458 580/962/904 568/269/247
s 3
f 1338/1497/266 1340/1498/1460 575/959/899
f 1340/1498/1460 1341/1500/1463 576/965/1461
s 2
f 1341/1499/1462 1339/242/220 568/269/247
s 3
f 1338/1497/266 531/923/268 540/925/863
f 1340/1498/1460 540/925/863 1820/918/867
s 2
f 1341/1499/1462 533/919/858 200/243/1464
f 515/299/277 1342/296/274 1344/1501/1465
f 527/912/850 1344/1501/1465 1345/1502/1466
f 1345/1502/1466 1346/1503/1467 518/900/837
f 1346/1503/1467 1343/274/252 513/280/258
f 1342/296/274 548/254/232 558/941/882
f 1344/1501/1465 558/941/882 551/935/876
f 551/935/876 550/933/874 1346/1503/1467
s 3
f 1351/1508/229 1353/1509/1472 522/909/845
f 1353/1509/1472 1354/1511/1475 523/915/1473
s 2
f 1354/1510/1474 1352/230/208 515/299/277
s 3
f 1351/1508/229 567/956/278 577/958/898
f 1353/1509/1472 577/958/898 570/951/902
s 2
f 1354/1510/1474 569/949/890 566/231/209
f 438/818/1477 1357/1512/1476 1358/1513/1478
f 441/1516/1481 1359/1515/1480 1356/246/224
f 416/796/733 424/799/736 1358/1513/1478
f 423/808/744 413/244/222 1356/246/224
f 1362/1518/1483 423/809/744 420/805/742
f 1364/1520/1487 419/802/739 412/804/741
f 1365/315/293 1367/1522/1488 441/1521/1481
f 1368/1523/1490 1369/1524/1491 444/825/764
f 1365/315/293 447/216/194 453/1525/1482
f 1367/1522/1488 453/1525/1482 452/1526/1492
f 1369/1524/1491 451/836/1493 446/247/225
f 465/851/791 1370/298/276 1372/1527/1494
f 468/849/789 1372/1527/1494 1373/1528/1495
f 469/852/792 1373/1528/1495 1374/1529/1496
f 473/860/799 1374/1529/1496 1371/278/256
f 426/219/197 430/811/1497 1372/1527/1494
f 430/811/1497 1816/813/1498 1373/1528/1495
f 1816/813/1498 434/1530/1499 1374/1529/1496
f 434/1530/1499 428/276/254 1371/278/256
f 480/272/250 1375/262/240 1377/1531/1500
f 483/864/1501 1377/1531/1500 1378/1532/1502
f 1815/1533/1503 1378/1532/1502 1379/1534/1504
f 485/1535/1505 1379/1534/1504 1376/336/314
f 467/264/242 478/862/801 1377/1531/1500
f 478/862/801 474/857/797 1378/1532/1502
f 474/857/797 473/859/799 1379/1534/1504
f 473/859/799 466/320/298 1376/336/314
f 1380/208/186 1382/1537/1506 485/1536/1505
f 1382/1537/1506 1383/1538/1508 1815/871/1507
f 1383/1538/1508 1384/1539/1510 488/869/1509
f 1384/1539/1510 1381/267/245 482/270/248
f 1380/208/186 428/276/254 434/1540/1499
f 1382/1537/1506 434/1540/1499 433/816/1511
f 1383/1538/1508 433/816/1511 432/817/1512
f 1384/1539/1510 432/817/1512 427/265/243
f 1385/256/234 1387/1542/1514 463/1541/1513
f 1387/1542/1514 1388/1543/1516 1818/843/1515
f 1388/1543/1516 1389/1544/1517 459/839/778
f 1389/1544/1517 1386/293/271 455/341/319
f 1385/256/234 490/279/257 496/882/819
f 1387/1542/1514 496/882/819 493/875/812
f 1388/1543/1516 493/875/812 492/872/809
f 1389/1544/1517 492/872/809 489/874/811
f 1390/326/304 1392/1545/1518 496/879/819
f 1392/1545/1518 1393/1546/1524 498/886/1519
f 1393/1546/1520 1394/1547/1521 501/884/821
f 1394/1547/1521 1391/200/178 491/284/262
f 1390/326/304 504/327/305 509/1548/1522
f 1392/1545/1518 509/1548/1522 1819/1549/1523
f 1393/1546/1520 1819/1549/2094 506/887/824
f 1394/1547/1521 506/887/824 503/198/176
f 1395/340/318 1397/1551/1525 509/1550/1522
f 1397/1551/1525 1398/1552/1527 510/897/1526
f 1398/1552/1527 1399/1553/1528 512/894/831
f 1399/1553/1528 1396/285/263 505/291/269
f 1395/340/318 457/195/173 463/1554/1513
f 1397/1551/1525 463/1554/1513 464/1555/1529
f 1398/1552/1527 464/1555/1529 462/847/784
f 1399/1553/1528 462/847/784 456/844/783
f 586/981/311 1400/1559/310 1402/1556/1530
f 597/979/925 1402/1556/1530 1403/1557/1531
f 598/972/916 1403/1557/1531 1404/1558/1532
f 1407/1560/1533 1408/1561/1534 623/1013/959
f 1408/1561/1534 1409/1562/1535 629/1009/955
f 1409/1562/1535 1406/1563/200 620/1010/202
f 610/994/939 609/991/937 1409/1562/1535
f 609/991/937 602/993/312 1406/1563/200
f 1410/309/287 1412/1564/1536 592/976/920
f 1412/1564/1536 1413/1565/1537 593/983/929
f 1413/1565/1537 1414/1566/1538 599/980/926
f 1414/1566/1538 1411/1567/201 586/981/311
f 1410/309/287 621/1014/960 634/1016/962
f 1412/1564/1536 634/1016/962 628/1011/956
f 1413/1565/1537 628/1011/956 627/1008/954
f 1414/1566/1538 627/1008/954 620/1010/202
f 1415/1568/301 1417/1569/1539 649/1032/979
f 1417/1569/1539 1418/1570/1540 650/1024/971
f 1418/1570/1540 1419/1571/1541 641/1020/967
f 1419/1571/1541 1416/226/204 636/1021/968
f 655/1046/303 664/1045/992 1417/1569/1539
f 664/1045/992 658/1049/996 1418/1570/1540
f 658/1049/996 657/1039/984 1419/1571/1541
f 657/1039/984 654/339/317 1416/226/204
f 673/1067/316 1420/1575/315 1422/1572/1542
f 684/1065/1014 1422/1572/1542 1423/1573/1543
f 685/1059/1007 1423/1573/1543 1424/1574/1544
f 675/1055/1003 1424/1574/1544 1421/213/191
f 1420/1575/315 638/1034/299 651/1033/980
f 1422/1572/1542 651/1033/980 645/1029/976
f 1423/1573/1543 645/1029/976 644/1027/974
f 1424/1574/1544 644/1027/974 637/312/290
f 1425/311/289 1427/1576/1545 679/1063/1011
f 1427/1576/1545 1428/1577/1546 680/1069/1017
f 1428/1577/1546 1429/1578/1547 686/1066/1015
f 1429/1578/1547 1426/1579/302 673/1067/316
f 1425/311/289 656/310/288 669/1051/998
f 1427/1576/1545 669/1051/998 663/1047/993
f 1428/1577/1546 663/1047/993 662/1044/991
f 1429/1578/1547 662/1044/991 655/1046/303
f 1430/331/309 1432/1580/1548 692/1072/1020
f 1432/1580/1548 1433/1581/1549 693/1082/1030
f 1433/1581/1549 1434/1582/1550 700/1078/1027
f 1434/1582/1550 1431/1583/183 690/1079/193
f 707/330/308 712/1088/1038 1432/1580/1548
f 712/1088/1038 721/1091/1041 1433/1581/1549
f 721/1091/1041 720/1099/1049 1434/1582/1550
f 720/1099/1049 709/1101/181 1431/1583/183
f 708/302/280 1435/202/180 1437/1584/1551
f 715/1094/1044 1437/1584/1551 1438/1585/1552
f 716/1096/1046 1438/1585/1552 1439/1586/1553
f 722/1100/1050 1439/1586/1553 1436/1587/306
f 1435/202/180 725/201/179 730/1105/1053
f 1437/1584/1551 730/1105/1053 739/1109/1058
f 1438/1585/1552 739/1109/1058 738/1116/1068
f 1439/1586/1553 738/1116/1068 727/1118/307
f 1440/304/282 1442/1588/1554 733/1113/1062
f 1442/1588/1554 1443/1589/1555 734/1120/1072
f 1443/1589/1555 1444/1590/1556 740/1117/1069
f 1444/1590/1556 1441/1591/192 727/1118/307
f 1440/304/282 691/1084/1032 704/1086/1034
f 1442/1588/1554 704/1086/1034 699/1080/1028
f 1443/1589/1555 699/1080/1028 698/1077/1026
f 1444/1590/1556 698/1077/1026 690/1079/193
f 411/167/147 1445/166/146 1447/1592/1557
f 1447/1592/1557 1448/1593/1559 415/797/1558
f 1448/1593/1559 1449/1594/1560 421/803/740
f 1449/1594/1560 1446/237/215 412/804/741
f 1445/166/146 601/319/297 606/985/931
f 1447/1592/1557 606/985/931 615/988/934
f 615/988/934 614/998/942 1449/1594/1560
f 614/998/942 603/305/283 1446/237/215
f 621/1014/960 1450/308/286 1452/1595/1561
s 28
f 633/1005/1564 1452/1596/1568 1453/1597/1565
s 2
f 1453/1597/1567 1451/317/295 619/318/296
f 446/247/225 448/835/2095 1452/1595/1561
f 1453/1597/1567 448/830/2096 445/316/294
f 426/219/197 1454/221/199 1456/1598/1570
f 1457/1600/1575 1455/1601/1580 427/265/243
f 654/339/317 659/1038/983 1456/1598/1570
s 29
f 1456/1598/1573 659/1038/2097 668/1041/1577
s 2
f 1457/1600/1575 667/1052/1579 656/310/288
f 1458/1602/1581 1460/1605/1585 674/1056/1582
f 681/1062/1010 1460/1606/1586 1459/271/249
f 480/272/250 487/865/2098 1460/1605/1585
f 1460/1606/1586 487/868/2099 482/270/248
f 1461/283/261 1463/1608/1589 499/883/820
f 499/883/820 1463/1608/1589 1464/1607/1587
f 1464/1607/1587 1465/1609/1590 494/873/810
f 494/873/810 1465/1609/1590 1462/294/272
f 708/302/280 717/1095/1045 1463/1608/1589
f 1463/1608/1589 717/1095/1045 711/1089/1039
f 711/1089/1039 710/1087/1037 1465/1609/1590
f 1465/1609/1590 710/1087/1037 707/330/308
f 1466/286/264 1468/1612/1593 703/1610/1035
f 703/1075/1024 1468/1613/1594 1469/1611/1591
f 1469/1611/1592 1467/342/320 689/343/321
f 456/844/783 461/846/785 1468/1612/1593
f 1468/1613/1594 461/840/2100 458/838/1595
f 458/838/1596 455/341/319 1467/342/320
f 584/966/909 1470/281/259 1472/1614/1597
s 30
f 1472/1614/1599 1473/1616/1606 588/969/1600
s 2
f 1473/1615/1603 1471/234/212 585/307/285
f 1470/281/259 435/209/187 439/819/1604
s 30
f 1472/1614/1599 439/819/1605 443/823/1605
s 2
f 1473/1615/1603 443/824/763 437/235/213
f 467/264/242 1474/263/241 1476/1617/1607
f 1476/1617/1607 1477/1618/1609 477/854/1608
f 1477/1618/1609 1478/1619/1610 470/850/790
f 470/850/790 1478/1619/1610 1475/225/203
f 637/312/290 646/1028/975 1476/1617/1607
f 646/1028/975 640/1022/969 1477/1618/1609
f 640/1022/969 639/1019/966 1478/1619/1610
f 1478/1619/1610 639/1019/966 636/1021/968
f 505/291/269 1479/292/270 1481/1620/1611
s 31
f 511/892/1612 1481/1622/1618 1482/1621/1613
s 2
f 1482/1621/1614 1480/1623/1619 503/198/176
f 726/303/281 735/1112/1061 1481/1620/1611
s 31
f 729/1106/1617 728/1107/2101 1482/1621/1613
s 2
f 1482/1621/1614 728/1107/2086 725/201/179
s 4
f 763/368/343 1483/367/342 1485/1624/1620
f 766/1625/1621 1485/1624/1620 1486/1626/1622
f 765/1628/1624 1486/1633/1629 1487/1629/1625
f 1487/1629/1625 1484/482/442 762/523/479
f 1483/367/342 747/358/333 749/1631/1627
f 1485/1624/1620 749/1631/1627 750/1632/1628
f 1486/1633/1629 750/2118/1667 751/1634/1630
f 751/1634/1630 748/378/352 1484/482/442
f 1488/404/376 1490/1641/1632 771/1635/1631
f 1490/1636/1632 1491/1639/1638 770/1637/1633
f 1491/1639/1634 1492/1644/1640 769/1640/1635
f 769/1640/1635 1492/1644/1640 1489/462/425
f 752/534/488 754/1711/1637 1490/1641/1632
f 754/1642/1637 755/1643/1706 1491/1639/1638
f 755/1643/1639 756/1714/1708 1492/1644/1640
f 1492/1644/1640 756/1714/1708 753/361/336
f 1493/472/434 1495/1646/1642 746/1645/1641
f 1495/1646/1642 1496/1651/1647 745/1647/1643
f 1496/1648/1644 1497/1652/1648 744/1649/1645
f 744/1649/1645 1497/1652/1648 1494/347/325
f 763/368/343 766/1625/1621 1495/1646/1642
f 766/1625/1621 765/1627/1623 1496/1651/1647
f 765/1628/1624 764/1630/1626 1497/1652/1648
f 1497/1652/1648 764/1630/1626 762/523/479
f 758/501/458 1498/369/344 1500/1653/1649
f 761/1655/1650 1500/1660/1649 1501/1656/1651
f 760/1657/1653 1501/1656/1656 1502/1658/1654
f 1502/1658/1654 1499/366/341 757/353/329
f 1498/369/344 768/351/328 771/1635/1631
f 1500/1660/1649 771/1638/1631 770/1637/1633
f 1501/1656/1656 770/1637/1636 769/1640/1635
f 769/1640/1635 767/364/339 1499/366/341
f 773/502/459 1503/496/454 1505/1661/1657
f 776/1663/1658 1505/1668/1657 1506/1664/1659
f 775/1665/1661 1506/1664/1664 1507/1666/1662
f 1507/1666/1662 1504/355/331 772/372/346
f 1503/496/454 758/501/458 761/1654/1650
f 1505/1668/1657 761/1655/1650 760/1657/1652
f 1506/1664/1664 760/1657/1653 759/1659/1655
f 759/1659/1655 757/353/329 1504/355/331
f 747/358/333 1508/357/332 1510/1669/1665
f 749/1631/1627 1510/1669/1665 1511/1670/1666
f 750/1632/1667 1511/1670/1671 1512/1671/1668
f 1512/1673/1668 1509/376/350 748/378/352
f 1508/357/332 777/387/360 779/1674/1669
f 1510/1669/1665 779/1674/1669 780/1675/1670
f 1511/1670/1671 780/1675/1675 781/1676/1672
f 781/1677/1672 778/375/349 1509/376/350
f 777/387/360 1513/396/368 1515/1678/1673
f 779/1674/1669 1515/1678/1673 1516/1679/1674
f 780/1675/1675 1516/1679/1679 1517/1680/1676
f 1517/1681/1676 1514/373/347 778/375/349
f 1513/396/368 787/395/367 789/1682/1677
f 1515/1678/1673 789/1682/1677 790/1683/1678
f 1516/1679/1679 790/1683/1697 791/1684/1680
f 791/1685/1680 788/385/359 1514/373/347
f 783/535/489 1518/527/482 1520/1686/1681
f 786/1687/1682 1520/1686/1681 1521/1688/1683
f 785/1690/1685 1521/1694/1688 1522/1691/1686
f 1522/1691/1686 1519/380/354 782/382/356
f 1518/527/482 773/502/459 776/1662/1658
f 1520/1686/1681 776/1662/1658 775/1693/1660
f 1521/1694/1688 775/1665/1661 774/1667/1663
f 774/1667/1663 772/372/346 1519/380/354
f 1523/513/469 1525/1696/1690 814/1695/1689
f 1525/1696/1690 1526/1698/1692 813/1697/1691
f 1526/1698/1692 1527/1700/1694 812/1699/1693
f 1527/1700/1694 1524/476/436 810/1701/365
f 793/1131/1083 803/1130/1082 1525/1696/1690
f 803/1130/1082 796/1134/1086 1526/1698/1692
f 796/1134/1086 795/1124/1076 1527/1700/1694
f 795/1124/1076 792/1121/1073 1524/476/436
f 787/395/367 1528/495/453 1530/1702/1695
f 789/1682/1677 1530/1702/1699 1531/1703/1696
f 790/1683/1697 1531/1703/1700 1532/1704/1698
f 791/1685/1680 1532/1706/1698 1529/383/357
f 1528/495/453 811/511/467 814/1695/1689
f 1530/1702/1699 814/1695/1689 813/1697/1691
f 1531/1703/1700 813/1697/1691 812/1699/1693
f 812/1705/1693 810/392/365 1529/383/357
f 793/1131/1083 1533/512/468 1535/1707/1701
f 801/1129/1081 1535/1707/1701 1536/1708/1702
f 802/1141/1093 1536/1710/1704 1537/1709/1703
f 807/1137/1089 1537/1709/1703 1534/389/362
f 1533/512/468 783/535/489 786/1687/1682
f 1535/1707/1701 786/1687/1682 785/1689/1684
f 1536/1710/1704 785/1690/1685 784/1692/1687
f 1537/1709/1703 784/1692/1687 782/382/356
f 1538/412/383 1540/1715/1705 754/1711/1637
f 1540/1712/1705 1541/1713/1710 755/1643/1706
f 1541/1713/1707 1542/1718/1712 756/1714/1708
f 756/1714/1708 1542/1718/1712 1539/505/461
f 820/471/433 822/1735/1709 1540/1715/1705
f 822/1716/1709 823/1717/1728 1541/1713/1710
f 823/1717/1711 824/1738/1730 1542/1718/1712
f 1542/1718/1712 824/1738/1730 821/401/373
f 1543/344/322 1545/1720/1714 819/1719/1713
f 1545/1720/1714 1546/1725/1719 818/1721/1715
f 1546/1722/1716 1547/1726/1720 817/1723/1717
f 817/1723/1717 1547/1726/1720 1544/397/369
f 743/346/324 746/1645/1641 1545/1720/1714
f 746/1645/1641 745/1647/1643 1546/1725/1719
f 745/1650/1646 744/1649/1645 1547/1726/1720
f 1547/1726/1720 744/1649/1645 742/359/334
f 832/1160/1111 1548/486/445 1550/1727/1721
f 843/1158/1109 1550/1727/1721 1551/1728/1722
f 844/1149/1100 1551/1728/1722 1552/1729/1723
f 834/1145/1096 1552/1729/1723 1549/1730/426
f 1548/486/445 825/488/447 827/1731/1724
f 1550/1727/1721 827/1731/1724 828/1732/1725
f 1551/1728/1722 828/1732/1725 829/1733/1726
f 1552/1734/1723 829/1745/1726 826/407/379
f 1553/487/446 1555/1740/1727 822/1735/1709
f 1555/1736/1727 1556/1737/1732 823/1717/1728
f 1556/1737/1729 1557/1739/1731 824/1738/1730
f 1557/1739/1731 1554/409/381 821/401/373
f 832/1160/1111 845/1159/1110 1555/1740/1727
f 845/1741/1110 839/1742/1113 1556/1737/1732
f 839/1742/1733 838/1154/1105 1557/1739/1731
f 838/1154/1105 831/1151/1102 1554/409/381
f 1558/489/448 1560/1743/1734 827/1731/1724
f 1560/1743/1734 1561/1747/1736 828/1732/1725
f 1561/1744/1735 1562/1748/1737 829/1745/1726
f 829/1745/1726 1562/1748/1737 1559/405/377
f 816/520/476 819/1719/1713 1560/1743/1734
f 819/1719/1713 818/1721/1715 1561/1747/1736
f 818/1724/1718 817/1723/1717 1562/1748/1737
f 817/1723/1717 815/399/371 1559/405/377
f 1563/485/444 1565/1750/1739 872/1749/1738
f 1565/1750/1739 1566/1752/1741 871/1751/1740
f 1566/1752/1741 1567/1754/1743 870/1753/1742
f 1567/1754/1743 1564/532/486 868/533/487
f 853/434/402 855/1755/1744 1565/1750/1739
f 855/1755/1744 856/1756/1745 1566/1752/1741
f 856/1756/1745 857/1757/1746 1567/1754/1743
f 857/1757/1746 854/531/485 1564/532/486
f 874/428/396 1568/427/395 1570/1758/1747
f 877/1759/1748 1570/1758/1747 1571/1760/1749
f 876/1761/1750 1571/1760/1749 1572/1762/1751
f 875/1763/1752 1572/1762/1751 1569/466/429
f 1568/427/395 858/431/399 860/1764/1753
f 1570/1758/1747 860/1764/1753 861/1765/1754
f 1571/1760/1749 861/1765/1754 862/1766/1755
f 1572/1762/1751 862/1766/1755 859/467/430
f 849/424/392 1573/415/385 1575/1767/1756
f 852/1768/1757 1575/1767/1756 1576/1769/1758
f 851/1770/1759 1576/1769/1758 1577/1771/1760
f 850/1772/1761 1577/1771/1760 1574/483/443
f 1573/415/385 869/414/384 872/1749/1738
f 1575/1767/1756 872/1749/1738 871/1751/1740
f 1576/1769/1758 871/1751/1740 870/1753/1742
f 1577/1771/1760 870/1753/1742 868/533/487
f 1578/429/397 1580/1774/1763 867/1773/1762
f 1580/1774/1763 1581/1776/1765 866/1775/1764
f 1581/1776/1765 1582/1778/1767 865/1777/1766
f 1582/1778/1767 1579/504/460 863/524/480
f 874/428/396 877/1759/1748 1580/1774/1763
f 877/1759/1748 876/1761/1750 1581/1776/1765
f 876/1761/1750 875/1763/1752 1582/1778/1767
f 875/1763/1752 873/469/432 1579/504/460
f 1583/420/389 1585/1780/1769 882/1779/1768
f 1585/1780/1769 1586/1782/1771 881/1781/1770
f 1586/1782/1771 1587/1784/1773 880/1783/1772
f 1587/1784/1773 1584/437/405 878/421/390
f 864/468/431 867/1773/1762 1585/1780/1769
f 867/1773/1762 866/1775/1764 1586/1782/1771
f 866/1775/1764 865/1777/1766 1587/1784/1773
f 865/1777/1766 863/524/480 1584/437/405
f 1588/435/403 1590/1785/1774 855/1755/1744
f 1590/1785/1774 1591/1786/1775 856/1756/1745
f 1591/1786/1775 1592/1787/1776 857/1757/1746
f 1592/1787/1776 1589/417/387 854/531/485
f 883/440/407 885/1788/1777 1590/1785/1774
f 885/1788/1777 886/1789/1778 1591/1786/1775
f 886/1789/1778 887/1790/1779 1592/1787/1776
f 887/1790/1779 884/481/441 1589/417/387
f 1593/441/408 1595/1791/1780 885/1788/1777
f 1595/1791/1780 1596/1792/1781 886/1789/1778
f 1596/1792/1781 1597/1793/1782 887/1790/1779
f 1597/1793/1782 1594/525/481 884/481/441
f 893/445/411 895/1794/1783 1595/1791/1780
f 895/1794/1783 896/1795/1784 1596/1792/1781
f 896/1795/1784 897/1796/1785 1597/1793/1782
f 897/1796/1785 894/522/478 1594/525/481
f 1598/436/404 1600/1798/1787 892/1797/1786
f 1600/1798/1787 1601/1800/1789 891/1799/1788
f 1601/1800/1789 1602/1802/1791 890/1801/1790
f 1602/1802/1791 1599/423/391 888/444/410
f 879/498/455 882/1779/1768 1600/1798/1787
f 882/1779/1768 881/1781/1770 1601/1800/1789
f 881/1781/1770 880/1783/1772 1602/1802/1791
f 880/1783/1772 878/421/390 1599/423/391
f 916/530/484 1603/2104/440 1605/1803/1792
f 919/1804/1793 1605/1803/1792 1606/1805/1794
f 918/1806/1795 1606/1805/1794 1607/1807/1796
f 917/1808/1797 1607/1807/1796 1604/515/471
f 1603/480/440 898/479/439 902/1809/1116
f 1605/1803/1792 902/1166/1116 911/1170/1120
f 1606/1805/1794 911/1170/1120 910/1176/1129
f 1607/1807/1796 910/1176/1129 900/516/472
f 1608/447/413 1610/1811/1798 895/1794/1783
f 1610/1811/1798 1611/1812/1799 896/1795/1784
f 1611/1812/1799 1612/1813/1800 897/1796/1785
f 1612/1813/1800 1609/499/456 894/522/478
f 916/530/484 919/1804/1793 1610/1811/1798
f 919/1804/1793 918/1806/1795 1611/1812/1799
f 918/1806/1795 917/1808/1797 1612/1813/1800
f 917/1808/1797 915/517/473 1609/499/456
f 1613/442/409 1615/1814/1801 906/1174/1124
f 1615/1814/1801 1616/1815/1802 907/1179/1132
f 1616/1815/1802 1617/1816/1803 912/1177/1130
f 1617/1816/1803 1614/514/470 900/516/472
f 889/528/483 892/1797/1786 1615/1814/1801
f 892/1797/1786 891/1799/1788 1616/1815/1802
f 891/1799/1788 890/1801/1790 1617/1816/1803
f 890/1801/1790 888/444/410 1614/514/470
f 858/431/399 1618/452/416 1620/1817/1804
f 860/1764/1753 1620/1817/1804 1621/1818/1805
f 861/1765/1754 1621/1818/1805 1622/1819/1806
f 862/1766/1755 1622/1819/1806 1619/509/465
f 1618/452/416 925/453/417 927/1820/1807
f 1620/1817/1804 927/1820/1807 928/1821/1808
f 1621/1818/1805 928/1821/1808 929/1822/1809
f 1622/1819/1806 929/1822/1809 926/473/435
f 921/454/418 1623/425/393 1625/1823/1810
f 924/1824/1811 1625/1823/1810 1626/1825/1812
f 923/1826/1813 1626/1825/1812 1627/1827/1814
f 922/1828/1815 1627/1827/1814 1624/458/421
f 1623/425/393 849/424/392 852/1768/1757
f 1625/1823/1810 852/1768/1757 851/1770/1759
f 1626/1825/1812 851/1770/1759 850/1772/1761
f 1627/1827/1814 850/1772/1761 848/449/415
f 1628/465/428 1630/1829/1816 938/1182/1136
f 1630/1829/1816 1631/1830/1817 939/1191/1145
f 1631/1830/1817 1632/1831/1818 946/1187/1141
f 1632/1831/1818 1629/493/452 936/1188/1142
f 930/461/424 932/1832/1819 1630/1829/1816
f 932/1832/1819 933/1833/1820 1631/1830/1817
f 933/1833/1820 934/1834/1821 1632/1831/1818
f 934/1834/1821 931/490/449 1629/493/452
f 925/453/417 1633/459/422 1635/1835/1822
f 927/1820/1807 1635/1835/1822 1636/1836/1823
f 928/1821/1808 1636/1836/1823 1637/1837/1824
f 929/1822/1809 1637/1837/1824 1634/492/451
f 1633/459/422 937/460/423 949/1194/1149
f 1635/1835/1822 949/1194/1149 945/1189/1143
f 1636/1836/1823 945/1189/1143 944/1186/1140
f 1637/1837/1824 944/1186/1140 936/1188/1142
f 930/461/424 1638/455/419 1640/1838/1825
f 932/1832/1819 1640/1838/1825 1641/1839/1826
f 933/1833/1820 1641/1839/1826 1642/1840/1827
f 934/1834/1821 1642/1840/1827 1639/491/450
f 1638/455/419 921/454/418 924/1824/1811
f 1640/1838/1825 924/1824/1811 923/1826/1813
f 1641/1839/1826 923/1826/1813 922/1828/1815
f 1642/1840/1827 922/1828/1815 920/457/420
f 937/460/423 1643/410/382 1645/1841/1828
f 940/1843/1135 1645/1848/1832 1644/1844/474
f 1643/410/382 831/1151/1102 840/1153/1829
f 1645/1848/1832 833/1146/2102 830/1143/475
f 794/391/364 1646/390/363 1648/1849/1833
f 1648/1853/1838 1647/477/437 792/1121/1073
f 899/448/414 901/1173/1123 1648/1849/1833
f 901/1854/1117 898/479/439 1647/477/437
s 5
f 973/557/508 1649/556/507 1651/1855/1840
f 976/1857/1841 1651/1863/1840 1652/1858/1842
f 975/1859/1844 1652/1858/1849 1653/1860/1845
f 1653/1860/1845 1650/673/607 972/711/641
f 1649/556/507 957/547/498 959/1862/1847
f 1651/1863/1840 959/1901/1847 960/1864/1848
f 1652/1858/1849 960/1864/1887 961/1865/1850
f 961/1865/1850 958/567/517 1650/673/607
f 1654/593/541 1656/1867/1852 981/1866/1851
f 1656/1867/1852 1657/1869/1858 980/1868/1853
f 1657/1869/1854 1658/1874/1860 979/1870/1855
f 979/1871/1855 1658/1875/1860 1655/651/590
f 962/720/650 964/1872/1857 1656/1867/1852
f 964/1872/1857 965/1873/1926 1657/1869/1858
f 965/1873/1859 966/1944/1928 1658/1874/1860
f 1658/1875/1860 966/1945/1928 963/550/501
f 1659/663/599 1661/1882/1862 956/1876/1861
f 1661/1877/1862 1662/1880/1867 955/1878/1863
f 1662/1880/1864 1663/1883/1868 954/1881/1865
f 954/1881/1865 1663/1883/1868 1660/536/490
f 973/557/508 976/1856/1841 1661/1882/1862
f 976/1857/1841 975/1859/1843 1662/1880/1867
f 975/1859/1844 974/1861/1846 1663/1883/1868
f 1663/1883/1868 974/1861/1846 972/711/641
f 968/692/623 1664/558/509 1666/1884/1869
f 971/1885/1870 1666/1884/1869 1667/1886/1871
f 970/1887/1873 1667/1886/1876 1668/1888/1874
f 1668/1890/1874 1665/555/506 967/542/494
f 1664/558/509 978/540/493 981/1866/1851
f 1666/1884/1869 981/1866/1851 980/1868/1853
f 1667/1886/1876 980/1868/1856 979/1870/1855
f 979/1871/1855 977/553/504 1665/555/506
f 983/693/624 1669/687/619 1671/1892/1877
f 986/1893/1878 1671/1892/1877 1672/1894/1879
f 985/1895/1881 1672/1894/1884 1673/1896/1882
f 1673/1898/1882 1670/544/496 982/561/511
f 1669/687/619 968/692/623 971/1885/1870
f 1671/1892/1877 971/1885/1870 970/1887/1872
f 1672/1894/1884 970/1887/1873 969/1889/1875
f 969/1891/1875 967/542/494 1670/544/496
f 957/547/498 1674/546/497 1676/1900/1885
f 959/1901/1847 1676/1905/1885 1677/1902/1886
f 960/1864/1887 1677/1902/1891 1678/1903/1888
f 1678/1903/1888 1675/565/515 958/567/517
f 1674/546/497 987/576/525 989/1904/1889
f 1676/1905/1885 989/1909/1889 990/1906/1890
f 1677/1902/1891 990/1906/1895 991/1907/1892
f 991/1907/1892 988/564/514 1675/565/515
f 987/576/525 1679/585/533 1681/1908/1893
f 989/1909/1889 1681/2119/1893 1682/1910/1894
f 990/1906/1895 1682/1910/1899 1683/1911/1896
f 1683/1911/1896 1680/562/512 988/564/514
f 1679/585/533 997/584/532 999/1912/1897
f 1681/1908/1893 999/1912/1897 1000/1913/1898
f 1682/1910/1899 1000/1935/1917 1001/1915/1900
f 1001/1915/1900 998/574/524 1680/562/512
f 993/721/651 1684/714/644 1686/1916/1901
f 996/1917/1902 1686/1916/1901 1687/1918/1903
f 995/1919/1905 1687/1918/1908 1688/1920/1906
f 1688/1920/1906 1685/1923/519 992/1922/521
f 1684/714/644 983/693/624 986/1893/1878
f 1686/1916/1901 986/1893/1878 985/1895/1880
f 1687/1918/1908 985/1895/1881 984/1897/1883
f 984/1897/1883 982/2120/511 1685/1923/519
f 1689/701/631 1691/1925/1910 1024/1924/1909
f 1691/1925/1910 1692/1927/1912 1023/1926/1911
f 1692/1927/1912 1693/1931/1914 1022/1928/1913
f 1693/1929/1914 1690/667/601 1020/581/530
f 1003/1206/1163 1013/1205/1162 1691/1925/1910
f 1013/1205/1162 1006/1209/1166 1692/1927/1912
f 1006/1209/1166 1005/1199/1156 1693/1931/1914
f 1005/1932/1156 1002/2094/1153 1690/667/601
f 997/584/532 1694/686/618 1696/1933/1915
f 999/1912/1897 1696/1933/1919 1697/1934/1916
f 1000/1935/1917 1697/1937/1920 1698/1936/1918
f 1001/1915/1900 1698/1936/1918 1695/572/522
f 1694/686/618 1021/699/629 1024/1924/1909
f 1696/1933/1919 1024/1924/1909 1023/1926/1911
f 1697/1937/1920 1023/2121/1911 1022/1930/1913
f 1022/1930/1913 1020/581/530 1695/572/522
f 1003/1206/1163 1699/700/630 1701/1938/1921
f 1011/1204/1161 1701/1938/1921 1702/1939/1922
f 1012/1207/1173 1702/1939/1924 1703/1940/1923
f 1017/1213/1169 1703/1940/1923 1700/1941/527
f 1699/700/630 993/721/651 996/1917/1902
f 1701/1938/1921 996/1917/1902 995/1919/1904
f 1702/1939/1924 995/1919/1905 994/1921/1907
f 1703/1940/1923 994/1921/1907 992/1922/521
f 1704/601/548 1706/1942/1925 964/1872/1857
f 1706/1942/1925 1707/1943/1930 965/1873/1926
f 1707/1943/1927 1708/1948/1932 966/1944/1928
f 966/1945/1928 1708/1949/1932 1705/696/626
f 1030/662/598 1032/1946/1929 1706/1942/1925
f 1032/1946/1929 1033/1947/1948 1707/1943/1930
f 1033/1947/1931 1034/1967/1950 1708/1948/1932
f 1708/1949/1932 1034/1969/1950 1031/590/538
f 1709/506/462 1711/1956/1934 1029/1950/1933
f 1711/1951/1934 1712/1954/1939 1028/1952/1935
f 1712/1954/1936 1713/1957/1940 1027/1955/1937
f 1027/1955/1937 1713/1957/1940 1710/586/534
f 953/508/464 956/1876/1861 1711/1956/1934
f 956/1879/1861 955/1878/1863 1712/1954/1939
f 955/1878/1866 954/1881/1865 1713/1957/1940
f 1713/1957/1940 954/1881/1865 952/548/499
f 1042/1228/1191 1714/677/610 1716/1958/1941
f 1053/1226/1189 1716/1958/1941 1717/1959/1942
f 1054/1219/1180 1717/1959/1942 1718/1960/1943
f 1044/1215/1176 1718/1960/1943 1715/652/591
f 1714/677/610 1035/679/612 1037/1961/1944
f 1716/1958/1941 1037/1961/1944 1038/1962/1945
f 1717/1959/1942 1038/1962/1945 1039/1963/1946
f 1718/1960/1943 1039/1963/1946 1036/1964/544
f 1719/678/611 1721/1965/1947 1032/1946/1929
f 1721/1965/1947 1722/1966/1952 1033/1947/1948
f 1722/1966/1949 1723/1970/1951 1034/1967/1950
f 1723/1968/1951 1720/598/546 1031/590/538
f 1042/1228/1191 1055/1227/1190 1721/1965/1947
f 1055/1227/1190 1049/1230/1193 1722/1966/1952
f 1049/1230/1953 1048/1224/1185 1723/1970/1951
f 1048/1971/1185 1041/2105/1182 1720/598/546
f 1724/680/613 1726/1977/1954 1037/1961/1944
f 1726/1972/1954 1727/1975/1956 1038/1973/1945
f 1727/1975/1955 1728/1978/1957 1039/1976/1946
f 1039/1976/1946 1728/1978/1957 1725/594/542
f 1026/708/638 1029/1950/1933 1726/1977/1954
f 1029/1953/1933 1028/1952/1935 1727/1975/1956
f 1028/1952/1938 1027/1955/1937 1728/1978/1957
f 1027/1955/1937 1025/588/536 1725/594/542
f 1729/676/609 1731/1980/1959 1082/1979/1958
f 1731/1980/1959 1732/1982/1961 1081/1981/1960
f 1732/1982/1961 1733/1984/1963 1080/1983/1962
f 1733/1984/1963 1730/718/648 1078/719/649
f 1063/623/567 1065/1985/1964 1731/1980/1959
f 1065/1985/1964 1066/1986/1965 1732/1982/1961
f 1066/1986/1965 1067/1987/1966 1733/1984/1963
f 1067/1987/1966 1064/717/647 1730/718/648
f 1084/617/561 1734/616/560 1736/1988/1967
f 1087/1989/1968 1736/1988/1967 1737/1990/1969
f 1086/1991/1970 1737/1990/1969 1738/1992/1971
f 1085/1993/1972 1738/1992/1971 1735/657/594
f 1734/616/560 1068/620/564 1070/1994/1973
f 1736/1988/1967 1070/1994/1973 1071/1995/1974
f 1737/1990/1969 1071/1995/1974 1072/1996/1975
f 1738/1992/1971 1072/1996/1975 1069/658/595
f 1059/613/557 1739/604/550 1741/1997/1976
f 1062/1998/1977 1741/1997/1976 1742/1999/1978
f 1061/2001/1979 1742/2005/1978 1743/2002/1980
f 1060/2004/1981 1743/2007/1980 1740/674/608
f 1739/604/550 1079/603/549 1082/1979/1958
f 1741/1997/1976 1082/1979/1958 1081/1981/1960
f 1742/2005/1978 1081/2122/1960 1080/2006/1962
f 1743/2007/1980 1080/1983/1962 1078/719/649
f 1744/618/562 1746/2009/1983 1077/2008/1982
f 1746/2009/1983 1747/2011/1985 1076/2010/1984
f 1747/2011/1985 1748/2013/1987 1075/2012/1986
f 1748/2013/1987 1745/695/625 1073/712/642
f 1084/617/561 1087/1989/1968 1746/2009/1983
f 1087/1989/1968 1086/1991/1970 1747/2011/1985
f 1086/1991/1970 1085/1993/1972 1748/2013/1987
f 1085/1993/1972 1083/660/597 1745/695/625
f 1749/609/554 1751/2015/1989 1092/2014/1988
f 1751/2015/1989 1752/2017/1991 1091/2016/1990
f 1752/2017/1991 1753/2019/1993 1090/2018/1992
f 1753/2019/1993 1750/626/570 1088/610/555
f 1074/659/596 1077/2008/1982 1751/2015/1989
f 1077/2008/1982 1076/2010/1984 1752/2017/1991
f 1076/2010/1984 1075/2012/1986 1753/2019/1993
f 1075/2012/1986 1073/712/642 1750/626/570
f 1754/624/568 1756/2020/1994 1065/1985/1964
f 1756/2020/1994 1757/2021/1995 1066/1986/1965
f 1757/2021/1995 1758/2022/1996 1067/1987/1966
f 1758/2022/1996 1755/606/552 1064/717/647
f 1093/629/572 1095/2023/1997 1756/2020/1994
f 1095/2023/1997 1096/2024/1998 1757/2021/1995
f 1096/2024/1998 1097/2025/1999 1758/2022/1996
f 1097/2025/1999 1094/672/606 1755/606/552
f 1759/630/573 1761/2026/2000 1095/2023/1997
f 1761/2026/2000 1762/2027/2001 1096/2024/1998
f 1762/2027/2001 1763/2028/2002 1097/2025/1999
f 1763/2028/2002 1760/713/643 1094/672/606
f 1103/634/576 1105/2029/2003 1761/2026/2000
f 1105/2029/2003 1106/2030/2004 1762/2027/2001
f 1106/2030/2004 1107/2031/2005 1763/2028/2002
f 1107/2031/2005 1104/710/640 1760/713/643
f 1764/625/569 1766/2033/2007 1102/2032/2006
f 1766/2033/2007 1767/2035/2009 1101/2034/2008
f 1767/2035/2009 1768/2037/2011 1100/2036/2010
f 1768/2037/2011 1765/612/556 1098/633/575
f 1089/689/620 1092/2014/1988 1766/2033/2007
f 1092/2014/1988 1091/2016/1990 1767/2035/2009
f 1091/2016/1990 1090/2018/1992 1768/2037/2011
f 1090/2018/1992 1088/610/555 1765/612/556
f 1126/716/646 1769/671/605 1771/2038/2012
f 1129/2039/2013 1771/2038/2012 1772/2040/2014
f 1128/2041/2015 1772/2040/2014 1773/2042/2016
f 1127/2043/2017 1773/2042/2016 1770/703/633
f 1769/671/605 1108/670/604 1111/1232/1196
f 1771/2038/2012 1111/1232/1196 1121/1236/1200
f 1772/2040/2014 1121/1236/1200 1120/1242/1208
f 1773/2042/2016 1120/1242/1208 1110/704/634
f 1774/636/578 1776/2044/2018 1105/2029/2003
f 1776/2044/2018 1777/2045/2019 1106/2030/2004
f 1777/2045/2019 1778/2046/2020 1107/2031/2005
f 1778/2046/2020 1775/690/621 1104/710/640
f 1126/716/646 1129/2039/2013 1776/2044/2018
f 1129/2039/2013 1128/2041/2015 1777/2045/2019
f 1128/2041/2015 1127/2043/2017 1778/2046/2020
f 1127/2043/2017 1125/705/635 1775/690/621
f 1779/631/574 1781/2047/2021 1115/1240/1204
f 1781/2047/2021 1782/2048/2022 1116/1245/1211
f 1782/2048/2022 1783/2049/2023 1122/1243/1209
f 1783/2049/2023 1780/702/632 1110/704/634
f 1099/715/645 1102/2032/2006 1781/2047/2021
f 1102/2032/2006 1101/2034/2008 1782/2048/2022
f 1101/2034/2008 1100/2036/2010 1783/2049/2023
f 1100/2036/2010 1098/633/575 1780/702/632
f 1068/620/564 1784/641/581 1786/2050/2024
f 1070/1994/1973 1786/2050/2024 1787/2051/2025
f 1071/1995/1974 1787/2051/2025 1788/2052/2026
f 1072/1996/1975 1788/2052/2026 1785/697/627
f 1784/641/581 1135/642/582 1137/2053/2027
f 1786/2050/2024 1137/2053/2027 1138/2054/2028
f 1787/2051/2025 1138/2054/2028 1139/2055/2029
f 1788/2052/2026 1139/2055/2029 1136/664/600
f 1131/643/583 1789/614/558 1791/2056/2030
f 1134/2057/2031 1791/2056/2030 1792/2058/2032
f 1133/2060/2033 1792/2064/2032 1793/2061/2034
f 1132/2063/2035 1793/2065/2034 1790/647/586
f 1789/614/558 1059/613/557 1062/1998/1977
f 1791/2056/2030 1062/1998/1977 1061/2000/1979
f 1792/2064/2032 1061/2001/1979 1060/2003/1981
f 1793/2065/2034 1060/2004/1981 1058/638/580
f 1794/656/593 1796/2066/2036 1148/1248/1215
f 1796/2066/2036 1797/2067/2037 1149/1258/1225
f 1797/2067/2037 1798/2068/2038 1155/1259/1221
f 1798/2068/2038 1795/2123/617 1146/2069/1222
f 1140/655/589 1142/2070/2039 1796/2066/2036
f 1142/2070/2039 1143/2071/2040 1797/2067/2037
f 1143/2071/2040 1144/2081/2041 1798/2068/2038
f 1144/2072/2041 1141/681/614 1795/684/617
f 1135/642/582 1799/648/587 1801/2074/2042
f 1137/2053/2027 1801/2074/2042 1802/2075/2043
f 1138/2054/2028 1802/2075/2043 1803/2076/2044
f 1139/2055/2029 1803/2076/2044 1800/683/616
f 1799/648/587 1147/649/588 1159/1263/1229
f 1801/2074/2042 1159/1263/1229 1154/1255/1223
f 1802/2075/2043 1154/1255/1223 1153/1252/1220
f 1803/2076/2044 1153/1252/1220 1146/1254/1222
f 1140/650/589 1804/644/584 1806/2077/2045
f 1142/2070/2039 1806/2082/2045 1807/2079/2046
f 1143/2071/2040 1807/2079/2046 1808/2080/2047
f 1144/2072/2041 1808/2083/2047 1805/682/615
f 1804/644/584 1131/643/583 1134/2057/2031
f 1806/2082/2045 1134/2124/2031 1133/2060/2033
f 1807/2079/2046 1133/2060/2033 1132/2062/2035
f 1808/2083/2047 1132/2063/2035 1130/646/585
f 1147/649/588 1809/599/547 1811/2084/2048
f 1158/1247/2049 1811/2089/2053 1810/706/636
f 1809/599/547 1041/2105/1182 1050/2086/2051
f 1811/2089/2053 1043/1216/2103 1040/707/637
f 1004/580/529 1812/579/528 1814/2090/2054
f 1814/2093/2057 1813/668/602 1002/2094/1153
f 1812/579/528 1109/637/579 1117/1239/1203
f 1117/2096/2059 1108/670/2104 1813/668/602
