# Blender 5.2.0 LTS
# www.blender.org
mtllib RuedaTraseraDer.mtl
g RoverModificado.003_RoverModificado.003
v -0.023721 0.144546 0.270766
v -0.023721 0.144546 -0.429235
v -0.098721 0.124451 0.270766
v -0.098721 0.124451 -0.429235
v -0.153625 0.069547 0.270766
v -0.153625 0.069547 -0.429235
v -0.173721 -0.005453 0.270766
v -0.173721 -0.005453 -0.429235
v -0.153625 -0.080453 0.270766
v -0.153625 -0.080453 -0.429235
v -0.098721 -0.135357 0.270766
v -0.098721 -0.135357 -0.429235
v -0.023721 -0.155453 0.270766
v -0.023721 -0.155453 -0.429235
v 0.051279 -0.135357 0.270766
v 0.051279 -0.135357 -0.429235
v 0.106183 -0.080453 0.270766
v 0.106183 -0.080453 -0.429235
v 0.126279 -0.005453 0.270766
v 0.126279 -0.005453 -0.429235
v 0.106183 0.069547 0.270766
v 0.106183 0.069547 -0.429235
v 0.051279 0.124451 0.270766
v 0.051279 0.124451 -0.429235
v 1.162807 -1.985088 0.040164
v 1.238618 -1.908132 -0.067836
v 1.185012 -1.962548 -0.036204
v 1.268944 -1.877348 -0.067836
v 1.344755 -1.800392 0.040164
v 1.322550 -1.822932 -0.036204
v 1.238618 -1.908132 0.191364
v 1.162807 -1.985088 0.083364
v 1.185012 -1.962548 0.159731
v 1.344755 -1.800392 0.083364
v 1.268944 -1.877348 0.191364
v 1.322550 -1.822932 0.159731
v 1.972320 -2.133600 -0.418235
v 1.967625 -2.416404 -0.418235
v 2.028543 -2.275975 -0.418235
v 1.967625 -2.416404 0.541765
v 1.972320 -2.133600 0.541765
v 2.028543 -2.275975 0.541765
v 1.752002 -2.624987 -0.418235
v 1.469197 -2.620292 -0.418235
v 1.609627 -2.681210 -0.418235
v 1.469197 -2.620293 0.541765
v 1.752002 -2.624987 0.541765
v 1.609627 -2.681210 0.541765
v -0.534151 -0.582153 -0.334235
v 0.035389 -0.020351 -0.334234
v -0.534151 -0.582153 -0.142235
v 0.035389 -0.020351 -0.142235
v 1.818318 -2.755864 -0.334235
v 1.535482 -2.753930 -0.334235
v 1.728308 -2.807013 -0.334235
v 1.624783 -2.806305 -0.334235
v 2.105023 -2.192127 -0.334235
v 2.103089 -2.474964 -0.334235
v 2.156173 -2.282135 -0.334235
v 2.155465 -2.385661 -0.334235
v 1.818318 -2.755864 -0.142235
v 1.728308 -2.807013 -0.142235
v 2.103089 -2.474964 -0.142235
v 2.155465 -2.385661 -0.142235
v 2.156173 -2.282135 -0.142235
v 1.441783 -1.916232 0.541765
v 1.389301 -1.943174 0.541765
v 1.343083 -1.979837 0.541765
v 1.304906 -2.024812 0.541765
v 1.258177 -2.132535 0.541765
v 1.276236 -2.076372 0.541765
v 1.488715 -2.490275 0.541765
v 1.256228 -2.249938 0.541765
v 1.336018 -2.405368 0.541765
v 1.380994 -2.443546 0.541765
v 1.299355 -2.359151 0.541765
v 1.547321 -2.497030 0.541765
v 1.432553 -2.472216 0.541765
v 1.272413 -2.306667 0.541765
v 1.551190 -2.496715 0.541765
v 1.251420 -2.191139 0.541765
v 1.768613 -1.986902 0.541765
v 1.805276 -2.033119 0.541765
v 1.723638 -1.948724 0.541765
v 1.832218 -2.085603 0.541765
v 1.672078 -1.920055 0.541765
v 1.848404 -2.142333 0.541765
v 1.846455 -2.259737 0.541765
v 1.853211 -2.201130 0.541765
v 1.761549 -2.412434 0.541765
v 1.799726 -2.367457 0.541765
v 1.828395 -2.315897 0.541765
v 1.615917 -1.901995 0.541765
v 1.557311 -1.895239 0.541765
v 1.498514 -1.900047 0.541765
v 1.715331 -2.449095 0.541765
v 1.662849 -2.476038 0.541765
v 1.606119 -2.492224 0.541765
v 1.433803 -2.472618 -0.418235
v 1.432553 -2.472216 -0.418235
v 1.336018 -2.405368 -0.418235
v 1.299355 -2.359151 -0.418235
v 1.380994 -2.443546 -0.418235
v 1.768613 -1.986902 -0.418235
v 1.805276 -2.033119 -0.418235
v 1.723638 -1.948724 -0.418235
v 1.832218 -2.085603 -0.418235
v 1.672078 -1.920055 -0.418235
v 1.848404 -2.142333 -0.418235
v 1.615917 -1.901995 -0.418235
v 1.557311 -1.895239 -0.418235
v 1.441783 -1.916232 -0.418235
v 1.498514 -1.900047 -0.418235
v 1.343083 -1.979837 -0.418235
v 1.304906 -2.024812 -0.418235
v 1.389301 -1.943174 -0.418235
v 1.799726 -2.367457 -0.418235
v 1.761549 -2.412434 -0.418235
v 1.662849 -2.476038 -0.418235
v 1.606119 -2.492224 -0.418235
v 1.715331 -2.449095 -0.418235
v 1.488715 -2.490275 -0.418235
v 1.547321 -2.497030 -0.418235
v 1.272413 -2.306667 -0.418235
v 1.256228 -2.249938 -0.418235
v 1.251420 -2.191139 -0.418235
v 1.853211 -2.201130 -0.418235
v 1.846455 -2.259737 -0.418235
v 1.258177 -2.132535 -0.418235
v 1.276236 -2.076372 -0.418235
v 1.828395 -2.315897 -0.418235
v 1.672078 -1.920055 -0.142235
v 1.799726 -2.367457 -0.142235
v 1.389301 -1.943174 -0.142235
v 1.715331 -2.449095 -0.142235
v 1.304906 -2.024812 -0.142235
v 1.432553 -2.472216 -0.142235
v 1.272413 -2.306667 -0.142235
v 1.547321 -2.497030 -0.142235
v 1.805276 -2.033119 -0.334235
v 1.672078 -1.920055 -0.334235
v 1.557311 -1.895239 -0.334235
v 1.848404 -2.142333 -0.334235
v 1.828395 -2.315897 -0.334235
v 1.715331 -2.449095 -0.334235
v 1.304906 -2.024812 -0.334235
v 1.389301 -1.943174 -0.334235
v 1.258177 -2.132535 -0.334235
v 1.547321 -2.497030 -0.334235
v 1.432553 -2.472216 -0.334235
v 1.336018 -2.405368 -0.334235
v 1.256228 -2.249938 -0.334235
v -0.113846 -1.010333 -0.334235
v -0.113846 -1.010333 -0.142235
v 0.172296 -0.796629 -0.067836
v 0.200407 -0.768929 -0.067836
v 0.122606 -0.845593 0.159731
v 0.102023 -0.865875 0.040164
v 0.250098 -0.719966 -0.036204
v 0.200407 -0.768929 0.191364
v 0.122606 -0.845593 -0.036204
v 0.102023 -0.865875 0.083364
v 0.270680 -0.699684 0.083364
v 0.270680 -0.699684 0.040164
v 0.172296 -0.796629 0.191364
v 0.250098 -0.719966 0.159731
v -0.908658 -0.575905 -0.334235
v -1.079507 -0.399215 -0.334235
v -1.030661 -0.522929 -0.334235
v -1.075462 -0.155585 -0.334234
v -0.898969 0.010947 -0.334234
v -1.022574 -0.034846 -0.334234
v -1.079507 -0.399215 -0.142235
v -0.908658 -0.575905 -0.142235
v -1.030661 -0.522929 -0.142235
v -0.898969 0.010947 -0.142235
v -1.075462 -0.155585 -0.142235
v -1.022574 -0.034846 -0.142235
v 1.498514 -1.900047 -0.142235
v 1.832218 -2.085603 -0.142235
v 2.105023 -2.192127 -0.142235
v -0.316978 -0.303039 -0.123564
v -0.388094 -0.372997 -0.078330
v 0.281060 -0.696627 -0.078330
v 0.310517 -0.667650 0.030876
v 0.069139 -0.905097 0.030876
v 0.098597 -0.876120 -0.078330
v 0.069139 -0.905097 0.092652
v 0.098597 -0.876120 0.201857
v 0.169712 -0.806161 0.247092
v -0.276747 -0.263462 -0.123564
v -0.276747 -0.263462 0.247092
v -0.205631 -0.193504 0.201857
v 0.209944 -0.766585 0.247092
v 0.281060 -0.696627 0.201857
v 0.169712 -0.806161 -0.123564
v 0.209944 -0.766585 -0.123564
v -0.316978 -0.303039 0.247092
v 0.310517 -0.667650 0.092652
v -0.388094 -0.372998 0.201857
v -0.417551 -0.401975 0.030876
v -0.417551 -0.401975 0.092652
v -0.205631 -0.193504 -0.078330
v -0.176174 -0.164527 0.030876
v -0.176174 -0.164527 0.092652
v 1.369781 -1.770368 -0.418235
v 1.625050 -1.774606 -0.418235
v 1.498293 -1.719619 -0.418235
v 1.625050 -1.774606 0.541765
v 1.369781 -1.770368 0.541765
v 1.498293 -1.719619 0.541765
v 1.121928 -2.261297 -0.418235
v 1.126166 -2.006027 -0.418235
v 1.071179 -2.132784 -0.418235
v 1.126166 -2.006027 0.541765
v 1.121928 -2.261297 0.541765
v 1.071179 -2.132784 0.541765
v 1.851860 -2.184599 -0.142235
v 1.251420 -2.191139 -0.142235
v 1.535482 -2.753930 -0.142235
v 1.624783 -2.806305 -0.142235
v 1.768613 -1.986902 -0.142235
v 1.336018 -2.405368 -0.142235
v -0.903813 -0.282479 -0.334235
v -0.903813 -0.282479 -0.142235
v -0.534151 -0.582153 0.265765
v 0.035389 -0.020351 0.265765
v -0.534151 -0.582153 0.457765
v 0.035389 -0.020351 0.457765
v 1.818318 -2.755864 0.265765
v 1.535482 -2.753930 0.265765
v 1.728308 -2.807013 0.265765
v 1.624783 -2.806305 0.265765
v 2.105023 -2.192127 0.265765
v 2.103089 -2.474964 0.265765
v 2.156173 -2.282135 0.265765
v 2.155465 -2.385661 0.265765
v 1.818318 -2.755864 0.457765
v 1.728308 -2.807013 0.457765
v 2.103089 -2.474964 0.457765
v 2.155465 -2.385661 0.457765
v 2.156173 -2.282135 0.457765
v 1.672078 -1.920055 0.457765
v 1.799726 -2.367457 0.457765
v 1.389301 -1.943174 0.457765
v 1.715331 -2.449095 0.457765
v 1.304906 -2.024812 0.457765
v 1.432553 -2.472216 0.457765
v 1.272413 -2.306667 0.457765
v 1.547321 -2.497030 0.457765
v 1.805276 -2.033119 0.265765
v 1.672078 -1.920055 0.265765
v 1.557311 -1.895239 0.265765
v 1.848404 -2.142333 0.265765
v 1.828395 -2.315897 0.265765
v 1.715331 -2.449095 0.265765
v 1.304906 -2.024812 0.265765
v 1.389301 -1.943174 0.265765
v 1.258177 -2.132535 0.265765
v 1.547321 -2.497030 0.265765
v 1.432553 -2.472216 0.265765
v 1.336018 -2.405368 0.265765
v 1.256228 -2.249938 0.265765
v -0.113846 -1.010333 0.265765
v -0.113846 -1.010333 0.457765
v -0.908658 -0.575905 0.265765
v -1.079507 -0.399215 0.265765
v -1.030661 -0.522929 0.265765
v -1.075462 -0.155585 0.265765
v -0.898969 0.010947 0.265765
v -1.022574 -0.034846 0.265765
v -1.079507 -0.399215 0.457765
v -0.908658 -0.575905 0.457765
v -1.030661 -0.522929 0.457765
v -0.898969 0.010947 0.457765
v -1.075462 -0.155585 0.457765
v -1.022574 -0.034846 0.457765
v 1.498514 -1.900047 0.457765
v 1.832218 -2.085603 0.457765
v 2.105023 -2.192127 0.457765
v 1.851860 -2.184599 0.457765
v 1.251420 -2.191139 0.457765
v 1.535482 -2.753930 0.457765
v 1.624783 -2.806305 0.457765
v 1.768613 -1.986902 0.457765
v 1.336018 -2.405368 0.457765
v -0.903813 -0.282480 0.265765
v -0.903813 -0.282480 0.457765
v 1.250848 -2.249848 -0.630234
v 1.293976 -2.359061 -0.630234
v 1.375614 -2.443457 -0.630234
v 1.483335 -2.490185 -0.630234
v 1.657469 -2.475950 -0.630234
v 1.756169 -2.412344 -0.630234
v 1.823015 -2.315808 -0.630234
v 1.847832 -2.201041 -0.630234
v 1.826839 -2.085513 -0.630234
v 1.763233 -1.986813 -0.630234
v 1.666699 -1.919966 -0.630234
v 1.551931 -1.895150 -0.630234
v 1.383921 -1.943085 -0.630234
v 1.299526 -2.024724 -0.630234
v 1.252797 -2.132446 -0.630234
v 1.250847 -2.249848 0.625766
v 1.293975 -2.359063 0.625766
v 1.427173 -2.472126 0.625766
v 1.541940 -2.496942 0.625766
v 1.657468 -2.475949 0.625766
v 1.756169 -2.412344 0.625766
v 1.841075 -2.259647 0.625766
v 1.826838 -2.085513 0.625766
v 1.763233 -1.986813 0.625766
v 1.666698 -1.919966 0.625766
v 1.493133 -1.899958 0.625766
v 1.337703 -1.979748 0.625766
v 1.252796 -2.132446 0.625766
v -0.485347 -0.540676 -0.129695
v -0.485347 -0.540676 0.270305
v -0.111766 -0.443006 -0.129694
v -0.209446 -0.540675 -0.129695
v -0.209383 -0.056338 -0.129694
v -0.111734 -0.152650 -0.129694
v -0.209446 -0.540675 0.270305
v -0.111766 -0.443007 0.270305
v -0.111734 -0.152650 0.270305
v -0.209383 -0.056338 0.270305
v -0.760670 -0.063997 -0.129694
v -0.934352 -0.104736 -0.129694
v -0.760670 -0.063998 0.270306
v -0.934351 -0.104736 0.270306
v 2.451706 -2.211066 1.740714
v 2.431512 -2.386242 1.740714
v 2.377530 -2.554112 1.740714
v 2.291836 -2.708225 1.740714
v 2.177722 -2.842659 1.740714
v 2.039575 -2.952249 1.740714
v 1.882702 -3.032779 1.740714
v 1.713133 -3.081160 1.740714
v 1.537383 -3.095528 1.740714
v 1.362207 -3.075334 1.740714
v 1.194337 -3.021353 1.740714
v 1.040224 -2.935657 1.740714
v 0.905790 -2.821545 1.740714
v 0.796202 -2.683396 1.740714
v 0.715670 -2.526524 1.740714
v 0.667290 -2.356955 1.740714
v 0.652922 -2.181205 1.740714
v 0.673116 -2.006030 1.740714
v 0.727098 -1.838158 1.740714
v 0.812792 -1.684045 1.740714
v 0.926905 -1.549610 1.740714
v 1.065053 -1.440022 1.740714
v 1.221926 -1.359491 1.740714
v 1.391495 -1.311111 1.740714
v 1.567245 -1.296742 1.740714
v 1.742421 -1.316936 1.740714
v 1.910291 -1.370919 1.740714
v 2.064404 -1.456612 1.740714
v 2.198838 -1.570727 1.740714
v 2.308426 -1.708873 1.740714
v 2.388958 -1.865746 1.740714
v 2.437338 -2.035316 1.740714
v 2.451706 -2.211066 0.700714
v 2.431512 -2.386242 0.700714
v 2.377530 -2.554112 0.700714
v 2.291836 -2.708225 0.700714
v 2.177722 -2.842659 0.700714
v 2.039575 -2.952249 0.700714
v 1.882702 -3.032779 0.700714
v 1.713133 -3.081159 0.700714
v 1.537383 -3.095528 0.700714
v 1.362207 -3.075333 0.700714
v 1.194337 -3.021351 0.700714
v 1.040224 -2.935657 0.700714
v 0.905790 -2.821545 0.700714
v 0.796202 -2.683396 0.700714
v 0.715670 -2.526523 0.700715
v 0.667290 -2.356954 0.700714
v 0.652922 -2.181203 0.700714
v 0.673116 -2.006027 0.700714
v 0.727098 -1.838157 0.700715
v 0.812792 -1.684044 0.700714
v 0.926905 -1.549610 0.700715
v 1.065053 -1.440022 0.700714
v 1.221926 -1.359490 0.700714
v 1.391495 -1.311111 0.700714
v 1.567245 -1.296742 0.700714
v 1.742421 -1.316936 0.700714
v 1.910291 -1.370918 0.700714
v 2.064404 -1.456612 0.700714
v 2.198838 -1.570725 0.700714
v 2.308426 -1.708873 0.700714
v 2.388958 -1.865746 0.700714
v 2.437337 -2.035316 0.700714
v 2.553083 -2.413920 0.700714
v 2.575976 -2.215337 0.700714
v 2.491889 -2.604221 0.700714
v 2.394744 -2.778927 0.700714
v 2.265383 -2.931324 0.700714
v 2.108776 -3.055555 0.700714
v 1.930942 -3.146847 0.700714
v 1.738714 -3.201692 0.700714
v 1.539481 -3.217980 0.700714
v 1.340898 -3.195087 0.700714
v 1.150597 -3.133893 0.700714
v 0.975891 -3.036748 0.700714
v 0.823494 -2.907387 0.700714
v 0.699262 -2.750781 0.700714
v 0.607971 -2.572946 0.700715
v 0.553126 -2.380718 0.700714
v 0.536838 -2.181484 0.700714
v 0.559731 -1.982901 0.700714
v 0.620925 -1.792600 0.700715
v 0.718070 -1.617894 0.700714
v 0.847431 -1.465497 0.700715
v 1.004038 -1.341266 0.700714
v 1.181872 -1.249974 0.700714
v 1.374100 -1.195130 0.700714
v 1.573333 -1.178841 0.700714
v 1.771916 -1.201734 0.700714
v 1.962217 -1.262928 0.700714
v 2.136922 -1.360073 0.700714
v 2.289320 -1.489434 0.700714
v 2.413551 -1.646041 0.700714
v 2.504844 -1.823875 0.700714
v 2.559687 -2.016104 0.700714
v 2.580724 -2.213209 1.740714
v 2.557633 -2.413514 1.740714
v 2.495908 -2.605464 1.740714
v 2.397920 -2.781685 1.740714
v 2.267438 -2.935403 1.740714
v 2.109473 -3.060712 1.740714
v 1.930096 -3.152797 1.740714
v 1.736202 -3.208116 1.740714
v 1.535241 -3.224545 1.740714
v 1.334936 -3.201455 1.740714
v 1.142985 -3.139729 1.740714
v 0.966765 -3.041742 1.740714
v 0.813046 -2.911260 1.740714
v 0.687737 -2.753294 1.740714
v 0.595654 -2.573918 1.740714
v 0.540334 -2.380023 1.740714
v 0.523904 -2.179063 1.740714
v 0.546995 -1.978759 1.740714
v 0.608721 -1.786807 1.740714
v 0.706708 -1.610585 1.740714
v 0.837190 -1.456867 1.740714
v 0.995155 -1.331558 1.740714
v 1.174532 -1.239474 1.740714
v 1.368426 -1.184155 1.740714
v 1.569387 -1.167724 1.740714
v 1.769692 -1.190816 1.740714
v 1.961643 -1.252541 1.740714
v 2.137863 -1.350528 1.740714
v 2.291582 -1.481011 1.740714
v 2.416891 -1.638977 1.740714
v 2.508974 -1.818352 1.740714
v 2.564294 -2.012248 1.740714
v 1.553915 -2.099677 1.680714
v 1.505471 -2.111799 1.680714
v 1.469578 -2.146519 1.680714
v 1.455855 -2.194535 1.680714
v 1.467977 -2.242978 1.680714
v 1.502697 -2.278872 1.680714
v 1.550712 -2.292594 1.680714
v 1.599156 -2.280473 1.680714
v 1.635049 -2.245752 1.680714
v 1.648773 -2.197737 1.680714
v 1.636650 -2.149293 1.680714
v 1.601930 -2.113400 1.680714
v 1.555633 -1.996163 1.557380
v 1.555633 -1.996163 1.404046
v 1.455202 -2.021294 1.404046
v 1.455202 -2.021294 1.557380
v 1.380792 -2.093274 1.404046
v 1.380792 -2.093274 1.557380
v 1.352341 -2.192816 1.404046
v 1.352341 -2.192816 1.557380
v 1.377473 -2.293246 1.404046
v 1.377473 -2.293246 1.557380
v 1.449452 -2.367658 1.404046
v 1.449452 -2.367658 1.557380
v 1.548994 -2.396109 1.404046
v 1.548994 -2.396109 1.557379
v 1.649425 -2.370976 1.404046
v 1.649425 -2.370976 1.557379
v 1.723835 -2.298996 1.404046
v 1.723835 -2.298996 1.557380
v 1.752286 -2.199455 1.404046
v 1.752286 -2.199455 1.557380
v 1.727155 -2.099025 1.404046
v 1.727155 -2.099025 1.557380
v 1.655175 -2.024615 1.404046
v 1.655175 -2.024615 1.557380
v 1.385708 -1.317101 1.057379
v 1.385708 -1.317101 0.804046
v 1.285277 -1.342232 0.804046
v 1.285277 -1.342232 1.057379
v 0.707745 -1.900902 0.804046
v 0.707745 -1.900903 1.057379
v 0.679293 -2.000443 0.804046
v 0.679293 -2.000443 1.057379
v 0.874350 -2.779937 0.804046
v 0.874350 -2.779937 1.057379
v 0.946330 -2.854347 0.804046
v 0.946330 -2.854347 1.057379
v 1.718919 -3.075170 0.804046
v 1.718919 -3.075170 1.057379
v 1.819350 -3.050039 0.804046
v 1.819350 -3.050039 1.057379
v 2.396883 -2.491368 0.804046
v 2.396883 -2.491369 1.057379
v 2.425334 -2.391827 0.804046
v 2.425334 -2.391828 1.057379
v 2.230277 -1.612333 0.804046
v 2.230277 -1.612333 1.057379
v 2.158298 -1.537923 0.804046
v 2.158298 -1.537924 1.057379
v 1.555633 -1.996163 1.680714
v 1.455202 -2.021295 1.680714
v 1.380792 -2.093275 1.680714
v 1.352341 -2.192816 1.680714
v 1.377473 -2.293247 1.680714
v 1.449452 -2.367658 1.680714
v 1.548994 -2.396109 1.680713
v 1.649425 -2.370976 1.680713
v 1.723835 -2.298997 1.680714
v 1.752286 -2.199455 1.680714
v 1.727155 -2.099025 1.680714
v 1.655175 -2.024615 1.680714
v 1.553915 -2.099677 1.580714
v 1.505471 -2.111799 1.580714
v 1.469578 -2.146519 1.580714
v 1.455855 -2.194535 1.580714
v 1.467977 -2.242978 1.580714
v 1.502697 -2.278872 1.580714
v 1.550712 -2.292594 1.580714
v 1.599156 -2.280473 1.580714
v 1.635049 -2.245752 1.580714
v 1.648773 -2.197737 1.580714
v 1.636650 -2.149293 1.580714
v 1.601930 -2.113400 1.580714
v 1.792856 -1.098176 1.030048
v 1.792040 -1.094173 1.411382
v 2.002792 -1.165685 1.030048
v 2.002582 -1.161876 1.411382
v 2.500695 -1.588327 1.030048
v 2.501920 -1.585737 1.411382
v 2.601406 -1.784511 1.030048
v 2.602921 -1.782485 1.411382
v 2.363645 -1.415562 1.030048
v 2.364475 -1.412473 1.411382
v 2.195524 -1.272853 1.030048
v 2.195869 -1.269353 1.411382
v 1.573783 -1.072922 1.030048
v 1.572336 -1.068846 1.411382
v 1.141932 -1.151394 1.030048
v 1.139240 -1.147544 1.411382
v 1.353993 -1.090891 1.030048
v 1.351913 -1.086867 1.411382
v 0.772983 -1.389155 1.030048
v 0.769228 -1.385991 1.411382
v 0.945749 -1.252105 1.030048
v 0.942492 -1.248546 1.411382
v 0.523106 -1.750009 1.030048
v 0.518631 -1.747884 1.411382
v 0.630275 -1.557276 1.030048
v 0.626108 -1.554597 1.411382
v 0.430343 -2.179018 1.030048
v 0.425601 -2.178129 1.411382
v 0.455598 -1.959944 1.030048
v 0.450928 -1.958426 1.411382
v 0.508815 -2.610869 1.030048
v 0.504299 -2.611226 1.411381
v 0.448313 -2.398808 1.030048
v 0.443622 -2.398553 1.411381
v 0.746577 -2.979818 1.030048
v 0.742746 -2.981238 1.411381
v 0.609527 -2.807053 1.030048
v 0.605301 -2.807974 1.411381
v 1.107430 -3.229695 1.030048
v 1.104639 -3.231835 1.411381
v 0.914698 -3.122528 1.030048
v 0.911351 -3.124359 1.411381
v 1.536439 -3.322458 1.030048
v 1.534884 -3.324866 1.411381
v 1.317366 -3.297203 1.030048
v 1.315180 -3.299539 1.411381
v 1.968290 -3.243987 1.030048
v 1.967980 -3.246167 1.411381
v 1.756228 -3.304490 1.030048
v 1.755307 -3.306844 1.411381
v 2.337238 -3.006226 1.030048
v 2.337992 -3.007720 1.411381
v 2.164473 -3.143274 1.030048
v 2.164728 -3.145165 1.411381
v 2.587115 -2.645371 1.030048
v 2.588589 -2.645827 1.411381
v 2.479947 -2.838103 1.030048
v 2.481112 -2.839116 1.411381
v 2.661909 -1.996572 1.030048
v 2.663598 -1.995158 1.411382
v 2.679879 -2.216362 1.030048
v 2.681619 -2.215581 1.411382
v 2.654624 -2.435435 1.030048
v 2.656292 -2.435287 1.411381
v 1.555633 -1.996162 0.966268
v 1.555633 -1.996162 0.868490
v 1.455202 -2.021293 0.868490
v 1.455202 -2.021293 0.966268
v 1.380792 -2.093273 0.868490
v 1.380792 -2.093273 0.966268
v 1.352341 -2.192816 0.868490
v 1.352341 -2.192816 0.966268
v 1.377473 -2.293246 0.868490
v 1.377473 -2.293246 0.966268
v 1.449452 -2.367658 0.868490
v 1.449452 -2.367658 0.966268
v 1.548994 -2.396109 0.868490
v 1.548994 -2.396109 0.966268
v 1.649425 -2.370976 0.868490
v 1.649425 -2.370976 0.966268
v 1.723835 -2.298996 0.868490
v 1.723835 -2.298996 0.966268
v 1.752286 -2.199455 0.868490
v 1.752286 -2.199455 0.966268
v 1.727155 -2.099024 0.868490
v 1.727155 -2.099024 0.966268
v 1.655175 -2.024613 0.868490
v 1.655175 -2.024613 0.966268
v 0.968512 -1.518171 0.868490
v 0.968512 -1.518171 0.966268
v 0.894101 -1.590151 0.868490
v 0.894101 -1.590151 0.966268
v 1.257081 -3.040704 0.868490
v 1.257081 -3.040704 0.966268
v 1.356622 -3.069155 0.868490
v 1.356622 -3.069155 0.966268
v 2.431348 -2.029530 0.868490
v 2.431348 -2.029530 0.966268
v 2.406217 -1.929098 0.868490
v 2.406217 -1.929098 0.966268
v 2.547614 -1.807073 0.705915
v 2.604926 -2.007951 0.705915
v 2.322392 -1.457581 0.705915
v 2.452215 -1.621236 0.705915
v 1.980570 -1.220883 0.705915
v 2.163137 -1.322399 0.705915
v 1.574186 -1.133012 0.705915
v 1.781706 -1.156935 0.705915
v 1.165110 -1.207346 0.705915
v 1.365988 -1.150033 0.705915
v 0.815619 -1.432568 0.705915
v 0.979274 -1.302746 0.705915
v 0.578921 -1.774390 0.705915
v 0.680437 -1.591823 0.705915
v 0.491050 -2.180773 0.705915
v 0.514972 -1.973255 0.705915
v 0.565383 -2.589851 0.705915
v 0.508071 -2.388973 0.705915
v 0.790605 -2.939342 0.705915
v 0.660783 -2.775687 0.705915
v 1.132428 -3.176042 0.705915
v 0.949860 -3.074524 0.705915
v 1.538811 -3.263912 0.705915
v 1.331292 -3.239989 0.705915
v 1.947887 -3.189578 0.705915
v 1.747010 -3.246890 0.705915
v 2.297378 -2.964356 0.705915
v 2.133724 -3.094178 0.705915
v 2.534077 -2.622533 0.705915
v 2.432561 -2.805101 0.705915
v 2.621948 -2.216150 0.705915
v 2.598025 -2.423669 0.705915
v 2.602779 -2.423244 1.735515
v 2.626910 -2.213925 1.735515
v 2.435880 -2.807983 1.735515
v 2.538276 -2.623832 1.735515
v 2.134452 -3.099566 1.735515
v 2.299526 -2.968619 1.735514
v 1.744385 -3.253603 1.735515
v 1.947004 -3.195795 1.735515
v 1.325062 -3.246643 1.735515
v 1.534381 -3.270772 1.735515
v 0.940323 -3.079743 1.735514
v 1.124474 -3.182139 1.735514
v 0.648739 -2.778315 1.735515
v 0.779687 -2.943388 1.735515
v 0.494703 -2.388247 1.735515
v 0.552512 -2.590868 1.735515
v 0.501664 -1.968925 1.735515
v 0.477534 -2.178243 1.735515
v 0.668563 -1.584185 1.735515
v 0.566167 -1.768336 1.735515
v 0.969991 -1.292601 1.735515
v 0.804918 -1.423548 1.735515
v 1.360059 -1.138564 1.735515
v 1.157439 -1.196373 1.735515
v 1.779381 -1.145525 1.735515
v 1.570063 -1.121395 1.735515
v 2.164121 -1.312424 1.735515
v 1.979970 -1.210028 1.735515
v 2.455704 -1.613852 1.735515
v 2.324756 -1.448779 1.735515
v 2.609741 -2.003922 1.735515
v 2.551932 -1.801301 1.735515
v 1.815808 -0.983864 1.409476
v 2.047403 -1.058337 1.409476
v 2.596675 -1.524583 1.409476
v 2.707777 -1.741008 1.409476
v 2.445485 -1.333993 1.409476
v 2.260019 -1.176561 1.409476
v 1.574134 -0.956004 1.409476
v 1.097728 -1.042571 1.409476
v 1.331668 -0.975827 1.409476
v 0.690715 -1.304862 1.409476
v 0.881305 -1.153673 1.409476
v 0.415058 -1.702945 1.409476
v 0.533284 -1.490330 1.409476
v 0.312725 -2.176214 1.409476
v 0.340585 -1.934541 1.409476
v 0.399293 -2.652621 1.409476
v 0.332548 -2.418682 1.409476
v 0.661584 -3.059634 1.409476
v 0.510395 -2.869044 1.409476
v 1.059667 -3.335290 1.409476
v 0.847050 -3.217066 1.409476
v 1.532936 -3.437624 1.409476
v 1.291262 -3.409764 1.409476
v 2.009342 -3.351057 1.409476
v 1.775402 -3.417801 1.409476
v 2.416354 -3.088766 1.409476
v 2.225765 -3.239954 1.409476
v 2.692011 -2.690682 1.409476
v 2.573787 -2.903299 1.409476
v 2.774522 -1.974946 1.409476
v 2.794345 -2.217413 1.409476
v 2.766485 -2.459087 1.409476
v 1.816705 -0.988267 1.031955
v 2.047635 -1.062527 1.031955
v 2.595328 -1.527433 1.031955
v 2.706110 -1.743235 1.031955
v 2.444573 -1.337391 1.031955
v 2.259640 -1.180411 1.031955
v 1.575725 -0.960487 1.031955
v 1.100689 -1.046806 1.031955
v 1.333956 -0.980254 1.031955
v 0.694845 -1.308344 1.031955
v 0.884888 -1.157589 1.031955
v 0.419981 -1.705282 1.031955
v 0.537866 -1.493277 1.031955
v 0.317941 -2.177191 1.031955
v 0.345722 -1.936213 1.031955
v 0.404261 -2.652229 1.031955
v 0.337708 -2.418962 1.031955
v 0.665798 -3.058073 1.031955
v 0.515044 -2.868030 1.031955
v 1.062737 -3.332937 1.031955
v 0.850732 -3.215053 1.031955
v 1.534646 -3.434977 1.031955
v 1.293666 -3.407196 1.031955
v 2.009682 -3.348658 1.031955
v 1.776415 -3.415210 1.031955
v 2.415526 -3.087120 1.031955
v 2.225484 -3.237874 1.031955
v 2.690390 -2.690181 1.031955
v 2.572505 -2.902186 1.031955
v 2.772664 -1.976503 1.031955
v 2.792430 -2.218271 1.031955
v 2.764649 -2.459251 1.031955
v 1.433214 -1.506943 1.376730
v 1.458753 -1.609005 1.515299
v 1.482589 -1.704256 1.599460
v 1.518849 -1.849164 1.622321
v 1.358322 -1.634138 1.515300
v 1.332783 -1.532075 1.376730
v 1.418418 -1.874295 1.622321
v 1.382157 -1.729388 1.599460
v 1.206645 -2.151172 1.622321
v 1.063021 -2.110122 1.599460
v 0.968614 -2.083138 1.515300
v 0.867456 -2.054224 1.376730
v 1.091472 -2.010581 1.599460
v 1.235096 -2.051631 1.622321
v 0.895907 -1.954684 1.376730
v 0.997065 -1.983598 1.515300
v 1.764087 -1.919260 1.622321
v 1.871450 -1.815402 1.599460
v 1.942022 -1.747134 1.515300
v 2.017641 -1.673985 1.376730
v 1.943430 -1.889812 1.599460
v 1.836067 -1.993670 1.622321
v 2.089621 -1.748395 1.376730
v 2.014002 -1.821545 1.515300
v 2.013155 -2.381690 1.599459
v 1.869531 -2.340641 1.622321
v 2.208720 -2.437587 1.376730
v 2.107563 -2.408674 1.515300
v 2.136014 -2.309134 1.515300
v 2.237172 -2.338047 1.376730
v 1.897982 -2.241099 1.622321
v 2.041606 -2.282150 1.599460
v 1.686209 -2.517975 1.622321
v 1.722470 -2.662882 1.599460
v 1.746305 -2.758133 1.515300
v 1.771845 -2.860196 1.376730
v 1.622039 -2.688014 1.599459
v 1.585778 -2.543107 1.622321
v 1.671414 -2.885326 1.376730
v 1.645874 -2.783265 1.515300
v 1.161197 -2.502459 1.599459
v 1.268560 -2.398602 1.622321
v 1.015007 -2.643875 1.376730
v 1.090625 -2.570726 1.515300
v 1.162605 -2.645136 1.515300
v 1.086987 -2.718285 1.376730
v 1.340540 -2.473012 1.622321
v 1.233177 -2.576869 1.599460
v 1.555633 -1.996162 0.348046
v 1.455202 -2.021293 0.348046
v 1.380792 -2.093273 0.348046
v 1.352341 -2.192816 0.348046
v 1.377473 -2.293246 0.348046
v 1.449452 -2.367658 0.348046
v 1.548994 -2.396109 0.348046
v 1.649425 -2.370976 0.348046
v 1.723835 -2.298996 0.348046
v 1.752286 -2.199455 0.348046
v 1.727155 -2.099024 0.348046
v 1.655175 -2.024613 0.348046
v 1.426069 -1.968841 0.066466
v 1.556629 -1.936170 0.066466
v 1.556629 -1.936170 0.348000
v 1.329336 -2.062415 0.066466
v 1.292350 -2.191819 0.066466
v 1.325020 -2.322380 0.066466
v 1.418594 -2.419114 0.066466
v 1.547998 -2.456099 0.066466
v 1.678558 -2.423429 0.066466
v 1.775291 -2.329855 0.066466
v 1.812278 -2.200450 0.066466
v 1.779607 -2.069890 0.066466
v 1.686033 -1.973157 0.066466
v 1.426069 -1.968841 0.348000
v 1.329336 -2.062415 0.348000
v 1.292350 -2.191819 0.348000
v 1.325020 -2.322380 0.348000
v 1.418594 -2.419114 0.348000
v 1.547998 -2.456099 0.348000
v 1.678558 -2.423429 0.348000
v 1.775291 -2.329855 0.348000
v 1.812278 -2.200450 0.348000
v 1.779607 -2.069890 0.348000
v 1.686033 -1.973157 0.348000
v 1.198229 -1.299482 1.740714
v 1.379961 -1.247633 1.740714
v 1.348572 -3.138393 1.740714
v 1.168661 -3.080541 1.740714
v 1.568316 -1.232234 1.740714
v 1.003494 -2.988700 1.740714
v 1.756056 -1.253876 1.740714
v 0.859418 -2.866402 1.740714
v 1.935967 -1.311729 1.740714
v 0.741969 -2.718346 1.740714
v 2.101134 -1.403570 1.740714
v 0.655662 -2.550221 1.740714
v 2.516215 -2.212137 1.740714
v 2.494572 -2.399878 1.740714
v 2.245210 -1.525868 1.740714
v 0.603812 -2.368490 1.740714
v 2.436719 -2.579788 1.740714
v 2.362659 -1.673924 1.740714
v 0.588413 -2.180134 1.740714
v 2.344878 -2.744956 1.740714
v 2.448966 -1.842051 1.740714
v 0.610056 -1.992393 1.740714
v 2.222580 -2.889031 1.740714
v 2.500816 -2.023782 1.740714
v 0.667909 -1.812483 1.740714
v 2.074524 -3.006480 1.740714
v 0.759750 -1.647314 1.740714
v 1.906399 -3.092788 1.740714
v 0.882048 -1.503238 1.740714
v 1.724667 -3.144638 1.740714
v 1.030104 -1.385790 1.740714
v 1.536312 -3.160037 1.740714
v 2.492297 -2.400082 0.700714
v 2.434709 -2.579166 0.700714
v 2.343290 -2.743576 0.700714
v 2.221553 -2.886991 0.700714
v 2.074175 -3.003901 0.700714
v 1.906822 -3.089813 0.700714
v 1.725923 -3.141426 0.700714
v 1.538432 -3.156754 0.700714
v 1.351553 -3.135210 0.700714
v 1.172467 -3.077622 0.700714
v 1.008058 -2.986204 0.700714
v 0.864642 -2.864465 0.700714
v 0.747732 -2.717088 0.700714
v 0.661820 -2.549735 0.700715
v 0.610208 -2.368836 0.700714
v 0.594880 -2.181344 0.700714
v 0.616423 -1.994464 0.700714
v 0.674012 -1.815379 0.700715
v 0.765431 -1.650969 0.700714
v 0.887168 -1.507554 0.700715
v 1.034545 -1.390644 0.700714
v 1.201899 -1.304732 0.700714
v 1.382797 -1.253120 0.700714
v 1.570289 -1.237791 0.700714
v 1.757168 -1.259335 0.700714
v 1.936254 -1.316923 0.700714
v 2.100663 -1.408342 0.700714
v 2.244079 -1.530080 0.700714
v 2.360989 -1.677457 0.700714
v 2.446901 -1.844811 0.700714
v 2.498513 -2.025709 0.700714
v 2.513841 -2.213202 0.700714
v 1.527495 -1.883713 1.453725
v 1.475447 -1.675718 1.420911
v 1.465895 -1.637546 1.387183
v 1.429236 -1.491048 1.188285
v 1.375016 -1.700849 1.420911
v 1.427064 -1.908844 1.453725
v 1.328805 -1.516179 1.188285
v 1.365464 -1.662677 1.387183
v 0.851701 -2.049721 1.188285
v 0.996900 -2.091223 1.387183
v 1.034735 -2.102036 1.420911
v 1.240888 -2.160959 1.453725
v 1.269339 -2.061419 1.453725
v 1.063185 -2.002496 1.420911
v 1.025351 -1.991683 1.387183
v 0.880152 -1.950181 1.188285
v 2.029418 -1.662594 1.188285
v 1.920877 -1.767590 1.387183
v 1.892595 -1.794948 1.420911
v 1.738489 -1.944021 1.453725
v 1.992857 -1.842000 1.387183
v 2.101398 -1.737004 1.188285
v 1.810469 -2.018430 1.453725
v 1.964575 -1.869359 1.420911
v 2.069893 -2.290235 1.420911
v 1.863739 -2.231310 1.453725
v 2.252927 -2.342549 1.188285
v 2.107727 -2.301048 1.387183
v 2.079276 -2.400589 1.387182
v 2.224475 -2.442091 1.188285
v 1.835288 -2.330853 1.453725
v 2.041442 -2.389776 1.420911
v 1.775822 -2.876091 1.188286
v 1.739164 -2.729594 1.387182
v 1.729612 -2.691421 1.420911
v 1.677564 -2.483426 1.453725
v 1.638733 -2.754725 1.387182
v 1.675391 -2.901222 1.188286
v 1.577133 -2.508557 1.453725
v 1.629181 -2.716553 1.420911
v 1.294158 -2.373840 1.453725
v 1.140052 -2.522913 1.420911
v 1.111770 -2.550271 1.387182
v 1.003229 -2.655267 1.188286
v 1.212032 -2.597323 1.420911
v 1.366138 -2.448251 1.453725
v 1.075209 -2.729677 1.188286
v 1.183750 -2.624681 1.387182
vn -0.0000 -0.0000 1.0000
vn -0.0000 -0.0000 -1.0000
vn 0.7892 -0.6142 -0.0000
vn 0.6033 -0.7975 -0.0000
vn -0.6224 -0.7827 -0.0000
vn -0.2654 -0.9641 -0.0000
vn -0.0068 -1.0000 -0.0000
vn 0.4941 -0.8694 -0.0000
vn 0.8027 0.5964 -0.0000
vn 0.9677 0.2522 -0.0000
vn 1.0000 -0.0068 -0.0000
vn 0.8626 -0.5059 -0.0000
vn 0.0335 0.9994 -0.0000
vn -0.1600 0.9871 -0.0000
vn -0.9839 -0.1788 -0.0000
vn -0.9770 0.2131 -0.0000
vn -0.0167 -0.9999 -0.0000
vn -0.2116 -0.9774 -0.0000
vn -0.3983 -0.9173 -0.0000
vn -0.9301 -0.3672 -0.0000
vn -0.9160 0.4012 -0.0000
vn -0.3474 0.9377 -0.0000
vn -0.7136 -0.7005 -0.0000
vn -0.7201 -0.6939 -0.0000
vn 0.7239 0.6899 -0.0000
vn 0.3980 0.9174 -0.0000
vn 0.7187 0.6953 -0.0000
vn -0.1646 -0.9863 -0.0067
vn -0.0151 -0.9999 0.0019
vn -0.4412 -0.8974 0.0067
vn 0.3240 -0.9461 -0.0044
vn -0.0296 0.9996 -0.0042
vn 0.3552 0.9348 0.0044
vn 0.3673 -0.9301 -0.0000
vn -0.1788 0.9838 0.0087
vn 0.7277 -0.6859 0.0044
vn -0.5010 0.8654 -0.0063
vn -0.6952 0.7187 0.0091
vn 0.9168 -0.3993 -0.0019
vn 0.6953 -0.7187 -0.0000
vn -0.8230 0.5681 -0.0019
vn -0.8147 -0.5799 0.0044
vn 0.9999 -0.0151 -0.0019
vn 0.9774 -0.2113 0.0091
vn -0.8406 -0.5417 -0.0000
vn -0.9666 0.2562 0.0044
vn 0.9461 0.3240 0.0044
vn 0.9301 0.3673 -0.0000
vn -0.5705 -0.8213 -0.0019
vn -0.9774 0.2113 -0.0000
vn -0.0000 -1.0000 -0.0000
vn 0.7022 0.7120 -0.0000
vn 0.7071 -0.7071 -0.0000
vn 1.0000 -0.0001 -0.0000
vn -0.2284 0.9736 -0.0000
vn -0.1218 0.9925 -0.0000
vn -0.0139 0.9999 -0.0000
vn -0.6966 -0.7175 -0.0000
vn -0.2588 0.9659 -0.0000
vn -0.7071 0.7071 -0.0000
vn -0.9659 0.2588 -0.0000
vn -0.9659 -0.2588 -0.0000
vn -0.7071 -0.7071 -0.0000
vn -0.2588 -0.9659 -0.0000
vn 0.2588 -0.9659 -0.0000
vn 0.9659 -0.2588 -0.0000
vn 0.9659 0.2588 -0.0000
vn 0.7071 0.7071 -0.0000
vn 0.2588 0.9659 -0.0000
vn 0.7025 0.6844 0.1951
vn 0.7041 0.6870 -0.1798
vn 0.7041 0.6870 0.1798
vn -0.1442 -0.1372 -0.9800
vn -0.2973 -0.2852 -0.9112
vn -0.1512 -0.1451 -0.9778
vn -0.6708 -0.6359 -0.3816
vn -0.7133 -0.6772 -0.1808
vn -0.6777 -0.6446 -0.3539
vn 0.7025 0.6844 -0.1950
vn 0.6692 0.6529 -0.3549
vn 0.2762 0.2663 -0.9235
vn 0.1521 0.1478 -0.9772
vn 0.2961 0.2879 -0.9107
vn -0.7132 -0.6771 0.1811
vn -0.6708 -0.6359 0.3816
vn -0.6777 -0.6446 0.3539
vn -0.2973 -0.2852 0.9112
vn -0.1442 -0.1372 0.9800
vn -0.1512 -0.1451 0.9778
vn 0.1524 0.1480 0.9772
vn 0.2762 0.2663 0.9235
vn 0.2961 0.2879 0.9107
vn 0.6692 0.6529 0.3549
vn 0.1382 0.1333 -0.9814
vn 0.1382 0.1333 0.9814
vn -0.7120 -0.6748 0.1942
vn -0.7120 -0.6748 -0.1942
vn -0.2774 -0.2638 -0.9238
vn 0.6624 0.6441 -0.3827
vn -0.7133 -0.6772 0.1803
vn -0.6708 -0.6360 0.3815
vn -0.2774 -0.2638 0.9238
vn 0.1518 0.1475 0.9773
vn 0.2759 0.2660 0.9236
vn 0.6624 0.6441 0.3827
vn -0.0166 -0.9999 -0.0000
vn 0.1788 -0.9839 -0.0000
vn -0.2113 -0.9774 -0.0000
vn -0.3980 -0.9174 -0.0000
vn -0.5693 -0.8221 -0.0000
vn 0.5417 -0.8406 -0.0000
vn -0.7187 -0.6953 -0.0000
vn 0.8221 -0.5693 -0.0000
vn -0.9301 -0.3673 -0.0000
vn 0.9174 -0.3980 -0.0000
vn 0.9774 -0.2113 -0.0000
vn 0.9999 -0.0166 -0.0000
vn -0.9999 0.0166 -0.0000
vn 0.9839 0.1788 -0.0000
vn -0.9174 0.3980 -0.0000
vn 0.8406 0.5417 -0.0000
vn -0.8221 0.5693 -0.0000
vn -0.6953 0.7187 -0.0000
vn -0.5417 0.8406 -0.0000
vn 0.5693 0.8221 -0.0000
vn -0.3673 0.9301 -0.0000
vn -0.1788 0.9839 -0.0000
vn 0.2113 0.9774 -0.0000
vn 0.0166 0.9999 -0.0000
vn -0.0007 -0.0004 1.0000
vn -0.0008 -0.0000 1.0000
vn 0.0007 0.0004 1.0000
vn 0.0004 0.0007 1.0000
vn -0.0004 0.0007 1.0000
vn -0.0000 0.0008 1.0000
vn 0.0004 -0.0007 1.0000
vn 0.0007 -0.0004 1.0000
vn -0.0004 -0.0007 1.0000
vn -0.0007 0.0004 1.0000
vn 0.0008 -0.0000 1.0000
vn -0.0000 -0.0008 1.0000
vn 0.4360 0.9000 -0.0000
vn 0.1055 0.9944 -0.0000
vn 0.9974 0.0724 -0.0000
vn 0.9139 0.4059 -0.0000
vn 0.5614 -0.8275 -0.0000
vn 0.8085 -0.5886 -0.0000
vn 0.3788 -0.1083 -0.9191
vn 0.1213 -0.0347 -0.9920
vn -0.4360 -0.9000 -0.0000
vn -0.1055 -0.9944 -0.0000
vn -0.9974 -0.0724 -0.0000
vn -0.9139 -0.4059 -0.0000
vn -0.5614 0.8275 -0.0000
vn -0.8085 0.5886 -0.0000
vn 0.6918 0.6692 0.2714
vn 0.9615 -0.2748 -0.0000
vn 0.9254 -0.2645 0.2714
vn 0.2427 -0.9701 -0.0000
vn 0.2336 -0.9337 0.2714
vn -0.6918 -0.6692 0.2714
vn -0.9615 0.2748 -0.0000
vn -0.9254 0.2645 0.2714
vn -0.2336 0.9337 0.2714
vn -0.2427 0.9701 -0.0000
vn -0.5934 -0.5740 0.5643
vn 0.7938 -0.2269 0.5643
vn 0.2831 0.2739 -0.9191
vn 0.0907 0.0877 -0.9920
vn 0.2748 0.9615 -0.0000
vn 0.0956 -0.3821 -0.9191
vn 0.0306 -0.1224 -0.9920
vn -0.3788 0.1083 -0.9191
vn -0.1213 0.0347 -0.9920
vn 0.2831 0.2739 0.9191
vn 0.0907 0.0877 0.9920
vn -0.3788 0.1083 0.9191
vn -0.1213 0.0347 0.9920
vn 0.9701 0.2427 -0.0000
vn 0.9701 0.2428 -0.0000
vn 0.8232 -0.2353 -0.5167
vn 0.8713 -0.2490 -0.4229
vn 0.2078 -0.8305 -0.5167
vn 0.2200 -0.8791 -0.4229
vn 0.0956 -0.3821 0.9191
vn 0.0306 -0.1224 0.9920
vn -0.1013 0.4046 0.9089
vn -0.1767 0.7060 0.6859
vn -0.2748 -0.9615 -0.0000
vn -0.6154 -0.5953 -0.5167
vn -0.6513 -0.6300 -0.4229
vn 0.4010 -0.1146 -0.9089
vn 0.6997 -0.2000 -0.6859
vn -0.7938 0.2269 0.5643
vn 0.3788 -0.1083 0.9191
vn 0.1213 -0.0347 0.9920
vn -0.4010 0.1146 0.9089
vn -0.6997 0.2000 0.6859
vn -0.2998 -0.2900 -0.9089
vn -0.5231 -0.5060 -0.6859
vn 0.5934 0.5740 0.5643
vn -0.2831 -0.2739 0.9191
vn -0.0907 -0.0877 0.9920
vn 0.2998 0.2900 0.9089
vn 0.5231 0.5060 0.6859
vn -0.4010 0.1146 -0.9089
vn -0.6997 0.2000 -0.6859
vn 0.4010 -0.1146 0.9089
vn 0.6997 -0.2000 0.6859
vn -0.8232 0.2353 -0.5167
vn -0.8713 0.2490 -0.4229
vn -0.2078 0.8305 -0.5167
vn -0.2200 0.8791 -0.4229
vn -0.9701 -0.2428 -0.0000
vn -0.9701 -0.2427 -0.0000
vn -0.1012 0.4046 -0.9089
vn -0.1767 0.7060 -0.6859
vn -0.1013 0.4046 -0.9089
vn 0.2004 -0.8009 0.5643
vn -0.0956 0.3821 0.9191
vn -0.0306 0.1224 0.9920
vn 0.1012 -0.4046 0.9089
vn 0.1767 -0.7060 0.6859
vn -0.2998 -0.2900 0.9089
vn -0.5231 -0.5060 0.6859
vn 0.6154 0.5953 -0.5167
vn 0.6513 0.6300 -0.4229
vn -0.2831 -0.2739 -0.9191
vn -0.0907 -0.0877 -0.9920
vn 0.2998 0.2900 -0.9089
vn 0.5231 0.5060 -0.6859
vn 0.5143 0.8576 -0.0000
vn 0.8275 0.5614 -0.0000
vn 0.9944 -0.1055 -0.0000
vn 0.8576 -0.5143 -0.0000
vn 0.4856 -0.8742 -0.0000
vn 0.0724 -0.9974 -0.0000
vn -0.5886 -0.8084 -0.0000
vn -0.8742 -0.4856 -0.0000
vn -0.8742 -0.4855 -0.0000
vn -0.9000 0.4360 -0.0000
vn -0.4059 0.9139 -0.0000
vn -0.2428 0.9701 -0.0000
vn 0.2428 -0.9701 -0.0000
vn -0.2004 0.8009 0.5643
vn 0.8742 0.4856 -0.0000
vn -0.5143 -0.8576 -0.0000
vn -0.8576 0.5143 -0.0000
vn -0.4856 0.8742 -0.0000
vn 0.1767 -0.7060 -0.6859
vn -0.0956 0.3821 -0.9191
vn -0.0306 0.1224 -0.9920
vn 0.1012 -0.4046 -0.9089
vn 0.7642 -0.6447 -0.0168
vn 0.7643 -0.6447 0.0169
vn 0.7642 -0.6447 0.0168
vn 0.6510 -0.7568 -0.0590
vn 0.6858 -0.7226 -0.0870
vn 0.6850 -0.7233 -0.0868
vn 0.6510 -0.7568 0.0590
vn 0.6858 -0.7226 0.0870
vn 0.6529 -0.7549 0.0617
vn 0.7129 -0.6960 -0.0862
vn 0.7115 -0.6974 -0.0861
vn -0.6722 -0.6503 -0.3539
vn -0.7070 -0.6839 -0.1800
vn -0.6722 -0.6503 0.3539
vn -0.7070 -0.6839 0.1800
vn -0.7070 -0.6840 0.1797
vn -0.1530 -0.1478 0.9771
vn -0.2968 -0.2871 0.9107
vn -0.1526 -0.1476 -0.9772
vn -0.2968 -0.2871 -0.9107
vn -0.1511 -0.1461 -0.9777
vn 0.7070 0.6839 -0.1800
vn 0.7070 0.6840 0.1797
vn 0.2968 0.2871 -0.9107
vn 0.1526 0.1476 -0.9772
vn 0.1511 0.1461 0.9777
vn -0.1511 -0.1461 0.9777
vn -0.1523 -0.1473 0.9773
vn 0.7069 0.6839 0.1804
vn 0.6722 0.6503 0.3539
vn 0.6722 0.6503 -0.3539
vn 0.7070 0.6840 -0.1797
vn 0.1511 0.1461 -0.9777
vn -0.7070 -0.6840 -0.1797
vn 0.2968 0.2871 0.9107
vn 0.1526 0.1476 0.9772
vn 0.7449 -0.6647 -0.0573
vn 0.7643 -0.6447 -0.0169
vn 0.7429 -0.6668 -0.0598
vn 0.7449 -0.6647 0.0573
vn 0.7115 -0.6974 0.0861
vn 0.7129 -0.6960 0.0862
vn 0.6291 -0.7771 0.0177
vn 0.6291 -0.7771 0.0178
vn 0.6291 -0.7771 -0.0178
vn 0.6291 -0.7771 -0.0177
vn 0.6529 -0.7549 -0.0617
vn 0.6850 -0.7233 0.0868
vn 0.7429 -0.6668 0.0598
vn -0.0014 0.0014 1.0000
vn 0.8742 0.4855 -0.0000
vn -0.4855 0.8742 -0.0000
vn 0.4855 -0.8742 -0.0000
vn 0.0394 0.0112 -0.9992
vn 0.0406 -0.0047 -0.9992
vn 0.0393 0.0112 -0.9992
vn 0.0321 0.0255 -0.9992
vn 0.0321 0.0254 -0.9992
vn 0.0199 0.0358 -0.9992
vn 0.0047 0.0408 -0.9992
vn 0.0047 0.0407 -0.9992
vn -0.0113 0.0395 -0.9992
vn -0.0255 0.0322 -0.9992
vn -0.0359 0.0200 -0.9992
vn -0.0408 0.0047 -0.9992
vn -0.0395 -0.0113 -0.9992
vn -0.0321 -0.0255 -0.9992
vn -0.0322 -0.0255 -0.9992
vn -0.0199 -0.0358 -0.9992
vn -0.0047 -0.0406 -0.9992
vn -0.0047 -0.0407 -0.9992
vn 0.0112 -0.0393 -0.9992
vn 0.0112 -0.0394 -0.9992
vn 0.0254 -0.0320 -0.9992
vn 0.0357 -0.0199 -0.9992
vn -0.0111 0.0390 0.9992
vn -0.0197 -0.0355 0.9992
vn -0.0047 -0.0404 0.9992
vn -0.0198 -0.0355 0.9992
vn 0.0047 0.0403 0.9992
vn -0.0318 -0.0252 0.9992
vn 0.0046 0.0403 0.9992
vn 0.0198 0.0355 0.9992
vn -0.0390 -0.0111 0.9992
vn 0.0405 -0.0047 0.9992
vn 0.0197 0.0355 0.9992
vn 0.0404 -0.0047 0.9992
vn 0.0319 0.0253 0.9992
vn 0.0356 -0.0198 0.9992
vn 0.0318 0.0252 0.9992
vn -0.0403 0.0046 0.9992
vn 0.0392 0.0112 0.9992
vn 0.0253 -0.0319 0.9992
vn 0.0391 0.0112 0.9992
vn -0.0354 0.0197 0.9992
vn 0.0112 -0.0391 0.9992
vn -0.0252 0.0318 0.9992
vn -0.0252 0.0317 0.9992
vn 0.3031 0.9426 0.1397
vn 0.2932 0.9118 0.2875
vn 0.3032 0.9428 0.1389
vn 0.8805 0.4520 0.1429
vn 0.8513 0.4370 0.2904
vn 0.8806 0.4521 0.1422
vn -0.3678 0.9299 -0.0039
vn -0.3668 0.9303 -0.0037
vn -0.3666 0.9304 -0.0037
vn 0.6406 0.7547 0.1414
vn 0.6195 0.7298 0.2890
vn 0.6407 0.7548 0.1406
vn 0.1782 -0.9840 0.0031
vn 0.1772 -0.9842 0.0034
vn 0.1784 -0.9840 0.0030
vn -0.3654 0.9308 -0.0042
vn -0.3652 0.9309 -0.0042
vn -0.0705 0.0888 -0.9936
vn -0.0705 0.0888 -0.9935
vn -0.5694 -0.8221 -0.0005
vn -0.5692 -0.8222 -0.0005
vn 0.1080 0.0308 0.9937
vn -0.7553 0.6411 0.1360
vn -0.7309 0.6204 0.2844
vn -0.7553 0.6411 0.1359
vn -0.4524 0.8813 0.1368
vn -0.4378 0.8527 0.2849
vn -0.4524 0.8813 0.1364
vn -0.0807 0.9871 0.1381
vn -0.0781 0.9550 0.2860
vn -0.0807 0.9872 0.1374
vn 0.5423 -0.8402 0.0044
vn 0.5412 -0.8409 0.0042
vn -0.5691 -0.8223 -0.0005
vn -0.9554 -0.0781 0.2849
vn -0.9873 -0.0807 0.1368
vn -0.9874 -0.0807 0.1364
vn -0.9127 0.2935 0.2844
vn -0.9431 0.3033 0.1360
vn -0.9432 0.3033 0.1359
vn 0.5410 -0.8410 0.0043
vn 0.5397 -0.8418 0.0047
vn -0.0311 0.1090 -0.9936
vn -0.6198 -0.7302 0.2875
vn -0.6408 -0.7549 0.1397
vn -0.6409 -0.7550 0.1389
vn -0.8525 -0.4376 0.2860
vn -0.8811 -0.4523 0.1381
vn -0.8812 -0.4524 0.1374
vn 0.3979 0.9174 -0.0005
vn 0.3980 0.9174 -0.0005
vn 0.3981 0.9174 -0.0005
vn 0.0880 0.0698 0.9937
vn 0.0879 0.0698 0.9937
vn -0.9177 0.3972 -0.0050
vn -0.9171 0.3986 -0.0048
vn -0.9170 0.3988 -0.0048
vn 0.3982 0.9173 -0.0005
vn 0.7291 -0.6189 0.2921
vn 0.7544 -0.6404 0.1444
vn 0.7544 -0.6404 0.1443
vn 0.4369 -0.8510 0.2915
vn 0.4519 -0.8804 0.1439
vn 0.4520 -0.8804 0.1435
vn 0.0780 -0.9537 0.2904
vn 0.0807 -0.9864 0.1429
vn 0.0807 -0.9865 0.1422
vn -0.2931 -0.9114 0.2890
vn -0.3031 -0.9424 0.1414
vn -0.3031 -0.9425 0.1406
vn 0.9863 0.0806 0.1439
vn 0.9534 0.0779 0.2915
vn 0.9864 0.0806 0.1435
vn -0.9163 0.4004 -0.0054
vn -0.9162 0.4006 -0.0054
vn 0.9420 -0.3029 0.1444
vn 0.9105 -0.2928 0.2921
vn 0.9420 -0.3029 0.1443
vn 0.0130 0.1125 -0.9936
vn -0.8408 -0.5414 -0.0024
vn -0.8404 -0.5420 -0.0023
vn 0.0545 0.0980 0.9937
vn 0.9084 -0.2921 -0.2992
vn 0.9409 -0.3026 -0.1519
vn 0.9410 -0.3026 -0.1518
vn 0.9776 -0.2106 0.0048
vn 0.9773 -0.2120 0.0046
vn -0.8403 -0.5421 -0.0023
vn -0.8399 -0.5427 -0.0025
vn 0.9508 0.0777 -0.2997
vn 0.9850 0.0805 -0.1527
vn 0.9851 0.0805 -0.1523
vn -0.3024 -0.9404 -0.1556
vn -0.2918 -0.9075 -0.3022
vn -0.3024 -0.9405 -0.1548
vn 0.0805 -0.9848 -0.1540
vn 0.0777 -0.9505 -0.3008
vn 0.0805 -0.9849 -0.1533
vn 0.4513 -0.8792 -0.1527
vn 0.4357 -0.8487 -0.2997
vn 0.4514 -0.8793 -0.1523
vn 0.7535 -0.6396 -0.1519
vn 0.7275 -0.6175 -0.2992
vn 0.7535 -0.6396 -0.1518
vn 0.9772 -0.2122 0.0046
vn 0.9769 -0.2138 0.0052
vn 0.0550 0.0989 -0.9936
vn 0.7189 0.6951 0.0015
vn 0.7186 0.6954 0.0014
vn 0.7186 0.6955 0.0014
vn 0.0128 0.1113 0.9937
vn -0.2111 -0.9775 0.0015
vn -0.2106 -0.9776 0.0016
vn -0.2105 -0.9776 0.0016
vn 0.7182 0.6958 0.0016
vn 0.7182 0.6959 0.0016
vn 0.0162 0.9999 -0.0024
vn 0.0154 0.9999 -0.0025
vn 0.0886 0.0703 -0.9936
vn -0.8783 -0.4509 -0.1587
vn -0.8472 -0.4349 -0.3052
vn -0.8472 -0.4349 -0.3051
vn -0.8784 -0.4510 -0.1580
vn -0.6391 -0.7529 -0.1573
vn -0.6166 -0.7264 -0.3038
vn -0.6392 -0.7530 -0.1564
vn -0.9840 -0.1782 -0.0039
vn -0.9838 -0.1793 -0.0037
vn -0.9840 -0.1781 -0.0039
vn -0.0307 0.1077 0.9937
vn 0.1793 -0.9838 0.0032
vn 0.1804 -0.9836 0.0034
vn 0.1806 -0.9836 0.0034
vn -0.9838 -0.1795 -0.0037
vn -0.9835 -0.1808 -0.0042
vn -0.9397 0.3022 -0.1603
vn -0.9061 0.2914 -0.3068
vn -0.9397 0.3022 -0.1601
vn -0.9839 -0.0804 -0.1598
vn -0.9488 -0.0776 -0.3062
vn -0.9839 -0.0804 -0.1593
vn -0.5695 -0.8220 -0.0005
vn 0.1087 0.0310 -0.9936
vn 0.1086 0.0310 -0.9936
vn 0.9303 0.3668 0.0032
vn 0.9299 0.3677 0.0030
vn 0.9299 0.3678 0.0031
vn -0.0696 0.0877 0.9937
vn -0.0776 0.9491 -0.3052
vn -0.0805 0.9840 -0.1587
vn -0.0805 0.9842 -0.1580
vn -0.4348 0.8469 -0.3062
vn -0.4508 0.8782 -0.1598
vn -0.4509 0.8783 -0.1593
vn -0.7256 0.6159 -0.3068
vn -0.7525 0.6388 -0.1603
vn -0.7525 0.6388 -0.1601
vn 0.3977 0.9175 -0.0005
vn 0.9295 0.3688 0.0034
vn 0.9294 0.3690 0.0034
vn -0.8412 -0.5406 -0.0025
vn -0.8413 -0.5405 -0.0025
vn -0.9772 0.2121 -0.0048
vn -0.9775 0.2107 -0.0046
vn -0.0978 0.0544 0.9937
vn 0.7193 0.6947 0.0016
vn -0.9776 0.2105 -0.0046
vn -0.9779 0.2089 -0.0051
vn -0.9842 -0.1768 -0.0041
vn -0.9843 -0.1766 -0.0042
vn 0.9998 -0.0173 0.0044
vn 0.9999 -0.0160 0.0042
vn 0.9999 -0.0158 0.0043
vn -0.1112 0.0128 0.9937
vn 0.6169 0.7267 -0.3022
vn 0.6393 0.7531 -0.1556
vn 0.6393 0.7532 -0.1548
vn 0.9307 0.3658 0.0034
vn 0.9999 -0.0143 0.0047
vn 0.9999 -0.0140 0.0048
vn 0.8484 0.4355 -0.3008
vn 0.8790 0.4512 -0.1540
vn 0.8791 0.4513 -0.1533
vn 0.2917 0.9070 -0.3037
vn 0.3023 0.9401 -0.1573
vn 0.3024 0.9403 -0.1564
vn 0.7630 0.6053 0.2269
vn 0.6982 0.5539 0.4535
vn 0.7632 0.6055 0.2256
vn 0.4735 0.8515 0.2253
vn 0.4334 0.7795 0.4523
vn 0.4736 0.8518 0.2239
vn 0.1116 0.9683 0.2236
vn 0.1022 0.8866 0.4510
vn 0.1117 0.9686 0.2223
vn -0.2675 0.9376 0.2221
vn -0.2450 0.8588 0.4500
vn -0.2676 0.9378 0.2211
vn -0.6061 0.7641 0.2209
vn -0.5552 0.6999 0.4493
vn -0.6062 0.7642 0.2204
vn -0.8525 0.4740 0.2204
vn -0.7809 0.4342 0.4490
vn -0.8875 0.1023 0.4493
vn -0.9689 0.1117 0.2209
vn -0.9690 0.1117 0.2204
vn -0.8588 -0.2450 0.4500
vn -0.9376 -0.2675 0.2221
vn -0.9378 -0.2676 0.2211
vn -0.6992 -0.5547 0.4510
vn -0.7636 -0.6057 0.2236
vn -0.7638 -0.6059 0.2223
vn -0.4334 -0.7795 0.4523
vn -0.4735 -0.8515 0.2253
vn -0.4736 -0.8518 0.2239
vn -0.1021 -0.8854 0.4535
vn -0.1115 -0.9675 0.2269
vn -0.1116 -0.9678 0.2256
vn 0.2444 -0.8565 0.4546
vn 0.2671 -0.9363 0.2281
vn 0.2672 -0.9365 0.2271
vn 0.5533 -0.6975 0.4553
vn 0.6050 -0.7627 0.2288
vn 0.6051 -0.7628 0.2282
vn 0.7780 -0.4326 0.4556
vn 0.8508 -0.4731 0.2288
vn 0.9671 -0.1115 0.2288
vn 0.8845 -0.1020 0.4553
vn 0.9672 -0.1115 0.2282
vn 0.9363 0.2671 0.2281
vn 0.8565 0.2444 0.4546
vn 0.9365 0.2672 0.2271
vn 0.8528 0.2433 -0.4622
vn 0.9341 0.2665 -0.2377
vn 0.9343 0.2666 -0.2367
vn 0.8813 -0.1016 -0.4615
vn 0.9652 -0.1113 -0.2366
vn 0.9653 -0.1113 -0.2361
vn 0.8493 -0.4722 -0.2360
vn 0.7755 -0.4312 -0.4612
vn 0.6038 -0.7612 -0.2366
vn 0.5513 -0.6950 -0.4615
vn 0.6039 -0.7613 -0.2361
vn 0.2665 -0.9341 -0.2377
vn 0.2433 -0.8528 -0.4622
vn 0.2666 -0.9343 -0.2367
vn -0.1112 -0.9646 -0.2392
vn -0.1015 -0.8804 -0.4632
vn -0.1112 -0.9649 -0.2380
vn -0.4717 -0.8482 -0.2409
vn -0.4304 -0.7740 -0.4644
vn -0.4718 -0.8485 -0.2395
vn -0.7601 -0.6029 -0.2424
vn -0.6933 -0.5500 -0.4657
vn -0.7603 -0.6031 -0.2412
vn -0.9326 -0.2661 -0.2437
vn -0.8505 -0.2426 -0.4667
vn -0.9329 -0.2662 -0.2427
vn -0.9633 0.1111 -0.2443
vn -0.8782 0.1012 -0.4674
vn -0.9634 0.1111 -0.2438
vn -0.7725 0.4296 -0.4676
vn -0.8475 0.4712 -0.2444
vn -0.5494 0.6926 -0.4674
vn -0.6026 0.7597 -0.2443
vn -0.6027 0.7598 -0.2438
vn -0.2426 0.8505 -0.4667
vn -0.2661 0.9326 -0.2437
vn -0.2427 0.8505 -0.4667
vn -0.2662 0.9329 -0.2427
vn 0.1013 0.8791 -0.4657
vn 0.1111 0.9638 -0.2424
vn 0.1111 0.9641 -0.2412
vn 0.4304 0.7740 -0.4645
vn 0.4717 0.8482 -0.2409
vn 0.4718 0.8485 -0.2395
vn 0.6943 0.5508 -0.4632
vn 0.7607 0.6034 -0.2392
vn 0.7609 0.6036 -0.2380
vn -0.0991 0.0551 -0.9935
vn -0.6946 0.7193 -0.0046
vn -0.6935 0.7205 -0.0051
vn -0.6933 0.7207 -0.0052
vn 0.0170 0.9999 -0.0023
vn 0.0178 0.9998 -0.0025
vn 0.0180 0.9998 -0.0026
vn -0.6958 0.7182 -0.0048
vn -0.6948 0.7192 -0.0046
vn 0.0169 0.9999 -0.0023
vn -0.1127 0.0130 -0.9935
vn 0.8216 -0.5700 0.0048
vn 0.8206 -0.5714 0.0053
vn 0.8218 -0.5698 0.0048
vn -0.2116 -0.9774 0.0014
vn -0.2121 -0.9773 0.0016
vn -0.2115 -0.9774 0.0014
vn 0.8226 -0.5686 0.0050
vn -0.1090 -0.0311 -0.9936
vn -0.9998 0.0174 -0.0043
vn -0.9998 0.0189 -0.0047
vn -0.9998 0.0191 -0.0048
vn -0.9999 0.0159 -0.0044
vn -0.9998 0.0172 -0.0042
vn -0.0887 -0.0704 -0.9936
vn -0.9303 -0.3668 -0.0031
vn -0.9307 -0.3657 -0.0034
vn -0.9308 -0.3656 -0.0035
vn -0.9299 -0.3678 -0.0032
vn -0.9303 -0.3669 -0.0030
vn -0.0550 -0.0989 -0.9936
vn 0.9840 0.1781 0.0037
vn 0.9842 0.1768 0.0042
vn 0.9840 0.1783 0.0037
vn 0.9838 0.1794 0.0039
vn -0.0129 -0.1123 -0.9936
vn -0.7189 -0.6951 -0.0014
vn -0.7193 -0.6947 -0.0016
vn -0.7186 -0.6954 -0.0014
vn 0.9779 -0.2089 0.0051
vn 0.9780 -0.2086 0.0051
vn 0.0310 -0.1086 -0.9936
vn 0.8408 0.5413 0.0023
vn 0.8413 0.5406 0.0025
vn 0.8407 0.5414 0.0023
vn -0.9184 0.3956 -0.0053
vn 0.8404 0.5420 0.0024
vn 0.5436 -0.8393 0.0047
vn 0.5439 -0.8392 0.0048
vn 0.0702 -0.0885 -0.9936
vn -0.3979 -0.9174 0.0005
vn -0.3977 -0.9175 0.0005
vn -0.3692 0.9294 -0.0041
vn -0.3679 0.9299 -0.0039
vn -0.3980 -0.9174 0.0005
vn -0.6971 0.7170 -0.0051
vn -0.6959 0.7182 -0.0048
vn 0.0987 -0.0549 -0.9936
vn 0.5694 0.8221 0.0005
vn 0.5695 0.8220 0.0005
vn 0.5693 0.8221 0.0005
vn 0.8236 -0.5672 0.0053
vn 0.8237 -0.5669 0.0053
vn 0.5692 0.8222 0.0005
vn -0.9999 0.0143 -0.0047
vn 0.1122 -0.0129 -0.9936
vn -0.0162 -0.9999 0.0023
vn -0.0154 -0.9999 0.0025
vn -0.0152 -0.9999 0.0026
vn -0.9295 -0.3688 -0.0034
vn 0.1117 -0.0129 0.9937
vn -0.0170 -0.9999 0.0024
vn -0.0163 -0.9999 0.0023
vn 0.9835 0.1807 0.0041
vn 0.9835 0.1810 0.0041
vn 0.2111 0.9775 -0.0014
vn 0.2106 0.9776 -0.0016
vn 0.2112 0.9775 -0.0014
vn -0.7182 -0.6958 -0.0015
vn -0.7186 -0.6954 -0.0015
vn 0.0982 -0.0546 0.9937
vn 0.2116 0.9774 -0.0014
vn 0.2116 0.9774 -0.0015
vn 0.8399 0.5427 0.0025
vn 0.8398 0.5428 0.0025
vn 0.3680 -0.9298 0.0037
vn 0.3692 -0.9294 0.0042
vn 0.3694 -0.9293 0.0042
vn -0.3982 -0.9173 0.0005
vn 0.0699 -0.0881 0.9937
vn 0.3667 -0.9303 0.0039
vn 0.3678 -0.9299 0.0037
vn 0.5691 0.8223 0.0005
vn 0.5690 0.8223 0.0005
vn -0.1794 0.9838 -0.0031
vn -0.1804 0.9836 -0.0034
vn -0.1792 0.9838 -0.0030
vn -0.0178 -0.9998 0.0025
vn 0.0308 -0.1080 0.9937
vn -0.1783 0.9840 -0.0032
vn 0.2121 0.9772 -0.0015
vn 0.2122 0.9772 -0.0016
vn 0.6959 -0.7181 0.0046
vn 0.6971 -0.7170 0.0052
vn 0.6973 -0.7168 0.0052
vn 0.3655 -0.9308 0.0041
vn -0.0129 -0.1115 0.9937
vn 0.6947 -0.7193 0.0048
vn 0.6957 -0.7183 0.0046
vn -0.1772 0.9842 -0.0034
vn -0.1770 0.9842 -0.0034
vn -0.5424 0.8401 -0.0043
vn -0.5436 0.8393 -0.0047
vn -0.5422 0.8403 -0.0042
vn 0.6935 -0.7205 0.0051
vn -0.0545 -0.0980 0.9937
vn -0.5411 0.8409 -0.0044
vn -0.5411 0.8410 -0.0044
vn -0.5398 0.8418 -0.0047
vn -0.5396 0.8419 -0.0047
vn 0.9178 -0.3971 0.0048
vn 0.9184 -0.3956 0.0054
vn 0.9185 -0.3953 0.0054
vn 0.9171 -0.3987 0.0050
vn 0.9164 -0.4003 0.0053
vn -0.0878 -0.0696 0.9937
vn 0.9177 -0.3974 0.0048
vn -0.8217 0.5699 -0.0050
vn -0.8206 0.5714 -0.0053
vn -0.8205 0.5716 -0.0053
vn -0.8226 0.5685 -0.0048
vn -0.8236 0.5671 -0.0054
vn -0.8225 0.5688 -0.0048
vn 0.9998 -0.0189 0.0047
vn -0.1077 -0.0307 0.9937
vn -0.8216 0.5700 -0.0050
vn -0.9769 0.2138 -0.0051
vn -0.9768 0.2140 -0.0051
vn 0.1770 -0.9842 0.0034
vn 0.5395 -0.8420 0.0048
vn -0.8398 -0.5428 -0.0025
vn 0.9768 -0.2141 0.0052
vn 0.0152 0.9999 -0.0025
vn -0.9835 -0.1810 -0.0042
vn -0.9780 0.2086 -0.0052
vn 0.9308 0.3656 0.0034
vn 0.8205 -0.5717 0.0054
vn -0.2122 -0.9772 0.0016
vn 0.9843 0.1766 0.0042
vn 0.8413 0.5405 0.0026
vn -0.9185 0.3953 -0.0054
vn -0.3694 0.9293 -0.0042
vn -0.6973 0.7168 -0.0052
vn -0.9999 0.0141 -0.0047
vn -0.9294 -0.3690 -0.0034
vn 0.2105 0.9776 -0.0016
vn -0.7182 -0.6959 -0.0016
vn -0.1806 0.9835 -0.0035
vn -0.0180 -0.9998 0.0025
vn 0.3652 -0.9309 0.0041
vn -0.5438 0.8392 -0.0048
vn 0.6933 -0.7207 0.0051
vn 0.9162 -0.4006 0.0053
vn -0.8238 0.5669 -0.0054
vn 0.9998 -0.0191 0.0047
vt 0.241622 0.510735
vt 0.262199 0.510897
vt 0.286090 0.562227
vt 0.489608 0.005306
vt 0.412377 0.408469
vt 0.393727 0.416523
vt 0.489280 0.541730
vt 0.476932 0.554704
vt 0.467015 0.487651
vt 0.355586 0.650679
vt 0.322106 0.581599
vt 0.355325 0.581474
vt 0.355122 0.527739
vt 0.321971 0.545776
vt 0.321904 0.527865
vt 0.355189 0.545651
vt 0.322039 0.563688
vt 0.322571 0.704539
vt 0.355721 0.686502
vt 0.355789 0.704413
vt 0.322503 0.686627
vt 0.355654 0.668590
vt 0.322435 0.668716
vt 0.359014 0.718922
vt 0.466215 0.740939
vt 0.359014 0.740939
vt 0.524386 0.718922
vt 0.496445 0.740938
vt 0.496445 0.718922
vt 0.465644 0.774585
vt 0.465073 0.808231
vt 0.597839 0.740938
vt 0.554889 0.718922
vt 0.597839 0.718922
vt 0.422129 0.652351
vt 0.465644 0.685276
vt 0.466215 0.718922
vt 0.554889 0.740938
vt 0.539637 0.718922
vt 0.539637 0.740938
vt 0.481330 0.718922
vt 0.481330 0.740938
vt 0.387036 0.496738
vt 0.390568 0.561476
vt 0.373158 0.557269
vt 0.360184 0.544921
vt 0.459751 0.559766
vt 0.413904 0.510586
vt 0.493487 0.524320
vt 0.289409 0.496661
vt 0.303742 0.557895
vt 0.316852 0.545313
vt 0.213057 0.493957
vt 0.216178 0.560147
vt 0.199008 0.555032
vt 0.186683 0.541999
vt 0.182530 0.524541
vt 0.480205 0.713200
vt 0.485803 0.699160
vt 0.485331 0.671223
vt 0.479258 0.657233
vt 0.465073 0.651630
vt 0.479258 0.802628
vt 0.485803 0.760701
vt 0.480205 0.746661
vt 0.485331 0.788638
vt 0.353162 0.008700
vt 0.320336 0.112629
vt 0.319944 0.008825
vt 0.353554 0.112504
vt 0.351243 0.008725
vt 0.015007 0.718923
vt 0.015007 0.740939
vt 0.182530 0.004687
vt 0.263125 0.406809
vt 0.242722 0.406644
vt 0.322372 0.007743
vt 0.069176 0.510735
vt 0.089753 0.510897
vt 0.113644 0.562227
vt 0.317162 0.005306
vt 0.239931 0.408469
vt 0.221281 0.416523
vt 0.316834 0.541730
vt 0.304486 0.554704
vt 0.294569 0.487651
vt 0.183140 0.650679
vt 0.149661 0.581599
vt 0.182879 0.581474
vt 0.182676 0.527740
vt 0.149525 0.545776
vt 0.149458 0.527865
vt 0.182744 0.545651
vt 0.149593 0.563688
vt 0.150125 0.704539
vt 0.183276 0.686502
vt 0.183343 0.704413
vt 0.150057 0.686627
vt 0.183208 0.668590
vt 0.149990 0.668716
vt 0.358473 0.718923
vt 0.465674 0.740939
vt 0.358473 0.740939
vt 0.523845 0.718922
vt 0.495904 0.740938
vt 0.495904 0.718922
vt 0.465103 0.774585
vt 0.464532 0.808231
vt 0.597298 0.740938
vt 0.554348 0.718922
vt 0.597298 0.718922
vt 0.421588 0.652351
vt 0.465103 0.685276
vt 0.465674 0.718922
vt 0.554348 0.740938
vt 0.539097 0.718922
vt 0.539097 0.740938
vt 0.480789 0.718922
vt 0.480790 0.740939
vt 0.214590 0.496738
vt 0.218122 0.561476
vt 0.200712 0.557269
vt 0.187738 0.544921
vt 0.287305 0.559766
vt 0.241458 0.510587
vt 0.321041 0.524320
vt 0.116963 0.496661
vt 0.131296 0.557895
vt 0.144407 0.545313
vt 0.040612 0.493957
vt 0.043732 0.560147
vt 0.026563 0.555032
vt 0.014238 0.541999
vt 0.010084 0.524541
vt 0.479664 0.713200
vt 0.485262 0.699160
vt 0.484790 0.671223
vt 0.478717 0.657233
vt 0.464532 0.651630
vt 0.478718 0.802628
vt 0.485262 0.760701
vt 0.479664 0.746661
vt 0.484790 0.788638
vt 0.180716 0.008700
vt 0.147890 0.112629
vt 0.147498 0.008825
vt 0.181108 0.112504
vt 0.178797 0.008725
vt 0.014467 0.718923
vt 0.014467 0.740940
vt 0.010084 0.004687
vt 0.090679 0.406809
vt 0.070276 0.406644
vt 0.149926 0.007743
vt 0.041319 0.640085
vt 0.048123 0.567897
vt 0.048068 0.640090
vt 0.091856 0.640067
vt 0.088455 0.567875
vt 0.095205 0.567872
vt 0.081814 0.640078
vt 0.034570 0.640080
vt 0.041374 0.567892
vt 0.081706 0.567885
vt 0.031332 0.567879
vt 0.074957 0.567895
vt 0.024528 0.640068
vt 0.021290 0.567867
vt 0.068316 0.640098
vt 0.075065 0.640088
vt 0.017778 0.640055
vt 0.112104 0.640045
vt 0.105247 0.567862
vt 0.111996 0.567852
vt 0.061567 0.640100
vt 0.064915 0.567905
vt 0.105355 0.640055
vt 0.011247 0.567842
vt 0.054872 0.567902
vt 0.054817 0.640095
vt 0.098605 0.640065
vt 0.118745 0.567842
vt 0.118853 0.640035
vt 0.203386 0.653880
vt 0.252675 0.674297
vt 0.216271 0.718655
vt 0.247843 0.705742
vt 0.199276 0.710525
vt 0.199276 0.657175
vt 0.375498 0.480017
vt 0.474507 0.468769
vt 0.471095 0.438735
vt 0.371238 0.460154
vt 0.459557 0.422014
vt 0.379579 0.431101
vt 0.432689 0.408165
vt 0.322368 0.650804
vt 0.355257 0.563563
vt 0.524386 0.740938
vt 0.422129 0.807510
vt 0.443938 0.507174
vt 0.203707 0.479271
vt 0.301010 0.479645
vt 0.305221 0.459500
vt 0.199888 0.459461
vt 0.204282 0.437423
vt 0.300863 0.438172
vt 0.223782 0.414267
vt 0.289721 0.421211
vt 0.203053 0.480017
vt 0.302061 0.468769
vt 0.298649 0.438735
vt 0.198792 0.460154
vt 0.287111 0.422014
vt 0.207133 0.431101
vt 0.260243 0.408165
vt 0.149922 0.650804
vt 0.182811 0.563562
vt 0.523845 0.740938
vt 0.421588 0.807510
vt 0.271492 0.507174
vt 0.031261 0.479271
vt 0.128564 0.479645
vt 0.132775 0.459500
vt 0.027442 0.459461
vt 0.031836 0.437423
vt 0.128417 0.438171
vt 0.051336 0.414267
vt 0.117276 0.421211
vt 0.011029 0.640034
vt 0.186631 0.674296
vt 0.192978 0.662422
vt 0.223036 0.649972
vt 0.235920 0.653880
vt 0.246328 0.662422
vt 0.252675 0.694331
vt 0.241545 0.710989
vt 0.229670 0.717336
vt 0.197762 0.710989
vt 0.186631 0.694331
vt 0.211151 0.650828
vt 0.224551 0.649509
vt 0.237435 0.653417
vt 0.247843 0.661959
vt 0.254190 0.673833
vt 0.254190 0.693868
vt 0.237435 0.714284
vt 0.224550 0.718192
vt 0.211151 0.716872
vt 0.190735 0.700117
vt 0.186826 0.687233
vt 0.190735 0.667583
vt 0.489863 0.632665
vt 0.457290 0.585440
vt 0.489863 0.585440
vt 0.556644 0.632665
vt 0.540452 0.585440
vt 0.556644 0.585440
vt 0.506172 0.632665
vt 0.540452 0.632665
vt 0.506172 0.585440
vt 0.545275 0.644195
vt 0.590017 0.689389
vt 0.545755 0.678472
vt 0.383404 0.632665
vt 0.362342 0.585440
vt 0.383404 0.585440
vt 0.621737 0.632665
vt 0.590017 0.528716
vt 0.621737 0.585440
vt 0.545755 0.539634
vt 0.557446 0.528264
vt 0.545275 0.573910
vt 0.557446 0.689842
vt 0.457290 0.632665
vt 0.362342 0.632665
vt 0.642307 0.580916
vt 0.642307 0.637190
vt 0.697059 0.724178
vt 0.703175 0.779316
vt 0.697059 0.779316
vt 0.703175 0.724178
vt 0.709291 0.779316
vt 0.709291 0.724178
vt 0.715407 0.779316
vt 0.715407 0.724178
vt 0.721523 0.779316
vt 0.721523 0.724178
vt 0.727639 0.779316
vt 0.727639 0.724178
vt 0.733755 0.779316
vt 0.733755 0.724178
vt 0.739871 0.779316
vt 0.739871 0.724178
vt 0.745987 0.779316
vt 0.745987 0.724178
vt 0.752103 0.779316
vt 0.752103 0.724178
vt 0.758219 0.779316
vt 0.758219 0.724178
vt 0.764335 0.779316
vt 0.690943 0.724178
vt 0.690943 0.779316
vt 0.705414 0.793787
vt 0.685646 0.799084
vt 0.764335 0.724178
vt 0.702356 0.782374
vt 0.705414 0.787671
vt 0.702356 0.799084
vt 0.697059 0.802142
vt 0.690943 0.802142
vt 0.682588 0.793787
vt 0.682588 0.787671
vt 0.685646 0.782375
vt 0.566835 0.188397
vt 0.972358 0.174418
vt 0.972430 0.185814
vt 0.565584 0.122015
vt 0.971579 0.102075
vt 0.971813 0.122275
vt 0.565029 0.100217
vt 0.971543 0.080541
vt 0.566762 0.177004
vt 0.972183 0.152884
vt 0.566458 0.155205
vt 0.971945 0.132683
vt 0.971603 0.069150
vt 0.565316 0.045226
vt 0.971864 0.047617
vt 0.566100 0.023436
vt 0.972308 0.027420
vt 0.972549 0.227551
vt 0.566808 0.210198
vt 0.972530 0.207349
vt 0.565899 0.133407
vt 0.566533 0.012048
vt 0.564916 0.067024
vt 0.564857 0.078417
vt 0.566527 0.232001
vt 0.972549 0.017014
vt 0.463198 0.188097
vt 0.370971 0.188097
vt 0.463198 0.172459
vt 0.463198 0.203734
vt 0.370971 0.172460
vt 0.370971 0.203734
vt 0.463198 0.156822
vt 0.463198 0.219372
vt 0.370971 0.156822
vt 0.370971 0.219372
vt 0.463198 0.235009
vt 0.370971 0.235009
vt 0.463198 0.141185
vt 0.370971 0.141185
vt 0.463198 0.250647
vt 0.370971 0.250647
vt 0.463198 0.125547
vt 0.370971 0.125547
vt 0.463198 0.109910
vt 0.463198 0.266284
vt 0.370971 0.109910
vt 0.370971 0.266284
vt 0.463198 0.281921
vt 0.463197 0.094272
vt 0.370971 0.094272
vt 0.370971 0.281921
vt 0.463198 0.078635
vt 0.370971 0.297559
vt 0.370971 0.078635
vt 0.463198 0.297559
vt 0.463197 0.062998
vt 0.370971 0.062998
vt 0.463198 0.313196
vt 0.370971 0.313196
vt 0.463198 0.328834
vt 0.463197 0.047360
vt 0.370971 0.047360
vt 0.370971 0.328834
vt 0.463198 0.344471
vt 0.370971 0.344471
vt 0.463197 0.031723
vt 0.370971 0.547757
vt 0.370971 0.532120
vt 0.463197 0.532120
vt 0.463197 0.516482
vt 0.463198 0.360108
vt 0.370971 0.516482
vt 0.370971 0.360108
vt 0.463197 0.500845
vt 0.463198 0.375746
vt 0.370971 0.375746
vt 0.370971 0.500845
vt 0.463198 0.391383
vt 0.463198 0.485208
vt 0.370971 0.391383
vt 0.370971 0.485208
vt 0.463198 0.407021
vt 0.463198 0.469570
vt 0.370971 0.407021
vt 0.370971 0.469570
vt 0.463198 0.422658
vt 0.463198 0.453933
vt 0.370971 0.453933
vt 0.370971 0.422658
vt 0.463198 0.438295
vt 0.370971 0.438295
vt 0.053261 0.802122
vt 0.035664 0.793556
vt 0.055556 0.793556
vt 0.037959 0.859227
vt 0.018438 0.857847
vt 0.024708 0.851577
vt 0.017057 0.823024
vt 0.008492 0.840620
vt 0.008492 0.820729
vt 0.074163 0.838325
vt 0.072783 0.857847
vt 0.066512 0.851576
vt 0.072783 0.803502
vt 0.066512 0.809773
vt 0.017057 0.838325
vt 0.759651 0.236742
vt 0.751085 0.219145
vt 0.759651 0.221440
vt 0.055556 0.867793
vt 0.053261 0.859227
vt 0.074163 0.823024
vt 0.082729 0.820729
vt 0.024708 0.809773
vt 0.037959 0.802122
vt 0.035664 0.867793
vt 0.082729 0.840620
vt 0.915727 0.083729
vt 0.938390 0.068427
vt 0.938390 0.083729
vt 0.915727 0.114331
vt 0.938390 0.099030
vt 0.938390 0.114331
vt 0.915727 0.144934
vt 0.938390 0.129633
vt 0.938390 0.144934
vt 0.385927 0.944544
vt 0.411633 0.913230
vt 0.411633 0.944544
vt 0.915727 0.175537
vt 0.938390 0.160235
vt 0.938390 0.175537
vt 0.915727 0.206139
vt 0.938390 0.190838
vt 0.938390 0.206139
vt 0.915727 0.236742
vt 0.938390 0.221440
vt 0.938390 0.236742
vt 0.392729 0.626002
vt 0.367023 0.587929
vt 0.392729 0.587929
vt 0.392739 0.626370
vt 0.367033 0.588297
vt 0.392739 0.588297
vt 0.392570 0.626370
vt 0.366864 0.588297
vt 0.392570 0.588297
vt 0.392065 0.586984
vt 0.366359 0.625057
vt 0.366358 0.586984
vt 0.392475 0.625222
vt 0.366769 0.587149
vt 0.392475 0.587149
vt 0.098480 0.984914
vt 0.128781 0.934861
vt 0.131181 0.983294
vt 0.324552 0.774464
vt 0.350258 0.659558
vt 0.350258 0.774464
vt 0.325226 0.775777
vt 0.350932 0.660871
vt 0.350932 0.775777
vt 0.411623 0.944176
vt 0.385917 0.912862
vt 0.411623 0.912862
vt 0.367033 0.731655
vt 0.367033 0.626370
vt 0.385758 0.944544
vt 0.411464 0.913230
vt 0.411464 0.944544
vt 0.385663 0.943396
vt 0.411369 0.912082
vt 0.411369 0.943396
vt 0.350258 0.928233
vt 0.324552 0.887298
vt 0.350258 0.887298
vt 0.325226 0.929546
vt 0.350932 0.888611
vt 0.350932 0.929546
vt 0.308861 0.730507
vt 0.324962 0.659723
vt 0.324962 0.774630
vt 0.203015 0.712239
vt 0.172547 0.742163
vt 0.169824 0.687207
vt 0.206741 0.688296
vt 0.167800 0.646359
vt 0.366769 0.730507
vt 0.392475 0.730507
vt 0.089444 0.802547
vt 0.096080 0.936481
vt 0.173330 0.559910
vt 0.134555 0.601420
vt 0.143669 0.554187
vt 0.137123 0.688827
vt 0.135099 0.647979
vt 0.350668 0.659723
vt 0.366769 0.625222
vt 0.375723 0.796911
vt 0.350668 0.774630
vt 0.375723 0.734902
vt 0.299907 0.796911
vt 0.324962 0.817830
vt 0.367023 0.731287
vt 0.392729 0.731287
vt 0.379575 0.815542
vt 0.405282 0.802674
vt 0.405282 0.815542
vt 0.352735 0.927365
vt 0.327029 0.886430
vt 0.352735 0.886430
vt 0.350668 0.849941
vt 0.350668 0.817830
vt 0.309115 0.731287
vt 0.325216 0.660503
vt 0.325216 0.775409
vt 0.282497 0.890651
vt 0.325216 0.850721
vt 0.325216 0.888243
vt 0.393641 0.890651
vt 0.350922 0.850721
vt 0.393641 0.836793
vt 0.375977 0.797691
vt 0.350922 0.775409
vt 0.375977 0.735682
vt 0.405536 0.816322
vt 0.379829 0.803453
vt 0.405536 0.803453
vt 0.350922 0.660503
vt 0.325216 0.929178
vt 0.350922 0.888243
vt 0.350922 0.929178
vt 0.350922 0.818610
vt 0.379839 0.816690
vt 0.405545 0.803821
vt 0.405545 0.816690
vt 0.325226 0.851088
vt 0.350932 0.818978
vt 0.350932 0.851088
vt 0.375987 0.798059
vt 0.375987 0.736050
vt 0.392739 0.731655
vt 0.366864 0.731655
vt 0.392570 0.731655
vt 0.300171 0.798059
vt 0.325226 0.818978
vt 0.308957 0.731655
vt 0.325057 0.660871
vt 0.325057 0.775777
vt 0.300003 0.798059
vt 0.325057 0.818978
vt 0.350764 0.660871
vt 0.366864 0.626370
vt 0.375818 0.798059
vt 0.350764 0.775777
vt 0.375818 0.736050
vt 0.379671 0.816690
vt 0.405377 0.803821
vt 0.405377 0.816690
vt 0.350764 0.929546
vt 0.325057 0.888611
vt 0.350764 0.888611
vt 0.350764 0.851089
vt 0.350764 0.818978
vt 0.308451 0.730342
vt 0.324552 0.659558
vt 0.299497 0.796746
vt 0.324552 0.817665
vt 0.324552 0.849775
vt 0.350258 0.817665
vt 0.350258 0.849775
vt 0.392065 0.730342
vt 0.392065 0.625057
vt 0.385253 0.943231
vt 0.410959 0.911917
vt 0.410959 0.943231
vt 0.404872 0.815377
vt 0.379166 0.802508
vt 0.404872 0.802508
vt 0.851024 0.083729
vt 0.915727 0.068427
vt 0.052560 0.968036
vt 0.067012 0.952734
vt 0.067012 0.968036
vt 0.851024 0.099030
vt 0.915727 0.099030
vt 0.052560 0.983337
vt 0.067012 0.983337
vt 0.851024 0.114331
vt 0.948007 0.533596
vt 0.557964 0.479113
vt 0.948007 0.479114
vt 0.851024 0.129633
vt 0.915727 0.129633
vt 0.021310 0.952709
vt 0.035762 0.937407
vt 0.035762 0.952709
vt 0.851024 0.144934
vt 0.021310 0.968010
vt 0.035762 0.968010
vt 0.851024 0.160235
vt 0.915727 0.160235
vt 0.021310 0.983311
vt 0.035762 0.983311
vt 0.851024 0.175537
vt 0.488059 0.282086
vt 0.520375 0.063579
vt 0.520375 0.282086
vt 0.915727 0.190838
vt 0.051522 0.897372
vt 0.066823 0.882920
vt 0.066823 0.897372
vt 0.851024 0.206139
vt 0.036221 0.897372
vt 0.051522 0.882920
vt 0.851024 0.221440
vt 0.915727 0.221440
vt 0.020919 0.882920
vt 0.020919 0.897372
vt 0.851024 0.236742
vt 0.589753 0.276734
vt 0.620275 0.058228
vt 0.620275 0.276734
vt 0.851024 0.068427
vt 0.915727 0.053126
vt 0.836572 0.068427
vt 0.851024 0.053126
vt 0.526915 0.058228
vt 0.494599 0.027706
vt 0.526916 0.027706
vt 0.557964 0.309259
vt 0.503482 0.366945
vt 0.503482 0.309259
vt 0.488059 0.033057
vt 0.520375 0.033058
vt 0.557437 0.058228
vt 0.589753 0.058228
vt 0.583213 0.282086
vt 0.613735 0.063579
vt 0.613735 0.282086
vt 0.526915 0.276734
vt 0.494599 0.058228
vt 0.948007 0.421428
vt 0.557964 0.421427
vt 0.557437 0.276734
vt 0.557964 0.366945
vt 0.948007 0.366945
vt 0.948007 0.309259
vt 0.550897 0.063579
vt 0.550897 0.282086
vt 0.583213 0.063579
vt 0.209319 0.591439
vt 0.163364 0.604294
vt 0.379575 0.802674
vt 0.393387 0.889871
vt 0.393387 0.836013
vt 0.296055 0.815542
vt 0.324962 0.849941
vt 0.282243 0.889871
vt 0.324962 0.887463
vt 0.379829 0.816322
vt 0.296309 0.816322
vt 0.325216 0.818610
vt 0.300161 0.797691
vt 0.296319 0.816690
vt 0.282507 0.891019
vt 0.325226 0.888611
vt 0.379839 0.803821
vt 0.393651 0.891019
vt 0.393651 0.837161
vt 0.379671 0.803821
vt 0.393483 0.891019
vt 0.393483 0.837161
vt 0.296150 0.816690
vt 0.325057 0.851089
vt 0.282338 0.891019
vt 0.295645 0.815377
vt 0.281833 0.889706
vt 0.139846 0.743783
vt 0.147088 0.889956
vt 0.759651 0.083729
vt 0.836572 0.083729
vt 0.759651 0.099030
vt 0.836572 0.099030
vt 0.759651 0.114331
vt 0.836572 0.114331
vt 0.759651 0.129633
vt 0.836572 0.129633
vt 0.759651 0.144934
vt 0.836572 0.144934
vt 0.759651 0.160235
vt 0.836572 0.160235
vt 0.759651 0.175536
vt 0.836572 0.175537
vt 0.836572 0.190838
vt 0.759651 0.206139
vt 0.836572 0.206139
vt 0.836572 0.221441
vt 0.836572 0.236742
vt 0.759651 0.068427
vt 0.836573 0.053126
vt 0.904258 0.728522
vt 0.918833 0.703896
vt 0.913384 0.731290
vt 0.674265 0.605589
vt 0.686645 0.579788
vt 0.692694 0.587160
vt 0.894285 0.752601
vt 0.902695 0.757096
vt 0.709869 0.564270
vt 0.714364 0.572680
vt 0.879805 0.774271
vt 0.887177 0.780320
vt 0.735674 0.553581
vt 0.738442 0.562707
vt 0.861377 0.792700
vt 0.867426 0.800071
vt 0.764004 0.557622
vt 0.763069 0.548132
vt 0.714364 0.807179
vt 0.735675 0.826278
vt 0.709869 0.815589
vt 0.839707 0.807179
vt 0.844202 0.815589
vt 0.791001 0.548132
vt 0.790067 0.557622
vt 0.692694 0.792700
vt 0.686645 0.800071
vt 0.815628 0.817153
vt 0.818396 0.826278
vt 0.818396 0.553581
vt 0.815628 0.562706
vt 0.666894 0.780321
vt 0.674265 0.774271
vt 0.790066 0.822237
vt 0.791001 0.831727
vt 0.844202 0.564270
vt 0.839706 0.572680
vt 0.651376 0.757096
vt 0.659786 0.752601
vt 0.764004 0.822237
vt 0.763070 0.831727
vt 0.867426 0.579788
vt 0.861377 0.587160
vt 0.640687 0.731291
vt 0.649812 0.728523
vt 0.738443 0.817153
vt 0.879805 0.605589
vt 0.887177 0.599539
vt 0.635238 0.703896
vt 0.644728 0.702961
vt 0.894285 0.627259
vt 0.902695 0.622764
vt 0.635238 0.675964
vt 0.644728 0.676899
vt 0.904258 0.651337
vt 0.913384 0.648569
vt 0.640687 0.648569
vt 0.649812 0.651337
vt 0.909343 0.676899
vt 0.918833 0.675964
vt 0.651376 0.622764
vt 0.659786 0.627259
vt 0.909343 0.702961
vt 0.666894 0.599539
vt 0.838989 0.809207
vt 0.866361 0.801933
vt 0.843243 0.817380
vt 0.814910 0.819181
vt 0.817556 0.828020
vt 0.790287 0.833444
vt 0.789349 0.824265
vt 0.762483 0.833444
vt 0.763286 0.824265
vt 0.735214 0.828020
vt 0.737725 0.819181
vt 0.709527 0.817380
vt 0.713646 0.809207
vt 0.686409 0.801933
vt 0.691976 0.794728
vt 0.666749 0.782273
vt 0.673547 0.776299
vt 0.651302 0.759155
vt 0.659068 0.754629
vt 0.640662 0.733468
vt 0.649094 0.730550
vt 0.635238 0.706199
vt 0.644010 0.704989
vt 0.635238 0.678395
vt 0.644010 0.678926
vt 0.640662 0.651126
vt 0.649094 0.653365
vt 0.651302 0.625439
vt 0.659068 0.629286
vt 0.666749 0.602321
vt 0.673547 0.607616
vt 0.686409 0.582661
vt 0.691976 0.589188
vt 0.709527 0.567214
vt 0.713646 0.574708
vt 0.735214 0.556574
vt 0.737725 0.564735
vt 0.762483 0.551150
vt 0.763286 0.559650
vt 0.789349 0.559650
vt 0.790287 0.551150
vt 0.814910 0.564735
vt 0.817556 0.556574
vt 0.838989 0.574708
vt 0.843243 0.567214
vt 0.860659 0.589188
vt 0.866361 0.582661
vt 0.879088 0.607616
vt 0.886021 0.602321
vt 0.893567 0.629287
vt 0.901468 0.625439
vt 0.903541 0.653365
vt 0.912108 0.651126
vt 0.908625 0.678927
vt 0.917532 0.678395
vt 0.908625 0.704989
vt 0.917532 0.706199
vt 0.903541 0.730551
vt 0.912108 0.733468
vt 0.893567 0.754629
vt 0.901468 0.759155
vt 0.879087 0.776299
vt 0.886021 0.782273
vt 0.860659 0.794728
vt 0.220160 0.554180
vt 0.099658 0.565221
vt 0.106630 0.529090
vt 0.350668 0.928398
vt 0.385663 0.912082
vt 0.324962 0.928398
vt 0.289967 0.912082
vt 0.195810 0.797276
vt 0.179790 0.888336
vt 0.385917 0.944176
vt 0.290221 0.912862
vt 0.385927 0.913230
vt 0.290231 0.913230
vt 0.385758 0.913230
vt 0.325057 0.929546
vt 0.290063 0.913230
vt 0.324552 0.928233
vt 0.289557 0.911916
vt 0.385253 0.911917
vt 0.077776 0.797520
vt 0.106569 0.717018
vt 0.110477 0.795900
vt 0.419094 0.836013
vt 0.401429 0.734902
vt 0.419347 0.836793
vt 0.401683 0.735682
vt 0.419357 0.891019
vt 0.401693 0.736050
vt 0.419189 0.837161
vt 0.401525 0.798059
vt 0.392977 0.835848
vt 0.418684 0.889706
vt 0.392977 0.889706
vt 0.375313 0.734737
vt 0.401019 0.796746
vt 0.375313 0.796746
vt 0.069997 0.559498
vt 0.076970 0.523366
vt 0.367023 0.626002
vt 0.081512 0.599051
vt 0.082293 0.665881
vt 0.100494 0.693560
vt 0.101305 0.709930
vt 0.122145 0.800926
vt 0.309125 0.731655
vt 0.325226 0.660871
vt 0.050395 0.666254
vt 0.049614 0.599424
vt 0.068604 0.711550
vt 0.379166 0.815377
vt 0.366359 0.730342
vt 0.751085 0.239037
vt 0.018437 0.803502
vt 0.308861 0.625222
vt 0.206923 0.791121
vt 0.207553 0.704666
vt 0.299907 0.734902
vt 0.327029 0.927365
vt 0.309116 0.626002
vt 0.282497 0.836793
vt 0.300171 0.736050
vt 0.308957 0.626370
vt 0.300002 0.736050
vt 0.308451 0.625057
vt 0.299497 0.734737
vt 0.052560 0.952734
vt 0.557964 0.533595
vt 0.021310 0.937407
vt 0.488059 0.063579
vt 0.851024 0.190838
vt 0.036221 0.882920
vt 0.494599 0.276734
vt 0.220160 0.653917
vt 0.350668 0.887463
vt 0.296055 0.802674
vt 0.282243 0.836013
vt 0.296309 0.803453
vt 0.300161 0.735682
vt 0.296319 0.803821
vt 0.282507 0.837160
vt 0.296150 0.803821
vt 0.282338 0.837161
vt 0.295645 0.802508
vt 0.281833 0.835848
vt 0.759651 0.190838
vt 0.759651 0.053126
vt 0.289967 0.943396
vt 0.202446 0.931211
vt 0.290221 0.944176
vt 0.290231 0.944544
vt 0.290063 0.944544
vt 0.289557 0.943231
vt 0.073868 0.718638
vt 0.419094 0.889871
vt 0.401429 0.796911
vt 0.419347 0.890651
vt 0.401683 0.797691
vt 0.419357 0.837161
vt 0.401693 0.798059
vt 0.419189 0.891019
vt 0.401525 0.736050
vt 0.418684 0.835848
vt 0.401019 0.734737
vt 0.309125 0.626370
vt 0.067793 0.695180
vt 0.232807 0.594563
vt 0.240762 0.603562
vt 0.232461 0.601632
vt 0.198973 0.580562
vt 0.209438 0.566528
vt 0.210555 0.575731
vt 0.197826 0.612659
vt 0.207263 0.627403
vt 0.191235 0.619333
vt 0.217574 0.576043
vt 0.210243 0.566457
vt 0.219474 0.566967
vt 0.057949 0.714444
vt 0.046703 0.646475
vt 0.058043 0.646457
vt 0.029269 0.714404
vt 0.040703 0.646467
vt 0.040609 0.714454
vt 0.018631 0.714308
vt 0.029363 0.646417
vt 0.068587 0.714377
vt 0.068682 0.646391
vt 0.096047 0.714255
vt 0.102141 0.646276
vt 0.102047 0.714263
vt 0.084706 0.714272
vt 0.074163 0.646352
vt 0.084801 0.646286
vt 0.013150 0.714255
vt 0.018725 0.646321
vt 0.113481 0.646325
vt 0.113387 0.714312
vt 0.096141 0.646268
vt 0.074068 0.714339
vt 0.046609 0.714462
vt 0.124119 0.646422
vt 0.124025 0.714408
vt 0.228709 0.581829
vt 0.241256 0.593453
vt 0.235398 0.575242
vt 0.227141 0.613906
vt 0.216500 0.627796
vt 0.215494 0.618578
vt 0.185140 0.601200
vt 0.193564 0.599979
vt 0.193817 0.592905
vt 0.185502 0.591086
vt 0.192875 0.573434
vt 0.209034 0.618303
vt 0.233155 0.621113
vt 0.211118 0.575686
vt 0.013244 0.646268
vt 0.210617 0.819606
vt 0.118606 0.996451
vt 0.118606 0.819606
vt 0.316598 0.638264
vt 0.295815 0.658845
vt 0.291751 0.641371
vt 0.062210 0.819606
vt 0.006945 0.996451
vt 0.006945 0.819605
vt 0.267978 0.641369
vt 0.273802 0.643137
vt 0.315475 0.638254
vt 0.285919 0.643221
vt 0.291742 0.641452
vt 0.243029 0.638456
vt 0.243338 0.586724
vt 0.249404 0.606719
vt 0.523274 0.996451
vt 0.495075 0.819605
vt 0.523274 0.819605
vt 0.495075 0.996451
vt 0.466877 0.819605
vt 0.090408 0.996451
vt 0.062210 0.996451
vt 0.090408 0.819606
vt 0.323961 0.819606
vt 0.261522 0.996451
vt 0.261522 0.819606
vt 0.244234 0.638171
vt 0.244241 0.586658
vt 0.249416 0.606634
vt 0.250272 0.652759
vt 0.262611 0.638499
vt 0.264856 0.658808
vt 0.254048 0.629934
vt 0.257908 0.634638
vt 0.349414 0.996451
vt 0.323961 0.996451
vt 0.349414 0.819605
vt 0.374867 0.996451
vt 0.236070 0.996451
vt 0.210617 0.996451
vt 0.236069 0.819606
vt 0.466877 0.996451
vt 0.294873 0.658884
vt 0.267968 0.641461
vt 0.273800 0.643230
vt 0.309443 0.652836
vt 0.262585 0.638580
vt 0.263919 0.658955
vt 0.249275 0.653010
vt 0.253970 0.629908
vt 0.257859 0.634689
vt 0.248790 0.573597
vt 0.267994 0.584120
vt 0.262630 0.586983
vt 0.257926 0.590834
vt 0.310013 0.573608
vt 0.308528 0.600913
vt 0.305660 0.595550
vt 0.316413 0.586632
vt 0.310337 0.618753
vt 0.310925 0.612692
vt 0.291735 0.584013
vt 0.310960 0.573486
vt 0.297807 0.568042
vt 0.262615 0.586884
vt 0.249695 0.573494
vt 0.262859 0.568042
vt 0.273803 0.582250
vt 0.267981 0.584016
vt 0.257911 0.590744
vt 0.297127 0.638494
vt 0.301533 0.634870
vt 0.310444 0.652850
vt 0.285921 0.643141
vt 0.279861 0.643735
vt 0.297106 0.638584
vt 0.301808 0.634724
vt 0.250949 0.624158
vt 0.251132 0.624484
vt 0.254062 0.595528
vt 0.251184 0.600892
vt 0.249389 0.618838
vt 0.248796 0.612795
vt 0.251180 0.624567
vt 0.254051 0.595447
vt 0.251183 0.600812
vt 0.249414 0.618744
vt 0.248819 0.612689
vt 0.374867 0.819605
vt 0.279861 0.643821
vt 0.261929 0.568160
vt 0.273814 0.582357
vt 0.296856 0.568160
vt 0.315465 0.586765
vt 0.305666 0.630021
vt 0.308532 0.624657
vt 0.279865 0.581764
vt 0.310296 0.618837
vt 0.310891 0.612784
vt 0.285917 0.582360
vt 0.291737 0.584125
vt 0.310294 0.606732
vt 0.297100 0.586992
vt 0.301801 0.590850
vt 0.297102 0.586875
vt 0.301886 0.634594
vt 0.305612 0.630063
vt 0.301807 0.590729
vt 0.305671 0.595429
vt 0.308548 0.624621
vt 0.308545 0.600796
vt 0.310320 0.606625
vt 0.285913 0.582248
vt 0.279858 0.581653
vt 0.228492 0.766132
vt 0.243272 0.773513
vt 0.228492 0.773513
vt 0.956618 0.068427
vt 0.956618 0.083729
vt 0.956618 0.099030
vt 0.956618 0.114331
vt 0.956618 0.129633
vt 0.956618 0.144934
vt 0.956618 0.160235
vt 0.956618 0.175537
vt 0.956618 0.190838
vt 0.956618 0.206139
vt 0.956618 0.221440
vt 0.956618 0.236742
vt 0.956618 0.053126
vt 0.256616 0.587695
vt 0.249486 0.570483
vt 0.260306 0.581303
vt 0.262738 0.562833
vt 0.266698 0.577613
vt 0.278039 0.562833
vt 0.274079 0.577613
vt 0.280471 0.581303
vt 0.291290 0.570483
vt 0.298941 0.583735
vt 0.284161 0.587695
vt 0.284161 0.595076
vt 0.298941 0.599036
vt 0.291290 0.612287
vt 0.280471 0.601468
vt 0.274079 0.605158
vt 0.278039 0.619938
vt 0.262738 0.619938
vt 0.266698 0.605158
vt 0.249486 0.612287
vt 0.260306 0.601468
vt 0.241836 0.599036
vt 0.256616 0.595076
vt 0.241836 0.583735
vt 0.150003 0.911632
vt 0.173858 0.918024
vt 0.156395 0.935487
vt 0.228492 0.788274
vt 0.243272 0.795655
vt 0.228492 0.795655
vt 0.228492 0.736609
vt 0.243272 0.743989
vt 0.228492 0.743989
vt 0.228492 0.721847
vt 0.243272 0.729228
vt 0.228492 0.729228
vt 0.228492 0.758751
vt 0.243272 0.766132
vt 0.243272 0.780893
vt 0.243272 0.788274
vt 0.243272 0.736609
vt 0.228492 0.803036
vt 0.243272 0.810416
vt 0.228492 0.810416
vt 0.228492 0.751370
vt 0.243272 0.758751
vt 0.228492 0.780893
vt 0.243272 0.803036
vt 0.243272 0.751370
vt 0.709475 0.020228
vt 0.751086 0.000337
vt 0.751086 0.020228
vt 0.709475 0.239037
vt 0.709475 0.219145
vt 0.751085 0.199254
vt 0.709475 0.199253
vt 0.751085 0.179362
vt 0.709475 0.159470
vt 0.751085 0.159470
vt 0.751085 0.139578
vt 0.709475 0.139578
vt 0.751085 0.119687
vt 0.709475 0.119687
vt 0.751085 0.099795
vt 0.709475 0.099795
vt 0.751085 0.079903
vt 0.709475 0.079903
vt 0.751085 0.060012
vt 0.662410 0.266209
vt 0.645184 0.201918
vt 0.709475 0.060012
vt 0.751085 0.040120
vt 0.709475 0.040120
vt 0.938390 0.053126
vt 0.150003 0.931796
vt 0.146312 0.925404
vt 0.146312 0.918024
vt 0.156395 0.907941
vt 0.163775 0.907941
vt 0.170167 0.911632
vt 0.173858 0.925404
vt 0.170167 0.931796
vt 0.163775 0.935487
vt 0.243272 0.721847
vt 0.709475 0.000336
vt 0.709475 0.179362
vt 0.699529 0.256264
vt 0.682302 0.266209
vt 0.645184 0.256264
vt 0.635238 0.239037
vt 0.635238 0.219145
vt 0.662410 0.191973
vt 0.682302 0.191973
vt 0.699529 0.201918
vt 0.049333 0.393103
vt 0.056719 0.367919
vt 0.057243 0.393467
vt 0.049014 0.367742
vt 0.058216 0.341468
vt 0.050214 0.341489
vt 0.056363 0.315434
vt 0.048549 0.315527
vt 0.056812 0.288256
vt 0.048704 0.288517
vt 0.053956 0.261559
vt 0.046032 0.261886
vt 0.053463 0.233539
vt 0.045241 0.234071
vt 0.049528 0.206077
vt 0.041484 0.206725
vt 0.047846 0.177070
vt 0.039481 0.178037
vt 0.042244 0.148682
vt 0.034042 0.149940
vt 0.038224 0.118329
vt 0.029619 0.120286
vt 0.028899 0.088586
vt 0.020130 0.091446
vt 0.018582 0.057989
vt 0.180339 0.484432
vt 0.200389 0.463003
vt 0.186607 0.488547
vt 0.199605 0.432092
vt 0.192339 0.459952
vt 0.206428 0.405494
vt 0.207244 0.434157
vt 0.209195 0.377809
vt 0.214289 0.406953
vt 0.213208 0.351192
vt 0.216807 0.378743
vt 0.214126 0.323709
vt 0.221057 0.351885
vt 0.216784 0.297118
vt 0.221776 0.324113
vt 0.216582 0.269747
vt 0.224696 0.297386
vt 0.218218 0.243158
vt 0.224315 0.269797
vt 0.216997 0.215890
vt 0.226228 0.243098
vt 0.217544 0.189326
vt 0.224825 0.215629
vt 0.215034 0.162241
vt 0.225652 0.188924
vt 0.213874 0.135800
vt 0.222937 0.161574
vt 0.208829 0.109207
vt 0.222050 0.134794
vt 0.203469 0.083531
vt 0.216702 0.107579
vt 0.191969 0.059762
vt 0.211380 0.080836
vt 0.038478 0.467473
vt 0.033685 0.493445
vt 0.026911 0.489005
vt 0.051199 0.444065
vt 0.046291 0.470494
vt 0.044019 0.442955
vt 0.053886 0.419402
vt 0.046359 0.418638
vt 0.167973 0.137966
vt 0.160215 0.105757
vt 0.169987 0.106548
vt 0.340828 0.188084
vt 0.330506 0.216454
vt 0.331876 0.187947
vt 0.169529 0.167784
vt 0.158204 0.137724
vt 0.339704 0.216743
vt 0.331817 0.245671
vt 0.168727 0.198273
vt 0.160191 0.167626
vt 0.340723 0.245998
vt 0.329767 0.274029
vt 0.170397 0.227292
vt 0.159283 0.198221
vt 0.338930 0.274543
vt 0.330324 0.303213
vt 0.169276 0.256968
vt 0.161321 0.227102
vt 0.339206 0.303762
vt 0.327577 0.331501
vt 0.165183 0.423701
vt 0.158650 0.395956
vt 0.167011 0.396460
vt 0.170358 0.285248
vt 0.160090 0.256773
vt 0.336719 0.332214
vt 0.327561 0.360707
vt 0.167260 0.449749
vt 0.156610 0.423578
vt 0.168619 0.314106
vt 0.161530 0.284878
vt 0.333693 0.389740
vt 0.336426 0.361379
vt 0.172467 0.476584
vt 0.158775 0.450670
vt 0.169061 0.341645
vt 0.159683 0.313716
vt 0.333784 0.418815
vt 0.324539 0.389054
vt 0.179868 0.501131
vt 0.164290 0.478478
vt 0.166835 0.369685
vt 0.160476 0.341108
vt 0.332774 0.447174
vt 0.324877 0.418477
vt 0.345704 0.039273
vt 0.332481 0.068820
vt 0.335382 0.037141
vt 0.158135 0.369184
vt 0.337202 0.475910
vt 0.323464 0.447492
vt 0.342453 0.069975
vt 0.329673 0.099297
vt 0.345704 0.502226
vt 0.328339 0.477886
vt 0.339303 0.099868
vt 0.331184 0.129587
vt 0.171549 0.075379
vt 0.169558 0.040345
vt 0.179868 0.044214
vt 0.340279 0.129776
vt 0.329987 0.158530
vt 0.160811 0.073588
vt 0.339275 0.158705
vt 0.122208 0.205692
vt 0.123136 0.223048
vt 0.124394 0.319278
vt 0.124473 0.335667
vt 0.094039 0.345321
vt 0.091575 0.336125
vt 0.124016 0.263348
vt 0.124518 0.280135
vt 0.090791 0.373249
vt 0.063041 0.365019
vt 0.093187 0.364097
vt 0.063050 0.344329
vt 0.025431 0.058675
vt 0.034882 0.082805
vt 0.124579 0.492912
vt 0.085944 0.477883
vt 0.120880 0.479912
vt 0.153167 0.366055
vt 0.153654 0.344209
vt 0.284971 0.491514
vt 0.338011 0.505703
vt 0.287163 0.521942
vt 0.116481 0.077424
vt 0.117514 0.099246
vt 0.119269 0.145264
vt 0.120497 0.163674
vt 0.093423 0.310040
vt 0.121824 0.309192
vt 0.080586 0.488869
vt 0.051830 0.469042
vt 0.288529 0.380899
vt 0.289873 0.363722
vt 0.284891 0.441480
vt 0.286154 0.422659
vt 0.091310 0.319398
vt 0.062713 0.312212
vt 0.044384 0.120545
vt 0.048767 0.144216
vt 0.293958 0.267009
vt 0.294468 0.250204
vt 0.291912 0.323620
vt 0.292899 0.306779
vt 0.122046 0.446629
vt 0.088026 0.455485
vt 0.086741 0.445265
vt 0.154532 0.310599
vt 0.154589 0.288215
vt 0.091636 0.235013
vt 0.088395 0.225482
vt 0.056788 0.448240
vt 0.127463 0.519765
vt 0.290543 0.092519
vt 0.289969 0.072326
vt 0.293109 0.153048
vt 0.292641 0.135540
vt 0.294368 0.210380
vt 0.294372 0.193449
vt 0.123454 0.374054
vt 0.123234 0.390341
vt 0.058784 0.236201
vt 0.121990 0.429225
vt 0.053480 0.179609
vt 0.056025 0.202191
vt 0.250092 0.064169
vt 0.286956 0.059755
vt 0.154724 0.253691
vt 0.154260 0.230697
vt 0.087978 0.427577
vt 0.088710 0.197639
vt 0.119002 0.195084
vt 0.249599 0.076052
vt 0.215524 0.076103
vt 0.090475 0.389861
vt 0.260283 0.193386
vt 0.260363 0.210602
vt 0.257423 0.136875
vt 0.258379 0.154564
vt 0.252556 0.095964
vt 0.073669 0.514976
vt 0.087042 0.207742
vt 0.060377 0.258030
vt 0.290913 0.015179
vt 0.242449 0.037870
vt 0.233582 0.024876
vt 0.153709 0.195132
vt 0.152942 0.171416
vt 0.151679 0.420572
vt 0.206209 0.055415
vt 0.198494 0.055508
vt 0.151994 0.398978
vt 0.120788 0.400249
vt 0.061882 0.291009
vt 0.259016 0.304525
vt 0.257893 0.321723
vt 0.260625 0.248994
vt 0.260078 0.266126
vt 0.259234 0.126821
vt 0.289845 0.124798
vt 0.152470 0.134410
vt 0.152454 0.109459
vt 0.226673 0.131285
vt 0.249583 0.418440
vt 0.246670 0.437584
vt 0.255515 0.360497
vt 0.253752 0.378056
vt 0.156992 0.476279
vt 0.256458 0.106076
vt 0.154813 0.069077
vt 0.160326 0.042484
vt 0.084004 0.167127
vt 0.081912 0.148324
vt 0.076492 0.104098
vt 0.072573 0.082226
vt 0.228403 0.513091
vt 0.237048 0.485294
vt 0.154006 0.454103
vt 0.119490 0.457566
vt 0.223724 0.109676
vt 0.325461 0.064592
vt 0.262623 0.183804
vt 0.291940 0.183036
vt 0.320481 0.475142
vt 0.318195 0.450976
vt 0.328964 0.039509
vt 0.286007 0.032051
vt 0.230527 0.185808
vt 0.324007 0.126238
vt 0.261221 0.164157
vt 0.319072 0.391933
vt 0.090849 0.281573
vt 0.090055 0.264429
vt 0.324113 0.102592
vt 0.288101 0.104167
vt 0.229639 0.164336
vt 0.122432 0.290433
vt 0.121263 0.233731
vt 0.121125 0.253054
vt 0.118734 0.174918
vt 0.115433 0.111831
vt 0.115812 0.133974
vt 0.114624 0.033729
vt 0.113107 0.063815
vt 0.281567 0.453098
vt 0.281768 0.477292
vt 0.284511 0.411384
vt 0.285166 0.391303
vt 0.322123 0.334359
vt 0.288321 0.353069
vt 0.288744 0.333824
vt 0.324378 0.277004
vt 0.291124 0.296305
vt 0.291055 0.277240
vt 0.325185 0.219577
vt 0.292381 0.239804
vt 0.291744 0.220726
vt 0.324675 0.161791
vt 0.290718 0.163688
vt 0.119608 0.418936
vt 0.122168 0.345666
vt 0.121138 0.364064
vt 0.061812 0.396549
vt 0.090939 0.418227
vt 0.060365 0.416966
vt 0.092547 0.399152
vt 0.262736 0.220137
vt 0.231244 0.240199
vt 0.231384 0.218722
vt 0.263338 0.239578
vt 0.262125 0.275717
vt 0.229832 0.294663
vt 0.230768 0.273137
vt 0.262067 0.295184
vt 0.259650 0.331438
vt 0.226341 0.349346
vt 0.228128 0.327705
vt 0.258942 0.351124
vt 0.255193 0.388103
vt 0.219866 0.404702
vt 0.223033 0.382717
vt 0.253669 0.408668
vt 0.213167 0.439072
vt 0.243700 0.473532
vt 0.206531 0.461756
vt 0.247497 0.448884
vt 0.072950 0.069125
vt 0.066559 0.039417
vt 0.083272 0.137458
vt 0.081278 0.114892
vt 0.087754 0.177017
vt 0.091945 0.254751
vt 0.093689 0.290894
vt 0.056664 0.025195
vt 0.119881 0.015179
vt 0.317968 0.414800
vt 0.320769 0.356954
vt 0.323472 0.299592
vt 0.324868 0.242232
vt 0.324821 0.184658
vt 0.009813 0.061933
vt 0.172648 0.504207
s 1
g off
g RoverModificado.003_SpacialRoverExploreralumWhite
usemtl SpacialRoverExploreralumWhite
f 133/1/1 135/2/1 61/3/1
s 2
f 50/4/2 146/5/2 148/6/2
f 59/7/2 60/8/2 143/9/2
s 3
f 58/10/3 61/11/4 53/12/4
s 4
f 54/13/5 221/14/6 220/15/5
f 56/16/6 62/17/7 221/14/6
s 3
f 62/17/8 53/12/4 61/11/4
s 5
f 181/18/9 59/19/10 57/20/9
f 65/21/10 60/22/11 59/19/10
s 3
f 64/23/12 58/10/3 60/22/12
s 6
f 50/24/13 176/25/14 52/26/13
s 7
f 168/27/15 177/28/16 170/29/16
s 1
f 52/26/1 225/30/1 174/31/1
s 8
f 51/32/17 167/33/18 49/34/17
s 2
f 49/35/2 224/36/2 171/37/2
s 8
f 174/38/18 169/39/19 167/33/18
s 7
f 175/40/20 168/27/15 169/39/20
f 177/28/16 172/41/21 170/29/16
s 6
f 178/42/22 171/37/14 172/41/22
s 2
f 149/43/2 53/44/2 55/45/2
f 55/45/2 56/46/2 149/43/2
f 54/13/2 149/43/2 56/46/2
f 58/47/2 149/43/2 145/48/2
f 143/9/2 57/49/2 59/7/2
f 143/9/2 60/8/2 58/47/2
s 1
f 61/3/1 139/50/1 62/51/1
f 62/51/1 139/50/1 221/52/1
f 218/53/1 63/54/1 64/55/1
f 65/56/1 181/57/1 218/53/1
f 64/55/1 65/56/1 218/53/1
f 139/50/1 220/15/1 221/52/1
s 2
f 171/37/2 224/36/2 172/58/2
f 172/58/2 224/36/2 170/59/2
f 170/59/2 224/36/2 168/60/2
f 169/61/2 224/36/2 167/62/2
f 168/60/2 224/36/2 169/61/2
s 1
f 174/31/1 225/30/1 175/63/1
f 177/64/1 225/30/1 178/65/1
f 178/65/1 225/30/1 176/25/1
f 175/63/1 225/30/1 173/66/1
f 173/66/1 225/30/1 177/64/1
s 4
f 49/67/23 154/68/24 51/69/23
s 2
f 50/4/2 153/70/2 49/71/2
s 4
f 153/70/24 220/15/5 154/68/24
s 5
f 57/72/9 52/26/25 181/73/9
s 1
f 52/74/1 136/75/1 134/76/1
f 154/68/1 52/74/1 51/77/1
s 9
f 244/78/1 246/79/1 238/80/1
s 10
f 227/81/2 257/82/2 259/83/2
f 236/84/2 237/85/2 254/86/2
s 11
f 235/87/3 238/88/4 230/89/4
s 12
f 231/90/5 284/91/6 283/92/5
f 233/93/6 239/94/7 284/91/6
s 11
f 239/94/8 230/89/4 238/88/4
s 13
f 280/95/9 236/96/10 234/97/9
f 242/98/10 237/99/11 236/96/10
s 11
f 241/100/12 235/87/3 237/99/12
s 14
f 227/101/13 275/102/14 229/103/13
s 15
f 267/104/15 276/105/16 269/106/16
s 9
f 229/103/1 288/107/1 273/108/1
s 16
f 228/109/17 266/110/18 226/111/17
s 10
f 226/112/2 287/113/2 270/114/2
s 16
f 273/115/18 268/116/19 266/110/18
s 15
f 274/117/20 267/104/15 268/116/20
f 276/105/16 271/118/21 269/106/16
s 14
f 277/119/22 270/114/14 271/118/22
s 10
f 260/120/2 230/121/2 232/122/2
f 232/122/2 233/123/2 260/120/2
f 231/90/2 260/120/2 233/123/2
f 235/124/2 260/120/2 256/125/2
f 254/86/2 234/126/2 236/84/2
f 254/86/2 237/85/2 235/124/2
s 9
f 238/80/1 250/127/1 239/128/1
f 239/128/1 250/127/1 284/129/1
f 281/130/1 240/131/1 241/132/1
f 242/133/1 280/134/1 281/130/1
f 241/132/1 242/133/1 281/130/1
f 250/127/1 283/92/1 284/129/1
s 10
f 270/114/2 287/113/2 271/135/2
f 271/135/2 287/113/2 269/136/2
f 269/136/2 287/113/2 267/137/2
f 268/138/2 287/113/2 266/139/2
f 267/137/2 287/113/2 268/138/2
s 9
f 273/108/1 288/107/1 274/140/1
f 276/141/1 288/107/1 277/142/1
f 277/142/1 288/107/1 275/102/1
f 274/140/1 288/107/1 272/143/1
f 272/143/1 288/107/1 276/141/1
s 12
f 226/144/23 265/145/24 228/146/23
s 10
f 227/81/2 264/147/2 226/148/2
s 12
f 264/147/24 283/92/5 265/145/24
s 13
f 234/149/9 229/103/25 280/150/9
s 9
f 229/151/1 247/152/1 245/153/1
f 265/145/1 229/151/1 228/154/1
s 17
f 299/155/26 312/156/27 298/157/27
f 292/158/28 307/159/29 306/160/30
f 292/158/28 293/161/31 307/159/29
f 299/155/26 300/162/32 313/163/33
f 293/161/31 308/164/34 307/159/29
f 300/162/32 314/165/35 313/163/33
f 293/161/31 309/166/36 308/164/34
f 300/162/32 301/167/37 314/165/35
f 301/167/37 315/168/38 314/165/35
f 295/169/39 309/166/36 294/170/40
f 301/167/37 302/171/41 315/168/38
f 289/172/15 305/173/42 304/174/15
f 295/169/39 296/175/43 310/176/44
f 289/172/15 290/177/45 305/173/42
f 302/171/41 316/178/46 315/168/38
f 296/175/43 311/179/47 310/176/44
f 296/175/43 297/180/48 311/179/47
f 291/181/49 305/173/42 290/177/45
f 289/172/15 316/182/46 303/183/50
f 298/157/27 311/179/47 297/180/48
f 291/181/49 292/158/28 306/160/30
s 18
f 305/184/1 309/185/1 313/186/1
s 19
f 299/187/2 295/188/2 291/189/2
s 1
f 61/3/1 63/54/1 218/53/1
f 61/3/1 218/53/1 133/1/1
f 135/2/1 139/50/1 61/3/1
s 2
f 150/190/2 149/43/2 54/13/2
f 57/49/2 143/9/2 140/191/2
f 57/49/2 140/191/2 141/192/2
f 151/193/2 150/190/2 54/13/2
f 151/193/2 54/13/2 153/70/2
f 50/4/2 57/49/2 141/192/2
f 50/4/2 141/192/2 142/194/2
f 151/193/2 153/70/2 50/4/2
f 152/195/2 151/193/2 50/4/2
f 50/4/2 142/194/2 147/196/2
f 50/4/2 147/196/2 146/5/2
f 148/6/2 152/195/2 50/4/2
s 3
f 58/10/3 63/197/3 61/11/4
s 4
f 54/13/5 56/16/6 221/14/6
f 56/16/6 55/198/7 62/17/7
s 3
f 62/17/8 55/198/8 53/12/4
s 5
f 181/18/9 65/21/10 59/19/10
f 65/21/10 64/23/11 60/22/11
s 3
f 64/23/12 63/197/3 58/10/3
s 6
f 50/24/13 171/37/14 176/25/14
s 7
f 168/27/15 173/199/15 177/28/16
s 1
f 174/31/1 51/200/1 52/26/1
f 52/26/1 176/25/1 225/30/1
s 8
f 51/32/17 174/38/18 167/33/18
s 2
f 171/37/2 50/24/2 49/35/2
f 49/35/2 167/62/2 224/36/2
s 8
f 174/38/18 175/40/19 169/39/19
s 7
f 175/40/20 173/199/15 168/27/15
f 177/28/16 178/42/21 172/41/21
s 6
f 178/42/22 176/25/14 171/37/14
s 2
f 144/201/2 143/9/2 58/47/2
f 58/47/2 53/44/2 149/43/2
f 145/48/2 144/201/2 58/47/2
s 4
f 49/67/23 153/70/24 154/68/24
f 153/70/24 54/13/5 220/15/5
s 5
f 57/72/9 50/24/25 52/26/25
s 1
f 180/202/1 218/53/1 181/57/1
f 220/15/1 139/50/1 137/203/1
f 220/15/1 137/203/1 223/204/1
f 222/205/1 180/202/1 181/57/1
f 132/206/1 222/205/1 181/57/1
f 154/68/1 220/15/1 223/204/1
f 154/68/1 223/204/1 138/207/1
f 132/206/1 181/57/1 52/74/1
f 179/208/1 132/206/1 52/74/1
f 52/74/1 154/68/1 138/207/1
f 52/74/1 138/207/1 219/209/1
f 134/76/1 179/208/1 52/74/1
f 52/74/1 219/209/1 136/75/1
s 9
f 238/80/1 240/131/1 281/130/1
f 238/80/1 281/130/1 244/78/1
f 246/79/1 250/127/1 238/80/1
s 10
f 261/210/2 260/120/2 231/90/2
f 234/126/2 254/86/2 251/211/2
f 234/126/2 251/211/2 252/212/2
f 262/213/2 261/210/2 231/90/2
f 262/213/2 231/90/2 264/147/2
f 227/81/2 234/126/2 252/212/2
f 227/81/2 252/212/2 253/214/2
f 262/213/2 264/147/2 227/81/2
f 263/215/2 262/213/2 227/81/2
f 227/81/2 253/214/2 258/216/2
f 227/81/2 258/216/2 257/82/2
f 259/83/2 263/215/2 227/81/2
s 11
f 235/87/3 240/217/3 238/88/4
s 12
f 231/90/5 233/93/6 284/91/6
f 233/93/6 232/218/7 239/94/7
s 11
f 239/94/8 232/218/8 230/89/4
s 13
f 280/95/9 242/98/10 236/96/10
f 242/98/10 241/100/11 237/99/11
s 11
f 241/100/12 240/217/3 235/87/3
s 14
f 227/101/13 270/114/14 275/102/14
s 15
f 267/104/15 272/219/15 276/105/16
s 9
f 273/108/1 228/220/1 229/103/1
f 229/103/1 275/102/1 288/107/1
s 16
f 228/109/17 273/115/18 266/110/18
s 10
f 270/114/2 227/101/2 226/112/2
f 226/112/2 266/139/2 287/113/2
s 16
f 273/115/18 274/117/19 268/116/19
s 15
f 274/117/20 272/219/15 267/104/15
f 276/105/16 277/119/21 271/118/21
s 14
f 277/119/22 275/102/14 270/114/14
s 10
f 255/221/2 254/86/2 235/124/2
f 235/124/2 230/121/2 260/120/2
f 256/125/2 255/221/2 235/124/2
s 12
f 226/144/23 264/147/24 265/145/24
f 264/147/24 231/90/5 283/92/5
s 13
f 234/149/9 227/101/25 229/103/25
s 9
f 279/222/1 281/130/1 280/134/1
f 283/92/1 250/127/1 248/223/1
f 283/92/1 248/223/1 286/224/1
f 285/225/1 279/222/1 280/134/1
f 243/226/1 285/225/1 280/134/1
f 265/145/1 283/92/1 286/224/1
f 265/145/1 286/224/1 249/227/1
f 243/226/1 280/134/1 229/151/1
f 278/228/1 243/226/1 229/151/1
f 229/151/1 265/145/1 249/227/1
f 229/151/1 249/227/1 282/229/1
f 245/153/1 278/228/1 229/151/1
f 229/151/1 282/229/1 247/152/1
s 17
f 299/155/26 313/163/33 312/156/27
f 293/161/31 294/170/40 309/166/36
f 295/169/39 310/176/44 309/166/36
f 302/171/41 303/230/50 316/178/46
f 291/181/49 306/160/30 305/173/42
f 289/172/15 304/174/15 316/182/46
f 298/157/27 312/156/27 311/179/47
s 18
f 316/231/1 304/232/1 305/184/1
f 305/184/1 306/233/1 307/234/1
f 307/234/1 308/235/1 309/185/1
f 309/185/1 310/236/1 311/237/1
f 311/237/1 312/238/1 313/186/1
f 313/186/1 314/239/1 315/240/1
f 315/240/1 316/231/1 305/184/1
f 305/184/1 307/234/1 309/185/1
f 309/185/1 311/237/1 313/186/1
f 313/186/1 315/240/1 305/184/1
s 19
f 290/241/2 289/242/2 303/243/2
f 303/243/2 302/244/2 301/245/2
f 301/245/2 300/246/2 299/187/2
f 299/187/2 298/247/2 297/248/2
f 297/248/2 296/249/2 295/188/2
f 295/188/2 294/250/2 293/251/2
f 293/251/2 292/252/2 291/189/2
f 291/189/2 290/241/2 303/243/2
f 303/243/2 301/245/2 299/187/2
f 299/187/2 297/248/2 295/188/2
f 295/188/2 293/251/2 291/189/2
f 291/189/2 303/243/2 299/187/2
s 20
f 323/253/51 317/254/51 320/255/51
s 21
f 326/256/52 322/257/52 321/258/52
s 22
f 320/255/53 324/259/53 323/253/53
s 23
f 325/260/54 319/261/54 322/257/54
s 24
f 325/262/1 318/263/1 324/264/1
s 25
f 330/265/55 327/266/56 328/267/55
f 321/258/57 329/268/56 326/256/57
s 26
f 317/254/58 330/265/58 328/267/58
s 27
f 317/269/2 327/270/2 321/258/2
f 317/269/2 319/271/2 320/272/2
f 322/273/2 317/269/2 321/258/2
f 319/271/2 317/269/2 322/273/2
s 24
f 324/264/1 318/263/1 323/274/1
f 318/263/1 325/262/1 326/256/1
f 329/268/1 318/263/1 326/256/1
s 20
f 323/253/51 318/275/51 317/254/51
s 21
f 326/256/52 325/260/52 322/257/52
s 22
f 320/255/53 319/261/53 324/259/53
s 23
f 325/260/54 324/259/54 319/261/54
s 25
f 330/265/55 329/276/56 327/266/56
f 321/258/57 327/270/56 329/268/56
s 26
f 317/254/58 318/275/58 330/265/58
s 27
f 317/269/2 328/277/2 327/270/2
s 24
f 329/268/1 330/278/1 318/263/1
s 28
g RoverModificado.003_SpacialRoverExploreralumGray
usemtl SpacialRoverExploreralumGray
f 2/279/59 3/280/59 1/281/59
s 29
f 4/282/60 5/283/60 3/280/60
s 30
f 6/284/61 7/285/61 5/283/61
s 31
f 8/286/62 9/287/62 7/285/62
s 32
f 10/288/63 11/289/63 9/287/63
s 33
f 12/290/64 13/291/64 11/289/64
s 34
f 14/292/65 15/293/65 13/291/65
s 35
f 16/294/53 17/295/53 15/293/53
s 36
f 18/296/66 19/297/66 17/295/66
s 37
f 20/298/67 21/299/67 19/297/67
s 38
f 22/300/68 23/301/68 21/299/68
s 39
f 24/302/69 1/281/69 23/303/69
s 40
f 7/304/1 15/305/1 23/303/1
s 28
f 2/279/59 4/282/59 3/280/59
s 29
f 4/282/60 6/284/60 5/283/60
s 30
f 6/284/61 8/286/61 7/285/61
s 31
f 8/286/62 10/288/62 9/287/62
s 32
f 10/288/63 12/290/63 11/289/63
s 33
f 12/290/64 14/292/64 13/291/64
s 34
f 14/292/65 16/294/65 15/293/65
s 35
f 16/294/53 18/296/53 17/295/53
s 36
f 18/296/66 20/298/66 19/297/66
s 37
f 20/298/67 22/300/67 21/299/67
s 38
f 22/300/68 24/306/68 23/301/68
s 39
f 24/302/69 2/279/69 1/281/69
s 40
f 23/303/1 1/281/1 3/307/1
f 3/307/1 5/308/1 7/304/1
f 7/304/1 9/309/1 11/310/1
f 11/310/1 13/311/1 15/305/1
f 15/305/1 17/312/1 19/313/1
f 19/313/1 21/314/1 15/305/1
f 21/314/1 23/303/1 15/305/1
f 23/303/1 3/307/1 7/304/1
f 7/304/1 11/310/1 15/305/1
s 41
f 34/315/70 164/316/71 163/317/72
s 42
f 26/318/73 161/319/74 155/320/75
s 43
f 27/321/76 158/322/77 161/319/78
s 41
f 29/323/79 159/324/80 164/316/71
s 42
f 30/325/81 156/326/82 159/324/83
s 44
f 162/327/84 33/328/85 157/329/86
s 45
f 157/329/87 31/330/88 165/331/89
s 46
f 160/332/90 36/333/91 166/334/92
s 41
f 166/334/93 34/315/70 163/317/72
s 42
f 28/335/94 155/320/75 156/326/82
s 45
f 35/336/95 165/331/89 31/330/88
s 43
f 32/337/96 158/322/77 25/338/97
s 41
f 34/315/70 29/323/79 164/316/71
s 42
f 26/318/73 27/321/98 161/319/74
s 43
f 27/321/76 25/338/97 158/322/77
s 41
f 29/323/79 30/325/99 159/324/80
s 42
f 30/325/81 28/335/94 156/326/82
s 43
f 162/327/100 32/337/96 33/328/101
s 45
f 157/329/87 33/328/102 31/330/88
f 160/332/103 35/339/95 36/333/104
s 41
f 166/334/93 36/333/105 34/315/70
s 42
f 28/335/94 26/318/73 155/320/75
s 45
f 35/336/95 160/340/103 165/331/89
s 43
f 32/337/96 162/327/100 158/322/77
s 47
f 387/341/106 355/342/106 386/343/107
f 355/342/106 387/341/106 388/344/108
f 355/342/106 354/345/107 386/343/107
f 388/344/108 356/346/108 355/342/106
f 354/345/107 385/347/34 386/343/107
f 388/344/108 389/348/109 356/346/108
f 354/345/107 353/349/34 385/347/34
f 389/348/109 357/350/109 356/346/108
f 389/348/109 390/351/110 357/350/109
f 390/351/110 358/352/110 357/350/109
f 353/349/34 384/353/111 385/347/34
f 384/353/111 353/349/34 352/354/111
f 390/351/110 391/355/112 358/352/110
f 391/355/112 359/356/112 358/352/110
f 384/353/111 352/354/111 383/357/40
f 352/354/111 351/358/40 383/357/40
f 351/358/40 382/359/113 383/357/40
f 391/355/112 392/360/45 359/356/112
f 351/358/40 350/361/113 382/359/113
f 392/360/45 360/362/45 359/356/112
f 392/360/45 393/363/114 360/362/45
f 382/359/113 350/361/113 381/364/115
f 350/361/113 349/365/115 381/364/115
f 360/362/45 393/363/114 361/366/114
f 349/365/115 380/367/116 381/364/115
f 361/366/114 393/363/114 362/368/15
f 349/365/115 348/369/116 380/367/116
f 362/368/15 393/363/114 394/370/15
f 348/369/116 379/371/117 380/367/116
f 379/371/117 348/369/116 347/372/117
f 362/368/15 394/370/15 363/373/118
f 363/373/118 331/374/118 362/368/15
f 363/373/118 364/375/50 331/374/118
f 379/371/117 347/372/117 378/376/119
f 378/376/119 347/372/117 346/377/119
f 331/374/118 364/375/50 332/378/50
f 332/378/50 364/375/50 365/379/120
f 332/378/50 365/379/120 333/380/120
f 378/376/119 346/377/119 377/381/48
f 346/382/119 345/383/48 377/384/48
f 345/383/48 376/385/121 377/384/48
f 333/380/120 365/379/120 366/386/122
f 345/383/48 344/387/121 376/385/121
f 333/380/120 366/386/122 334/388/122
f 376/385/121 344/387/121 375/389/27
f 334/388/122 366/386/122 367/390/123
f 334/388/122 367/390/123 335/391/123
f 375/389/27 344/387/121 343/392/27
f 335/391/123 367/390/123 368/393/124
f 375/389/27 343/392/27 374/394/125
f 335/391/123 368/393/124 336/395/124
f 374/394/125 343/392/27 342/396/125
f 336/395/124 368/393/124 369/397/126
f 374/394/125 342/396/125 373/398/26
f 336/395/124 369/397/126 337/399/126
f 373/398/26 342/396/125 341/400/26
f 337/399/126 369/397/126 370/401/127
f 373/398/26 341/400/26 372/402/128
f 372/402/128 341/400/26 340/403/128
f 337/399/126 370/401/127 338/404/127
f 372/402/128 340/403/128 371/405/129
f 338/404/127 370/401/127 371/405/129
f 371/405/129 340/403/128 339/406/129
f 338/404/127 371/405/129 339/406/129
s 48
f 823/407/130 846/408/131 847/409/130
f 829/410/132 854/411/133 830/412/133
f 820/413/134 833/414/135 844/415/134
f 826/416/136 851/417/137 827/418/137
f 823/407/130 848/419/138 824/420/138
f 819/421/135 854/411/133 833/414/135
f 820/422/134 845/423/139 821/424/139
f 827/418/137 852/425/140 828/426/140
f 825/427/141 848/419/138 849/428/141
f 821/429/139 846/408/131 822/430/131
f 828/426/140 853/431/132 829/410/132
f 825/427/141 850/432/136 826/416/136
s 49
f 493/433/142 471/434/143 494/435/142
f 489/436/144 492/437/145 490/438/144
f 485/439/146 488/440/147 486/441/146
s 50
f 489/442/148 949/443/149 487/444/148
s 49
f 481/445/150 484/446/151 482/447/150
f 477/448/152 480/449/153 478/450/152
f 473/451/154 476/452/155 474/453/154
s 51
f 515/454/27 518/455/156 516/456/156
s 52
f 511/457/157 514/458/158 512/459/158
s 53
f 507/460/159 510/461/160 508/462/160
s 54
f 504/463/161 505/464/112 506/465/161
s 55
f 499/466/162 502/467/163 500/468/163
s 56
f 495/469/164 497/470/165 498/471/164
s 54
f 813/472/166 506/473/161 816/474/166
s 52
f 797/475/167 514/476/158 800/477/167
s 57
f 491/478/168 938/479/169 941/480/169
s 58
f 945/481/170 514/476/170 513/482/170
s 59
f 485/483/171 957/484/172 483/485/171
s 60
f 477/486/173 931/487/174 475/488/173
s 54
f 482/489/175 812/490/176 817/491/176
s 52
f 488/492/177 801/493/178 490/494/177
s 61
f 934/495/170 500/496/170 785/497/170
s 62
f 921/498/179 771/499/179 772/500/180
f 920/501/180 772/500/180 773/502/179
s 60
f 927/503/181 499/466/182 934/504/181
s 63
f 922/505/183 497/470/184 496/506/184
s 56
f 471/507/185 777/508/186 474/509/185
f 773/502/187 775/510/188 778/511/187
s 64
f 927/503/189 502/512/189 501/513/189
f 928/514/189 782/515/189 927/516/189
s 61
f 933/517/170 785/497/170 786/518/170
s 57
f 935/519/190 515/454/191 940/520/190
s 60
f 929/521/192 933/522/193 932/523/192
s 55
f 785/497/194 502/512/163 782/515/194
f 478/524/195 784/525/196 779/526/196
f 780/527/197 786/518/198 781/528/198
s 65
f 940/529/40 516/530/40 793/531/40
f 941/532/40 791/533/40 792/534/40
s 66
f 938/535/123 788/536/123 937/537/123
f 936/538/123 790/539/123 935/540/123
s 57
f 942/541/199 936/542/200 939/543/200
s 51
f 793/531/201 518/544/156 790/539/201
f 492/545/202 787/546/203 494/547/202
f 791/533/204 789/548/205 788/536/204
s 50
f 943/549/206 947/550/207 950/551/206
s 52
f 795/552/208 799/553/209 802/554/208
s 58
f 946/555/170 800/477/170 945/556/170
s 50
f 945/481/210 511/457/211 948/557/210
s 59
f 951/558/212 507/460/213 956/559/212
s 67
f 947/560/189 797/475/189 798/561/189
s 68
f 956/562/214 508/563/214 809/564/215
f 955/565/215 809/564/215 810/566/215
s 69
f 951/558/180 510/567/180 509/568/180
f 952/569/179 806/570/180 951/571/180
s 59
f 953/572/216 955/573/217 958/574/218
s 53
f 809/564/219 510/567/160 806/570/219
f 486/575/220 808/576/221 803/577/221
f 804/578/222 810/566/223 805/579/223
s 70
f 962/580/123 504/581/123 813/472/123
f 961/582/123 813/472/123 814/583/123
s 54
f 811/584/224 815/585/225 818/586/224
s 71
f 962/587/226 505/464/227 503/588/227
f 481/589/228 959/590/229 479/591/228
f 960/592/230 966/593/231 961/594/231
s 49
f 630/595/232 472/596/143 493/433/142
f 629/597/232 607/598/129 630/599/232
f 628/600/233 493/433/142 491/601/145
f 627/602/233 630/599/232 628/603/233
f 626/604/234 491/601/145 489/436/144
s 72
f 617/605/162 636/606/162 618/607/162
s 49
f 624/608/235 489/436/144 487/609/147
f 623/610/235 626/611/234 624/612/235
f 622/613/236 487/609/147 485/439/146
f 621/614/236 624/612/235 622/615/236
f 620/616/237 485/439/146 483/617/151
f 619/618/237 622/615/236 620/619/237
f 618/620/238 483/617/151 481/445/150
s 73
f 611/621/2 631/622/2 609/623/2
s 49
f 479/624/153 618/620/238 481/445/150
f 616/625/239 617/626/238 618/627/238
f 614/628/118 479/624/153 477/448/152
f 614/629/118 615/630/240 616/625/239
f 612/631/241 477/448/152 475/632/155
f 611/633/241 614/629/118 612/634/241
f 610/635/242 475/632/155 473/451/154
s 74
f 628/636/243 641/637/243 627/638/243
s 49
f 607/639/129 473/640/154 472/596/143
f 608/641/129 610/642/242 607/639/129
s 75
f 639/643/179 642/644/179 640/645/179
s 76
f 635/646/189 638/647/189 636/648/189
s 77
f 631/622/123 634/649/123 632/650/123
s 78
f 628/636/1 640/651/1 642/652/1
s 79
f 612/653/112 633/654/112 611/655/112
s 80
f 625/656/2 641/657/2 639/643/2
s 81
f 620/658/1 636/606/1 638/659/1
s 82
f 625/656/244 640/651/159 626/660/244
s 83
f 620/658/157 637/661/157 619/662/157
s 84
f 619/662/2 635/646/2 617/663/2
s 85
f 609/623/27 632/664/27 610/665/27
s 86
f 610/665/1 634/666/1 612/653/1
s 62
f 919/667/179 773/502/179 774/668/179
s 64
f 929/521/189 781/528/189 928/669/189
f 930/670/189 780/527/189 929/671/189
s 61
f 932/672/170 786/518/170 783/673/170
f 931/674/170 783/673/170 784/675/170
s 66
f 937/676/123 789/548/123 936/542/123
s 65
f 942/677/40 794/678/40 791/533/40
f 939/679/40 793/531/40 794/678/40
s 67
f 950/680/189 798/561/189 795/552/189
f 949/681/189 795/552/189 796/682/189
s 58
f 943/549/170 799/553/170 946/683/170
f 944/684/170 802/554/170 943/685/170
s 69
f 953/572/179 805/579/179 952/686/179
f 954/687/180 804/578/179 953/688/179
s 68
f 958/689/215 810/566/215 807/690/215
f 957/691/214 807/690/215 808/576/214
s 70
f 960/692/123 814/583/123 811/584/123
f 959/693/123 811/584/123 812/490/123
s 56
f 773/502/187 777/508/186 774/668/186
f 776/694/245 772/500/188 771/499/245
s 55
f 780/527/197 784/675/196 783/673/197
f 782/515/194 786/518/198 785/497/194
s 51
f 788/536/204 792/534/203 791/533/204
f 790/539/201 794/678/205 793/531/201
s 52
f 802/554/208 796/682/178 795/552/208
f 800/477/167 798/561/209 797/475/167
s 53
f 804/578/222 808/576/221 807/690/222
f 809/564/219 805/579/223 810/566/223
s 54
f 818/586/224 812/490/176 811/584/224
f 816/474/166 814/583/225 813/472/166
s 56
f 771/499/245 498/695/164 776/694/245
s 49
f 830/696/232 608/641/129 629/697/232
f 829/698/246 629/697/232 627/699/233
f 828/700/117 627/699/233 625/701/234
f 827/702/235 625/701/234 623/703/235
f 826/704/236 623/703/235 621/705/236
f 825/706/106 621/705/236 619/707/237
f 824/708/247 619/707/237 617/709/238
f 615/710/240 824/708/247 617/709/238
f 822/711/118 615/710/240 613/712/118
f 821/424/248 613/712/118 611/713/241
f 820/422/249 611/713/241 609/714/242
f 819/715/129 609/716/242 608/641/129
s 87
f 339/717/1 857/718/1 886/719/1
f 353/720/1 885/721/1 352/722/1
f 338/723/1 886/719/1 884/724/1
f 352/722/1 883/725/1 351/726/1
f 337/727/1 884/724/1 882/728/1
f 351/726/1 881/729/1 350/730/1
f 336/731/1 882/728/1 880/732/1
f 349/733/1 881/729/1 879/734/1
f 362/735/1 867/736/1 878/737/1
f 335/738/1 880/732/1 877/739/1
f 349/733/1 876/740/1 348/741/1
f 361/742/1 878/737/1 875/743/1
f 334/744/1 877/739/1 874/745/1
f 348/741/1 873/746/1 347/747/1
f 361/742/1 872/748/1 360/749/1
f 333/750/1 874/745/1 871/751/1
f 347/747/1 870/752/1 346/753/1
f 360/749/1 869/754/1 359/755/1
f 332/756/1 871/751/1 868/757/1
f 346/753/1 866/758/1 345/759/1
f 359/755/1 865/760/1 358/761/1
f 332/756/1 867/736/1 331/762/1
f 344/763/1 866/758/1 864/764/1
f 358/761/1 863/765/1 357/766/1
f 343/767/1 864/764/1 862/768/1
f 357/766/1 861/769/1 356/770/1
f 342/771/1 862/768/1 860/772/1
f 356/770/1 859/773/1 355/774/1
f 341/775/1 860/772/1 858/776/1
f 355/774/1 856/777/1 354/778/1
f 340/779/1 858/776/1 857/718/1
f 354/778/1 855/780/1 353/720/1
s 88
f 364/781/2 918/782/2 887/783/2
f 365/784/2 887/783/2 888/785/2
f 365/784/2 889/786/2 366/787/2
f 366/787/2 890/788/2 367/789/2
f 367/789/2 891/790/2 368/791/2
f 368/791/2 892/792/2 369/793/2
f 369/793/2 893/794/2 370/795/2
f 370/795/2 894/796/2 371/797/2
f 371/797/2 895/798/2 372/799/2
f 372/799/2 896/800/2 373/801/2
f 373/801/2 897/802/2 374/803/2
f 374/803/2 898/804/2 375/805/2
f 375/805/2 899/806/2 376/807/2
f 376/807/2 900/808/2 377/809/2
f 377/809/2 901/810/2 378/811/2
f 378/811/2 902/812/2 379/813/2
f 379/813/2 903/814/2 380/815/2
f 380/815/2 904/816/2 381/817/2
f 381/817/2 905/818/2 382/819/2
f 383/820/2 905/818/2 906/821/2
f 384/822/2 906/821/2 907/823/2
f 385/824/2 907/823/2 908/825/2
f 386/826/2 908/825/2 909/827/2
f 387/828/2 909/827/2 910/829/2
f 388/830/2 910/829/2 911/831/2
f 389/832/2 911/831/2 912/833/2
f 390/834/2 912/833/2 913/835/2
f 391/836/2 913/835/2 914/837/2
f 392/838/2 914/837/2 915/839/2
f 393/840/2 915/839/2 916/841/2
f 394/842/2 916/841/2 917/843/2
f 363/844/2 917/843/2 918/782/2
s 62
f 919/667/179 471/507/179 472/845/179
s 89
f 474/509/215 924/846/215 473/847/215
s 64
f 478/848/189 930/849/189 477/486/189
s 61
f 476/850/170 931/851/170 784/675/170
s 62
f 922/852/179 495/853/180 771/499/179
s 66
f 494/547/123 938/479/123 493/854/123
s 65
f 492/545/40 941/855/40 792/534/40
s 58
f 490/494/170 944/856/170 489/442/170
s 67
f 488/492/189 949/857/189 796/682/189
s 69
f 486/575/180 954/858/180 485/483/180
s 68
f 484/859/214 957/860/214 808/576/214
s 70
f 480/861/123 959/862/123 812/490/123
s 90
f 482/489/40 964/863/40 481/589/40
s 63
f 922/864/183 926/865/250 925/866/183
s 60
f 932/867/192 930/670/174 929/671/192
f 934/868/181 928/514/193 927/516/181
s 57
f 942/869/199 938/535/169 937/537/199
f 940/870/190 936/538/200 935/540/190
s 50
f 943/685/206 949/871/149 944/684/149
f 948/872/210 946/555/207 945/556/210
s 59
f 958/873/218 954/687/172 953/688/216
f 951/571/212 955/874/217 952/569/217
s 71
f 963/875/230 959/876/229 964/877/229
f 965/878/226 961/879/231 966/880/231
s 63
f 473/847/251 919/881/252 472/882/251
s 66
f 935/519/123 518/544/123 517/883/123
s 89
f 924/884/215 778/511/214 923/885/214
f 923/886/214 775/510/214 926/887/214
f 926/865/214 776/694/215 925/866/214
f 925/888/214 498/695/214 497/470/214
s 67
f 948/889/189 512/890/189 797/475/189
s 63
f 924/884/252 920/891/253 919/892/252
f 921/893/250 923/886/253 926/887/250
s 90
f 964/877/40 818/586/40 963/875/40
f 963/894/40 815/585/40 966/593/40
f 966/880/40 816/474/40 965/878/40
f 965/895/40 506/473/40 505/464/40
s 48
f 823/407/130 822/430/131 846/408/131
f 829/410/132 853/431/132 854/411/133
f 820/413/134 819/421/135 833/414/135
f 826/416/136 850/432/136 851/417/137
f 823/407/130 847/409/130 848/419/138
f 819/421/135 830/412/133 854/411/133
f 820/422/134 844/896/134 845/423/139
f 827/418/137 851/417/137 852/425/140
f 825/427/141 824/420/138 848/419/138
f 821/429/139 845/897/139 846/408/131
f 828/426/140 852/425/140 853/431/132
f 825/427/141 849/428/141 850/432/136
s 49
f 493/433/142 472/596/143 471/434/143
f 489/436/144 491/601/145 492/437/145
f 485/439/146 487/609/147 488/440/147
s 50
f 489/442/148 944/856/149 949/443/149
s 49
f 481/445/150 483/617/151 484/446/151
f 477/448/152 479/624/153 480/449/153
f 473/451/154 475/632/155 476/452/155
s 51
f 515/454/27 517/883/27 518/455/156
s 52
f 511/457/157 513/482/157 514/458/158
s 53
f 507/460/159 509/568/159 510/461/160
s 54
f 504/463/161 503/588/112 505/464/112
s 55
f 499/466/162 501/513/162 502/467/163
s 56
f 495/469/164 496/506/165 497/470/165
s 54
f 813/472/166 504/581/161 506/473/161
s 52
f 797/475/167 512/890/158 514/476/158
s 57
f 491/478/168 493/854/168 938/479/169
s 58
f 945/481/170 800/477/170 514/476/170
s 59
f 485/483/171 954/858/172 957/484/172
s 60
f 477/486/173 930/849/174 931/487/174
s 54
f 482/489/175 480/861/175 812/490/176
s 52
f 488/492/177 796/682/178 801/493/178
s 61
f 934/495/170 499/898/170 500/496/170
s 62
f 921/498/179 922/899/179 771/499/179
f 920/501/180 921/900/179 772/500/180
s 60
f 927/503/181 501/513/182 499/466/182
s 63
f 922/505/183 925/888/183 497/470/184
s 56
f 471/507/185 774/668/186 777/508/186
f 773/502/187 772/500/188 775/510/188
s 64
f 927/503/189 782/515/189 502/512/189
f 928/514/189 781/528/189 782/515/189
s 61
f 933/517/170 934/901/170 785/497/170
s 57
f 935/519/190 517/883/191 515/454/191
s 60
f 929/521/192 928/669/193 933/522/193
s 55
f 785/497/194 500/496/163 502/512/163
f 478/524/195 476/902/195 784/525/196
f 780/527/197 783/673/197 786/518/198
s 65
f 940/529/40 515/903/40 516/530/40
f 941/532/40 942/904/40 791/533/40
s 66
f 938/535/123 787/546/123 788/536/123
f 936/538/123 789/548/123 790/539/123
s 57
f 942/541/199 937/676/199 936/542/200
s 51
f 793/531/201 516/530/156 518/544/156
f 492/545/202 792/534/203 787/546/203
f 791/533/204 794/678/205 789/548/205
s 50
f 943/549/206 946/683/207 947/550/207
s 52
f 795/552/208 798/561/209 799/553/209
s 58
f 946/555/170 799/553/170 800/477/170
s 50
f 945/481/210 513/482/211 511/457/211
s 59
f 951/558/212 509/568/213 507/460/213
s 67
f 947/560/189 948/905/189 797/475/189
s 68
f 956/562/214 507/906/215 508/563/214
f 955/565/215 956/907/214 809/564/215
s 69
f 951/558/180 806/570/180 510/567/180
f 952/569/179 805/579/179 806/570/180
s 59
f 953/572/216 952/686/217 955/573/217
s 53
f 809/564/219 508/563/160 510/567/160
f 486/575/220 484/859/220 808/576/221
f 804/578/222 807/690/222 810/566/223
s 70
f 962/580/123 503/908/123 504/581/123
f 961/582/123 962/909/123 813/472/123
s 54
f 811/584/224 814/583/225 815/585/225
s 71
f 962/587/226 965/895/226 505/464/227
f 481/589/228 964/863/229 959/590/229
f 960/592/230 963/894/230 966/593/231
s 49
f 630/595/232 607/639/129 472/596/143
f 629/597/232 608/910/129 607/598/129
f 628/600/233 630/595/232 493/433/142
f 627/602/233 629/597/232 630/599/232
f 626/604/234 628/600/233 491/601/145
s 72
f 617/605/162 635/911/162 636/606/162
s 49
f 624/608/235 626/604/234 489/436/144
f 623/610/235 625/912/234 626/611/234
f 622/613/236 624/608/235 487/609/147
f 621/614/236 623/610/235 624/612/235
f 620/616/237 622/613/236 485/439/146
f 619/618/237 621/614/236 622/615/236
f 618/620/238 620/616/237 483/617/151
s 73
f 611/621/2 633/913/2 631/622/2
s 49
f 479/624/153 616/914/239 618/620/238
f 616/625/239 615/630/240 617/626/238
f 614/628/118 616/914/239 479/624/153
f 614/629/118 613/915/118 615/630/240
f 612/631/241 614/628/118 477/448/152
f 611/633/241 613/915/118 614/629/118
f 610/635/242 612/631/241 475/632/155
s 74
f 628/636/243 642/652/243 641/637/243
s 49
f 607/639/129 610/642/242 473/640/154
f 608/641/129 609/716/242 610/642/242
s 75
f 639/643/179 641/657/179 642/644/179
s 76
f 635/646/189 637/661/189 638/647/189
s 77
f 631/622/123 633/913/123 634/649/123
s 78
f 628/636/1 626/660/1 640/651/1
s 79
f 612/653/112 634/666/112 633/654/112
s 80
f 625/656/2 627/916/2 641/657/2
s 81
f 620/658/1 618/607/1 636/606/1
s 82
f 625/656/244 639/643/159 640/651/159
s 83
f 620/658/157 638/659/157 637/661/157
s 84
f 619/662/2 637/661/2 635/646/2
s 85
f 609/623/27 631/622/27 632/664/27
s 86
f 610/665/1 632/664/1 634/666/1
s 62
f 919/667/179 920/917/180 773/502/179
s 64
f 929/521/189 780/527/189 781/528/189
f 930/670/189 779/918/189 780/527/189
s 61
f 932/672/170 933/919/170 786/518/170
f 931/674/170 932/920/170 783/673/170
s 66
f 937/676/123 788/536/123 789/548/123
s 65
f 942/677/40 939/921/40 794/678/40
f 939/679/40 940/922/40 793/531/40
s 67
f 950/680/189 947/923/189 798/561/189
f 949/681/189 950/924/189 795/552/189
s 58
f 943/549/170 802/554/170 799/553/170
f 944/684/170 801/493/170 802/554/170
s 69
f 953/572/179 804/578/179 805/579/179
f 954/687/180 803/577/180 804/578/179
s 68
f 958/689/215 955/925/215 810/566/215
f 957/691/214 958/926/215 807/690/215
s 70
f 960/692/123 961/927/123 814/583/123
f 959/693/123 960/928/123 811/584/123
s 56
f 773/502/187 778/511/187 777/508/186
f 776/694/245 775/510/188 772/500/188
s 55
f 780/527/197 779/918/196 784/675/196
f 782/515/194 781/528/198 786/518/198
s 51
f 788/536/204 787/546/203 792/534/203
f 790/539/201 789/548/205 794/678/205
s 52
f 802/554/208 801/493/178 796/682/178
f 800/477/167 799/553/209 798/561/209
s 53
f 804/578/222 803/577/221 808/576/221
f 809/564/219 806/570/219 805/579/223
s 54
f 818/586/224 817/491/176 812/490/176
f 816/474/166 815/585/225 814/583/225
s 56
f 771/499/245 495/853/164 498/695/164
s 49
f 830/696/232 819/715/129 608/641/129
f 829/698/246 830/696/232 629/697/232
f 828/700/117 829/698/246 627/699/233
f 827/702/235 828/700/117 625/701/234
f 826/704/236 827/702/235 623/703/235
f 825/706/106 826/704/236 621/705/236
f 824/708/247 825/706/106 619/707/237
f 615/710/240 823/929/239 824/708/247
f 822/711/118 823/929/239 615/710/240
f 821/424/248 822/711/118 613/712/118
f 820/422/249 821/424/248 611/713/241
f 819/715/129 820/930/249 609/716/242
s 87
f 339/717/1 340/779/1 857/718/1
f 353/720/1 855/780/1 885/721/1
f 338/723/1 339/717/1 886/719/1
f 352/722/1 885/721/1 883/725/1
f 337/727/1 338/723/1 884/724/1
f 351/726/1 883/725/1 881/729/1
f 336/731/1 337/727/1 882/728/1
f 349/733/1 350/730/1 881/729/1
f 362/735/1 331/762/1 867/736/1
f 335/738/1 336/731/1 880/732/1
f 349/733/1 879/734/1 876/740/1
f 361/742/1 362/735/1 878/737/1
f 334/744/1 335/738/1 877/739/1
f 348/741/1 876/740/1 873/746/1
f 361/742/1 875/743/1 872/748/1
f 333/750/1 334/744/1 874/745/1
f 347/747/1 873/746/1 870/752/1
f 360/749/1 872/748/1 869/754/1
f 332/756/1 333/750/1 871/751/1
f 346/753/1 870/752/1 866/758/1
f 359/755/1 869/754/1 865/760/1
f 332/756/1 868/757/1 867/736/1
f 344/763/1 345/759/1 866/758/1
f 358/761/1 865/760/1 863/765/1
f 343/767/1 344/763/1 864/764/1
f 357/766/1 863/765/1 861/769/1
f 342/771/1 343/767/1 862/768/1
f 356/770/1 861/769/1 859/773/1
f 341/775/1 342/771/1 860/772/1
f 355/774/1 859/773/1 856/777/1
f 340/779/1 341/775/1 858/776/1
f 354/778/1 856/777/1 855/780/1
s 88
f 364/781/2 363/844/2 918/782/2
f 365/784/2 364/781/2 887/783/2
f 365/784/2 888/785/2 889/786/2
f 366/787/2 889/786/2 890/788/2
f 367/789/2 890/788/2 891/790/2
f 368/791/2 891/790/2 892/792/2
f 369/793/2 892/792/2 893/794/2
f 370/795/2 893/794/2 894/796/2
f 371/797/2 894/796/2 895/798/2
f 372/799/2 895/798/2 896/800/2
f 373/801/2 896/800/2 897/802/2
f 374/803/2 897/802/2 898/804/2
f 375/805/2 898/804/2 899/806/2
f 376/807/2 899/806/2 900/808/2
f 377/809/2 900/808/2 901/810/2
f 378/811/2 901/810/2 902/812/2
f 379/813/2 902/812/2 903/814/2
f 380/815/2 903/814/2 904/816/2
f 381/817/2 904/816/2 905/818/2
f 383/820/2 382/819/2 905/818/2
f 384/822/2 383/820/2 906/821/2
f 385/824/2 384/822/2 907/823/2
f 386/826/2 385/824/2 908/825/2
f 387/828/2 386/826/2 909/827/2
f 388/830/2 387/828/2 910/829/2
f 389/832/2 388/830/2 911/831/2
f 390/834/2 389/832/2 912/833/2
f 391/836/2 390/834/2 913/835/2
f 392/838/2 391/836/2 914/837/2
f 393/840/2 392/838/2 915/839/2
f 394/842/2 393/840/2 916/841/2
f 363/844/2 394/842/2 917/843/2
s 62
f 919/667/179 774/668/179 471/507/179
s 89
f 474/509/215 777/508/214 924/846/215
s 64
f 478/848/189 779/918/189 930/849/189
s 61
f 476/850/170 475/931/170 931/851/170
s 62
f 922/852/179 496/932/180 495/853/180
s 66
f 494/547/123 787/546/123 938/479/123
s 65
f 492/545/40 491/933/40 941/855/40
s 58
f 490/494/170 801/493/170 944/856/170
s 67
f 488/492/189 487/934/189 949/857/189
s 69
f 486/575/180 803/577/180 954/858/180
s 68
f 484/859/214 483/935/214 957/860/214
s 70
f 480/861/123 479/936/123 959/862/123
s 90
f 482/489/40 817/491/40 964/863/40
s 63
f 922/864/183 921/937/250 926/865/250
s 60
f 932/867/192 931/938/174 930/670/174
f 934/868/181 933/939/193 928/514/193
s 57
f 942/869/199 941/940/169 938/535/169
f 940/870/190 939/941/200 936/538/200
s 50
f 943/685/206 950/942/206 949/871/149
f 948/872/210 947/943/207 946/555/207
s 59
f 958/873/218 957/944/172 954/687/172
f 951/571/212 956/945/212 955/874/217
s 71
f 963/875/230 960/946/230 959/876/229
f 965/878/226 962/947/226 961/879/231
s 63
f 473/847/251 924/846/252 919/881/252
s 66
f 935/519/123 790/539/123 518/544/123
s 89
f 924/884/215 777/508/214 778/511/214
f 923/886/214 778/511/214 775/510/214
f 926/865/214 775/510/214 776/694/215
f 925/888/214 776/694/215 498/695/214
s 67
f 948/889/189 511/948/189 512/890/189
s 63
f 924/884/252 923/885/253 920/891/253
f 921/893/250 920/949/253 923/886/253
s 90
f 964/877/40 817/491/40 818/586/40
f 963/894/40 818/586/40 815/585/40
f 966/880/40 815/585/40 816/474/40
f 965/895/40 816/474/40 506/473/40
s 91
g RoverModificado.003_SpacialRoverExploreralumBlack
usemtl SpacialRoverExploreralumBlack
f 162/950/254 186/951/255 158/952/256
f 166/953/257 194/954/258 160/955/259
f 159/956/260 197/957/261 184/958/262
f 165/959/263 194/960/258 190/961/264
s 92
f 187/962/265 201/963/266 183/964/265
f 189/965/267 202/966/268 188/967/269
s 93
f 190/968/270 200/969/271 189/965/271
s 94
f 196/970/272 183/964/273 182/971/274
s 95
f 185/972/275 205/973/276 199/974/276
s 94
f 184/975/277 191/976/278 203/977/277
s 96
f 194/978/279 198/979/280 190/968/281
s 97
f 199/974/282 193/980/283 195/981/283
s 95
f 185/972/275 203/977/284 204/982/285
s 94
f 197/983/286 182/971/274 191/976/278
s 92
f 188/967/269 201/963/266 186/984/287
s 96
f 195/981/288 192/985/289 194/986/279
s 91
f 157/987/290 188/988/291 162/950/254
f 157/987/290 190/961/264 189/989/292
f 161/990/293 196/991/294 155/992/295
f 159/956/260 185/993/296 164/994/297
f 163/995/298 185/993/296 199/996/299
f 166/953/257 199/996/299 195/997/300
f 155/992/295 197/957/261 156/998/301
f 161/990/293 186/951/255 187/999/302
f 162/950/254 188/988/291 186/951/255
f 166/953/257 195/997/300 194/954/258
f 159/956/260 156/998/301 197/957/261
f 165/959/263 160/1000/259 194/960/258
s 92
f 187/962/265 186/984/287 201/963/266
f 189/965/267 200/969/267 202/966/268
s 96
f 190/968/281 198/979/280 200/969/271
s 94
f 196/970/272 187/962/273 183/964/273
s 95
f 185/972/275 204/982/285 205/973/276
s 94
f 184/975/277 197/983/286 191/976/278
s 96
f 194/978/279 192/1001/289 198/979/280
s 95
f 199/974/276 205/973/276 193/980/283
f 185/972/275 184/975/284 203/977/284
s 94
f 197/983/286 196/970/272 182/971/274
s 92
f 188/967/269 202/966/268 201/963/266
s 96
f 195/981/288 193/980/288 192/985/289
s 91
f 157/987/290 189/989/292 188/988/291
f 157/987/290 165/959/263 190/961/264
f 161/990/293 187/999/302 196/991/294
f 159/956/260 184/958/262 185/993/296
f 163/995/298 164/994/297 185/993/296
f 166/953/257 163/995/298 199/996/299
f 155/992/295 196/991/294 197/957/261
f 161/990/293 158/952/256 186/951/255
s 98
g RoverModificado.003_SpacialRoverExploreralumGrayDeep
usemtl SpacialRoverExploreralumGrayDeep
f 216/1002/45 44/1003/110 46/1004/110
s 99
f 46/1005/1 47/1006/1 97/1007/1
s 100
f 47/1008/111 38/1009/113 40/1010/113
s 99
f 47/1006/1 92/1011/1 91/1012/1
s 101
f 37/1013/2 117/1014/2 131/1015/2
f 44/1016/2 212/1017/2 102/1018/2
s 100
f 38/1019/113 42/1020/115 40/1021/113
s 102
f 39/1022/48 41/1023/121 42/1020/48
s 100
f 47/1008/111 45/1024/34 43/1025/111
s 98
f 48/1026/109 44/1003/110 45/1024/109
s 103
f 210/1027/124 213/1028/122 215/1029/122
s 99
f 41/1030/1 209/1031/1 84/1032/1
f 42/1033/1 88/1034/1 40/1035/1
f 42/1033/1 87/1036/1 89/1037/1
s 103
f 210/1027/124 208/1038/126 206/1039/124
s 102
f 211/1040/26 207/1041/125 208/1038/26
s 98
f 216/1002/45 214/1042/114 212/1043/45
s 103
f 217/1044/120 213/1028/122 214/1042/120
s 102
f 207/1041/125 41/1023/121 37/1045/121
s 101
f 38/1046/2 119/1047/2 121/1048/2
f 38/1046/2 117/1014/2 39/1049/2
f 120/1050/2 43/1051/2 45/1052/2
f 44/1016/2 122/1053/2 123/1054/2
f 214/1055/2 130/1056/2 129/1057/2
f 214/1055/2 126/1058/2 212/1017/2
f 208/1059/2 108/1060/2 110/1061/2
s 99
f 216/1062/1 75/1063/1 74/1064/1
f 216/1062/1 71/1065/1 217/1066/1
f 71/1065/1 215/1067/1 217/1066/1
f 95/1068/1 211/1069/1 210/1070/1
f 215/1067/1 67/1071/1 66/1072/303
f 94/1073/1 211/1069/1 95/1068/1
s 98
f 216/1002/45 212/1043/45 44/1003/110
s 99
f 98/1074/1 80/1075/1 46/1005/1
f 46/1005/1 48/1076/1 47/1006/1
f 47/1006/1 96/1077/1 97/1007/1
f 97/1007/1 98/1074/1 46/1005/1
s 100
f 47/1008/111 43/1025/111 38/1009/113
s 99
f 90/1078/1 96/1077/1 47/1006/1
f 47/1006/1 40/1035/1 88/1034/1
f 47/1006/1 88/1034/1 92/1011/1
f 91/1012/1 90/1078/1 47/1006/1
s 101
f 128/1079/2 127/1080/2 37/1013/2
f 37/1013/2 39/1049/2 117/1014/2
f 131/1015/2 128/1079/2 37/1013/2
f 100/1081/2 99/1082/2 44/1016/2
f 212/1017/2 126/1058/2 125/1083/2
f 212/1017/2 125/1083/2 124/1084/2
f 103/1085/2 100/1081/2 44/1016/2
f 101/1086/2 103/1085/2 44/1016/2
f 212/1017/2 124/1084/2 102/1018/2
f 102/1018/2 101/1086/2 44/1016/2
s 100
f 38/1019/113 39/1022/115 42/1020/115
s 102
f 39/1022/48 37/1045/121 41/1023/121
s 100
f 47/1008/111 48/1026/34 45/1024/34
s 98
f 48/1026/109 46/1004/110 44/1003/110
s 103
f 210/1027/124 206/1039/124 213/1028/122
s 99
f 85/1087/1 87/1036/1 41/1030/1
f 209/1031/1 94/1073/1 93/1088/1
f 209/1031/1 93/1088/1 86/1089/1
f 83/1090/1 85/1087/1 41/1030/1
f 82/1091/1 83/1090/1 41/1030/1
f 209/1031/1 86/1089/1 84/1032/1
f 84/1032/1 82/1091/1 41/1030/1
f 89/1037/1 88/1034/1 42/1033/1
f 42/1033/1 41/1030/1 87/1036/1
s 103
f 210/1027/124 211/1040/126 208/1038/126
s 102
f 211/1040/26 209/1092/125 207/1041/125
s 98
f 216/1002/45 217/1044/114 214/1042/114
s 103
f 217/1044/120 215/1029/122 213/1028/122
s 102
f 207/1041/125 209/1092/125 41/1023/121
s 101
f 118/1093/2 117/1014/2 38/1046/2
f 38/1046/2 43/1051/2 120/1050/2
f 38/1046/2 120/1050/2 119/1047/2
f 121/1048/2 118/1093/2 38/1046/2
f 120/1050/2 45/1052/2 44/1016/2
f 44/1016/2 99/1082/2 122/1053/2
f 123/1054/2 120/1050/2 44/1016/2
f 129/1057/2 126/1058/2 214/1055/2
f 214/1055/2 213/1094/2 130/1056/2
f 115/1095/2 130/1056/2 213/1094/2
f 213/1094/2 206/1096/2 208/1059/2
f 208/1059/2 207/1097/2 37/1013/2
f 37/1013/2 127/1080/2 109/1098/2
f 37/1013/2 109/1098/2 107/1099/2
f 115/1095/2 213/1094/2 208/1059/2
f 114/1100/2 115/1095/2 208/1059/2
f 37/1013/2 107/1099/2 105/1101/2
f 37/1013/2 105/1101/2 104/1102/2
f 116/1103/2 114/1100/2 208/1059/2
f 112/1104/2 116/1103/2 208/1059/2
f 208/1059/2 37/1013/2 104/1102/2
f 208/1059/2 104/1102/2 106/1105/2
f 113/1106/2 112/1104/2 208/1059/2
f 111/1107/2 113/1106/2 208/1059/2
f 208/1059/2 106/1105/2 108/1060/2
f 110/1061/2 111/1107/2 208/1059/2
s 99
f 70/1108/1 71/1065/1 216/1062/1
f 46/1005/1 80/1075/1 77/1109/1
f 46/1005/1 77/1109/1 72/1110/1
f 81/1111/1 70/1108/1 216/1062/1
f 73/1112/1 81/1111/1 216/1062/1
f 46/1005/1 72/1110/1 78/1113/1
f 46/1005/1 78/1113/1 75/1063/1
f 79/1114/1 73/1112/1 216/1062/1
f 76/1115/1 79/1114/1 216/1062/1
f 216/1062/1 46/1005/1 75/1063/1
f 74/1064/1 76/1115/1 216/1062/1
f 95/1068/1 210/1070/1 215/1067/1
f 215/1067/1 71/1065/1 69/1116/1
f 215/1067/1 69/1116/1 68/1117/1
f 66/1072/303 95/1068/1 215/1067/1
f 215/1067/1 68/1117/1 67/1071/1
f 94/1073/1 209/1031/1 211/1069/1
s 104
f 466/1118/249 537/1119/129 465/1120/129
s 49
f 494/435/142 519/1121/129 530/1122/232
f 529/1123/246 494/435/142 530/1122/232
f 490/438/144 529/1123/246 528/1124/117
f 488/440/147 528/1124/117 527/1125/235
f 486/441/146 527/1125/235 526/1126/236
f 484/446/151 526/1126/236 525/1127/106
f 482/447/150 525/1127/106 524/1128/247
f 523/1129/239 482/447/150 524/1128/247
f 522/1130/118 480/449/153 523/1129/239
f 476/452/155 522/1130/118 521/1131/248
f 474/453/154 521/1131/248 520/1132/249
f 471/434/143 520/1133/249 519/1121/129
s 105
f 459/1134/1 520/1135/1 460/1136/1
f 460/1136/1 521/1137/1 461/1138/1
f 461/1138/1 522/1139/1 462/1140/1
f 463/1141/1 522/1139/1 523/1142/1
f 463/1141/1 524/1143/1 464/1144/1
f 465/1145/1 524/1143/1 525/1146/1
f 465/1145/1 526/1147/1 466/1148/1
f 467/1149/1 526/1147/1 527/1150/1
f 467/1149/1 528/1151/1 468/1152/1
f 468/1152/1 529/1153/1 469/1154/1
f 469/1154/1 530/1155/1 470/1156/1
f 459/1134/1 530/1155/1 519/1157/1
s 106
f 534/1158/1 538/1159/1 542/1160/1
s 104
f 463/1161/304 534/1162/117 462/1163/117
f 470/1164/247 541/1165/239 469/1166/239
f 460/1167/236 531/1168/106 459/1169/106
f 467/1170/248 538/1171/305 466/1118/249
f 463/1161/304 536/1172/232 535/1173/304
f 459/1169/106 542/1174/247 470/1164/247
f 461/1175/235 532/1176/306 460/1177/236
f 468/1178/118 539/1179/248 467/1170/248
f 465/1120/129 536/1172/232 464/1180/232
f 462/1163/117 533/1181/235 461/1175/235
f 469/1166/239 540/1182/118 468/1178/118
s 107
f 832/1183/129 844/1184/249 833/1185/129
f 831/1186/249 845/423/248 844/896/249
f 834/1187/248 846/1188/118 845/423/248
f 835/1189/118 847/1190/239 846/1188/118
f 847/1190/239 837/1191/247 848/1192/247
f 837/1191/247 849/1193/106 848/1192/247
f 838/1194/106 850/1195/236 849/1193/106
f 839/1196/236 851/1197/235 850/1195/236
f 840/1198/235 852/1199/117 851/1197/235
f 841/1200/117 853/1201/246 852/1199/117
s 108
f 842/1202/2 838/1203/2 834/1187/2
s 107
f 842/1204/246 854/1205/232 853/1201/246
f 843/1206/232 833/1185/129 854/1205/232
s 104
f 466/1118/249 538/1171/305 537/1119/129
s 49
f 494/435/142 471/434/143 519/1121/129
f 529/1123/246 492/437/145 494/435/142
f 490/438/144 492/437/145 529/1123/246
f 488/440/147 490/438/144 528/1124/117
f 486/441/146 488/440/147 527/1125/235
f 484/446/151 486/441/146 526/1126/236
f 482/447/150 484/446/151 525/1127/106
f 523/1129/239 480/449/153 482/447/150
f 522/1130/118 478/450/152 480/449/153
f 476/452/155 478/450/152 522/1130/118
f 474/453/154 476/452/155 521/1131/248
f 471/434/143 474/1207/154 520/1133/249
s 105
f 459/1134/1 519/1157/1 520/1135/1
f 460/1136/1 520/1135/1 521/1137/1
f 461/1138/1 521/1137/1 522/1139/1
f 463/1141/1 462/1140/1 522/1139/1
f 463/1141/1 523/1142/1 524/1143/1
f 465/1145/1 464/1144/1 524/1143/1
f 465/1145/1 525/1146/1 526/1147/1
f 467/1149/1 466/1148/1 526/1147/1
f 467/1149/1 527/1150/1 528/1151/1
f 468/1152/1 528/1151/1 529/1153/1
f 469/1154/1 529/1153/1 530/1155/1
f 459/1134/1 470/1156/1 530/1155/1
s 106
f 542/1160/1 531/1208/1 532/1209/1
f 532/1209/1 533/1210/1 534/1158/1
f 534/1158/1 535/1211/1 536/1212/1
f 536/1212/1 537/1213/1 538/1159/1
f 538/1159/1 539/1214/1 540/1215/1
f 540/1215/1 541/1216/1 542/1160/1
f 542/1160/1 532/1209/1 534/1158/1
f 534/1158/1 536/1212/1 538/1159/1
f 538/1159/1 540/1215/1 542/1160/1
s 104
f 463/1161/304 535/1173/304 534/1162/117
f 470/1164/247 542/1174/247 541/1165/239
f 460/1167/236 532/1217/306 531/1168/106
f 467/1170/248 539/1179/248 538/1171/305
f 463/1161/304 464/1180/232 536/1172/232
f 459/1169/106 531/1168/106 542/1174/247
f 461/1175/235 533/1181/235 532/1176/306
f 468/1178/118 540/1182/118 539/1179/248
f 465/1120/129 537/1119/129 536/1172/232
f 462/1163/117 534/1162/117 533/1181/235
f 469/1166/239 541/1165/239 540/1182/118
s 107
f 832/1183/129 831/1218/249 844/1184/249
f 831/1186/249 834/1187/248 845/423/248
f 834/1187/248 835/1189/118 846/1188/118
f 835/1189/118 836/1219/239 847/1190/239
f 847/1190/239 836/1219/239 837/1191/247
f 837/1191/247 838/1194/106 849/1193/106
f 838/1194/106 839/1196/236 850/1195/236
f 839/1196/236 840/1198/235 851/1197/235
f 840/1198/235 841/1200/117 852/1199/117
f 841/1200/117 842/1204/246 853/1201/246
s 108
f 834/1187/2 831/1186/2 832/1220/2
f 832/1220/2 843/1221/2 842/1202/2
f 842/1202/2 841/1222/2 840/1223/2
f 840/1223/2 839/1224/2 838/1203/2
f 838/1203/2 837/1225/2 836/1226/2
f 836/1226/2 835/1227/2 834/1187/2
f 834/1187/2 832/1220/2 842/1202/2
f 842/1202/2 840/1223/2 838/1203/2
f 838/1203/2 836/1226/2 834/1187/2
s 107
f 842/1204/246 843/1206/232 854/1205/232
f 843/1206/232 832/1183/129 833/1185/129
s 88
g RoverModificado.003_SpacialRoverExplorerwheels
usemtl SpacialRoverExplorerwheels
f 918/1228/2 426/1229/307 396/1230/308
f 917/1231/2 425/1232/309 426/1229/307
f 916/1233/2 424/1234/310 425/1232/309
f 915/1235/2 423/1236/311 424/1234/310
f 914/1237/2 422/1238/312 423/1236/311
f 913/1239/2 421/1240/312 422/1238/312
f 912/1241/2 420/1242/313 421/1240/312
f 911/1243/2 419/1244/314 420/1242/313
f 910/1245/2 418/1246/315 419/1244/314
f 909/1247/2 417/1248/315 418/1246/315
f 908/1249/2 416/1250/316 417/1248/315
f 907/1251/2 415/1252/316 416/1250/316
f 906/1253/2 414/1254/317 415/1255/316
f 904/1256/2 414/1254/317 905/1257/2
f 903/1258/2 413/1259/317 904/1256/2
f 902/1260/2 412/1261/318 903/1258/2
f 901/1262/2 411/1263/318 902/1260/2
f 900/1264/2 410/1265/319 901/1262/2
f 899/1266/2 409/1267/319 900/1264/2
f 898/1268/2 408/1269/320 899/1266/2
f 897/1270/2 407/1271/321 898/1268/2
f 896/1272/2 406/1273/322 897/1270/2
f 895/1274/2 405/1275/322 896/1272/2
f 894/1276/2 404/1277/323 895/1274/2
f 893/1278/2 403/1279/324 894/1276/2
f 892/1280/2 402/1281/325 893/1278/2
f 891/1282/2 401/1283/326 892/1280/2
f 890/1284/2 400/1285/327 891/1282/2
f 889/1286/2 399/1287/327 890/1288/2
f 889/1286/2 397/1289/328 398/1290/328
f 888/1291/2 395/1292/308 397/1289/328
f 887/1293/2 396/1230/308 395/1292/308
s 87
f 856/1294/1 449/1295/329 855/1296/1
f 857/1297/1 437/1298/330 436/1299/331
f 859/1300/1 450/1301/329 856/1294/1
f 858/1302/1 438/1303/332 437/1298/330
f 861/1304/1 451/1305/333 859/1300/1
f 860/1306/1 439/1307/334 438/1303/332
f 863/1308/1 452/1309/335 861/1304/1
f 862/1310/1 440/1311/334 439/1307/334
f 865/1312/1 453/1313/336 863/1308/1
f 864/1314/1 441/1315/337 440/1311/334
f 868/1316/1 427/1317/338 867/1318/1
f 869/1319/1 454/1320/339 865/1312/1
f 866/1321/1 442/1322/337 441/1315/337
f 871/1323/1 428/1324/340 868/1316/1
f 872/1325/1 455/1326/341 869/1319/1
f 873/1327/1 442/1322/337 870/1328/1
f 874/1329/1 429/1330/342 871/1323/1
f 875/1331/1 456/1332/343 872/1325/1
f 876/1333/1 443/1334/344 873/1327/1
f 877/1335/1 430/1336/342 874/1329/1
f 878/1337/1 457/1338/345 875/1331/1
f 879/1339/1 444/1340/344 876/1333/1
f 877/1341/1 432/1342/346 431/1343/346
f 867/1318/1 458/1344/347 878/1337/1
f 881/1345/1 445/1346/348 879/1339/1
f 880/1347/1 433/1348/349 432/1342/346
f 883/1349/1 446/1350/348 881/1345/1
f 882/1351/1 434/1352/349 433/1348/349
f 885/1353/1 447/1354/350 883/1355/1
f 884/1356/1 435/1357/331 434/1352/349
f 855/1296/1 448/1358/351 885/1353/1
f 886/1359/1 436/1299/331 435/1357/331
s 109
f 544/1360/352 453/1313/353 546/1361/354
s 110
f 548/1362/355 457/1338/356 550/1363/357
s 111
f 550/1363/358 742/1364/359 549/1365/360
s 112
f 554/1366/361 455/1326/362 552/1367/363
s 113
f 601/1368/364 644/1369/365 768/1370/366
s 111
f 549/1365/360 643/1371/367 425/1232/368
s 88
f 416/1250/316 653/1372/369 654/1373/370
s 114
f 600/1374/371 767/1375/372 735/1376/371
s 87
f 457/1338/345 705/1377/373 706/1378/373
s 115
f 568/1379/374 447/1380/375 562/1381/376
s 116
f 564/1382/377 449/1295/378 558/1383/379
s 117
f 560/1384/380 451/1305/381 556/1385/382
s 118
f 548/1362/383 741/1386/384 709/1387/383
s 114
f 599/1388/372 672/1389/385 767/1375/372
s 119
f 442/1322/386 570/1390/387 576/1391/388
s 120
f 444/1340/389 566/1392/390 572/1393/391
s 118
f 547/1394/392 646/1395/393 741/1386/384
s 88
f 418/1246/315 651/1396/394 652/1397/394
s 121
f 438/1303/395 578/1398/396 584/1399/397
s 122
f 440/1311/398 574/1400/399 580/1401/400
s 123
f 598/1402/401 766/1403/402 597/1404/403
s 87
f 455/1326/341 703/1405/404 704/1406/405
s 124
f 546/1361/406 740/1407/407 545/1408/408
s 123
f 597/1404/403 671/1409/409 397/1289/409
s 125
f 430/1336/410 594/1410/411 600/1374/412
s 126
f 432/1342/413 590/1411/414 596/1412/415
s 127
f 434/1352/416 586/1413/417 592/1414/418
s 128
f 436/1299/419 582/1415/420 588/1416/421
s 129
f 602/1417/422 427/1317/423 604/1418/424
s 124
f 545/1408/408 647/1419/425 421/1240/426
s 130
f 606/1420/427 429/1330/428 598/1402/429
s 88
f 420/1242/313 649/1421/430 650/1422/430
s 131
f 596/1412/431 765/1423/432 733/1424/431
s 87
f 453/1313/336 701/1425/433 702/1426/433
s 130
f 395/1292/434 597/1404/435 397/1289/434
f 605/1427/436 598/1402/429 597/1404/435
s 132
f 544/1360/437 739/1428/438 707/1429/437
s 131
f 595/1430/439 670/1431/440 765/1423/432
s 129
f 426/1229/441 603/1432/442 396/1230/441
f 601/1368/443 604/1418/424 603/1432/442
s 128
f 587/1433/444 405/1275/445 404/1277/445
f 588/1416/421 581/1434/446 587/1433/444
s 127
f 591/1435/447 403/1279/448 402/1281/448
f 592/1414/418 585/1436/449 591/1435/447
s 126
f 595/1430/450 401/1283/451 400/1285/451
f 596/1412/415 589/1437/452 595/1430/450
s 125
f 599/1388/453 399/1287/454 398/1290/454
f 600/1374/412 593/1438/455 599/1388/453
s 132
f 543/1439/456 650/1422/457 739/1428/438
s 88
f 422/1238/312 647/1419/458 648/1440/458
s 133
f 594/1441/459 764/1442/460 593/1443/461
s 87
f 451/1305/333 699/1444/462 700/1445/462
s 134
f 606/1420/463 675/1446/464 428/1324/465
s 133
f 593/1443/461 669/1447/466 399/1448/467
s 135
f 604/1418/468 676/1449/469 737/1450/468
s 88
f 424/1234/310 645/1451/470 646/1395/470
s 122
f 579/1452/471 409/1267/472 408/1269/473
f 580/1401/400 573/1453/474 579/1452/471
s 121
f 583/1454/475 407/1271/476 406/1273/476
f 584/1399/397 577/1455/477 583/1454/475
s 136
f 592/1414/478 763/1456/479 731/1457/480
s 87
f 449/1295/329 697/1458/481 698/1459/481
s 113
f 602/1417/482 705/1377/483 458/1344/484
s 136
f 591/1435/485 668/1460/486 763/1456/479
s 120
f 571/1461/487 413/1259/488 412/1261/488
f 572/1393/391 565/1462/489 571/1461/487
s 119
f 575/1463/490 411/1263/491 410/1265/491
f 576/1391/388 569/1464/492 575/1463/490
s 114
f 600/1374/371 677/1465/493 430/1336/493
s 88
f 426/1229/307 643/1371/494 644/1369/495
s 137
f 590/1411/496 762/1466/497 589/1437/498
s 87
f 447/1354/350 695/1467/499 696/1468/499
s 117
f 418/1246/500 555/1469/501 419/1244/500
f 559/1470/502 556/1385/382 555/1469/501
s 116
f 416/1250/503 557/1471/504 417/1248/503
f 563/1472/505 558/1383/379 557/1471/504
s 115
f 414/1254/506 561/1473/507 415/1255/506
f 567/1474/508 562/1381/376 561/1473/507
s 123
f 598/1402/401 678/1475/509 734/1476/401
s 137
f 589/1437/498 667/1477/510 401/1283/511
s 131
f 596/1412/431 679/1478/512 432/1342/513
s 138
f 588/1416/514 761/1479/515 729/1480/514
s 87
f 445/1346/348 693/1481/516 694/1482/516
s 133
f 594/1441/459 680/1483/517 732/1484/459
s 138
f 587/1433/518 666/1485/519 761/1479/515
s 136
f 592/1414/478 681/1486/520 434/1352/521
s 139
f 586/1413/522 760/1487/523 585/1436/524
s 87
f 444/1340/344 692/1488/525 443/1334/344
s 112
f 422/1238/526 551/1489/527 423/1236/526
f 553/1490/528 552/1367/363 551/1489/527
s 137
f 590/1411/496 682/1491/529 730/1492/496
s 139
f 585/1436/524 665/1493/530 403/1279/531
s 110
f 424/1234/532 549/1365/533 425/1232/532
f 547/1394/534 550/1363/357 549/1365/533
s 109
f 420/1242/535 545/1408/536 421/1240/535
f 543/1439/537 546/1361/354 545/1408/536
s 140
f 711/1494/538 703/1405/539 709/1387/540
s 141
f 708/1495/541 701/1425/542 712/1496/543
s 142
f 713/1497/544 699/1444/545 707/1429/546
s 143
f 714/1498/547 697/1458/548 715/1499/549
s 144
f 716/1500/550 695/1467/551 717/1501/552
s 145
f 718/1502/553 693/1481/554 719/1503/553
s 146
f 692/1488/555 721/1504/556 720/1505/557
s 147
f 690/1506/558 723/1507/559 722/1508/560
s 148
f 688/1509/561 725/1510/562 724/1511/563
s 149
f 686/1512/564 727/1513/565 726/1514/566
s 150
f 684/1515/567 729/1480/568 728/1516/569
s 151
f 682/1491/570 731/1457/571 730/1492/572
s 152
f 680/1483/573 733/1424/574 732/1484/575
s 153
f 678/1475/576 735/1376/577 734/1476/577
s 154
f 737/1450/578 675/1446/579 738/1517/580
s 155
f 710/1518/581 705/1377/582 736/1519/583
f 643/1371/584 768/1370/585 644/1369/584
f 742/1364/586 736/1519/583 768/1370/585
s 154
f 673/1520/587 770/1521/588 674/1522/587
f 769/1523/589 738/1517/580 770/1521/588
s 153
f 766/1403/590 672/1389/591 671/1409/591
f 734/1476/577 767/1375/590 766/1403/590
s 152
f 764/1442/592 670/1431/593 669/1447/593
f 732/1484/575 765/1423/594 764/1442/592
s 151
f 762/1466/595 668/1460/596 667/1477/596
f 730/1492/572 763/1456/597 762/1466/595
s 150
f 760/1487/598 666/1485/599 665/1493/599
f 728/1516/569 761/1479/600 760/1487/598
s 149
f 758/1524/601 664/1525/602 663/1526/602
f 726/1514/566 759/1527/603 758/1524/601
s 148
f 756/1528/604 662/1529/605 661/1530/605
f 724/1511/563 757/1531/606 756/1528/604
s 147
f 754/1532/607 660/1533/608 659/1534/608
f 722/1508/560 755/1535/609 754/1532/607
s 146
f 752/1536/610 658/1537/611 657/1538/611
f 720/1505/557 753/1539/612 752/1536/610
s 145
f 655/1540/613 751/1541/614 656/1542/613
f 718/1502/553 751/1541/614 750/1543/614
s 144
f 653/1372/615 749/1544/616 654/1373/615
f 748/1545/617 717/1501/552 749/1544/616
s 143
f 651/1396/618 747/1546/619 652/1397/620
f 746/1547/621 715/1499/549 747/1546/619
s 142
f 649/1421/622 739/1428/623 650/1422/622
f 745/1548/624 707/1429/546 739/1428/623
s 141
f 647/1419/625 744/1549/626 648/1440/625
f 740/1407/627 712/1496/543 744/1549/626
s 140
f 645/1451/628 741/1386/629 646/1395/628
f 743/1550/630 709/1387/540 741/1386/629
s 113
f 602/1417/482 768/1370/366 736/1519/482
s 88
f 413/1259/317 656/1542/631 414/1254/317
s 156
f 551/1489/632 645/1451/633 423/1236/634
s 135
f 603/1432/635 673/1520/636 396/1230/637
s 156
f 552/1367/638 743/1550/639 551/1489/632
s 135
f 604/1418/468 769/1523/640 603/1432/635
s 88
f 411/1263/318 658/1537/641 412/1261/318
s 157
f 553/1490/642 648/1440/643 744/1549/644
s 134
f 605/1427/645 674/1522/646 770/1521/647
s 157
f 554/1366/648 744/1549/644 712/1496/648
s 134
f 606/1420/463 770/1521/647 738/1517/463
s 88
f 409/1267/319 660/1533/649 410/1265/319
s 158
f 555/1469/650 649/1421/651 419/1244/652
f 556/1385/653 745/1548/654 555/1469/650
s 88
f 407/1271/321 662/1529/655 408/1269/320
s 159
f 557/1471/656 651/1396/657 417/1248/658
f 558/1383/659 746/1547/660 557/1471/656
s 88
f 405/1275/322 664/1525/661 406/1273/322
s 160
f 559/1470/662 652/1397/663 747/1546/664
f 560/1384/665 747/1546/664 715/1499/665
s 88
f 403/1279/324 666/1485/666 404/1277/323
s 161
f 561/1551/667 653/1372/668 415/1252/668
f 562/1552/669 748/1545/667 561/1551/667
s 132
f 544/1360/437 699/1444/670 452/1309/671
s 88
f 401/1283/326 668/1460/672 402/1281/325
s 162
f 563/1472/673 654/1373/674 749/1544/675
s 124
f 546/1361/406 702/1426/676 708/1495/406
s 162
f 564/1382/677 749/1544/675 717/1501/677
s 118
f 548/1362/383 703/1405/678 456/1332/679
s 88
f 399/1448/327 670/1431/680 400/1285/327
s 163
f 565/1462/681 655/1540/682 413/1259/682
s 111
f 550/1363/358 706/1378/683 710/1518/684
s 163
f 566/1392/685 750/1543/681 565/1462/681
s 156
f 552/1367/638 704/1406/686 711/1494/687
s 88
f 398/1290/328 671/1409/688 672/1389/688
s 164
f 567/1474/689 656/1542/690 751/1541/691
s 157
f 554/1366/648 701/1425/692 454/1320/693
s 164
f 568/1379/694 751/1541/691 719/1503/694
s 158
f 556/1385/653 700/1445/695 713/1497/653
s 88
f 395/1292/308 673/1520/696 674/1522/696
s 165
f 569/1464/697 657/1538/698 411/1263/699
s 159
f 558/1383/659 698/1459/700 714/1498/659
s 87
f 427/1317/338 675/1446/701 676/1449/701
s 165
f 570/1390/702 752/1536/703 569/1464/697
s 160
f 560/1384/665 697/1458/704 450/1301/705
s 166
f 571/1461/706 658/1537/707 753/1539/708
s 161
f 562/1552/669 696/1468/709 716/1500/710
s 87
f 430/1336/342 678/1475/711 429/1330/342
s 166
f 572/1393/712 753/1539/708 721/1504/713
s 162
f 564/1382/677 695/1467/714 448/1358/715
s 167
f 573/1453/716 659/1534/717 409/1267/718
s 163
f 566/1392/685 694/1482/719 718/1502/685
s 87
f 432/1342/346 680/1483/720 431/1343/346
s 167
f 574/1400/721 754/1532/722 573/1453/716
s 164
f 568/1379/694 693/1481/723 446/1350/724
s 168
f 575/1463/725 660/1533/726 755/1535/727
s 165
f 570/1390/702 692/1488/728 720/1505/702
s 87
f 434/1352/349 682/1491/729 433/1348/349
s 168
f 576/1391/730 755/1535/727 723/1507/730
s 166
f 572/1393/712 691/1553/731 444/1340/732
s 169
f 577/1455/733 661/1530/734 407/1271/735
s 167
f 574/1400/721 690/1506/736 722/1508/721
s 87
f 436/1299/331 684/1515/737 435/1357/331
s 169
f 578/1398/738 756/1528/739 577/1455/733
s 168
f 576/1391/730 689/1554/740 442/1322/741
s 170
f 579/1452/742 662/1529/743 757/1531/744
s 169
f 578/1398/738 688/1509/745 724/1511/738
s 87
f 438/1303/332 686/1512/746 437/1298/330
s 170
f 580/1401/747 757/1531/744 725/1510/748
f 580/1401/747 687/1555/749 440/1311/750
s 171
f 581/1434/751 663/1526/752 405/1275/753
f 582/1415/754 686/1512/755 726/1514/754
s 87
f 440/1311/334 688/1509/756 439/1307/334
s 171
f 582/1415/754 758/1524/757 581/1434/751
s 172
f 584/1399/758 685/1556/759 438/1303/760
f 583/1454/761 664/1525/762 759/1527/763
s 139
f 586/1413/522 684/1515/764 728/1516/522
s 87
f 442/1322/337 690/1506/765 441/1315/337
s 172
f 584/1399/758 759/1527/763 727/1513/766
s 138
f 588/1416/514 683/1557/767 436/1299/768
s 88
f 918/1228/2 917/1231/2 426/1229/307
f 917/1231/2 916/1233/2 425/1232/309
f 916/1233/2 915/1235/2 424/1234/310
f 915/1235/2 914/1237/2 423/1236/311
f 914/1237/2 913/1239/2 422/1238/312
f 913/1239/2 912/1241/2 421/1240/312
f 912/1241/2 911/1243/2 420/1242/313
f 911/1243/2 910/1245/2 419/1244/314
f 910/1245/2 909/1247/2 418/1246/315
f 909/1247/2 908/1249/2 417/1248/315
f 908/1249/2 907/1251/2 416/1250/316
f 907/1251/2 906/1558/2 415/1252/316
f 906/1253/2 905/1257/2 414/1254/317
f 904/1256/2 413/1259/317 414/1254/317
f 903/1258/2 412/1261/318 413/1259/317
f 902/1260/2 411/1263/318 412/1261/318
f 901/1262/2 410/1265/319 411/1263/318
f 900/1264/2 409/1267/319 410/1265/319
f 899/1266/2 408/1269/320 409/1267/319
f 898/1268/2 407/1271/321 408/1269/320
f 897/1270/2 406/1273/322 407/1271/321
f 896/1272/2 405/1275/322 406/1273/322
f 895/1274/2 404/1277/323 405/1275/322
f 894/1276/2 403/1279/324 404/1277/323
f 893/1278/2 402/1281/325 403/1279/324
f 892/1280/2 401/1283/326 402/1281/325
f 891/1282/2 400/1285/327 401/1283/326
f 890/1284/2 399/1448/327 400/1285/327
f 889/1286/2 398/1290/328 399/1287/327
f 889/1286/2 888/1291/2 397/1289/328
f 888/1291/2 887/1293/2 395/1292/308
f 887/1293/2 918/1228/2 396/1230/308
s 87
f 856/1294/1 450/1301/329 449/1295/329
f 857/1297/1 858/1302/1 437/1298/330
f 859/1300/1 451/1305/333 450/1301/329
f 858/1302/1 860/1306/1 438/1303/332
f 861/1304/1 452/1309/335 451/1305/333
f 860/1306/1 862/1310/1 439/1307/334
f 863/1308/1 453/1313/336 452/1309/335
f 862/1310/1 864/1314/1 440/1311/334
f 865/1312/1 454/1320/339 453/1313/336
f 864/1314/1 866/1321/1 441/1315/337
f 868/1316/1 428/1324/340 427/1317/338
f 869/1319/1 455/1326/341 454/1320/339
f 866/1321/1 870/1328/1 442/1322/337
f 871/1323/1 429/1330/342 428/1324/340
f 872/1325/1 456/1332/343 455/1326/341
f 873/1327/1 443/1334/344 442/1322/337
f 874/1329/1 430/1336/342 429/1330/342
f 875/1331/1 457/1338/345 456/1332/343
f 876/1333/1 444/1340/344 443/1334/344
f 877/1335/1 431/1559/346 430/1336/342
f 878/1337/1 458/1344/347 457/1338/345
f 879/1339/1 445/1346/348 444/1340/344
f 877/1341/1 880/1347/1 432/1342/346
f 867/1318/1 427/1317/338 458/1344/347
f 881/1345/1 446/1350/348 445/1346/348
f 880/1347/1 882/1351/1 433/1348/349
f 883/1349/1 447/1380/350 446/1350/348
f 882/1351/1 884/1356/1 434/1352/349
f 885/1353/1 448/1358/351 447/1354/350
f 884/1356/1 886/1359/1 435/1357/331
f 855/1296/1 449/1295/329 448/1358/351
f 886/1359/1 857/1297/1 436/1299/331
s 109
f 544/1360/352 452/1309/353 453/1313/353
s 110
f 548/1362/355 456/1332/356 457/1338/356
s 111
f 550/1363/358 710/1518/684 742/1364/359
s 112
f 554/1366/361 454/1320/362 455/1326/362
s 113
f 601/1368/364 426/1229/769 644/1369/365
s 111
f 549/1365/360 742/1364/359 643/1371/367
s 88
f 416/1250/316 415/1252/316 653/1372/369
s 114
f 600/1374/371 599/1388/372 767/1375/372
s 87
f 457/1338/345 458/1344/347 705/1377/373
s 115
f 568/1379/374 446/1350/375 447/1380/375
s 116
f 564/1382/377 448/1358/378 449/1295/378
s 117
f 560/1384/380 450/1301/381 451/1305/381
s 118
f 548/1362/383 547/1394/392 741/1386/384
s 114
f 599/1388/372 398/1290/385 672/1389/385
s 119
f 442/1322/386 443/1334/386 570/1390/387
s 120
f 444/1340/389 445/1346/389 566/1392/390
s 118
f 547/1394/392 424/1234/770 646/1395/393
s 88
f 418/1246/315 417/1248/315 651/1396/394
s 121
f 438/1303/395 439/1307/395 578/1398/396
s 122
f 440/1311/398 441/1315/398 574/1400/399
s 123
f 598/1402/401 734/1476/401 766/1403/402
s 87
f 455/1326/341 456/1332/343 703/1405/404
s 124
f 546/1361/406 708/1495/406 740/1407/407
s 123
f 597/1404/403 766/1403/402 671/1409/409
s 125
f 430/1336/410 431/1559/410 594/1410/411
s 126
f 432/1342/413 433/1348/413 590/1411/414
s 127
f 434/1352/416 435/1357/416 586/1413/417
s 128
f 436/1299/419 437/1298/419 582/1415/420
s 129
f 602/1417/422 458/1344/423 427/1317/423
s 124
f 545/1408/408 740/1407/407 647/1419/425
s 130
f 606/1420/427 428/1324/428 429/1330/428
s 88
f 420/1242/313 419/1244/314 649/1421/430
s 131
f 596/1412/431 595/1430/439 765/1423/432
s 87
f 453/1313/336 454/1320/339 701/1425/433
s 130
f 395/1292/434 605/1427/436 597/1404/435
f 605/1427/436 606/1420/427 598/1402/429
s 132
f 544/1360/437 543/1439/456 739/1428/438
s 131
f 595/1430/439 400/1285/771 670/1431/440
s 129
f 426/1229/441 601/1368/443 603/1432/442
f 601/1368/443 602/1417/422 604/1418/424
s 128
f 587/1433/444 581/1434/446 405/1275/445
f 588/1416/421 582/1415/420 581/1434/446
s 127
f 591/1435/447 585/1436/449 403/1279/448
f 592/1414/418 586/1413/417 585/1436/449
s 126
f 595/1430/450 589/1437/452 401/1283/451
f 596/1412/415 590/1411/414 589/1437/452
s 125
f 599/1388/453 593/1438/455 399/1287/454
f 600/1374/412 594/1410/411 593/1438/455
s 132
f 543/1439/456 420/1242/772 650/1422/457
s 88
f 422/1238/312 421/1240/312 647/1419/458
s 133
f 594/1441/459 732/1484/459 764/1442/460
s 87
f 451/1305/333 452/1309/335 699/1444/462
s 134
f 606/1420/463 738/1517/463 675/1446/464
s 133
f 593/1443/461 764/1442/460 669/1447/466
s 135
f 604/1418/468 427/1317/773 676/1449/469
s 88
f 424/1234/310 423/1236/311 645/1451/470
s 122
f 579/1452/471 573/1453/474 409/1267/472
f 580/1401/400 574/1400/399 573/1453/474
s 121
f 583/1454/475 577/1455/477 407/1271/476
f 584/1399/397 578/1398/396 577/1455/477
s 136
f 592/1414/478 591/1435/485 763/1456/479
s 87
f 449/1295/329 450/1301/329 697/1458/481
s 113
f 602/1417/482 736/1519/482 705/1377/483
s 136
f 591/1435/485 402/1281/774 668/1460/486
s 120
f 571/1461/487 565/1462/489 413/1259/488
f 572/1393/391 566/1392/390 565/1462/489
s 119
f 575/1463/490 569/1464/492 411/1263/491
f 576/1391/388 570/1390/387 569/1464/492
s 114
f 600/1374/371 735/1376/371 677/1465/493
s 88
f 426/1229/307 425/1232/309 643/1371/494
s 137
f 590/1411/496 730/1492/496 762/1466/497
s 87
f 447/1354/350 448/1358/351 695/1467/499
s 117
f 418/1246/500 559/1470/502 555/1469/501
f 559/1470/502 560/1384/380 556/1385/382
s 116
f 416/1250/503 563/1472/505 557/1471/504
f 563/1472/505 564/1382/377 558/1383/379
s 115
f 414/1254/506 567/1474/508 561/1473/507
f 567/1474/508 568/1379/374 562/1381/376
s 123
f 598/1402/401 429/1330/509 678/1475/509
s 137
f 589/1437/498 762/1466/497 667/1477/510
s 131
f 596/1412/431 733/1424/431 679/1478/512
s 138
f 588/1416/514 587/1433/518 761/1479/515
s 87
f 445/1346/348 446/1350/348 693/1481/516
s 133
f 594/1441/459 431/1343/517 680/1483/517
s 138
f 587/1433/518 404/1277/775 666/1485/519
s 136
f 592/1414/478 731/1457/480 681/1486/520
s 139
f 586/1413/522 728/1516/522 760/1487/523
s 87
f 444/1340/344 691/1553/525 692/1488/525
s 112
f 422/1238/526 553/1490/528 551/1489/527
f 553/1490/528 554/1366/361 552/1367/363
s 137
f 590/1411/496 433/1348/776 682/1491/529
s 139
f 585/1436/524 760/1487/523 665/1493/530
s 110
f 424/1234/532 547/1394/534 549/1365/533
f 547/1394/534 548/1362/355 550/1363/357
s 109
f 420/1242/535 543/1439/537 545/1408/536
f 543/1439/537 544/1360/352 546/1361/354
s 140
f 711/1494/538 704/1406/539 703/1405/539
s 141
f 708/1495/541 702/1426/542 701/1425/542
s 142
f 713/1497/544 700/1445/545 699/1444/545
s 143
f 714/1498/547 698/1459/548 697/1458/548
s 144
f 716/1500/550 696/1468/551 695/1467/551
s 145
f 718/1502/553 694/1482/554 693/1481/554
s 146
f 692/1488/555 691/1553/555 721/1504/556
s 147
f 690/1506/558 689/1554/558 723/1507/559
s 148
f 688/1509/561 687/1555/561 725/1510/562
s 149
f 686/1512/564 685/1556/564 727/1513/565
s 150
f 684/1515/567 683/1557/567 729/1480/568
s 151
f 682/1491/570 681/1486/570 731/1457/571
s 152
f 680/1483/573 679/1478/573 733/1424/574
s 153
f 678/1475/576 677/1465/576 735/1376/577
s 154
f 737/1450/578 676/1449/579 675/1446/579
s 155
f 710/1518/581 706/1378/582 705/1377/582
f 643/1371/584 742/1364/586 768/1370/585
f 742/1364/586 710/1518/581 736/1519/583
s 154
f 673/1520/587 769/1523/589 770/1521/588
f 769/1523/589 737/1450/578 738/1517/580
s 153
f 766/1403/590 767/1375/590 672/1389/591
f 734/1476/577 735/1376/577 767/1375/590
s 152
f 764/1442/592 765/1423/594 670/1431/593
f 732/1484/575 733/1424/574 765/1423/594
s 151
f 762/1466/595 763/1456/597 668/1460/596
f 730/1492/572 731/1457/571 763/1456/597
s 150
f 760/1487/598 761/1479/600 666/1485/599
f 728/1516/569 729/1480/568 761/1479/600
s 149
f 758/1524/601 759/1527/603 664/1525/602
f 726/1514/566 727/1513/565 759/1527/603
s 148
f 756/1528/604 757/1531/606 662/1529/605
f 724/1511/563 725/1510/562 757/1531/606
s 147
f 754/1532/607 755/1535/609 660/1533/608
f 722/1508/560 723/1507/559 755/1535/609
s 146
f 752/1536/610 753/1539/612 658/1537/611
f 720/1505/557 721/1504/556 753/1539/612
s 145
f 655/1540/613 750/1543/614 751/1541/614
f 718/1502/553 719/1503/553 751/1541/614
s 144
f 653/1372/615 748/1545/617 749/1544/616
f 748/1545/617 716/1500/550 717/1501/552
s 143
f 651/1396/618 746/1547/621 747/1546/619
f 746/1547/621 714/1498/547 715/1499/549
s 142
f 649/1421/622 745/1548/624 739/1428/623
f 745/1548/624 713/1497/544 707/1429/546
s 141
f 647/1419/625 740/1407/627 744/1549/626
f 740/1407/627 708/1495/541 712/1496/543
s 140
f 645/1451/628 743/1550/630 741/1386/629
f 743/1550/630 711/1494/538 709/1387/540
s 113
f 602/1417/482 601/1368/364 768/1370/366
s 88
f 413/1259/317 655/1540/631 656/1542/631
s 156
f 551/1489/632 743/1550/639 645/1451/633
s 135
f 603/1432/635 769/1523/640 673/1520/636
s 156
f 552/1367/638 711/1494/687 743/1550/639
s 135
f 604/1418/468 737/1450/468 769/1523/640
s 88
f 411/1263/318 657/1538/641 658/1537/641
s 157
f 553/1490/642 422/1238/777 648/1440/643
s 134
f 605/1427/645 395/1292/778 674/1522/646
s 157
f 554/1366/648 553/1490/642 744/1549/644
s 134
f 606/1420/463 605/1427/645 770/1521/647
s 88
f 409/1267/319 659/1534/649 660/1533/649
s 158
f 555/1469/650 745/1548/654 649/1421/651
f 556/1385/653 713/1497/653 745/1548/654
s 88
f 407/1271/321 661/1530/655 662/1529/655
s 159
f 557/1471/656 746/1547/660 651/1396/657
f 558/1383/659 714/1498/659 746/1547/660
s 88
f 405/1275/322 663/1526/661 664/1525/661
s 160
f 559/1470/662 418/1246/779 652/1397/663
f 560/1384/665 559/1470/662 747/1546/664
s 88
f 403/1279/324 665/1493/666 666/1485/666
s 161
f 561/1551/667 748/1545/667 653/1372/668
f 562/1552/669 716/1500/710 748/1545/667
s 132
f 544/1360/437 707/1429/437 699/1444/670
s 88
f 401/1283/326 667/1477/672 668/1460/672
s 162
f 563/1472/673 416/1250/780 654/1373/674
s 124
f 546/1361/406 453/1313/781 702/1426/676
s 162
f 564/1382/677 563/1472/673 749/1544/675
s 118
f 548/1362/383 709/1387/383 703/1405/678
s 88
f 399/1448/327 669/1447/680 670/1431/680
s 163
f 565/1462/681 750/1543/681 655/1540/682
s 111
f 550/1363/358 457/1338/782 706/1378/683
s 163
f 566/1392/685 718/1502/685 750/1543/681
s 156
f 552/1367/638 455/1326/783 704/1406/686
s 88
f 398/1290/328 397/1289/328 671/1409/688
s 164
f 567/1474/689 414/1254/690 656/1542/690
s 157
f 554/1366/648 712/1496/648 701/1425/692
s 164
f 568/1379/694 567/1474/689 751/1541/691
s 158
f 556/1385/653 451/1305/784 700/1445/695
s 88
f 395/1292/308 396/1230/308 673/1520/696
s 165
f 569/1464/697 752/1536/703 657/1538/698
s 159
f 558/1383/659 449/1295/785 698/1459/700
s 87
f 427/1317/338 428/1324/340 675/1446/701
s 165
f 570/1390/702 720/1505/702 752/1536/703
s 160
f 560/1384/665 715/1499/665 697/1458/704
s 166
f 571/1461/706 412/1261/786 658/1537/707
s 161
f 562/1552/669 447/1354/787 696/1468/709
s 87
f 430/1336/342 677/1465/711 678/1475/711
s 166
f 572/1393/712 571/1461/706 753/1539/708
s 162
f 564/1382/677 717/1501/677 695/1467/714
s 167
f 573/1453/716 754/1532/722 659/1534/717
s 163
f 566/1392/685 445/1346/719 694/1482/719
s 87
f 432/1342/346 679/1478/720 680/1483/720
s 167
f 574/1400/721 722/1508/721 754/1532/722
s 164
f 568/1379/694 719/1503/694 693/1481/723
s 168
f 575/1463/725 410/1265/788 660/1533/726
s 165
f 570/1390/702 443/1334/789 692/1488/728
s 87
f 434/1352/349 681/1486/729 682/1491/729
s 168
f 576/1391/730 575/1463/725 755/1535/727
s 166
f 572/1393/712 721/1504/713 691/1553/731
s 169
f 577/1455/733 756/1528/739 661/1530/734
s 167
f 574/1400/721 441/1315/790 690/1506/736
s 87
f 436/1299/331 683/1557/737 684/1515/737
s 169
f 578/1398/738 724/1511/738 756/1528/739
s 168
f 576/1391/730 723/1507/730 689/1554/740
s 170
f 579/1452/742 408/1269/791 662/1529/743
s 169
f 578/1398/738 439/1307/792 688/1509/745
s 87
f 438/1303/332 685/1556/746 686/1512/746
s 170
f 580/1401/747 579/1452/742 757/1531/744
f 580/1401/747 725/1510/748 687/1555/749
s 171
f 581/1434/751 758/1524/757 663/1526/752
f 582/1415/754 437/1298/793 686/1512/755
s 87
f 440/1311/334 687/1555/756 688/1509/756
s 171
f 582/1415/754 726/1514/754 758/1524/757
s 172
f 584/1399/758 727/1513/766 685/1556/759
f 583/1454/761 406/1273/794 664/1525/762
s 139
f 586/1413/522 435/1357/795 684/1515/764
s 87
f 442/1322/337 689/1554/765 690/1506/765
s 172
f 584/1399/758 583/1454/761 759/1527/763
s 138
f 588/1416/514 729/1480/514 683/1557/767
