# Blender 5.2.0 LTS
# www.blender.org
mtllib RuedaTraseraIzq.mtl
g RoverModificado.002_RoverModificado.008
v 0.000118 0.182382 -0.215798
v 0.000118 0.182382 0.484203
v -0.074882 0.162286 -0.215798
v -0.074882 0.162286 0.484203
v -0.129786 0.107382 -0.215798
v -0.129786 0.107382 0.484203
v -0.149881 0.032382 -0.215798
v -0.149881 0.032382 0.484203
v -0.129786 -0.042618 -0.215798
v -0.129786 -0.042618 0.484203
v -0.074882 -0.097522 -0.215798
v -0.074882 -0.097522 0.484203
v 0.000118 -0.117618 -0.215798
v 0.000118 -0.117618 0.484203
v 0.075119 -0.097522 -0.215798
v 0.075119 -0.097522 0.484203
v 0.130023 -0.042618 -0.215798
v 0.130023 -0.042618 0.484203
v 0.150119 0.032382 -0.215798
v 0.150119 0.032382 0.484203
v 0.130023 0.107382 -0.215798
v 0.130023 0.107382 0.484203
v 0.075119 0.162286 -0.215798
v 0.075119 0.162286 0.484203
v 1.202744 -1.927423 -0.036399
v 1.277267 -1.849220 -0.144399
v 1.224572 -1.904518 -0.112766
v 1.307077 -1.817936 -0.144399
v 1.381599 -1.739733 -0.036399
v 1.359773 -1.762638 -0.112766
v 1.277267 -1.849220 0.114801
v 1.202744 -1.927423 0.006801
v 1.224572 -1.904518 0.083169
v 1.381599 -1.739733 0.006801
v 1.307077 -1.817936 0.114801
v 1.359773 -1.762638 0.083169
v 2.014609 -2.062478 -0.494798
v 2.014611 -2.345321 -0.494798
v 2.073189 -2.203899 -0.494798
v 2.014611 -2.345321 0.465202
v 2.014609 -2.062478 0.465202
v 2.073189 -2.203899 0.465202
v 1.802479 -2.557453 -0.494798
v 1.519636 -2.557453 -0.494798
v 1.661057 -2.616031 -0.494798
v 1.519636 -2.557453 0.465202
v 1.802479 -2.557453 0.465202
v 1.661057 -2.616031 0.465202
v -0.538256 -0.502841 0.184661
v -0.517267 -0.552850 -0.410798
v 0.042869 0.018330 -0.410798
v -0.517267 -0.552850 -0.218798
v 0.042869 0.018330 -0.218798
v 1.870957 -2.687211 -0.410798
v 1.588130 -2.689972 -0.410798
v 1.781809 -2.739848 -0.410798
v 1.678288 -2.740858 -0.410798
v 2.148267 -2.118793 -0.410798
v 2.151027 -2.401622 -0.410798
v 2.200902 -2.207941 -0.410798
v 2.201913 -2.311463 -0.410798
v 1.870958 -2.687211 -0.218798
v 1.781809 -2.739848 -0.218798
v 2.151027 -2.401622 -0.218798
v 2.201913 -2.311463 -0.218798
v 2.200902 -2.207941 -0.218798
v 1.480538 -1.853946 0.465202
v 1.428511 -1.881756 0.465202
v 1.382906 -1.919181 0.465202
v 1.345481 -1.964783 0.465202
v 1.300548 -2.073266 0.465202
v 1.317673 -2.016812 0.465202
v 1.536992 -2.427130 0.465202
v 1.300548 -2.190685 0.465202
v 1.382906 -2.344770 0.465202
v 1.428511 -2.382195 0.465202
v 1.345481 -2.299167 0.465202
v 1.595702 -2.432912 0.465202
v 1.480538 -2.410004 0.465202
v 1.317673 -2.247139 0.465202
v 1.599566 -2.432532 0.465202
v 1.294765 -2.131975 0.465202
v 1.808496 -1.919181 0.465202
v 1.845922 -1.964784 0.465202
v 1.762894 -1.881755 0.465202
v 1.873731 -2.016812 0.465202
v 1.710865 -1.853946 0.465202
v 1.890857 -2.073265 0.465202
v 1.890857 -2.190685 0.465202
v 1.896638 -2.131975 0.465202
v 1.808496 -2.344770 0.465202
v 1.845922 -2.299167 0.465202
v 1.873731 -2.247139 0.465202
v 1.654412 -1.836821 0.465202
v 1.595702 -1.831038 0.465202
v 1.536992 -1.836821 0.465202
v 1.762894 -2.382195 0.465202
v 1.710865 -2.410005 0.465202
v 1.654412 -2.427130 0.465202
v 1.481794 -2.410386 -0.494798
v 1.480538 -2.410004 -0.494798
v 1.382906 -2.344770 -0.494798
v 1.345481 -2.299167 -0.494798
v 1.428511 -2.382195 -0.494798
v 1.808496 -1.919181 -0.494798
v 1.845922 -1.964784 -0.494798
v 1.762894 -1.881755 -0.494798
v 1.873731 -2.016812 -0.494798
v 1.710865 -1.853946 -0.494798
v 1.890857 -2.073265 -0.494798
v 1.654412 -1.836821 -0.494798
v 1.595702 -1.831038 -0.494798
v 1.480538 -1.853946 -0.494798
v 1.536992 -1.836821 -0.494798
v 1.382906 -1.919181 -0.494798
v 1.345481 -1.964783 -0.494798
v 1.428511 -1.881756 -0.494798
v 1.845922 -2.299167 -0.494798
v 1.808496 -2.344770 -0.494798
v 1.710865 -2.410005 -0.494798
v 1.654412 -2.427130 -0.494798
v 1.762894 -2.382195 -0.494798
v 1.536992 -2.427130 -0.494798
v 1.595702 -2.432912 -0.494798
v 1.317673 -2.247139 -0.494798
v 1.300548 -2.190685 -0.494798
v 1.294765 -2.131975 -0.494798
v 1.896638 -2.131975 -0.494798
v 1.890857 -2.190685 -0.494798
v 1.300548 -2.073266 -0.494798
v 1.317673 -2.016812 -0.494798
v 1.873731 -2.247139 -0.494798
v 1.710865 -1.853946 -0.218798
v 1.845922 -2.299167 -0.218798
v 1.428511 -1.881756 -0.218798
v 1.762894 -2.382195 -0.218798
v 1.345481 -1.964783 -0.218798
v 1.480538 -2.410004 -0.218798
v 1.317673 -2.247139 -0.218798
v 1.595702 -2.432912 -0.218798
v 1.845922 -1.964784 -0.410798
v 1.710865 -1.853946 -0.410798
v 1.595702 -1.831038 -0.410798
v 1.890857 -2.073265 -0.410798
v 1.873731 -2.247139 -0.410798
v 1.762894 -2.382195 -0.410798
v 1.345481 -1.964783 -0.410798
v 1.428511 -1.881756 -0.410798
v 1.300548 -2.073266 -0.410798
v 1.595702 -2.432912 -0.410798
v 1.480538 -2.410004 -0.410798
v 1.382906 -2.344770 -0.410798
v 1.300548 -2.190685 -0.410798
v -0.538256 -0.502841 -0.215339
v -0.089913 -0.973993 -0.410798
v -0.089913 -0.973993 -0.218798
v 0.192642 -0.755569 -0.144399
v 0.220289 -0.727407 -0.144399
v 0.143772 -0.805352 0.083169
v 0.123528 -0.825972 -0.036399
v 0.269161 -0.677625 -0.112766
v 0.220289 -0.727407 0.114801
v 0.143772 -0.805352 -0.112766
v 0.123528 -0.825972 0.006801
v 0.289403 -0.657005 0.006801
v 0.289403 -0.657005 -0.036399
v 0.192642 -0.755569 0.114801
v 0.269161 -0.677625 0.083169
v -0.891826 -0.552819 -0.410798
v -1.065584 -0.378988 -0.410798
v -1.014691 -0.501875 -0.410798
v -1.065584 -0.135325 -0.410798
v -0.891881 0.034114 -0.410798
v -1.014707 -0.013725 -0.410798
v -1.065584 -0.378988 -0.218798
v -0.891826 -0.552819 -0.218798
v -1.014691 -0.501875 -0.218798
v -0.891881 0.034114 -0.218798
v -1.065584 -0.135325 -0.218798
v -1.014707 -0.013725 -0.218798
v -0.911837 -0.405170 0.184661
v -0.814157 -0.502840 0.184661
v -0.814220 -0.018502 0.184661
v -0.911870 -0.114814 0.184661
v -0.814157 -0.502840 -0.215339
v -0.911837 -0.405170 -0.215339
v -0.911870 -0.114814 -0.215339
v -0.814220 -0.018502 -0.215339
v -0.262933 -0.026161 0.184661
v -0.089252 -0.066901 0.184661
v -0.262933 -0.026161 -0.215339
v -0.089252 -0.066901 -0.215339
v 1.536992 -1.836821 -0.218798
v 1.873731 -2.016812 -0.218798
v 2.148267 -2.118793 -0.218798
v -0.304757 -0.270168 -0.200127
v -0.374702 -0.341297 -0.154892
v 0.299731 -0.653775 -0.154892
v 0.328702 -0.624313 -0.045687
v 0.091300 -0.865735 -0.045687
v 0.120273 -0.836272 -0.154892
v 0.091300 -0.865735 0.016089
v 0.120273 -0.836272 0.125295
v 0.190217 -0.765144 0.170529
v -0.265188 -0.229929 -0.200127
v -0.265188 -0.229929 0.170529
v -0.195245 -0.158800 0.125295
v 0.229785 -0.724904 0.170529
v 0.299731 -0.653775 0.125295
v 0.190217 -0.765144 -0.200127
v 0.229785 -0.724904 -0.200127
v -0.304757 -0.270168 0.170529
v 0.328702 -0.624313 0.016089
v -0.374702 -0.341297 0.125295
v -0.403676 -0.370760 -0.045687
v -0.403676 -0.370760 0.016089
v -0.195245 -0.158800 -0.154892
v -0.166272 -0.129338 -0.045687
v -0.166272 -0.129338 0.016089
v 1.406126 -1.709297 -0.494798
v 1.661429 -1.709297 -0.494798
v 1.533778 -1.656422 -0.494798
v 1.661429 -1.709297 0.465202
v 1.406126 -1.709297 0.465202
v 1.533778 -1.656422 0.465202
v 1.166455 -2.204272 -0.494798
v 1.166455 -1.948968 -0.494798
v 1.113580 -2.076620 -0.494798
v 1.166455 -1.948968 0.465202
v 1.166455 -2.204272 0.465202
v 1.113580 -2.076620 0.465202
v 1.895012 -2.115469 -0.218798
v 1.294765 -2.131975 -0.218798
v 1.588130 -2.689972 -0.218798
v 1.678288 -2.740858 -0.218798
v 1.808496 -1.919181 -0.218798
v 1.382906 -2.344770 -0.218798
v -0.891853 -0.259353 -0.410798
v -0.891853 -0.259353 -0.218798
v -0.517267 -0.552850 0.189202
v 0.042869 0.018330 0.189202
v -0.517267 -0.552850 0.381202
v 0.042869 0.018330 0.381202
v 1.870957 -2.687211 0.189202
v 1.588130 -2.689972 0.189202
v 1.781809 -2.739848 0.189202
v 1.678288 -2.740858 0.189202
v 2.148267 -2.118793 0.189202
v 2.151027 -2.401622 0.189202
v 2.200902 -2.207941 0.189202
v 2.201913 -2.311463 0.189202
v 1.870958 -2.687211 0.381202
v 1.781809 -2.739848 0.381202
v 2.151027 -2.401622 0.381202
v 2.201913 -2.311463 0.381202
v 2.200902 -2.207941 0.381202
v 1.710865 -1.853946 0.381202
v 1.845922 -2.299167 0.381202
v 1.428511 -1.881756 0.381202
v 1.762894 -2.382195 0.381202
v 1.345481 -1.964783 0.381202
v 1.480538 -2.410004 0.381202
v 1.317673 -2.247139 0.381202
v 1.595702 -2.432912 0.381202
v 1.845922 -1.964784 0.189202
v 1.710865 -1.853946 0.189202
v 1.595702 -1.831038 0.189202
v 1.890857 -2.073265 0.189202
v 1.873731 -2.247139 0.189202
v 1.762894 -2.382195 0.189202
v 1.345481 -1.964783 0.189202
v 1.428511 -1.881756 0.189202
v 1.300548 -2.073266 0.189202
v 1.595702 -2.432912 0.189202
v 1.480538 -2.410004 0.189202
v 1.382906 -2.344770 0.189202
v 1.300548 -2.190685 0.189202
v -0.089913 -0.973993 0.189202
v -0.089913 -0.973993 0.381202
v -0.891826 -0.552819 0.189202
v -1.065584 -0.378988 0.189202
v -1.014691 -0.501875 0.189202
v -1.065584 -0.135325 0.189202
v -0.891881 0.034114 0.189202
v -1.014707 -0.013725 0.189202
v -1.065584 -0.378988 0.381202
v -0.891826 -0.552819 0.381202
v -1.014691 -0.501875 0.381202
v -0.891881 0.034114 0.381202
v -1.065584 -0.135325 0.381202
v -1.014707 -0.013725 0.381202
v 1.536992 -1.836821 0.381202
v 1.873731 -2.016812 0.381202
v 2.148267 -2.118793 0.381202
v 1.895012 -2.115469 0.381202
v 1.294765 -2.131975 0.381202
v 1.588130 -2.689972 0.381202
v 1.678288 -2.740858 0.381202
v 1.808496 -1.919181 0.381202
v 1.382906 -2.344770 0.381202
v -0.891853 -0.259353 0.189202
v -0.891853 -0.259353 0.381202
v 1.295166 -2.190686 -0.706797
v 1.340102 -2.299167 -0.706797
v 1.423130 -2.382196 -0.706797
v 1.531611 -2.427130 -0.706797
v 1.705484 -2.410005 -0.706797
v 1.803115 -2.344770 -0.706797
v 1.868351 -2.247140 -0.706797
v 1.891259 -2.131976 -0.706797
v 1.868351 -2.016812 -0.706797
v 1.803115 -1.919181 -0.706797
v 1.705484 -1.853947 -0.706797
v 1.590322 -1.831039 -0.706797
v 1.423130 -1.881756 -0.706797
v 1.340102 -1.964784 -0.706797
v 1.295166 -2.073266 -0.706797
v 1.295166 -2.190685 0.549203
v 1.340101 -2.299167 0.549203
v 1.475158 -2.410005 0.549203
v 1.590321 -2.432913 0.549203
v 1.705483 -2.410005 0.549203
v 1.803115 -2.344770 0.549203
v 1.885476 -2.190686 0.549203
v 1.868351 -2.016812 0.549203
v 1.803114 -1.919181 0.549203
v 1.705484 -1.853947 0.549203
v 1.531610 -1.836822 0.549203
v 1.377527 -1.919181 0.549203
v 1.295166 -2.073266 0.549203
v 0.696187 -2.131975 -1.685746
v 0.713471 -2.307462 -1.685746
v 0.764658 -2.476204 -1.685746
v 0.847784 -2.631719 -1.685746
v 0.959650 -2.768028 -1.685746
v 1.095960 -2.879894 -1.685747
v 1.251473 -2.963019 -1.685747
v 1.420217 -3.014207 -1.685747
v 1.595704 -3.031491 -1.685747
v 1.771191 -3.014207 -1.685747
v 1.939934 -2.963020 -1.685747
v 2.095448 -2.879894 -1.685747
v 2.231757 -2.768028 -1.685747
v 2.343624 -2.631719 -1.685747
v 2.426747 -2.476204 -1.685747
v 2.477936 -2.307462 -1.685747
v 2.495220 -2.131975 -1.685747
v 2.477936 -1.956488 -1.685747
v 2.426747 -1.787745 -1.685747
v 2.343624 -1.632231 -1.685747
v 2.231758 -1.495921 -1.685747
v 2.095448 -1.384055 -1.685747
v 1.939934 -1.300930 -1.685747
v 1.771191 -1.249742 -1.685747
v 1.595704 -1.232459 -1.685747
v 1.420217 -1.249742 -1.685747
v 1.251473 -1.300930 -1.685747
v 1.095960 -1.384055 -1.685747
v 0.959650 -1.495921 -1.685747
v 0.847784 -1.632231 -1.685746
v 0.764658 -1.787745 -1.685746
v 0.713471 -1.956488 -1.685746
v 2.694034 -1.678274 -0.545748
v 2.583141 -1.470810 -0.545748
v 0.696187 -2.131975 -0.645748
v 0.713471 -2.307462 -0.645748
v 0.764659 -2.476205 -0.645748
v 0.847784 -2.631719 -0.645748
v 0.959650 -2.768029 -0.645748
v 1.095960 -2.879895 -0.645748
v 1.251473 -2.963019 -0.645748
v 1.420217 -3.014207 -0.645748
v 1.595704 -3.031491 -0.645748
v 1.771191 -3.014207 -0.645748
v 1.939934 -2.963019 -0.645748
v 2.095448 -2.879895 -0.645748
v 2.231758 -2.768029 -0.645748
v 2.343624 -2.631719 -0.645748
v 2.426749 -2.476205 -0.645748
v 2.477936 -2.307462 -0.645748
v 2.495220 -2.131975 -0.645748
v 2.477936 -1.956488 -0.645748
v 2.426749 -1.787745 -0.645748
v 2.343624 -1.632231 -0.645748
v 2.231758 -1.495921 -0.645748
v 2.095448 -1.384055 -0.645748
v 1.939934 -1.300931 -0.645748
v 1.771191 -1.249743 -0.645748
v 1.595704 -1.232459 -0.645748
v 1.420217 -1.249743 -0.645748
v 1.251473 -1.300931 -0.645748
v 1.095960 -1.384055 -0.645748
v 0.959650 -1.495921 -0.645748
v 0.847784 -1.632231 -0.645748
v 0.764659 -1.787745 -0.645748
v 0.713471 -1.956488 -0.645748
v 2.694033 -1.678274 -1.745747
v 2.583141 -1.470808 -1.745747
v 2.694033 -1.678274 -1.745747
v 2.694034 -1.678274 -0.545748
v 2.583141 -1.470810 -0.545748
v 2.583141 -1.470808 -1.745747
v 0.591457 -2.333118 -0.645748
v 0.571864 -2.134183 -0.645747
v 0.649485 -2.524409 -0.645748
v 0.743716 -2.700703 -0.645748
v 0.870530 -2.855226 -0.645748
v 1.025054 -2.982040 -0.645748
v 1.201347 -3.076271 -0.645748
v 1.392639 -3.134299 -0.645748
v 1.591574 -3.153892 -0.645748
v 1.790509 -3.134299 -0.645748
v 1.981800 -3.076272 -0.645748
v 2.158093 -2.982040 -0.645748
v 2.312616 -2.855226 -0.645748
v 2.439432 -2.700703 -0.645748
v 2.533662 -2.524409 -0.645748
v 2.591690 -2.333118 -0.645748
v 2.611282 -2.134183 -0.645748
v 2.591690 -1.935247 -0.645748
v 2.533662 -1.743957 -0.645748
v 2.439431 -1.567663 -0.645748
v 2.312616 -1.413139 -0.645748
v 2.158093 -1.286325 -0.645748
v 1.981800 -1.192094 -0.645748
v 1.790510 -1.134066 -0.645748
v 1.591574 -1.114473 -0.645748
v 1.392638 -1.134066 -0.645748
v 1.201347 -1.192094 -0.645748
v 1.025054 -1.286325 -0.645748
v 0.870530 -1.413139 -0.645748
v 0.743716 -1.567663 -0.645747
v 0.649485 -1.743957 -0.645748
v 0.591457 -1.935247 -0.645748
v 0.567152 -2.131975 -1.685746
v 0.586915 -2.332635 -1.685746
v 0.645445 -2.525585 -1.685746
v 0.740494 -2.703408 -1.685746
v 0.868408 -2.859271 -1.685746
v 1.024271 -2.987184 -1.685747
v 1.202094 -3.082232 -1.685747
v 1.395042 -3.140763 -1.685747
v 1.595704 -3.160527 -1.685747
v 1.796363 -3.140763 -1.685747
v 1.989313 -3.082232 -1.685747
v 2.167136 -2.987185 -1.685747
v 2.322999 -2.859271 -1.685747
v 2.450912 -2.703408 -1.685747
v 2.545960 -2.525585 -1.685747
v 2.604492 -2.332635 -1.685747
v 2.624255 -2.131975 -1.685747
v 2.604492 -1.931315 -1.685747
v 2.545961 -1.738365 -1.685747
v 2.450912 -1.560542 -1.685747
v 2.322999 -1.404679 -1.685747
v 2.167137 -1.276766 -1.685747
v 1.989313 -1.181717 -1.685747
v 1.796363 -1.123187 -1.685747
v 1.595704 -1.103423 -1.685747
v 1.395042 -1.123187 -1.685747
v 1.202094 -1.181717 -1.685747
v 1.024271 -1.276766 -1.685747
v 0.868408 -1.404679 -1.685747
v 0.740494 -1.560542 -1.685746
v 0.645445 -1.738365 -1.685746
v 0.586915 -1.931315 -1.685746
v 1.595704 -2.035503 -1.625746
v 1.643939 -2.048428 -1.625746
v 1.679252 -2.083739 -1.625746
v 1.692175 -2.131975 -1.625746
v 1.679252 -2.180211 -1.625746
v 1.643939 -2.215523 -1.625746
v 1.595704 -2.228448 -1.625746
v 1.547468 -2.215523 -1.625746
v 1.512156 -2.180211 -1.625746
v 1.499231 -2.131975 -1.625746
v 1.512156 -2.083739 -1.625746
v 1.547468 -2.048428 -1.625746
v 1.595704 -1.931975 -1.502413
v 1.595704 -1.931975 -1.349078
v 1.695704 -1.958770 -1.349078
v 1.695704 -1.958770 -1.502413
v 1.768909 -2.031975 -1.349078
v 1.768909 -2.031975 -1.502413
v 1.795703 -2.131975 -1.349078
v 1.795703 -2.131975 -1.502413
v 1.768909 -2.231975 -1.349078
v 1.768909 -2.231975 -1.502413
v 1.695704 -2.305180 -1.349078
v 1.695704 -2.305180 -1.502413
v 1.595704 -2.331975 -1.349078
v 1.595704 -2.331975 -1.502413
v 1.495704 -2.305180 -1.349078
v 1.495704 -2.305180 -1.502413
v 1.422499 -2.231975 -1.349078
v 1.422499 -2.231975 -1.502413
v 1.395704 -2.131975 -1.349078
v 1.395704 -2.131975 -1.502413
v 1.422499 -2.031975 -1.349078
v 1.422499 -2.031975 -1.502413
v 1.495704 -1.958770 -1.349078
v 1.495704 -1.958770 -1.502413
v 1.776876 -1.255826 -1.002413
v 1.776876 -1.255827 -0.749079
v 1.876878 -1.282622 -0.749079
v 1.876878 -1.282622 -1.002413
v 2.445056 -1.850802 -0.749079
v 2.445056 -1.850802 -1.002413
v 2.471851 -1.950802 -0.749079
v 2.471851 -1.950802 -1.002413
v 2.263884 -2.726950 -0.749080
v 2.263884 -2.726950 -1.002413
v 2.190679 -2.800155 -0.749079
v 2.190679 -2.800155 -1.002413
v 1.414531 -3.008123 -0.749079
v 1.414531 -3.008123 -1.002413
v 1.314530 -2.981328 -0.749079
v 1.314530 -2.981328 -1.002413
v 0.746351 -2.413148 -0.749079
v 0.746351 -2.413148 -1.002412
v 0.719555 -2.313149 -0.749079
v 0.719555 -2.313149 -1.002412
v 0.927524 -1.537000 -0.749079
v 0.927524 -1.537000 -1.002412
v 1.000730 -1.463795 -0.749079
v 1.000729 -1.463795 -1.002412
v 1.595704 -1.931975 -1.625746
v 1.695704 -1.958770 -1.625746
v 1.768909 -2.031975 -1.625746
v 1.795703 -2.131975 -1.625746
v 1.768909 -2.231975 -1.625746
v 1.695704 -2.305180 -1.625746
v 1.595704 -2.331975 -1.625746
v 1.495704 -2.305180 -1.625746
v 1.422499 -2.231975 -1.625746
v 1.395704 -2.131975 -1.625746
v 1.422499 -2.031975 -1.625746
v 1.495704 -1.958770 -1.625746
v 1.595704 -2.035503 -1.525746
v 1.643939 -2.048428 -1.525746
v 1.679252 -2.083739 -1.525746
v 1.692175 -2.131975 -1.525746
v 1.679252 -2.180211 -1.525746
v 1.643939 -2.215523 -1.525746
v 1.595704 -2.228448 -1.525746
v 1.547468 -2.215523 -1.525746
v 1.512156 -2.180211 -1.525746
v 1.499231 -2.131975 -1.525746
v 1.512156 -2.083739 -1.525746
v 1.547468 -2.048428 -1.525746
v 1.373420 -1.030176 -0.975081
v 1.374301 -1.026186 -1.356415
v 1.162392 -1.094191 -0.975081
v 1.162665 -1.090386 -1.356415
v 0.657543 -1.508510 -0.975081
v 0.656361 -1.505898 -1.356414
v 0.553588 -1.702994 -0.975081
v 0.552107 -1.700944 -1.356414
v 0.797441 -1.338043 -0.975081
v 0.796662 -1.334941 -1.356415
v 0.967907 -1.198144 -0.975081
v 0.967620 -1.194639 -1.356415
v 1.592882 -1.008561 -0.975081
v 1.594396 -1.004510 -1.356415
v 2.023371 -1.094191 -0.975081
v 2.026125 -1.090386 -1.356415
v 1.812343 -1.030176 -0.975081
v 1.814489 -1.026186 -1.356415
v 2.388321 -1.338043 -0.975082
v 2.392128 -1.334941 -1.356415
v 2.217854 -1.198145 -0.975081
v 2.221170 -1.194639 -1.356415
v 2.632174 -1.702994 -0.975082
v 2.636683 -1.700944 -1.356415
v 2.528221 -1.508510 -0.975082
v 2.532431 -1.505898 -1.356415
v 2.717803 -2.133483 -0.975082
v 2.722560 -2.132674 -1.356415
v 2.696188 -1.914022 -0.975082
v 2.700882 -1.912580 -1.356415
v 2.632174 -2.563973 -0.975082
v 2.636683 -2.564404 -1.356415
v 2.696188 -2.352945 -0.975082
v 2.700882 -2.352768 -1.356415
v 2.388321 -2.928924 -0.975082
v 2.392128 -2.930407 -1.356415
v 2.528221 -2.758457 -0.975082
v 2.532431 -2.759449 -1.356415
v 2.023371 -3.172777 -0.975081
v 2.026125 -3.174962 -1.356415
v 2.217854 -3.068823 -0.975081
v 2.221170 -3.070709 -1.356415
v 1.592882 -3.258406 -0.975081
v 1.594396 -3.260839 -1.356415
v 1.812343 -3.236791 -0.975081
v 1.814489 -3.239162 -1.356415
v 1.162392 -3.172777 -0.975081
v 1.162665 -3.174962 -1.356415
v 1.373420 -3.236791 -0.975081
v 1.374301 -3.239162 -1.356415
v 0.797441 -2.928924 -0.975081
v 0.796662 -2.930407 -1.356414
v 0.967907 -3.068823 -0.975081
v 0.967620 -3.070709 -1.356415
v 0.553588 -2.563973 -0.975081
v 0.552107 -2.564404 -1.356414
v 0.657543 -2.758457 -0.975081
v 0.656361 -2.759449 -1.356414
v 0.489573 -1.914022 -0.975081
v 0.487908 -1.912580 -1.356414
v 0.467958 -2.133483 -0.975081
v 0.466230 -2.132674 -1.356414
v 0.489573 -2.352945 -0.975081
v 0.487908 -2.352768 -1.356414
v 1.595704 -1.931975 -0.911302
v 1.595704 -1.931975 -0.813524
v 1.695704 -1.958770 -0.813524
v 1.695704 -1.958770 -0.911302
v 1.768909 -2.031975 -0.813524
v 1.768909 -2.031975 -0.911302
v 1.795703 -2.131975 -0.813524
v 1.795703 -2.131975 -0.911302
v 1.768909 -2.231975 -0.813524
v 1.768909 -2.231975 -0.911302
v 1.695704 -2.305180 -0.813524
v 1.695704 -2.305180 -0.911302
v 1.595704 -2.331975 -0.813524
v 1.595704 -2.331975 -0.911302
v 1.495704 -2.305180 -0.813524
v 1.495704 -2.305180 -0.911302
v 1.422499 -2.231975 -0.813524
v 1.422499 -2.231975 -0.911301
v 1.395704 -2.131975 -0.813524
v 1.395704 -2.131975 -0.911301
v 1.422499 -2.031975 -0.813524
v 1.422499 -2.031975 -0.911301
v 1.495704 -1.958770 -0.813524
v 1.495704 -1.958770 -0.911301
v 2.190679 -1.463796 -0.813524
v 2.190679 -1.463796 -0.911302
v 2.263884 -1.537001 -0.813524
v 2.263884 -1.537001 -0.911302
v 1.876878 -2.981328 -0.813524
v 1.876878 -2.981328 -0.911302
v 1.776877 -3.008123 -0.813524
v 1.776877 -3.008123 -0.911302
v 0.719555 -1.950802 -0.813524
v 0.719555 -1.950802 -0.911301
v 0.746351 -1.850802 -0.813524
v 0.746351 -1.850802 -0.911301
v 0.606998 -1.726446 -0.650948
v 0.546360 -1.926345 -0.650948
v 0.837991 -1.380742 -0.650948
v 0.705470 -1.542220 -0.650948
v 1.183694 -1.149750 -0.650948
v 0.999467 -1.248222 -0.650948
v 1.591481 -1.068636 -0.650948
v 1.383594 -1.089111 -0.650948
v 1.999267 -1.149750 -0.650948
v 1.799368 -1.089111 -0.650948
v 2.344972 -1.380742 -0.650949
v 2.183495 -1.248222 -0.650948
v 2.575963 -1.726446 -0.650949
v 2.477491 -1.542220 -0.650948
v 2.657076 -2.134232 -0.650949
v 2.636601 -1.926345 -0.650949
v 2.575963 -2.542018 -0.650949
v 2.636601 -2.342120 -0.650949
v 2.344972 -2.887723 -0.650948
v 2.477491 -2.726246 -0.650948
v 1.999267 -3.118715 -0.650948
v 2.183494 -3.020243 -0.650948
v 1.591481 -3.199828 -0.650948
v 1.799368 -3.179353 -0.650948
v 1.183694 -3.118715 -0.650948
v 1.383594 -3.179353 -0.650948
v 0.837991 -2.887723 -0.650948
v 0.999467 -3.020243 -0.650948
v 0.606998 -2.542018 -0.650948
v 0.705470 -2.726246 -0.650948
v 0.525885 -2.134232 -0.650948
v 0.546360 -2.342120 -0.650948
v 0.541613 -2.341615 -1.680547
v 0.520960 -2.131925 -1.680547
v 0.702103 -2.729072 -1.680547
v 0.602777 -2.543247 -1.680547
v 0.998650 -3.025619 -1.680547
v 0.835773 -2.891949 -1.680547
v 1.386106 -3.186109 -1.680547
v 1.184474 -3.124945 -1.680547
v 1.805487 -3.186109 -1.680547
v 1.595797 -3.206761 -1.680547
v 2.192944 -3.025619 -1.680547
v 2.007119 -3.124945 -1.680547
v 2.489490 -2.729072 -1.680547
v 2.355821 -2.891949 -1.680547
v 2.649980 -2.341615 -1.680547
v 2.588816 -2.543248 -1.680548
v 2.649980 -1.922235 -1.680547
v 2.670632 -2.131925 -1.680548
v 2.489490 -1.534778 -1.680547
v 2.588816 -1.720604 -1.680548
v 2.192944 -1.238232 -1.680547
v 2.355821 -1.371901 -1.680547
v 1.805487 -1.077742 -1.680547
v 2.007119 -1.138906 -1.680547
v 1.386106 -1.077742 -1.680547
v 1.595797 -1.057089 -1.680547
v 0.998650 -1.238232 -1.680547
v 1.184474 -1.138906 -1.680547
v 0.702103 -1.534778 -1.680547
v 0.835773 -1.371901 -1.680547
v 0.541613 -1.922235 -1.680547
v 0.602777 -1.720604 -1.680547
v 1.352367 -0.915498 -1.354508
v 1.119568 -0.986117 -1.354508
v 0.562634 -1.443181 -1.354508
v 0.447955 -1.657731 -1.354508
v 0.716966 -1.255126 -1.354508
v 0.905020 -1.100796 -1.354508
v 1.594471 -0.891653 -1.354508
v 2.069375 -0.986117 -1.354509
v 1.836575 -0.915498 -1.354508
v 2.471978 -1.255128 -1.354509
v 2.283924 -1.100796 -1.354509
v 2.740989 -1.657731 -1.354509
v 2.626308 -1.443181 -1.354509
v 2.835453 -2.132634 -1.354509
v 2.811607 -1.890530 -1.354509
v 2.740989 -2.607537 -1.354509
v 2.811607 -2.374737 -1.354509
v 2.471978 -3.010140 -1.354509
v 2.626309 -2.822086 -1.354509
v 2.069375 -3.279150 -1.354508
v 2.283924 -3.164472 -1.354509
v 1.594471 -3.373615 -1.354508
v 1.836575 -3.349770 -1.354508
v 1.119568 -3.279150 -1.354508
v 1.352367 -3.349770 -1.354508
v 0.716966 -3.010140 -1.354508
v 0.905020 -3.164471 -1.354508
v 0.447955 -2.607536 -1.354508
v 0.562634 -2.822086 -1.354508
v 0.377336 -1.890530 -1.354508
v 0.353491 -2.132634 -1.354508
v 0.377336 -2.374737 -1.354508
v 1.351398 -0.919886 -0.976988
v 1.119267 -0.990302 -0.976988
v 0.563933 -1.446053 -0.976988
v 0.449584 -1.659986 -0.976988
v 0.717822 -1.258539 -0.976988
v 0.905335 -1.104651 -0.976988
v 1.592805 -0.896110 -0.976988
v 2.066344 -0.990302 -0.976989
v 1.834214 -0.919886 -0.976988
v 2.467790 -1.258540 -0.976989
v 2.280277 -1.104652 -0.976989
v 2.736028 -1.659986 -0.976989
v 2.621677 -1.446053 -0.976989
v 2.830221 -2.133524 -0.976989
v 2.806444 -1.892116 -0.976989
v 2.736028 -2.607062 -0.976989
v 2.806444 -2.374932 -0.976989
v 2.467790 -3.008508 -0.976989
v 2.621678 -2.820995 -0.976989
v 2.066344 -3.276746 -0.976988
v 2.280277 -3.162397 -0.976989
v 1.592805 -3.370939 -0.976988
v 1.834214 -3.347162 -0.976988
v 1.119267 -3.276746 -0.976988
v 1.351398 -3.347162 -0.976988
v 0.717822 -3.008508 -0.976988
v 0.905334 -3.162396 -0.976988
v 0.449584 -2.607062 -0.976988
v 0.563933 -2.820995 -0.976988
v 0.379168 -1.892117 -0.976988
v 0.355392 -2.133524 -0.976988
v 0.379168 -2.374932 -0.976988
v 1.726226 -1.444856 -1.321764
v 1.698997 -1.546480 -1.460332
v 1.673584 -1.641322 -1.544492
v 1.634923 -1.785608 -1.567353
v 1.798996 -1.573275 -1.460332
v 1.826227 -1.471651 -1.321764
v 1.734922 -1.812403 -1.567353
v 1.773583 -1.668117 -1.544492
v 1.942071 -2.092756 -1.567353
v 2.086357 -2.054095 -1.544492
v 2.181199 -2.028682 -1.460332
v 2.282823 -2.001452 -1.321764
v 2.059562 -1.954095 -1.544492
v 1.915277 -1.992756 -1.567353
v 2.256028 -1.901452 -1.321764
v 2.154404 -1.928682 -1.460332
v 1.388556 -1.851622 -1.567353
v 1.282930 -1.745997 -1.544492
v 1.213501 -1.676568 -1.460332
v 1.139108 -1.602174 -1.321764
v 1.209725 -1.819203 -1.544492
v 1.315350 -1.924827 -1.567353
v 1.065903 -1.675379 -1.321762
v 1.140296 -1.749773 -1.460332
v 1.131845 -2.309855 -1.544492
v 1.276131 -2.271194 -1.567353
v 0.935380 -2.362498 -1.321762
v 1.037004 -2.335268 -1.460332
v 1.010209 -2.235268 -1.460332
v 0.908585 -2.262498 -1.321762
v 1.249337 -2.171194 -1.567353
v 1.105051 -2.209855 -1.544492
v 1.456484 -2.451548 -1.567353
v 1.417824 -2.595833 -1.544492
v 1.392411 -2.690675 -1.460332
v 1.365180 -2.792299 -1.321764
v 1.517824 -2.622628 -1.544492
v 1.556485 -2.478343 -1.567353
v 1.465180 -2.819094 -1.321764
v 1.492411 -2.717470 -1.460332
v 1.981681 -2.444748 -1.544492
v 1.876057 -2.339124 -1.567353
v 2.125504 -2.588571 -1.321764
v 2.051111 -2.514177 -1.460332
v 1.977906 -2.587382 -1.460332
v 2.052299 -2.661776 -1.321764
v 1.802852 -2.412329 -1.567353
v 1.908476 -2.517953 -1.544492
v 1.595704 -1.931975 -0.293079
v 1.695704 -1.958770 -0.293079
v 1.768909 -2.031975 -0.293079
v 1.795703 -2.131975 -0.293079
v 1.768909 -2.231975 -0.293079
v 1.695704 -2.305180 -0.293079
v 1.595704 -2.331975 -0.293079
v 1.495705 -2.305180 -0.293079
v 1.422500 -2.231975 -0.293079
v 1.395705 -2.131975 -0.293079
v 1.422500 -2.031975 -0.293079
v 1.495705 -1.958770 -0.293079
v 1.725705 -1.906809 -0.011500
v 1.595705 -1.871975 -0.011500
v 1.595704 -1.871975 -0.293033
v 1.820870 -2.001975 -0.011500
v 1.855703 -2.131975 -0.011500
v 1.820870 -2.261975 -0.011500
v 1.725705 -2.357142 -0.011500
v 1.595705 -2.391975 -0.011500
v 1.465704 -2.357142 -0.011500
v 1.370538 -2.261975 -0.011500
v 1.335704 -2.131975 -0.011500
v 1.370538 -2.001975 -0.011500
v 1.465704 -1.906809 -0.011500
v 1.725705 -1.906809 -0.293033
v 1.820870 -2.001975 -0.293033
v 1.855703 -2.131975 -0.293033
v 1.820870 -2.261975 -0.293033
v 1.725705 -2.357142 -0.293033
v 1.595704 -2.391975 -0.293033
v 1.465704 -2.357142 -0.293033
v 1.370538 -2.261975 -0.293033
v 1.335704 -2.131975 -0.293033
v 1.370538 -2.001975 -0.293033
v 1.465704 -1.906809 -0.293033
v 1.964623 -1.241323 -1.685747
v 1.783777 -1.186465 -1.685747
v 1.783777 -3.077485 -1.685747
v 1.964622 -3.022625 -1.685747
v 1.595704 -1.167941 -1.685747
v 2.131291 -2.933540 -1.685747
v 1.407629 -1.186465 -1.685747
v 2.277378 -2.813650 -1.685747
v 1.226784 -1.241323 -1.685747
v 2.397269 -2.667562 -1.685747
v 1.060114 -1.330409 -1.685747
v 2.486354 -2.500895 -1.685747
v 0.631670 -2.131975 -1.685746
v 0.650194 -2.320049 -1.685746
v 0.914029 -1.450300 -1.685747
v 2.541214 -2.320049 -1.685747
v 0.705052 -2.500895 -1.685746
v 0.794138 -1.596387 -1.685746
v 2.559738 -2.131975 -1.685747
v 0.794138 -2.667562 -1.685746
v 0.705052 -1.763055 -1.685746
v 2.541214 -1.943901 -1.685747
v 0.914029 -2.813650 -1.685746
v 0.650194 -1.943901 -1.685746
v 2.486354 -1.763055 -1.685747
v 1.060114 -2.933540 -1.685747
v 2.397269 -1.596387 -1.685747
v 1.226784 -3.022625 -1.685747
v 2.277379 -1.450300 -1.685747
v 1.407629 -3.077485 -1.685747
v 2.131291 -1.330409 -1.685747
v 1.595704 -3.096009 -1.685747
v 0.652464 -2.320290 -0.645748
v 0.707072 -2.500307 -0.645748
v 0.795750 -2.666211 -0.645748
v 0.915090 -2.811627 -0.645748
v 1.060506 -2.930968 -0.645748
v 1.226410 -3.019646 -0.645748
v 1.406427 -3.074253 -0.645748
v 1.593638 -3.092692 -0.645748
v 1.780849 -3.074253 -0.645748
v 1.960866 -3.019646 -0.645748
v 2.126770 -2.930968 -0.645748
v 2.272188 -2.811627 -0.645748
v 2.391528 -2.666211 -0.645748
v 2.480205 -2.500307 -0.645748
v 2.534812 -2.320290 -0.645748
v 2.553252 -2.133079 -0.645748
v 2.534812 -1.945868 -0.645748
v 2.480205 -1.765851 -0.645748
v 2.391528 -1.599947 -0.645748
v 2.272188 -1.454530 -0.645748
v 2.126770 -1.335190 -0.645748
v 1.960866 -1.246512 -0.645748
v 1.780849 -1.191905 -0.645748
v 1.593638 -1.173466 -0.645748
v 1.406427 -1.191905 -0.645748
v 1.226410 -1.246512 -0.645748
v 1.060506 -1.335190 -0.645748
v 0.915090 -1.454530 -0.645748
v 0.795750 -1.599947 -0.645748
v 0.707072 -1.765851 -0.645748
v 0.652464 -1.945868 -0.645748
v 0.634026 -2.133079 -0.645748
v 1.625705 -1.820009 -1.398758
v 1.681199 -1.612905 -1.365943
v 1.691382 -1.574897 -1.332215
v 1.730467 -1.429028 -1.133318
v 1.781199 -1.639700 -1.365943
v 1.725705 -1.846804 -1.398758
v 1.830468 -1.455824 -1.133318
v 1.791383 -1.601692 -1.332216
v 2.298651 -1.997211 -1.133318
v 2.152781 -2.036296 -1.332216
v 2.114774 -2.046481 -1.365943
v 1.907670 -2.101974 -1.398758
v 1.880875 -2.001974 -1.398758
v 2.087978 -1.946481 -1.365943
v 2.125987 -1.936297 -1.332216
v 2.271855 -1.897211 -1.133318
v 1.127522 -1.590588 -1.133318
v 1.234304 -1.697371 -1.332215
v 1.262128 -1.725195 -1.365943
v 1.413739 -1.876805 -1.398758
v 1.161099 -1.770576 -1.332215
v 1.054317 -1.663793 -1.133318
v 1.340534 -1.950010 -1.398758
v 1.188923 -1.798400 -1.365943
v 1.076633 -2.217470 -1.365943
v 1.283738 -2.161977 -1.398758
v 0.892757 -2.266739 -1.133318
v 1.038626 -2.227654 -1.332215
v 1.065421 -2.327654 -1.332215
v 0.919552 -2.366739 -1.133318
v 1.310533 -2.261977 -1.398758
v 1.103428 -2.317470 -1.365943
v 1.360940 -2.808127 -1.133318
v 1.400024 -2.662258 -1.332216
v 1.410210 -2.624250 -1.365943
v 1.465703 -2.417147 -1.398758
v 1.500024 -2.689053 -1.332216
v 1.460939 -2.834922 -1.133318
v 1.565702 -2.443942 -1.398758
v 1.510209 -2.651045 -1.365943
v 1.850873 -2.313940 -1.398758
v 2.002483 -2.465551 -1.365943
v 2.030309 -2.493375 -1.332216
v 2.137092 -2.600158 -1.133318
v 1.929278 -2.538756 -1.365943
v 1.777668 -2.387145 -1.398758
v 2.063887 -2.673363 -1.133318
v 1.957104 -2.566580 -1.332216
vn -0.0000 -0.0000 1.0000
vn -0.0000 -0.0000 -1.0000
vn 0.7993 -0.6010 -0.0000
vn 0.6165 -0.7874 -0.0000
vn -0.6093 -0.7929 -0.0000
vn -0.2494 -0.9684 -0.0000
vn 0.0098 -1.0000 -0.0000
vn 0.5084 -0.8611 -0.0000
vn 0.7927 0.6097 -0.0000
vn 0.9634 0.2682 -0.0000
vn 1.0000 0.0098 -0.0000
vn 0.8709 -0.4915 -0.0000
vn 0.0169 0.9999 -0.0000
vn -0.1763 0.9843 -0.0000
vn -0.9808 -0.1951 -0.0000
vn -0.9804 0.1968 -0.0000
vn -0.0001 -1.0000 -0.0000
vn -0.1953 -0.9807 -0.0000
vn -0.3830 -0.9237 -0.0000
vn -0.9239 -0.3826 -0.0000
vn -0.9225 0.3860 -0.0000
vn -0.3629 0.9318 -0.0000
vn -0.0000 -1.0000 -0.0000
vn -0.7022 0.7120 -0.0000
vn -0.7071 -0.7071 -0.0000
vn -1.0000 -0.0001 -0.0000
vn 0.2284 0.9736 -0.0000
vn 0.1218 0.9925 -0.0000
vn 0.0139 0.9999 -0.0000
vn 0.6966 -0.7175 -0.0000
vn -0.7019 -0.7123 -0.0000
vn -0.7085 -0.7057 -0.0000
vn 0.7124 0.7018 -0.0000
vn 0.3827 0.9239 -0.0000
vn 0.7071 0.7071 -0.0000
vn -0.1482 -0.9889 -0.0067
vn 0.0015 -1.0000 0.0019
vn -0.4262 -0.9046 0.0067
vn 0.3396 -0.9406 -0.0044
vn -0.0461 0.9989 -0.0042
vn 0.3396 0.9406 0.0044
vn 0.3827 -0.9239 -0.0000
vn -0.1951 0.9807 0.0087
vn 0.7390 -0.6737 0.0044
vn -0.5153 0.8570 -0.0063
vn -0.7071 0.7071 0.0091
vn 0.9233 -0.3840 -0.0019
vn 0.7071 -0.7071 -0.0000
vn -0.8323 0.5543 -0.0019
vn -0.8049 -0.5934 0.0044
vn 1.0000 0.0015 -0.0019
vn 0.9807 -0.1951 0.0091
vn -0.8315 -0.5556 -0.0000
vn -0.9707 0.2402 0.0044
vn 0.9405 0.3396 0.0044
vn 0.9239 0.3827 -0.0000
vn -0.5568 -0.8306 -0.0019
vn -0.9808 0.1951 -0.0000
vn -0.2588 0.9659 -0.0000
vn -0.7071 0.7071 -0.0000
vn -0.9659 0.2588 -0.0000
vn -0.9659 -0.2588 -0.0000
vn -0.2588 -0.9659 -0.0000
vn 0.2588 -0.9659 -0.0000
vn 0.9659 -0.2588 -0.0000
vn 0.9659 0.2588 -0.0000
vn 0.2588 0.9659 -0.0000
vn 0.6911 0.6960 0.1950
vn 0.6926 0.6986 -0.1798
vn 0.6926 0.6986 0.1798
vn -0.1419 -0.1396 -0.9800
vn -0.2926 -0.2901 -0.9112
vn -0.1488 -0.1476 -0.9778
vn -0.6602 -0.6469 -0.3816
vn -0.7019 -0.6889 -0.1808
vn -0.6669 -0.6558 -0.3538
vn 0.6911 0.6960 -0.1950
vn 0.6582 0.6639 -0.3549
vn 0.2717 0.2709 -0.9235
vn 0.1496 0.1504 -0.9772
vn 0.2913 0.2928 -0.9107
vn -0.7018 -0.6889 0.1813
vn -0.6602 -0.6469 0.3816
vn -0.6669 -0.6558 0.3538
vn -0.2926 -0.2901 0.9112
vn -0.1419 -0.1396 0.9800
vn -0.1488 -0.1476 0.9778
vn 0.1499 0.1506 0.9772
vn 0.2717 0.2709 0.9235
vn 0.2913 0.2928 0.9107
vn 0.6582 0.6639 0.3549
vn 0.1360 0.1356 -0.9814
vn 0.1360 0.1355 0.9814
vn -0.7007 -0.6865 0.1942
vn -0.7007 -0.6865 -0.1942
vn -0.2729 -0.2684 -0.9238
vn 0.6516 0.6550 -0.3827
vn -0.7020 -0.6890 0.1805
vn -0.6602 -0.6470 0.3815
vn -0.2729 -0.2684 0.9238
vn 0.1494 0.1502 0.9773
vn 0.6516 0.6550 0.3827
vn -0.1951 -0.9808 -0.0000
vn 0.1951 -0.9808 -0.0000
vn -0.3827 -0.9239 -0.0000
vn 0.5556 -0.8315 -0.0000
vn -0.5556 -0.8315 -0.0000
vn 0.8315 -0.5556 -0.0000
vn 0.9239 -0.3827 -0.0000
vn -0.9239 -0.3827 -0.0000
vn 0.9808 -0.1951 -0.0000
vn -1.0000 -0.0000 -0.0000
vn 1.0000 -0.0000 -0.0000
vn 0.9808 0.1951 -0.0000
vn -0.9239 0.3827 -0.0000
vn -0.8315 0.5556 -0.0000
vn 0.8315 0.5556 -0.0000
vn 0.5556 0.8315 -0.0000
vn -0.5556 0.8315 -0.0000
vn -0.3827 0.9239 -0.0000
vn 0.1951 0.9808 -0.0000
vn -0.1951 0.9808 -0.0000
vn -0.0000 1.0000 -0.0000
vn 0.0007 -0.0004 -1.0000
vn 0.0008 -0.0000 -1.0000
vn -0.0007 0.0004 -1.0000
vn -0.0004 0.0007 -1.0000
vn 0.0004 0.0007 -1.0000
vn -0.0000 0.0008 -1.0000
vn -0.0004 -0.0007 -1.0000
vn -0.0007 -0.0004 -1.0000
vn 0.0004 -0.0007 -1.0000
vn 0.0007 0.0004 -1.0000
vn -0.0008 -0.0000 -1.0000
vn -0.0000 -0.0008 -1.0000
vn -0.4210 0.9071 -0.0000
vn -0.0890 0.9960 -0.0000
vn -0.9960 0.0890 -0.0000
vn -0.9071 0.4210 -0.0000
vn -0.5751 -0.8181 -0.0000
vn -0.8181 -0.5751 -0.0000
vn -0.3805 -0.1020 0.9191
vn -0.1219 -0.0327 0.9920
vn 0.4210 -0.9071 -0.0000
vn 0.0890 -0.9960 -0.0000
vn 0.9960 -0.0890 -0.0000
vn 0.9071 -0.4210 -0.0000
vn 0.5751 0.8181 -0.0000
vn 0.8181 0.5751 -0.0000
vn -0.6806 0.6806 -0.2714
vn -0.9297 -0.2491 -0.2714
vn -0.2491 -0.9297 -0.2714
vn 0.6806 -0.6806 -0.2714
vn 0.9297 0.2491 -0.2714
vn 0.2491 0.9297 -0.2714
vn 0.5838 -0.5838 -0.5643
vn -0.7974 -0.2137 -0.5643
vn -0.2786 0.2786 0.9191
vn -0.0892 0.0892 0.9920
vn -0.1020 -0.3805 0.9191
vn -0.0327 -0.1219 0.9920
vn 0.3805 0.1020 0.9191
vn 0.1219 0.0327 0.9920
vn -0.2785 0.2785 -0.9191
vn -0.0892 0.0892 -0.9920
vn 0.3805 0.1020 -0.9191
vn 0.1219 0.0327 -0.9920
vn -0.8270 -0.2216 0.5167
vn -0.8753 -0.2345 0.4229
vn -0.2216 -0.8270 0.5167
vn -0.2345 -0.8753 0.4229
vn -0.1020 -0.3805 -0.9191
vn -0.0327 -0.1219 -0.9920
vn 0.1080 0.4029 -0.9089
vn 0.1884 0.7029 -0.6859
vn 0.6054 -0.6054 0.5167
vn 0.6408 -0.6408 0.4229
vn -0.4029 -0.1080 0.9089
vn -0.7029 -0.1884 0.6859
vn 0.7974 0.2137 -0.5643
vn -0.3805 -0.1020 -0.9191
vn -0.1219 -0.0327 -0.9920
vn 0.4029 0.1080 -0.9089
vn 0.7029 0.1884 -0.6859
vn 0.2949 -0.2949 0.9089
vn 0.5146 -0.5146 0.6859
vn -0.5838 0.5838 -0.5643
vn 0.2785 -0.2785 -0.9191
vn 0.0892 -0.0892 -0.9920
vn -0.2949 0.2949 -0.9089
vn -0.5146 0.5146 -0.6859
vn 0.4029 0.1080 0.9089
vn 0.7029 0.1884 0.6859
vn -0.4029 -0.1080 -0.9089
vn -0.7029 -0.1884 -0.6859
vn 0.8270 0.2216 0.5167
vn 0.8753 0.2345 0.4229
vn 0.2216 0.8270 0.5167
vn 0.2345 0.8753 0.4229
vn 0.1080 0.4029 0.9089
vn 0.1884 0.7029 0.6859
vn -0.2137 -0.7974 -0.5643
vn 0.1020 0.3805 -0.9191
vn 0.0327 0.1219 -0.9920
vn -0.1080 -0.4029 -0.9089
vn -0.1884 -0.7029 -0.6859
vn 0.2949 -0.2949 -0.9089
vn 0.5146 -0.5146 -0.6859
vn -0.6054 0.6054 0.5167
vn -0.6408 0.6408 0.4229
vn 0.2786 -0.2786 0.9191
vn 0.0892 -0.0892 0.9920
vn -0.2949 0.2949 0.9089
vn -0.5146 0.5146 0.6859
vn -0.5000 0.8660 -0.0000
vn -0.8181 0.5751 -0.0000
vn -0.9960 -0.0890 -0.0000
vn -0.8660 -0.5000 -0.0000
vn -0.5000 -0.8660 -0.0000
vn -0.0890 -0.9960 -0.0000
vn 0.5751 -0.8181 -0.0000
vn 0.8660 -0.5000 -0.0000
vn 0.9071 0.4210 -0.0000
vn 0.4210 0.9071 -0.0000
vn 0.2137 0.7974 -0.5643
vn -0.8660 0.5000 -0.0000
vn 0.5000 -0.8660 -0.0000
vn 0.8660 0.5000 -0.0000
vn 0.5000 0.8660 -0.0000
vn -0.1883 -0.7029 0.6859
vn 0.1020 0.3805 0.9191
vn 0.0327 0.1219 0.9920
vn -0.1080 -0.4029 0.9089
vn -0.1079 -0.4029 0.9089
vn -0.3805 -0.1020 -0.9192
vn 0.7748 -0.6319 -0.0168
vn 0.7749 -0.6319 0.0169
vn 0.7748 -0.6319 0.0168
vn 0.6634 -0.7459 -0.0590
vn 0.6977 -0.7111 -0.0870
vn 0.6970 -0.7118 -0.0868
vn 0.6634 -0.7459 0.0590
vn 0.6977 -0.7111 0.0870
vn 0.6654 -0.7440 0.0617
vn 0.7243 -0.6840 -0.0862
vn 0.7230 -0.6855 -0.0861
vn -0.6613 -0.6613 -0.3539
vn -0.6956 -0.6956 -0.1800
vn -0.6613 -0.6613 0.3539
vn -0.6956 -0.6956 0.1800
vn -0.6956 -0.6956 0.1797
vn -0.1503 -0.1503 0.9771
vn -0.2920 -0.2920 0.9107
vn -0.1501 -0.1501 -0.9772
vn -0.2920 -0.2920 -0.9107
vn -0.1486 -0.1486 -0.9777
vn 0.6956 0.6956 -0.1800
vn 0.6956 0.6956 0.1797
vn 0.6957 0.6955 0.1797
vn 0.2920 0.2920 -0.9107
vn 0.1501 0.1501 -0.9772
vn 0.1486 0.1486 0.9777
vn -0.1486 -0.1486 0.9777
vn -0.1499 -0.1499 0.9773
vn 0.6955 0.6955 0.1803
vn 0.6614 0.6614 0.3539
vn 0.6614 0.6614 -0.3539
vn 0.6956 0.6956 -0.1797
vn 0.1486 0.1486 -0.9777
vn -0.6956 -0.6956 -0.1797
vn 0.2920 0.2920 0.9107
vn 0.1501 0.1501 0.9772
vn 0.7558 -0.6523 -0.0573
vn 0.7749 -0.6319 -0.0169
vn 0.7538 -0.6543 -0.0598
vn 0.7558 -0.6523 0.0573
vn 0.7230 -0.6855 0.0861
vn 0.7243 -0.6840 0.0862
vn 0.6420 -0.7665 0.0177
vn 0.6419 -0.7666 0.0178
vn 0.6419 -0.7666 -0.0178
vn 0.6420 -0.7665 -0.0177
vn 0.6654 -0.7440 -0.0617
vn 0.6970 -0.7118 0.0868
vn 0.7538 -0.6543 0.0598
vn -0.0052 0.0014 1.0000
vn -0.0392 0.0119 0.9992
vn -0.0407 -0.0040 0.9992
vn -0.0391 0.0119 0.9992
vn -0.0317 0.0260 0.9992
vn -0.0316 0.0259 0.9992
vn -0.0193 0.0362 0.9992
vn -0.0193 0.0361 0.9992
vn -0.0040 0.0408 0.9992
vn 0.0119 0.0393 0.9992
vn 0.0119 0.0392 0.9992
vn 0.0261 0.0318 0.9992
vn 0.0260 0.0317 0.9992
vn 0.0362 0.0194 0.9992
vn 0.0409 0.0040 0.9992
vn 0.0393 -0.0119 0.9992
vn 0.0317 -0.0260 0.9992
vn 0.0193 -0.0361 0.9992
vn 0.0193 -0.0362 0.9992
vn 0.0040 -0.0407 0.9992
vn 0.0040 -0.0408 0.9992
vn -0.0119 -0.0391 0.9992
vn -0.0119 -0.0392 0.9992
vn -0.0259 -0.0316 0.9992
vn -0.0361 -0.0193 0.9992
vn -0.0360 -0.0193 0.9992
vn 0.0118 0.0388 -0.9992
vn 0.0191 -0.0358 -0.9992
vn 0.0040 -0.0405 -0.9992
vn 0.0192 -0.0359 -0.9992
vn -0.0040 0.0404 -0.9992
vn 0.0313 -0.0257 -0.9992
vn 0.0314 -0.0258 -0.9992
vn -0.0192 0.0359 -0.9992
vn 0.0388 -0.0118 -0.9992
vn -0.0405 -0.0040 -0.9992
vn -0.0191 0.0358 -0.9992
vn -0.0315 0.0258 -0.9992
vn -0.0359 -0.0192 -0.9992
vn -0.0314 0.0258 -0.9992
vn 0.0403 0.0040 -0.9992
vn -0.0390 0.0118 -0.9992
vn 0.0404 0.0040 -0.9992
vn -0.0258 -0.0315 -0.9992
vn -0.0389 0.0118 -0.9992
vn 0.0357 0.0191 -0.9992
vn -0.0118 -0.0389 -0.9992
vn -0.0118 -0.0390 -0.9992
vn 0.0257 0.0313 -0.9992
vn 0.0040 -0.0404 -0.9992
vn -0.2874 0.9476 -0.1397
vn -0.2780 0.9165 -0.2875
vn -0.2875 0.9477 -0.1389
vn -0.8729 0.4666 -0.1429
vn -0.8439 0.4511 -0.2904
vn -0.8730 0.4666 -0.1422
vn 0.3832 0.9236 0.0039
vn 0.3822 0.9241 0.0037
vn 0.3820 0.9241 0.0037
vn -0.6280 0.7652 -0.1414
vn -0.6073 0.7400 -0.2890
vn -0.6281 0.7653 -0.1406
vn -0.1945 -0.9809 -0.0031
vn -0.1935 -0.9811 -0.0034
vn -0.1947 -0.9809 -0.0030
vn 0.3808 0.9246 0.0041
vn 0.3806 0.9247 0.0042
vn 0.0719 0.0877 0.9936
vn 0.0719 0.0876 0.9936
vn 0.5556 -0.8314 0.0005
vn 0.5555 -0.8315 0.0005
vn -0.1075 0.0326 -0.9937
vn 0.7658 0.6285 -0.1360
vn 0.7411 0.6082 -0.2844
vn 0.7658 0.6285 -0.1359
vn 0.4670 0.8736 -0.1368
vn 0.4519 0.8454 -0.2849
vn 0.4670 0.8737 -0.1364
vn 0.0971 0.9856 -0.1381
vn 0.0939 0.9536 -0.2860
vn 0.0971 0.9857 -0.1374
vn -0.5561 -0.8311 -0.0044
vn -0.5551 -0.8318 -0.0042
vn -0.5562 -0.8310 -0.0044
vn 0.5554 -0.8316 0.0005
vn 0.9539 -0.0940 -0.2849
vn 0.9858 -0.0971 -0.1368
vn 0.9859 -0.0971 -0.1364
vn 0.9174 0.2783 -0.2844
vn 0.9480 0.2876 -0.1360
vn 0.9481 0.2876 -0.1359
vn -0.5549 -0.8319 -0.0043
vn -0.5536 -0.8327 -0.0047
vn 0.0329 0.1084 0.9936
vn 0.6076 -0.7404 -0.2875
vn 0.6282 -0.7654 -0.1397
vn 0.6282 -0.7655 -0.1389
vn 0.8451 -0.4517 -0.2860
vn 0.8735 -0.4669 -0.1381
vn 0.8736 -0.4669 -0.1374
vn -0.3826 0.9239 0.0005
vn -0.3827 0.9239 0.0005
vn -0.3828 0.9238 0.0005
vn -0.0868 0.0712 -0.9937
vn 0.9242 0.3820 0.0050
vn 0.9236 0.3833 0.0048
vn 0.9235 0.3835 0.0048
vn -0.3829 0.9238 0.0005
vn -0.7393 -0.6067 -0.2921
vn -0.7649 -0.6277 -0.1444
vn -0.7649 -0.6278 -0.1443
vn -0.4509 -0.8436 -0.2915
vn -0.4665 -0.8727 -0.1439
vn -0.4665 -0.8728 -0.1435
vn -0.0938 -0.9523 -0.2904
vn -0.0970 -0.9850 -0.1429
vn -0.0970 -0.9851 -0.1422
vn 0.2779 -0.9161 -0.2890
vn 0.2874 -0.9473 -0.1414
vn 0.2874 -0.9474 -0.1406
vn -0.9848 0.0970 -0.1439
vn -0.9520 0.0938 -0.2915
vn -0.9849 0.0970 -0.1435
vn 0.9229 0.3851 0.0054
vn 0.9228 0.3854 0.0054
vn -0.9469 -0.2872 -0.1444
vn -0.9152 -0.2776 -0.2921
vn -0.9469 -0.2872 -0.1443
vn -0.0111 0.1127 0.9936
vn 0.8317 -0.5553 0.0024
vn 0.8313 -0.5558 0.0023
vn 0.8317 -0.5552 0.0024
vn -0.0529 0.0989 -0.9937
vn -0.9131 -0.2770 0.2992
vn -0.9458 -0.2869 0.1519
vn -0.9459 -0.2869 0.1518
vn -0.9809 -0.1944 -0.0048
vn -0.9807 -0.1957 -0.0046
vn -0.9809 -0.1943 -0.0048
vn 0.8312 -0.5559 0.0023
vn 0.8308 -0.5566 0.0025
vn -0.9494 0.0935 0.2997
vn -0.9835 0.0969 0.1527
vn -0.9836 0.0969 0.1523
vn 0.2867 -0.9453 0.1556
vn 0.2767 -0.9122 0.3022
vn 0.2868 -0.9454 0.1548
vn -0.0968 -0.9833 0.1540
vn -0.0935 -0.9491 0.3008
vn -0.0969 -0.9834 0.1533
vn -0.4659 -0.8716 0.1527
vn -0.4497 -0.8414 0.2997
vn -0.4659 -0.8716 0.1523
vn -0.7640 -0.6270 0.1519
vn -0.7376 -0.6053 0.2992
vn -0.7641 -0.6270 0.1518
vn -0.9806 -0.1960 -0.0046
vn -0.9803 -0.1975 -0.0051
vn -0.0533 0.0998 0.9936
vn -0.7073 0.7069 -0.0015
vn -0.7070 0.7072 -0.0014
vn -0.7069 0.7073 -0.0014
vn -0.0110 0.1115 -0.9937
vn 0.1949 -0.9808 -0.0015
vn 0.1943 -0.9809 -0.0016
vn -0.7066 0.7076 -0.0016
vn -0.7065 0.7077 -0.0016
vn 0.0004 1.0000 0.0024
vn 0.0012 1.0000 0.0025
vn -0.0874 0.0717 0.9936
vn 0.8707 -0.4654 0.1587
vn 0.8399 -0.4489 0.3052
vn 0.8708 -0.4655 0.1580
vn 0.6265 -0.7634 0.1573
vn 0.6044 -0.7365 0.3038
vn 0.6266 -0.7635 0.1564
vn 0.9809 -0.1945 0.0039
vn 0.9807 -0.1956 0.0037
vn 0.9809 -0.1944 0.0039
vn 0.0325 0.1072 -0.9937
vn -0.1956 -0.9807 -0.0032
vn -0.1967 -0.9805 -0.0034
vn -0.1969 -0.9804 -0.0034
vn 0.9806 -0.1958 0.0037
vn 0.9804 -0.1971 0.0042
vn 0.9446 0.2865 0.1603
vn 0.9108 0.2763 0.3068
vn 0.9446 0.2865 0.1601
vn 0.9824 -0.0968 0.1598
vn 0.9474 -0.0933 0.3062
vn 0.9825 -0.0968 0.1593
vn 0.5558 -0.8313 0.0005
vn -0.1081 0.0328 0.9936
vn -0.9241 0.3822 -0.0032
vn -0.9237 0.3831 -0.0030
vn -0.9237 0.3832 -0.0031
vn 0.0710 0.0865 -0.9937
vn 0.0933 0.9477 0.3052
vn 0.0968 0.9826 0.1587
vn 0.0968 0.9827 0.1580
vn 0.4488 0.8396 0.3062
vn 0.4653 0.8706 0.1598
vn 0.4654 0.8707 0.1593
vn 0.7357 0.6038 0.3068
vn 0.7630 0.6262 0.1603
vn 0.7630 0.6262 0.1601
vn -0.3824 0.9240 0.0005
vn -0.9232 0.3842 -0.0034
vn -0.9232 0.3844 -0.0034
vn 0.8322 -0.5545 0.0025
vn 0.8322 -0.5544 0.0025
vn 0.9806 0.1958 0.0048
vn 0.9809 0.1945 0.0046
vn 0.9806 0.1959 0.0048
vn 0.0987 0.0528 -0.9937
vn -0.7076 0.7066 -0.0015
vn 0.9809 0.1942 0.0046
vn 0.9813 0.1926 0.0051
vn 0.9812 -0.1931 0.0041
vn 0.9812 -0.1929 0.0042
vn -1.0000 -0.0007 -0.0044
vn -1.0000 0.0006 -0.0042
vn -1.0000 0.0008 -0.0043
vn 0.1114 0.0110 -0.9937
vn -0.6047 0.7369 0.3022
vn -0.6267 0.7636 0.1556
vn -0.6267 0.7637 0.1548
vn -0.9245 0.3812 -0.0034
vn -1.0000 0.0023 -0.0047
vn -1.0000 0.0026 -0.0048
vn -0.8411 0.4496 0.3008
vn -0.8714 0.4658 0.1540
vn -0.8715 0.4658 0.1533
vn -0.2766 0.9117 0.3037
vn -0.2867 0.9450 0.1573
vn -0.2867 0.9452 0.1564
vn -0.7529 0.6179 -0.2269
vn -0.6889 0.5654 -0.4535
vn -0.7531 0.6180 -0.2256
vn -0.4593 0.8592 -0.2253
vn -0.4204 0.7866 -0.4523
vn -0.4594 0.8595 -0.2239
vn -0.0955 0.9700 -0.2236
vn -0.0875 0.8882 -0.4510
vn -0.0956 0.9703 -0.2223
vn 0.2830 0.9330 -0.2221
vn 0.2592 0.8546 -0.4500
vn 0.2831 0.9333 -0.2211
vn 0.6187 0.7539 -0.2209
vn 0.5668 0.6906 -0.4493
vn 0.6188 0.7540 -0.2204
vn 0.8602 0.4598 -0.2204
vn 0.7880 0.4212 -0.4490
vn 0.8891 0.0876 -0.4493
vn 0.9706 0.0956 -0.2209
vn 0.9707 0.0956 -0.2204
vn 0.8546 -0.2592 -0.4500
vn 0.9330 -0.2830 -0.2221
vn 0.9333 -0.2831 -0.2211
vn 0.6899 -0.5662 -0.4510
vn 0.7534 -0.6183 -0.2236
vn 0.7537 -0.6185 -0.2223
vn 0.4204 -0.7866 -0.4523
vn 0.4593 -0.8592 -0.2253
vn 0.4594 -0.8595 -0.2239
vn 0.0874 -0.8869 -0.4535
vn 0.0955 -0.9692 -0.2269
vn 0.0955 -0.9695 -0.2256
vn -0.2586 -0.8523 -0.4546
vn -0.2826 -0.9317 -0.2281
vn -0.2827 -0.9319 -0.2271
vn -0.5648 -0.6882 -0.4553
vn -0.6176 -0.7525 -0.2288
vn -0.6176 -0.7526 -0.2282
vn -0.7851 -0.4196 -0.4556
vn -0.8585 -0.4589 -0.2288
vn -0.9688 -0.0954 -0.2288
vn -0.8860 -0.0873 -0.4553
vn -0.9689 -0.0954 -0.2282
vn -0.9317 0.2826 -0.2281
vn -0.8523 0.2586 -0.4546
vn -0.9319 0.2827 -0.2271
vn -0.8486 0.2574 0.4622
vn -0.9295 0.2820 0.2377
vn -0.9297 0.2820 0.2367
vn -0.8829 -0.0870 0.4615
vn -0.9669 -0.0952 0.2366
vn -0.9671 -0.0952 0.2361
vn -0.8570 -0.4581 0.2360
vn -0.7825 -0.4183 0.4612
vn -0.6164 -0.7511 0.2366
vn -0.5628 -0.6858 0.4615
vn -0.6165 -0.7512 0.2361
vn -0.2820 -0.9295 0.2377
vn -0.2574 -0.8486 0.4622
vn -0.2820 -0.9297 0.2367
vn 0.0952 -0.9663 0.2392
vn 0.0869 -0.8820 0.4632
vn 0.0952 -0.9666 0.2380
vn 0.4575 -0.8560 0.2409
vn 0.4175 -0.7810 0.4644
vn 0.4577 -0.8563 0.2395
vn 0.7499 -0.6155 0.2424
vn 0.6841 -0.5614 0.4657
vn 0.7502 -0.6157 0.2412
vn 0.9281 -0.2815 0.2437
vn 0.8463 -0.2567 0.4667
vn 0.9283 -0.2816 0.2427
vn 0.9650 0.0950 0.2443
vn 0.8798 0.0867 0.4674
vn 0.9652 0.0951 0.2438
vn 0.7795 0.4167 0.4676
vn 0.8552 0.4571 0.2444
vn 0.5608 0.6834 0.4674
vn 0.6152 0.7496 0.2443
vn 0.6152 0.7497 0.2438
vn 0.2567 0.8463 0.4667
vn 0.2815 0.9281 0.2436
vn 0.2816 0.9283 0.2427
vn -0.0867 0.8807 0.4657
vn -0.0951 0.9655 0.2424
vn -0.0951 0.9658 0.2412
vn -0.4175 0.7810 0.4645
vn -0.4575 0.8560 0.2409
vn -0.4577 0.8563 0.2395
vn -0.6851 0.5622 0.4632
vn -0.7506 0.6160 0.2392
vn -0.7508 0.6162 0.2380
vn 0.1000 0.0535 0.9935
vn 0.7065 0.7077 0.0046
vn 0.7053 0.7089 0.0051
vn 0.7051 0.7091 0.0052
vn -0.0004 1.0000 0.0023
vn -0.0012 1.0000 0.0025
vn -0.0014 1.0000 0.0026
vn 0.7076 0.7066 0.0048
vn 0.7067 0.7075 0.0046
vn -0.0003 1.0000 0.0023
vn 0.1129 0.0111 0.9935
vn -0.8310 -0.5563 -0.0048
vn -0.8300 -0.5577 -0.0054
vn -0.8311 -0.5561 -0.0048
vn 0.1954 -0.9807 -0.0014
vn 0.1958 -0.9806 -0.0016
vn 0.1953 -0.9807 -0.0014
vn -0.8319 -0.5549 -0.0050
vn 0.1085 -0.0329 0.9936
vn 1.0000 0.0008 0.0043
vn 1.0000 0.0023 0.0048
vn 1.0000 0.0026 0.0048
vn 1.0000 -0.0007 0.0044
vn 1.0000 0.0006 0.0042
vn 0.0875 -0.0718 0.9936
vn 0.9241 -0.3821 0.0031
vn 0.9245 -0.3811 0.0034
vn 0.9246 -0.3810 0.0035
vn 0.9237 -0.3831 0.0032
vn 0.9240 -0.3823 0.0030
vn 0.0533 -0.0998 0.9936
vn -0.9809 0.1944 -0.0037
vn -0.9812 0.1931 -0.0042
vn -0.9809 0.1946 -0.0037
vn -0.9807 0.1957 -0.0039
vn -0.9806 0.1957 -0.0039
vn 0.0111 -0.1125 0.9936
vn 0.7073 -0.7069 0.0014
vn 0.7076 -0.7066 0.0016
vn 0.7077 -0.7065 0.0016
vn 0.7069 -0.7073 0.0014
vn 0.7072 -0.7070 0.0014
vn -0.9813 -0.1926 -0.0051
vn -0.9813 -0.1924 -0.0051
vn -0.0328 -0.1081 0.9936
vn -0.8317 0.5552 -0.0023
vn -0.8321 0.5546 -0.0025
vn -0.8316 0.5553 -0.0023
vn 0.9249 0.3803 0.0053
vn 0.9242 0.3819 0.0050
vn -0.8313 0.5559 -0.0024
vn -0.8312 0.5559 -0.0024
vn -0.5575 -0.8302 -0.0047
vn -0.5577 -0.8300 -0.0047
vn -0.0716 -0.0873 0.9936
vn 0.3826 -0.9239 -0.0005
vn 0.3825 -0.9240 -0.0005
vn 0.3824 -0.9240 -0.0005
vn 0.3845 0.9231 0.0041
vn 0.3833 0.9236 0.0039
vn 0.3827 -0.9239 -0.0005
vn 0.7089 0.7053 0.0051
vn 0.7077 0.7065 0.0048
vn -0.0996 -0.0532 0.9936
vn -0.5557 0.8314 -0.0005
vn -0.5558 0.8313 -0.0005
vn -0.5556 0.8314 -0.0005
vn -0.8329 -0.5534 -0.0053
vn -0.8331 -0.5532 -0.0054
vn -0.5555 0.8315 -0.0005
vn 1.0000 -0.0023 0.0047
vn -0.1124 -0.0111 0.9936
vn -0.0004 -1.0000 -0.0023
vn -0.0012 -1.0000 -0.0025
vn -0.0014 -1.0000 -0.0026
vn 0.9232 -0.3842 0.0034
vn 0.9237 -0.3832 0.0032
vn -0.1119 -0.0110 -0.9937
vn 0.0004 -1.0000 -0.0024
vn -0.0003 -1.0000 -0.0023
vn -0.9804 0.1971 -0.0041
vn -0.9803 0.1973 -0.0042
vn -0.1948 0.9808 0.0014
vn -0.1943 0.9809 0.0016
vn -0.1949 0.9808 0.0014
vn 0.7066 -0.7076 0.0015
vn 0.7069 -0.7073 0.0015
vn -0.0991 -0.0530 -0.9937
vn -0.1953 0.9807 0.0014
vn -0.1953 0.9807 0.0015
vn -0.8308 0.5566 -0.0025
vn -0.8307 0.5567 -0.0025
vn -0.3833 -0.9236 -0.0037
vn -0.3845 -0.9231 -0.0042
vn -0.3848 -0.9230 -0.0042
vn 0.3829 -0.9238 -0.0005
vn 0.3828 -0.9238 -0.0005
vn -0.0713 -0.0869 -0.9937
vn -0.3821 -0.9241 -0.0039
vn -0.3831 -0.9237 -0.0037
vn -0.5554 0.8316 -0.0005
vn -0.5553 0.8316 -0.0005
vn 0.1957 0.9807 0.0031
vn 0.1967 0.9805 0.0034
vn 0.1955 0.9807 0.0030
vn 0.0012 -1.0000 -0.0025
vn -0.0326 -0.1075 -0.9937
vn 0.1946 0.9809 0.0032
vn -0.1958 0.9806 0.0015
vn -0.1959 0.9806 0.0016
vn -0.7077 -0.7065 -0.0046
vn -0.7089 -0.7053 -0.0051
vn -0.7091 -0.7051 -0.0052
vn -0.3808 -0.9246 -0.0041
vn 0.0110 -0.1117 -0.9937
vn -0.7066 -0.7076 -0.0048
vn -0.7075 -0.7067 -0.0046
vn 0.1935 0.9811 0.0034
vn 0.1933 0.9811 0.0034
vn 0.5562 0.8310 0.0043
vn 0.5575 0.8302 0.0048
vn 0.5561 0.8311 0.0042
vn -0.7053 -0.7089 -0.0051
vn -0.7065 -0.7077 -0.0048
vn 0.0529 -0.0989 -0.9937
vn 0.5550 0.8318 0.0044
vn 0.5549 0.8319 0.0044
vn 0.5537 0.8327 0.0047
vn 0.5534 0.8329 0.0047
vn -0.9242 -0.3818 -0.0048
vn -0.9249 -0.3803 -0.0054
vn -0.9250 -0.3800 -0.0054
vn -0.9236 -0.3834 -0.0050
vn -0.9229 -0.3851 -0.0053
vn -0.9235 -0.3835 -0.0050
vn 0.0866 -0.0711 -0.9937
vn -0.9241 -0.3821 -0.0048
vn 0.8310 0.5562 0.0050
vn 0.8300 0.5577 0.0053
vn 0.8299 0.5580 0.0053
vn 0.8320 0.5548 0.0048
vn 0.8329 0.5534 0.0054
vn 0.8318 0.5550 0.0048
vn -1.0000 -0.0023 -0.0047
vn 0.1072 -0.0325 -0.9937
vn 0.8310 0.5563 0.0050
vn 0.9803 0.1975 0.0051
vn 0.9802 0.1978 0.0052
vn -0.1933 -0.9811 -0.0034
vn 0.5553 -0.8316 0.0005
vn -0.5534 -0.8329 -0.0048
vn 0.8307 -0.5567 0.0026
vn -0.9802 -0.1978 -0.0052
vn 0.0014 1.0000 0.0025
vn 0.9803 -0.1973 0.0042
vn -0.7077 0.7065 -0.0016
vn 0.9813 0.1924 0.0052
vn -0.9246 0.3810 -0.0034
vn 0.1128 0.0111 0.9936
vn -0.8298 -0.5580 -0.0054
vn 0.1959 -0.9806 -0.0016
vn -0.9812 0.1929 -0.0042
vn -0.8322 0.5544 -0.0026
vn 0.9250 0.3800 0.0053
vn 0.3847 0.9230 0.0042
vn 0.7090 0.7051 0.0051
vn 1.0000 -0.0025 0.0047
vn 0.9232 -0.3844 0.0034
vn -0.1943 0.9810 0.0016
vn 0.7065 -0.7077 0.0016
vn 0.1969 0.9804 0.0035
vn 0.0014 -1.0000 -0.0025
vn -0.3806 -0.9247 -0.0041
vn 0.5577 0.8300 0.0048
vn -0.7051 -0.7091 -0.0051
vn -0.9228 -0.3853 -0.0054
vn 0.8331 0.5531 0.0054
vn -1.0000 -0.0025 -0.0047
vt 0.241622 0.510735
vt 0.262199 0.510897
vt 0.286090 0.562227
vt 0.489608 0.005306
vt 0.412377 0.408469
vt 0.393727 0.416523
vt 0.489280 0.541730
vt 0.476932 0.554704
vt 0.467015 0.487651
vt 0.355586 0.650679
vt 0.322106 0.581599
vt 0.355325 0.581474
vt 0.355122 0.527739
vt 0.321971 0.545776
vt 0.321904 0.527865
vt 0.355189 0.545651
vt 0.322039 0.563688
vt 0.322571 0.704539
vt 0.355721 0.686502
vt 0.355789 0.704413
vt 0.322503 0.686627
vt 0.355654 0.668590
vt 0.322435 0.668716
vt 0.359014 0.718922
vt 0.466215 0.740939
vt 0.359014 0.740939
vt 0.524386 0.718922
vt 0.496445 0.740938
vt 0.496445 0.718922
vt 0.465644 0.774585
vt 0.465073 0.808231
vt 0.597839 0.740938
vt 0.554889 0.718922
vt 0.597839 0.718922
vt 0.422129 0.652351
vt 0.465644 0.685276
vt 0.466215 0.718922
vt 0.554889 0.740938
vt 0.539637 0.718922
vt 0.539637 0.740938
vt 0.481330 0.718922
vt 0.481330 0.740938
vt 0.489863 0.632665
vt 0.457290 0.585440
vt 0.489863 0.585440
vt 0.556644 0.632665
vt 0.540452 0.585440
vt 0.556644 0.585440
vt 0.506172 0.632665
vt 0.540452 0.632665
vt 0.506172 0.585440
vt 0.545275 0.644195
vt 0.590017 0.689389
vt 0.545755 0.678472
vt 0.383404 0.632665
vt 0.362342 0.585440
vt 0.383404 0.585440
vt 0.621737 0.632665
vt 0.590017 0.528716
vt 0.621737 0.585440
vt 0.545755 0.539634
vt 0.557446 0.528264
vt 0.545275 0.573910
vt 0.557446 0.689842
vt 0.387036 0.496738
vt 0.390568 0.561476
vt 0.373158 0.557269
vt 0.360184 0.544921
vt 0.459751 0.559766
vt 0.413904 0.510586
vt 0.493487 0.524320
vt 0.289409 0.496661
vt 0.303742 0.557895
vt 0.316852 0.545313
vt 0.213057 0.493957
vt 0.216178 0.560147
vt 0.199008 0.555032
vt 0.186683 0.541999
vt 0.182530 0.524541
vt 0.480205 0.713200
vt 0.485803 0.699160
vt 0.485331 0.671223
vt 0.479258 0.657233
vt 0.465073 0.651630
vt 0.479258 0.802628
vt 0.485803 0.760701
vt 0.480205 0.746661
vt 0.485331 0.788638
vt 0.353162 0.008700
vt 0.320336 0.112629
vt 0.319944 0.008825
vt 0.353554 0.112504
vt 0.351243 0.008725
vt 0.015007 0.718923
vt 0.015007 0.740939
vt 0.182530 0.004687
vt 0.263125 0.406809
vt 0.242722 0.406644
vt 0.322372 0.007743
vt 0.069176 0.510735
vt 0.089753 0.510897
vt 0.113644 0.562227
vt 0.317162 0.005306
vt 0.239931 0.408469
vt 0.221281 0.416523
vt 0.316834 0.541730
vt 0.304486 0.554704
vt 0.294569 0.487651
vt 0.183140 0.650679
vt 0.149661 0.581599
vt 0.182879 0.581474
vt 0.182676 0.527740
vt 0.149525 0.545776
vt 0.149458 0.527865
vt 0.182744 0.545651
vt 0.149593 0.563688
vt 0.150125 0.704539
vt 0.183276 0.686502
vt 0.183343 0.704413
vt 0.150057 0.686627
vt 0.183208 0.668590
vt 0.149990 0.668716
vt 0.358473 0.718923
vt 0.465674 0.740939
vt 0.358473 0.740939
vt 0.523845 0.718922
vt 0.495904 0.740938
vt 0.495904 0.718922
vt 0.465103 0.774585
vt 0.464532 0.808231
vt 0.597298 0.740938
vt 0.554348 0.718922
vt 0.597298 0.718922
vt 0.421588 0.652351
vt 0.465103 0.685276
vt 0.465674 0.718922
vt 0.554348 0.740938
vt 0.539097 0.718922
vt 0.539097 0.740938
vt 0.480789 0.718922
vt 0.480790 0.740939
vt 0.214590 0.496738
vt 0.218122 0.561476
vt 0.200712 0.557269
vt 0.187738 0.544921
vt 0.287305 0.559766
vt 0.241458 0.510587
vt 0.321041 0.524320
vt 0.116963 0.496661
vt 0.131296 0.557895
vt 0.144407 0.545313
vt 0.040612 0.493957
vt 0.043732 0.560147
vt 0.026563 0.555032
vt 0.014238 0.541999
vt 0.010084 0.524541
vt 0.479664 0.713200
vt 0.485262 0.699160
vt 0.484790 0.671223
vt 0.478717 0.657233
vt 0.464532 0.651630
vt 0.478718 0.802628
vt 0.485262 0.760701
vt 0.479664 0.746661
vt 0.484790 0.788638
vt 0.180716 0.008700
vt 0.147890 0.112629
vt 0.147498 0.008825
vt 0.181108 0.112504
vt 0.178797 0.008725
vt 0.014467 0.718923
vt 0.014467 0.740940
vt 0.010084 0.004687
vt 0.090679 0.406809
vt 0.070276 0.406644
vt 0.149926 0.007743
vt 0.041319 0.640085
vt 0.048123 0.567897
vt 0.048068 0.640090
vt 0.091856 0.640067
vt 0.088455 0.567875
vt 0.095205 0.567872
vt 0.081814 0.640078
vt 0.034570 0.640080
vt 0.041374 0.567892
vt 0.081706 0.567885
vt 0.031332 0.567879
vt 0.074957 0.567895
vt 0.024528 0.640068
vt 0.021290 0.567867
vt 0.068316 0.640098
vt 0.075065 0.640088
vt 0.017778 0.640055
vt 0.112104 0.640045
vt 0.105247 0.567862
vt 0.111996 0.567852
vt 0.061567 0.640100
vt 0.064915 0.567905
vt 0.105355 0.640055
vt 0.011247 0.567842
vt 0.054872 0.567902
vt 0.054817 0.640095
vt 0.098605 0.640065
vt 0.118745 0.567842
vt 0.118853 0.640035
vt 0.203386 0.653880
vt 0.252675 0.674297
vt 0.216271 0.718655
vt 0.247843 0.705742
vt 0.199276 0.710525
vt 0.199276 0.657175
vt 0.375498 0.480017
vt 0.474507 0.468769
vt 0.471095 0.438735
vt 0.371238 0.460154
vt 0.459557 0.422014
vt 0.379579 0.431101
vt 0.432689 0.408165
vt 0.322368 0.650804
vt 0.355257 0.563563
vt 0.524386 0.740938
vt 0.422129 0.807510
vt 0.457290 0.632665
vt 0.362342 0.632665
vt 0.642307 0.580916
vt 0.642307 0.637190
vt 0.443938 0.507174
vt 0.203707 0.479271
vt 0.301010 0.479645
vt 0.305221 0.459500
vt 0.199888 0.459461
vt 0.204282 0.437423
vt 0.300863 0.438172
vt 0.223782 0.414267
vt 0.289721 0.421211
vt 0.203053 0.480017
vt 0.302061 0.468769
vt 0.298649 0.438735
vt 0.198792 0.460154
vt 0.287111 0.422014
vt 0.207133 0.431101
vt 0.260243 0.408165
vt 0.149922 0.650804
vt 0.182811 0.563562
vt 0.523845 0.740938
vt 0.421588 0.807510
vt 0.271492 0.507174
vt 0.031261 0.479271
vt 0.128564 0.479645
vt 0.132775 0.459500
vt 0.027442 0.459461
vt 0.031836 0.437423
vt 0.128417 0.438171
vt 0.051336 0.414267
vt 0.117276 0.421211
vt 0.011029 0.640034
vt 0.186631 0.674296
vt 0.192978 0.662422
vt 0.223036 0.649972
vt 0.235920 0.653880
vt 0.246328 0.662422
vt 0.252675 0.694331
vt 0.241545 0.710989
vt 0.229670 0.717336
vt 0.197762 0.710989
vt 0.186631 0.694331
vt 0.211151 0.650828
vt 0.224551 0.649509
vt 0.237435 0.653417
vt 0.247843 0.661959
vt 0.254190 0.673833
vt 0.254190 0.693868
vt 0.237435 0.714284
vt 0.224550 0.718192
vt 0.211151 0.716872
vt 0.190735 0.700117
vt 0.186826 0.687233
vt 0.190735 0.667583
vt 0.751619 0.779437
vt 0.757735 0.724299
vt 0.757735 0.779437
vt 0.745503 0.779437
vt 0.751619 0.724299
vt 0.739387 0.779437
vt 0.745503 0.724299
vt 0.733271 0.779437
vt 0.739387 0.724299
vt 0.727155 0.779437
vt 0.733271 0.724299
vt 0.721039 0.779437
vt 0.727155 0.724299
vt 0.714923 0.779437
vt 0.721039 0.724299
vt 0.708807 0.779437
vt 0.714923 0.724299
vt 0.702691 0.779437
vt 0.708807 0.724299
vt 0.696575 0.779437
vt 0.702691 0.724299
vt 0.690459 0.779437
vt 0.696575 0.724299
vt 0.763851 0.724299
vt 0.763851 0.779437
vt 0.749381 0.793908
vt 0.752438 0.782495
vt 0.772206 0.787792
vt 0.690459 0.724299
vt 0.769148 0.782495
vt 0.772206 0.793908
vt 0.757735 0.802263
vt 0.769148 0.799205
vt 0.763851 0.802263
vt 0.752439 0.799205
vt 0.749380 0.787792
vt 0.566835 0.188397
vt 0.972358 0.174418
vt 0.972430 0.185814
vt 0.565584 0.122015
vt 0.971579 0.102075
vt 0.971813 0.122275
vt 0.565029 0.100217
vt 0.971543 0.080541
vt 0.566762 0.177004
vt 0.972183 0.152884
vt 0.566458 0.155205
vt 0.971945 0.132683
vt 0.971603 0.069150
vt 0.565316 0.045226
vt 0.971864 0.047617
vt 0.566100 0.023436
vt 0.972308 0.027420
vt 0.972549 0.227551
vt 0.566808 0.210198
vt 0.972530 0.207349
vt 0.565899 0.133407
vt 0.566533 0.012048
vt 0.564916 0.067024
vt 0.564857 0.078417
vt 0.566527 0.232001
vt 0.972549 0.017014
vt 0.463198 0.188097
vt 0.370971 0.188097
vt 0.463198 0.172459
vt 0.463198 0.203734
vt 0.370971 0.172460
vt 0.370971 0.203734
vt 0.463198 0.156822
vt 0.463198 0.219372
vt 0.370971 0.156822
vt 0.370971 0.219372
vt 0.463198 0.235009
vt 0.370971 0.235009
vt 0.463198 0.141185
vt 0.370971 0.141185
vt 0.463198 0.250647
vt 0.370971 0.250647
vt 0.463198 0.125547
vt 0.370971 0.125547
vt 0.463198 0.109910
vt 0.463198 0.266284
vt 0.370971 0.109910
vt 0.370971 0.266284
vt 0.463198 0.281921
vt 0.463197 0.094272
vt 0.370971 0.094272
vt 0.370971 0.281921
vt 0.463198 0.078635
vt 0.370971 0.297559
vt 0.370971 0.078635
vt 0.463198 0.297559
vt 0.463197 0.062998
vt 0.370971 0.062998
vt 0.463198 0.313196
vt 0.370971 0.313196
vt 0.463198 0.328834
vt 0.463197 0.047360
vt 0.370971 0.047360
vt 0.370971 0.328834
vt 0.463198 0.344471
vt 0.370971 0.344471
vt 0.463197 0.031723
vt 0.370971 0.547757
vt 0.370971 0.532120
vt 0.463197 0.532120
vt 0.463197 0.516482
vt 0.463198 0.360108
vt 0.370971 0.516482
vt 0.370971 0.360108
vt 0.463197 0.500845
vt 0.463198 0.375746
vt 0.370971 0.375746
vt 0.370971 0.500845
vt 0.463198 0.391383
vt 0.463198 0.485208
vt 0.370971 0.391383
vt 0.370971 0.485208
vt 0.463198 0.407021
vt 0.463198 0.469570
vt 0.370971 0.407021
vt 0.370971 0.469570
vt 0.463198 0.422658
vt 0.463198 0.453933
vt 0.370971 0.453933
vt 0.370971 0.422658
vt 0.463198 0.438295
vt 0.370971 0.438295
vt 0.053261 0.802122
vt 0.035664 0.793556
vt 0.055556 0.793556
vt 0.037959 0.859227
vt 0.018438 0.857847
vt 0.024708 0.851577
vt 0.017057 0.823024
vt 0.008492 0.840620
vt 0.008492 0.820729
vt 0.074163 0.838325
vt 0.072783 0.857847
vt 0.066512 0.851576
vt 0.072783 0.803502
vt 0.066512 0.809773
vt 0.017057 0.838325
vt 0.759651 0.236742
vt 0.751085 0.219145
vt 0.759651 0.221440
vt 0.055556 0.867793
vt 0.053261 0.859227
vt 0.074163 0.823024
vt 0.082729 0.820729
vt 0.024708 0.809773
vt 0.037959 0.802122
vt 0.035664 0.867793
vt 0.082729 0.840620
vt 0.915727 0.083729
vt 0.938390 0.068427
vt 0.938390 0.083729
vt 0.915727 0.114331
vt 0.938390 0.099030
vt 0.938390 0.114331
vt 0.915727 0.144934
vt 0.938390 0.129633
vt 0.938390 0.144934
vt 0.385927 0.944544
vt 0.411633 0.913230
vt 0.411633 0.944544
vt 0.915727 0.175537
vt 0.938390 0.160235
vt 0.938390 0.175537
vt 0.915727 0.206139
vt 0.938390 0.190838
vt 0.938390 0.206139
vt 0.915727 0.236742
vt 0.938390 0.221440
vt 0.938390 0.236742
vt 0.392729 0.626002
vt 0.367023 0.587929
vt 0.392729 0.587929
vt 0.392739 0.626370
vt 0.367033 0.588297
vt 0.392739 0.588297
vt 0.392570 0.626370
vt 0.366864 0.588297
vt 0.392570 0.588297
vt 0.392065 0.586984
vt 0.366359 0.625057
vt 0.366358 0.586984
vt 0.392475 0.625222
vt 0.366769 0.587149
vt 0.392475 0.587149
vt 0.098480 0.984914
vt 0.128781 0.934861
vt 0.131181 0.983294
vt 0.324552 0.774464
vt 0.350258 0.659558
vt 0.350258 0.774464
vt 0.325226 0.775777
vt 0.350932 0.660871
vt 0.350932 0.775777
vt 0.411623 0.944176
vt 0.385917 0.912862
vt 0.411623 0.912862
vt 0.367033 0.731655
vt 0.367033 0.626370
vt 0.385758 0.944544
vt 0.411464 0.913230
vt 0.411464 0.944544
vt 0.385663 0.943396
vt 0.411369 0.912082
vt 0.411369 0.943396
vt 0.350258 0.928233
vt 0.324552 0.887298
vt 0.350258 0.887298
vt 0.325226 0.929546
vt 0.350932 0.888611
vt 0.350932 0.929546
vt 0.308861 0.730507
vt 0.324962 0.659723
vt 0.324962 0.774630
vt 0.203015 0.712239
vt 0.172547 0.742163
vt 0.169824 0.687207
vt 0.206741 0.688296
vt 0.167800 0.646359
vt 0.366769 0.730507
vt 0.392475 0.730507
vt 0.089444 0.802547
vt 0.096080 0.936481
vt 0.173330 0.559910
vt 0.134555 0.601420
vt 0.143669 0.554187
vt 0.137123 0.688827
vt 0.135099 0.647979
vt 0.350668 0.659723
vt 0.366769 0.625222
vt 0.375723 0.796911
vt 0.350668 0.774630
vt 0.375723 0.734902
vt 0.299907 0.796911
vt 0.324962 0.817830
vt 0.367023 0.731287
vt 0.392729 0.731287
vt 0.379575 0.815542
vt 0.405282 0.802674
vt 0.405282 0.815542
vt 0.352735 0.927365
vt 0.327029 0.886430
vt 0.352735 0.886430
vt 0.350668 0.849941
vt 0.350668 0.817830
vt 0.309115 0.731287
vt 0.325216 0.660503
vt 0.325216 0.775409
vt 0.282497 0.890651
vt 0.325216 0.850721
vt 0.325216 0.888243
vt 0.393641 0.890651
vt 0.350922 0.850721
vt 0.393641 0.836793
vt 0.375977 0.797691
vt 0.350922 0.775409
vt 0.375977 0.735682
vt 0.405536 0.816322
vt 0.379829 0.803453
vt 0.405536 0.803453
vt 0.350922 0.660503
vt 0.325216 0.929178
vt 0.350922 0.888243
vt 0.350922 0.929178
vt 0.350922 0.818610
vt 0.379839 0.816690
vt 0.405545 0.803821
vt 0.405545 0.816690
vt 0.325226 0.851088
vt 0.350932 0.818978
vt 0.350932 0.851088
vt 0.375987 0.798059
vt 0.375987 0.736050
vt 0.392739 0.731655
vt 0.366864 0.731655
vt 0.392570 0.731655
vt 0.300171 0.798059
vt 0.325226 0.818978
vt 0.308957 0.731655
vt 0.325057 0.660871
vt 0.325057 0.775777
vt 0.300003 0.798059
vt 0.325057 0.818978
vt 0.350764 0.660871
vt 0.366864 0.626370
vt 0.375818 0.798059
vt 0.350764 0.775777
vt 0.375818 0.736050
vt 0.379671 0.816690
vt 0.405377 0.803821
vt 0.405377 0.816690
vt 0.350764 0.929546
vt 0.325057 0.888611
vt 0.350764 0.888611
vt 0.350764 0.851089
vt 0.350764 0.818978
vt 0.308451 0.730342
vt 0.324552 0.659558
vt 0.299497 0.796746
vt 0.324552 0.817665
vt 0.324552 0.849775
vt 0.350258 0.817665
vt 0.350258 0.849775
vt 0.392065 0.730342
vt 0.392065 0.625057
vt 0.385253 0.943231
vt 0.410959 0.911917
vt 0.410959 0.943231
vt 0.404872 0.815377
vt 0.379166 0.802508
vt 0.404872 0.802508
vt 0.851024 0.083729
vt 0.915727 0.068427
vt 0.052560 0.968036
vt 0.067012 0.952734
vt 0.067012 0.968036
vt 0.851024 0.099030
vt 0.915727 0.099030
vt 0.052560 0.983337
vt 0.067012 0.983337
vt 0.851024 0.114331
vt 0.948007 0.533596
vt 0.557964 0.479113
vt 0.948007 0.479114
vt 0.851024 0.129633
vt 0.915727 0.129633
vt 0.021310 0.952709
vt 0.035762 0.937407
vt 0.035762 0.952709
vt 0.851024 0.144934
vt 0.021310 0.968010
vt 0.035762 0.968010
vt 0.851024 0.160235
vt 0.915727 0.160235
vt 0.021310 0.983311
vt 0.035762 0.983311
vt 0.851024 0.175537
vt 0.488059 0.282086
vt 0.520375 0.063579
vt 0.520375 0.282086
vt 0.915727 0.190838
vt 0.051522 0.897372
vt 0.066823 0.882920
vt 0.066823 0.897372
vt 0.851024 0.206139
vt 0.036221 0.897372
vt 0.051522 0.882920
vt 0.851024 0.221440
vt 0.915727 0.221440
vt 0.020919 0.882920
vt 0.020919 0.897372
vt 0.851024 0.236742
vt 0.589753 0.276734
vt 0.620275 0.058228
vt 0.620275 0.276734
vt 0.851024 0.068427
vt 0.915727 0.053126
vt 0.836572 0.068427
vt 0.851024 0.053126
vt 0.526915 0.058228
vt 0.494599 0.027706
vt 0.526916 0.027706
vt 0.557964 0.309259
vt 0.503482 0.366945
vt 0.503482 0.309259
vt 0.488059 0.033057
vt 0.520375 0.033058
vt 0.557437 0.058228
vt 0.589753 0.058228
vt 0.583213 0.282086
vt 0.613735 0.063579
vt 0.613735 0.282086
vt 0.526915 0.276734
vt 0.494599 0.058228
vt 0.948007 0.421428
vt 0.557964 0.421427
vt 0.557437 0.276734
vt 0.557964 0.366945
vt 0.948007 0.366945
vt 0.948007 0.309259
vt 0.550897 0.063579
vt 0.550897 0.282086
vt 0.583213 0.063579
vt 0.209319 0.591439
vt 0.163364 0.604294
vt 0.379575 0.802674
vt 0.393387 0.889871
vt 0.393387 0.836013
vt 0.296055 0.815542
vt 0.324962 0.849941
vt 0.282243 0.889871
vt 0.324962 0.887463
vt 0.379829 0.816322
vt 0.296309 0.816322
vt 0.325216 0.818610
vt 0.300161 0.797691
vt 0.296319 0.816690
vt 0.282507 0.891019
vt 0.325226 0.888611
vt 0.379839 0.803821
vt 0.393651 0.891019
vt 0.393651 0.837161
vt 0.379671 0.803821
vt 0.393483 0.891019
vt 0.393483 0.837161
vt 0.296150 0.816690
vt 0.325057 0.851089
vt 0.282338 0.891019
vt 0.295645 0.815377
vt 0.281833 0.889706
vt 0.139846 0.743783
vt 0.147088 0.889956
vt 0.759651 0.083729
vt 0.836572 0.083729
vt 0.759651 0.099030
vt 0.836572 0.099030
vt 0.759651 0.114331
vt 0.836572 0.114331
vt 0.759651 0.129633
vt 0.836572 0.129633
vt 0.759651 0.144934
vt 0.836572 0.144934
vt 0.759651 0.160235
vt 0.836572 0.160235
vt 0.759651 0.175536
vt 0.836572 0.175537
vt 0.836572 0.190838
vt 0.759651 0.206139
vt 0.836572 0.206139
vt 0.836572 0.221441
vt 0.836572 0.236742
vt 0.759651 0.068427
vt 0.836573 0.053126
vt 0.904258 0.728522
vt 0.918833 0.703896
vt 0.913384 0.731290
vt 0.674265 0.605589
vt 0.686645 0.579788
vt 0.692694 0.587160
vt 0.894285 0.752601
vt 0.902695 0.757096
vt 0.709869 0.564270
vt 0.714364 0.572680
vt 0.879805 0.774271
vt 0.887177 0.780320
vt 0.735674 0.553581
vt 0.738442 0.562707
vt 0.861377 0.792700
vt 0.867426 0.800071
vt 0.764004 0.557622
vt 0.763069 0.548132
vt 0.714364 0.807179
vt 0.735675 0.826278
vt 0.709869 0.815589
vt 0.839707 0.807179
vt 0.844202 0.815589
vt 0.791001 0.548132
vt 0.790067 0.557622
vt 0.692694 0.792700
vt 0.686645 0.800071
vt 0.815628 0.817153
vt 0.818396 0.826278
vt 0.818396 0.553581
vt 0.815628 0.562706
vt 0.666894 0.780321
vt 0.674265 0.774271
vt 0.790066 0.822237
vt 0.791001 0.831727
vt 0.844202 0.564270
vt 0.839706 0.572680
vt 0.651376 0.757096
vt 0.659786 0.752601
vt 0.764004 0.822237
vt 0.763070 0.831727
vt 0.867426 0.579788
vt 0.861377 0.587160
vt 0.640687 0.731291
vt 0.649812 0.728523
vt 0.738443 0.817153
vt 0.879805 0.605589
vt 0.887177 0.599539
vt 0.635238 0.703896
vt 0.644728 0.702961
vt 0.894285 0.627259
vt 0.902695 0.622764
vt 0.635238 0.675964
vt 0.644728 0.676899
vt 0.904258 0.651337
vt 0.913384 0.648569
vt 0.640687 0.648569
vt 0.649812 0.651337
vt 0.909343 0.676899
vt 0.918833 0.675964
vt 0.651376 0.622764
vt 0.659786 0.627259
vt 0.909343 0.702961
vt 0.666894 0.599539
vt 0.838989 0.809207
vt 0.866361 0.801933
vt 0.843243 0.817380
vt 0.814910 0.819181
vt 0.817556 0.828020
vt 0.790287 0.833444
vt 0.789349 0.824265
vt 0.762483 0.833444
vt 0.763286 0.824265
vt 0.735214 0.828020
vt 0.737725 0.819181
vt 0.709527 0.817380
vt 0.713646 0.809207
vt 0.686409 0.801933
vt 0.691976 0.794728
vt 0.666749 0.782273
vt 0.673547 0.776299
vt 0.651302 0.759155
vt 0.659068 0.754629
vt 0.640662 0.733468
vt 0.649094 0.730550
vt 0.635238 0.706199
vt 0.644010 0.704989
vt 0.635238 0.678395
vt 0.644010 0.678926
vt 0.640662 0.651126
vt 0.649094 0.653365
vt 0.651302 0.625439
vt 0.659068 0.629286
vt 0.666749 0.602321
vt 0.673547 0.607616
vt 0.686409 0.582661
vt 0.691976 0.589188
vt 0.709527 0.567214
vt 0.713646 0.574708
vt 0.735214 0.556574
vt 0.737725 0.564735
vt 0.762483 0.551150
vt 0.763286 0.559650
vt 0.789349 0.559650
vt 0.790287 0.551150
vt 0.814910 0.564735
vt 0.817556 0.556574
vt 0.838989 0.574708
vt 0.843243 0.567214
vt 0.860659 0.589188
vt 0.866361 0.582661
vt 0.879088 0.607616
vt 0.886021 0.602321
vt 0.893567 0.629287
vt 0.901468 0.625439
vt 0.903541 0.653365
vt 0.912108 0.651126
vt 0.908625 0.678927
vt 0.917532 0.678395
vt 0.908625 0.704989
vt 0.917532 0.706199
vt 0.903541 0.730551
vt 0.912108 0.733468
vt 0.893567 0.754629
vt 0.901468 0.759155
vt 0.879087 0.776299
vt 0.886021 0.782273
vt 0.860659 0.794728
vt 0.220160 0.554180
vt 0.099658 0.565221
vt 0.106630 0.529090
vt 0.350668 0.928398
vt 0.385663 0.912082
vt 0.324962 0.928398
vt 0.289967 0.912082
vt 0.195810 0.797276
vt 0.179790 0.888336
vt 0.385917 0.944176
vt 0.290221 0.912862
vt 0.385927 0.913230
vt 0.290231 0.913230
vt 0.385758 0.913230
vt 0.325057 0.929546
vt 0.290063 0.913230
vt 0.324552 0.928233
vt 0.289557 0.911916
vt 0.385253 0.911917
vt 0.077776 0.797520
vt 0.106569 0.717018
vt 0.110477 0.795900
vt 0.419094 0.836013
vt 0.401429 0.734902
vt 0.419347 0.836793
vt 0.401683 0.735682
vt 0.419357 0.891019
vt 0.401693 0.736050
vt 0.419189 0.837161
vt 0.401525 0.798059
vt 0.392977 0.835848
vt 0.418684 0.889706
vt 0.392977 0.889706
vt 0.375313 0.734737
vt 0.401019 0.796746
vt 0.375313 0.796746
vt 0.069997 0.559498
vt 0.076970 0.523366
vt 0.367023 0.626002
vt 0.081512 0.599051
vt 0.082293 0.665881
vt 0.100494 0.693560
vt 0.101305 0.709930
vt 0.122145 0.800926
vt 0.309125 0.731655
vt 0.325226 0.660871
vt 0.050395 0.666254
vt 0.049614 0.599424
vt 0.068604 0.711550
vt 0.379166 0.815377
vt 0.366359 0.730342
vt 0.751085 0.239037
vt 0.018437 0.803502
vt 0.308861 0.625222
vt 0.206923 0.791121
vt 0.207553 0.704666
vt 0.299907 0.734902
vt 0.327029 0.927365
vt 0.309116 0.626002
vt 0.282497 0.836793
vt 0.300171 0.736050
vt 0.308957 0.626370
vt 0.300002 0.736050
vt 0.308451 0.625057
vt 0.299497 0.734737
vt 0.052560 0.952734
vt 0.557964 0.533595
vt 0.021310 0.937407
vt 0.488059 0.063579
vt 0.851024 0.190838
vt 0.036221 0.882920
vt 0.494599 0.276734
vt 0.220160 0.653917
vt 0.350668 0.887463
vt 0.296055 0.802674
vt 0.282243 0.836013
vt 0.296309 0.803453
vt 0.300161 0.735682
vt 0.296319 0.803821
vt 0.282507 0.837160
vt 0.296150 0.803821
vt 0.282338 0.837161
vt 0.295645 0.802508
vt 0.281833 0.835848
vt 0.759651 0.190838
vt 0.759651 0.053126
vt 0.289967 0.943396
vt 0.202446 0.931211
vt 0.290221 0.944176
vt 0.290231 0.944544
vt 0.290063 0.944544
vt 0.289557 0.943231
vt 0.073868 0.718638
vt 0.419094 0.889871
vt 0.401429 0.796911
vt 0.419347 0.890651
vt 0.401683 0.797691
vt 0.419357 0.837161
vt 0.401693 0.798059
vt 0.419189 0.891019
vt 0.401525 0.736050
vt 0.418684 0.835848
vt 0.401019 0.734737
vt 0.309125 0.626370
vt 0.067793 0.695180
vt 0.232807 0.594563
vt 0.240762 0.603562
vt 0.232461 0.601632
vt 0.198973 0.580562
vt 0.209438 0.566528
vt 0.210555 0.575731
vt 0.197826 0.612659
vt 0.207263 0.627403
vt 0.191235 0.619333
vt 0.217574 0.576043
vt 0.210243 0.566457
vt 0.219474 0.566967
vt 0.057949 0.714444
vt 0.046703 0.646475
vt 0.058043 0.646457
vt 0.029269 0.714404
vt 0.040703 0.646467
vt 0.040609 0.714454
vt 0.018631 0.714308
vt 0.029363 0.646417
vt 0.068587 0.714377
vt 0.068682 0.646391
vt 0.096047 0.714255
vt 0.102141 0.646276
vt 0.102047 0.714263
vt 0.084706 0.714272
vt 0.074163 0.646352
vt 0.084801 0.646286
vt 0.013150 0.714255
vt 0.018725 0.646321
vt 0.113481 0.646325
vt 0.113387 0.714312
vt 0.096141 0.646268
vt 0.074068 0.714339
vt 0.046609 0.714462
vt 0.124119 0.646422
vt 0.124025 0.714408
vt 0.228709 0.581829
vt 0.241256 0.593453
vt 0.235398 0.575242
vt 0.227141 0.613906
vt 0.216500 0.627796
vt 0.215494 0.618578
vt 0.185140 0.601200
vt 0.193564 0.599979
vt 0.193817 0.592905
vt 0.185502 0.591086
vt 0.192875 0.573434
vt 0.209034 0.618303
vt 0.233155 0.621113
vt 0.211118 0.575686
vt 0.013244 0.646268
vt 0.210617 0.819606
vt 0.118606 0.996451
vt 0.118606 0.819606
vt 0.316598 0.638264
vt 0.295815 0.658845
vt 0.291751 0.641371
vt 0.062210 0.819606
vt 0.006945 0.996451
vt 0.006945 0.819605
vt 0.267978 0.641369
vt 0.273802 0.643137
vt 0.315475 0.638254
vt 0.285919 0.643221
vt 0.291742 0.641452
vt 0.243029 0.638456
vt 0.243338 0.586724
vt 0.249404 0.606719
vt 0.523274 0.996451
vt 0.495075 0.819605
vt 0.523274 0.819605
vt 0.495075 0.996451
vt 0.466877 0.819605
vt 0.090408 0.996451
vt 0.062210 0.996451
vt 0.090408 0.819606
vt 0.323961 0.819606
vt 0.261522 0.996451
vt 0.261522 0.819606
vt 0.244234 0.638171
vt 0.244241 0.586658
vt 0.249416 0.606634
vt 0.250272 0.652759
vt 0.262611 0.638499
vt 0.264856 0.658808
vt 0.254048 0.629934
vt 0.257908 0.634638
vt 0.349414 0.996451
vt 0.323961 0.996451
vt 0.349414 0.819605
vt 0.374867 0.996451
vt 0.236070 0.996451
vt 0.210617 0.996451
vt 0.236069 0.819606
vt 0.466877 0.996451
vt 0.294873 0.658884
vt 0.267968 0.641461
vt 0.273800 0.643230
vt 0.309443 0.652836
vt 0.262585 0.638580
vt 0.263919 0.658955
vt 0.249275 0.653010
vt 0.253970 0.629908
vt 0.257859 0.634689
vt 0.248790 0.573597
vt 0.267994 0.584120
vt 0.262630 0.586983
vt 0.257926 0.590834
vt 0.310013 0.573608
vt 0.308528 0.600913
vt 0.305660 0.595550
vt 0.316413 0.586632
vt 0.310337 0.618753
vt 0.310925 0.612692
vt 0.291735 0.584013
vt 0.310960 0.573486
vt 0.297807 0.568042
vt 0.262615 0.586884
vt 0.249695 0.573494
vt 0.262859 0.568042
vt 0.273803 0.582250
vt 0.267981 0.584016
vt 0.257911 0.590744
vt 0.297127 0.638494
vt 0.301533 0.634870
vt 0.310444 0.652850
vt 0.285921 0.643141
vt 0.279861 0.643735
vt 0.297106 0.638584
vt 0.301808 0.634724
vt 0.250949 0.624158
vt 0.251132 0.624484
vt 0.254062 0.595528
vt 0.251184 0.600892
vt 0.249389 0.618838
vt 0.248796 0.612795
vt 0.251180 0.624567
vt 0.254051 0.595447
vt 0.251183 0.600812
vt 0.249414 0.618744
vt 0.248819 0.612689
vt 0.374867 0.819605
vt 0.279861 0.643821
vt 0.261929 0.568160
vt 0.273814 0.582357
vt 0.296856 0.568160
vt 0.315465 0.586765
vt 0.305666 0.630021
vt 0.308532 0.624657
vt 0.279865 0.581764
vt 0.310296 0.618837
vt 0.310891 0.612784
vt 0.285917 0.582360
vt 0.291737 0.584125
vt 0.310294 0.606732
vt 0.297100 0.586992
vt 0.301801 0.590850
vt 0.297102 0.586875
vt 0.301886 0.634594
vt 0.305612 0.630063
vt 0.301807 0.590729
vt 0.305671 0.595429
vt 0.308548 0.624621
vt 0.308545 0.600796
vt 0.310320 0.606625
vt 0.285913 0.582248
vt 0.279858 0.581653
vt 0.228492 0.766132
vt 0.243272 0.773513
vt 0.228492 0.773513
vt 0.956618 0.068427
vt 0.956618 0.083729
vt 0.956618 0.099030
vt 0.956618 0.114331
vt 0.956618 0.129633
vt 0.956618 0.144934
vt 0.956618 0.160235
vt 0.956618 0.175537
vt 0.956618 0.190838
vt 0.956618 0.206139
vt 0.956618 0.221440
vt 0.956618 0.236742
vt 0.956618 0.053126
vt 0.256616 0.587695
vt 0.249486 0.570483
vt 0.260306 0.581303
vt 0.262738 0.562833
vt 0.266698 0.577613
vt 0.278039 0.562833
vt 0.274079 0.577613
vt 0.280471 0.581303
vt 0.291290 0.570483
vt 0.298941 0.583735
vt 0.284161 0.587695
vt 0.284161 0.595076
vt 0.298941 0.599036
vt 0.291290 0.612287
vt 0.280471 0.601468
vt 0.274079 0.605158
vt 0.278039 0.619938
vt 0.262738 0.619938
vt 0.266698 0.605158
vt 0.249486 0.612287
vt 0.260306 0.601468
vt 0.241836 0.599036
vt 0.256616 0.595076
vt 0.241836 0.583735
vt 0.150003 0.911632
vt 0.173858 0.918024
vt 0.156395 0.935487
vt 0.228492 0.788274
vt 0.243272 0.795655
vt 0.228492 0.795655
vt 0.228492 0.736609
vt 0.243272 0.743989
vt 0.228492 0.743989
vt 0.228492 0.721847
vt 0.243272 0.729228
vt 0.228492 0.729228
vt 0.228492 0.758751
vt 0.243272 0.766132
vt 0.243272 0.780893
vt 0.243272 0.788274
vt 0.243272 0.736609
vt 0.228492 0.803036
vt 0.243272 0.810416
vt 0.228492 0.810416
vt 0.228492 0.751370
vt 0.243272 0.758751
vt 0.228492 0.780893
vt 0.243272 0.803036
vt 0.243272 0.751370
vt 0.709475 0.020228
vt 0.751086 0.000337
vt 0.751086 0.020228
vt 0.709475 0.239037
vt 0.709475 0.219145
vt 0.751085 0.199254
vt 0.709475 0.199253
vt 0.751085 0.179362
vt 0.709475 0.159470
vt 0.751085 0.159470
vt 0.751085 0.139578
vt 0.709475 0.139578
vt 0.751085 0.119687
vt 0.709475 0.119687
vt 0.751085 0.099795
vt 0.709475 0.099795
vt 0.751085 0.079903
vt 0.709475 0.079903
vt 0.751085 0.060012
vt 0.662410 0.266209
vt 0.645184 0.201918
vt 0.709475 0.060012
vt 0.751085 0.040120
vt 0.709475 0.040120
vt 0.938390 0.053126
vt 0.150003 0.931796
vt 0.146312 0.925404
vt 0.146312 0.918024
vt 0.156395 0.907941
vt 0.163775 0.907941
vt 0.170167 0.911632
vt 0.173858 0.925404
vt 0.170167 0.931796
vt 0.163775 0.935487
vt 0.243272 0.721847
vt 0.709475 0.000336
vt 0.709475 0.179362
vt 0.699529 0.256264
vt 0.682302 0.266209
vt 0.645184 0.256264
vt 0.635238 0.239037
vt 0.635238 0.219145
vt 0.662410 0.191973
vt 0.682302 0.191973
vt 0.699529 0.201918
vt 0.049333 0.393103
vt 0.056719 0.367919
vt 0.057243 0.393467
vt 0.049014 0.367742
vt 0.058216 0.341468
vt 0.050214 0.341489
vt 0.056363 0.315434
vt 0.048549 0.315527
vt 0.056812 0.288256
vt 0.048704 0.288517
vt 0.053956 0.261559
vt 0.046032 0.261886
vt 0.053463 0.233539
vt 0.045241 0.234071
vt 0.049528 0.206077
vt 0.041484 0.206725
vt 0.047846 0.177070
vt 0.039481 0.178037
vt 0.042244 0.148682
vt 0.034042 0.149940
vt 0.038224 0.118329
vt 0.029619 0.120286
vt 0.028899 0.088586
vt 0.020130 0.091446
vt 0.018582 0.057989
vt 0.180339 0.484432
vt 0.200389 0.463003
vt 0.186607 0.488547
vt 0.199605 0.432092
vt 0.192339 0.459952
vt 0.206428 0.405494
vt 0.207244 0.434157
vt 0.209195 0.377809
vt 0.214289 0.406953
vt 0.213208 0.351192
vt 0.216807 0.378743
vt 0.214126 0.323709
vt 0.221057 0.351885
vt 0.216784 0.297118
vt 0.221776 0.324113
vt 0.216582 0.269747
vt 0.224696 0.297386
vt 0.218218 0.243158
vt 0.224315 0.269797
vt 0.216997 0.215890
vt 0.226228 0.243098
vt 0.217544 0.189326
vt 0.224825 0.215629
vt 0.215034 0.162241
vt 0.225652 0.188924
vt 0.213874 0.135800
vt 0.222937 0.161574
vt 0.208829 0.109207
vt 0.222050 0.134794
vt 0.203469 0.083531
vt 0.216702 0.107579
vt 0.191969 0.059762
vt 0.211380 0.080836
vt 0.038478 0.467473
vt 0.033685 0.493445
vt 0.026911 0.489005
vt 0.051199 0.444065
vt 0.046291 0.470494
vt 0.044019 0.442955
vt 0.053886 0.419402
vt 0.046359 0.418638
vt 0.167973 0.137966
vt 0.160215 0.105757
vt 0.169987 0.106548
vt 0.340828 0.188084
vt 0.330506 0.216454
vt 0.331876 0.187947
vt 0.169529 0.167784
vt 0.158204 0.137724
vt 0.339704 0.216743
vt 0.331817 0.245671
vt 0.168727 0.198273
vt 0.160191 0.167626
vt 0.340723 0.245998
vt 0.329767 0.274029
vt 0.170397 0.227292
vt 0.159283 0.198221
vt 0.338930 0.274543
vt 0.330324 0.303213
vt 0.169276 0.256968
vt 0.161321 0.227102
vt 0.339206 0.303762
vt 0.327577 0.331501
vt 0.165183 0.423701
vt 0.158650 0.395956
vt 0.167011 0.396460
vt 0.170358 0.285248
vt 0.160090 0.256773
vt 0.336719 0.332214
vt 0.327561 0.360707
vt 0.167260 0.449749
vt 0.156610 0.423578
vt 0.168619 0.314106
vt 0.161530 0.284878
vt 0.333693 0.389740
vt 0.336426 0.361379
vt 0.172467 0.476584
vt 0.158775 0.450670
vt 0.169061 0.341645
vt 0.159683 0.313716
vt 0.333784 0.418815
vt 0.324539 0.389054
vt 0.179868 0.501131
vt 0.164290 0.478478
vt 0.166835 0.369685
vt 0.160476 0.341108
vt 0.332774 0.447174
vt 0.324877 0.418477
vt 0.345704 0.039273
vt 0.332481 0.068820
vt 0.335382 0.037141
vt 0.158135 0.369184
vt 0.337202 0.475910
vt 0.323464 0.447492
vt 0.342453 0.069975
vt 0.329673 0.099297
vt 0.345704 0.502226
vt 0.328339 0.477886
vt 0.339303 0.099868
vt 0.331184 0.129587
vt 0.171549 0.075379
vt 0.169558 0.040345
vt 0.179868 0.044214
vt 0.340279 0.129776
vt 0.329987 0.158530
vt 0.160811 0.073588
vt 0.339275 0.158705
vt 0.122208 0.205692
vt 0.123136 0.223048
vt 0.124394 0.319278
vt 0.124473 0.335667
vt 0.094039 0.345321
vt 0.091575 0.336125
vt 0.124016 0.263348
vt 0.124518 0.280135
vt 0.090791 0.373249
vt 0.063041 0.365019
vt 0.093187 0.364097
vt 0.063050 0.344329
vt 0.025431 0.058675
vt 0.034882 0.082805
vt 0.124579 0.492912
vt 0.085944 0.477883
vt 0.120880 0.479912
vt 0.153167 0.366055
vt 0.153654 0.344209
vt 0.284971 0.491514
vt 0.338011 0.505703
vt 0.287163 0.521942
vt 0.116481 0.077424
vt 0.117514 0.099246
vt 0.119269 0.145264
vt 0.120497 0.163674
vt 0.093423 0.310040
vt 0.121824 0.309192
vt 0.080586 0.488869
vt 0.051830 0.469042
vt 0.288529 0.380899
vt 0.289873 0.363722
vt 0.284891 0.441480
vt 0.286154 0.422659
vt 0.091310 0.319398
vt 0.062713 0.312212
vt 0.044384 0.120545
vt 0.048767 0.144216
vt 0.293958 0.267009
vt 0.294468 0.250204
vt 0.291912 0.323620
vt 0.292899 0.306779
vt 0.122046 0.446629
vt 0.088026 0.455485
vt 0.086741 0.445265
vt 0.154532 0.310599
vt 0.154589 0.288215
vt 0.091636 0.235013
vt 0.088395 0.225482
vt 0.056788 0.448240
vt 0.127463 0.519765
vt 0.290543 0.092519
vt 0.289969 0.072326
vt 0.293109 0.153048
vt 0.292641 0.135540
vt 0.294368 0.210380
vt 0.294372 0.193449
vt 0.123454 0.374054
vt 0.123234 0.390341
vt 0.058784 0.236201
vt 0.121990 0.429225
vt 0.053480 0.179609
vt 0.056025 0.202191
vt 0.250092 0.064169
vt 0.286956 0.059755
vt 0.154724 0.253691
vt 0.154260 0.230697
vt 0.087978 0.427577
vt 0.088710 0.197639
vt 0.119002 0.195084
vt 0.249599 0.076052
vt 0.215524 0.076103
vt 0.090475 0.389861
vt 0.260283 0.193386
vt 0.260363 0.210602
vt 0.257423 0.136875
vt 0.258379 0.154564
vt 0.252556 0.095964
vt 0.073669 0.514976
vt 0.087042 0.207742
vt 0.060377 0.258030
vt 0.290913 0.015179
vt 0.242449 0.037870
vt 0.233582 0.024876
vt 0.153709 0.195132
vt 0.152942 0.171416
vt 0.151679 0.420572
vt 0.206209 0.055415
vt 0.198494 0.055508
vt 0.151994 0.398978
vt 0.120788 0.400249
vt 0.061882 0.291009
vt 0.259016 0.304525
vt 0.257893 0.321723
vt 0.260625 0.248994
vt 0.260078 0.266126
vt 0.259234 0.126821
vt 0.289845 0.124798
vt 0.152470 0.134410
vt 0.152454 0.109459
vt 0.226673 0.131285
vt 0.249583 0.418440
vt 0.246670 0.437584
vt 0.255515 0.360497
vt 0.253752 0.378056
vt 0.156992 0.476279
vt 0.256458 0.106076
vt 0.154813 0.069077
vt 0.160326 0.042484
vt 0.084004 0.167127
vt 0.081912 0.148324
vt 0.076492 0.104098
vt 0.072573 0.082226
vt 0.228403 0.513091
vt 0.237048 0.485294
vt 0.154006 0.454103
vt 0.119490 0.457566
vt 0.223724 0.109676
vt 0.325461 0.064592
vt 0.262623 0.183804
vt 0.291940 0.183036
vt 0.320481 0.475142
vt 0.318195 0.450976
vt 0.328964 0.039509
vt 0.286007 0.032051
vt 0.230527 0.185808
vt 0.324007 0.126238
vt 0.261221 0.164157
vt 0.319072 0.391933
vt 0.090849 0.281573
vt 0.090055 0.264429
vt 0.324113 0.102592
vt 0.288101 0.104167
vt 0.229639 0.164336
vt 0.122432 0.290433
vt 0.121263 0.233731
vt 0.121125 0.253054
vt 0.118734 0.174918
vt 0.115433 0.111831
vt 0.115812 0.133974
vt 0.114624 0.033729
vt 0.113107 0.063815
vt 0.281567 0.453098
vt 0.281768 0.477292
vt 0.284511 0.411384
vt 0.285166 0.391303
vt 0.322123 0.334359
vt 0.288321 0.353069
vt 0.288744 0.333824
vt 0.324378 0.277004
vt 0.291124 0.296305
vt 0.291055 0.277240
vt 0.325185 0.219577
vt 0.292381 0.239804
vt 0.291744 0.220726
vt 0.324675 0.161791
vt 0.290718 0.163688
vt 0.119608 0.418936
vt 0.122168 0.345666
vt 0.121138 0.364064
vt 0.061812 0.396549
vt 0.090939 0.418227
vt 0.060365 0.416966
vt 0.092547 0.399152
vt 0.262736 0.220137
vt 0.231244 0.240199
vt 0.231384 0.218722
vt 0.263338 0.239578
vt 0.262125 0.275717
vt 0.229832 0.294663
vt 0.230768 0.273137
vt 0.262067 0.295184
vt 0.259650 0.331438
vt 0.226341 0.349346
vt 0.228128 0.327705
vt 0.258942 0.351124
vt 0.255193 0.388103
vt 0.219866 0.404702
vt 0.223033 0.382717
vt 0.253669 0.408668
vt 0.213167 0.439072
vt 0.243700 0.473532
vt 0.206531 0.461756
vt 0.247497 0.448884
vt 0.072950 0.069125
vt 0.066559 0.039417
vt 0.083272 0.137458
vt 0.081278 0.114892
vt 0.087754 0.177017
vt 0.091945 0.254751
vt 0.093689 0.290894
vt 0.056664 0.025195
vt 0.119881 0.015179
vt 0.317968 0.414800
vt 0.320769 0.356954
vt 0.323472 0.299592
vt 0.324868 0.242232
vt 0.324821 0.184658
vt 0.009813 0.061933
vt 0.172648 0.504207
s 1
g off
g RoverModificado.002_SpacialRoverExploreralumWhite
usemtl SpacialRoverExploreralumWhite
f 134/1/1 136/2/1 62/3/1
s 2
f 51/4/2 147/5/2 149/6/2
f 60/7/2 61/8/2 144/9/2
s 3
f 59/10/3 62/11/4 54/12/4
s 4
f 55/13/5 235/14/6 234/15/5
f 57/16/6 63/17/7 235/14/6
s 3
f 63/17/8 54/12/4 62/11/4
s 5
f 195/18/9 60/19/10 58/20/9
f 66/21/10 61/22/11 60/19/10
s 3
f 65/23/12 59/10/3 61/22/12
s 6
f 51/24/13 178/25/14 53/26/13
s 7
f 170/27/15 179/28/16 172/29/16
s 1
f 53/26/1 239/30/1 176/31/1
s 8
f 52/32/17 169/33/18 50/34/17
s 2
f 50/35/2 238/36/2 173/37/2
s 8
f 176/38/18 171/39/19 169/33/18
s 7
f 177/40/20 170/27/15 171/39/20
f 179/28/16 174/41/21 172/29/16
s 6
f 180/42/22 173/37/14 174/41/22
s 9
f 185/43/23 49/44/23 182/45/23
s 10
f 188/46/24 184/47/24 183/48/24
s 11
f 182/45/25 186/49/25 185/43/25
s 12
f 187/50/26 181/51/26 184/47/26
s 13
f 187/52/2 154/53/2 186/54/2
s 14
f 192/55/27 189/56/28 190/57/27
f 183/48/29 191/58/28 188/46/29
s 15
f 49/44/30 192/55/30 190/57/30
s 16
f 49/59/1 189/60/1 183/48/1
f 49/59/1 181/61/1 182/62/1
f 184/63/1 49/59/1 183/48/1
f 181/61/1 49/59/1 184/63/1
s 13
f 186/54/2 154/53/2 185/64/2
f 154/53/2 187/52/2 188/46/2
f 191/58/2 154/53/2 188/46/2
s 2
f 150/65/2 54/66/2 56/67/2
f 56/67/2 57/68/2 150/65/2
f 55/13/2 150/65/2 57/68/2
f 59/69/2 150/65/2 146/70/2
f 144/9/2 58/71/2 60/7/2
f 144/9/2 61/8/2 59/69/2
s 1
f 62/3/1 140/72/1 63/73/1
f 63/73/1 140/72/1 235/74/1
f 232/75/1 64/76/1 65/77/1
f 66/78/1 195/79/1 232/75/1
f 65/77/1 66/78/1 232/75/1
f 140/72/1 234/15/1 235/74/1
s 2
f 173/37/2 238/36/2 174/80/2
f 174/80/2 238/36/2 172/81/2
f 172/81/2 238/36/2 170/82/2
f 171/83/2 238/36/2 169/84/2
f 170/82/2 238/36/2 171/83/2
s 1
f 176/31/1 239/30/1 177/85/1
f 179/86/1 239/30/1 180/87/1
f 180/87/1 239/30/1 178/25/1
f 177/85/1 239/30/1 175/88/1
f 175/88/1 239/30/1 179/86/1
s 4
f 50/89/31 156/90/32 52/91/31
s 2
f 51/4/2 155/92/2 50/93/2
s 4
f 155/92/32 234/15/5 156/90/32
s 5
f 58/94/9 53/26/33 195/95/9
s 1
f 53/96/1 137/97/1 135/98/1
f 156/90/1 53/96/1 52/99/1
s 17
f 258/100/1 260/101/1 252/102/1
s 18
f 241/103/2 271/104/2 273/105/2
f 250/106/2 251/107/2 268/108/2
s 19
f 249/109/3 252/110/4 244/111/4
s 20
f 245/112/5 298/113/6 297/114/5
f 247/115/6 253/116/7 298/113/6
s 19
f 253/116/8 244/111/4 252/110/4
s 21
f 294/117/9 250/118/10 248/119/9
f 256/120/10 251/121/11 250/118/10
s 19
f 255/122/12 249/109/3 251/121/12
s 22
f 241/123/13 289/124/14 243/125/13
s 23
f 281/126/15 290/127/16 283/128/16
s 17
f 243/125/1 302/129/1 287/130/1
s 24
f 242/131/17 280/132/18 240/133/17
s 18
f 240/134/2 301/135/2 284/136/2
s 24
f 287/137/18 282/138/19 280/132/18
s 23
f 288/139/20 281/126/15 282/138/20
f 290/127/16 285/140/21 283/128/16
s 22
f 291/141/22 284/136/14 285/140/22
s 18
f 274/142/2 244/143/2 246/144/2
f 246/144/2 247/145/2 274/142/2
f 245/112/2 274/142/2 247/145/2
f 249/146/2 274/142/2 270/147/2
f 268/108/2 248/148/2 250/106/2
f 268/108/2 251/107/2 249/146/2
s 17
f 252/102/1 264/149/1 253/150/1
f 253/150/1 264/149/1 298/151/1
f 295/152/1 254/153/1 255/154/1
f 256/155/1 294/156/1 295/152/1
f 255/154/1 256/155/1 295/152/1
f 264/149/1 297/114/1 298/151/1
s 18
f 284/136/2 301/135/2 285/157/2
f 285/157/2 301/135/2 283/158/2
f 283/158/2 301/135/2 281/159/2
f 282/160/2 301/135/2 280/161/2
f 281/159/2 301/135/2 282/160/2
s 17
f 287/130/1 302/129/1 288/162/1
f 290/163/1 302/129/1 291/164/1
f 291/164/1 302/129/1 289/124/1
f 288/162/1 302/129/1 286/165/1
f 286/165/1 302/129/1 290/163/1
s 20
f 240/166/31 279/167/32 242/168/31
s 18
f 241/103/2 278/169/2 240/170/2
s 20
f 278/169/32 297/114/5 279/167/32
s 21
f 248/171/9 243/125/33 294/172/9
s 17
f 243/173/1 261/174/1 259/175/1
f 279/167/1 243/173/1 242/176/1
s 25
f 313/177/34 326/178/35 312/179/35
f 306/180/36 321/181/37 320/182/38
f 306/180/36 307/183/39 321/181/37
f 313/177/34 314/184/40 327/185/41
f 307/183/39 322/186/42 321/181/37
f 314/184/40 328/187/43 327/185/41
f 307/183/39 323/188/44 322/186/42
f 314/184/40 315/189/45 328/187/43
f 315/189/45 329/190/46 328/187/43
f 309/191/47 323/188/44 308/192/48
f 315/189/45 316/193/49 329/190/46
f 303/194/15 319/195/50 318/196/15
f 309/191/47 310/197/51 324/198/52
f 303/194/15 304/199/53 319/195/50
f 316/193/49 330/200/54 329/190/46
f 310/197/51 325/201/55 324/198/52
f 310/197/51 311/202/56 325/201/55
f 305/203/57 319/195/50 304/199/53
f 303/194/15 330/204/54 317/205/58
f 312/179/35 325/201/55 311/202/56
f 305/203/57 306/180/36 320/182/38
s 26
f 319/206/1 323/207/1 327/208/1
s 27
f 313/209/2 309/210/2 305/211/2
s 1
f 62/3/1 64/76/1 232/75/1
f 62/3/1 232/75/1 134/1/1
f 136/2/1 140/72/1 62/3/1
s 2
f 151/212/2 150/65/2 55/13/2
f 58/71/2 144/9/2 141/213/2
f 58/71/2 141/213/2 142/214/2
f 152/215/2 151/212/2 55/13/2
f 152/215/2 55/13/2 155/92/2
f 51/4/2 58/71/2 142/214/2
f 51/4/2 142/214/2 143/216/2
f 152/215/2 155/92/2 51/4/2
f 153/217/2 152/215/2 51/4/2
f 51/4/2 143/216/2 148/218/2
f 51/4/2 148/218/2 147/5/2
f 149/6/2 153/217/2 51/4/2
s 3
f 59/10/3 64/219/3 62/11/4
s 4
f 55/13/5 57/16/6 235/14/6
f 57/16/6 56/220/7 63/17/7
s 3
f 63/17/8 56/220/8 54/12/4
s 5
f 195/18/9 66/21/10 60/19/10
f 66/21/10 65/23/11 61/22/11
s 3
f 65/23/12 64/219/3 59/10/3
s 6
f 51/24/13 173/37/14 178/25/14
s 7
f 170/27/15 175/221/15 179/28/16
s 1
f 176/31/1 52/222/1 53/26/1
f 53/26/1 178/25/1 239/30/1
s 8
f 52/32/17 176/38/18 169/33/18
s 2
f 173/37/2 51/24/2 50/35/2
f 50/35/2 169/84/2 238/36/2
s 8
f 176/38/18 177/40/19 171/39/19
s 7
f 177/40/20 175/221/15 170/27/15
f 179/28/16 180/42/21 174/41/21
s 6
f 180/42/22 178/25/14 173/37/14
s 9
f 185/43/23 154/223/23 49/44/23
s 10
f 188/46/24 187/50/24 184/47/24
s 11
f 182/45/25 181/51/25 186/49/25
s 12
f 187/50/26 186/49/26 181/51/26
s 14
f 192/55/27 191/224/28 189/56/28
f 183/48/29 189/60/28 191/58/28
s 15
f 49/44/30 154/223/30 192/55/30
s 16
f 49/59/1 190/225/1 189/60/1
s 13
f 191/58/2 192/226/2 154/53/2
s 2
f 145/227/2 144/9/2 59/69/2
f 59/69/2 54/66/2 150/65/2
f 146/70/2 145/227/2 59/69/2
s 4
f 50/89/31 155/92/32 156/90/32
f 155/92/32 55/13/5 234/15/5
s 5
f 58/94/9 51/24/33 53/26/33
s 1
f 194/228/1 232/75/1 195/79/1
f 234/15/1 140/72/1 138/229/1
f 234/15/1 138/229/1 237/230/1
f 236/231/1 194/228/1 195/79/1
f 133/232/1 236/231/1 195/79/1
f 156/90/1 234/15/1 237/230/1
f 156/90/1 237/230/1 139/233/1
f 133/232/1 195/79/1 53/96/1
f 193/234/1 133/232/1 53/96/1
f 53/96/1 156/90/1 139/233/1
f 53/96/1 139/233/1 233/235/1
f 135/98/1 193/234/1 53/96/1
f 53/96/1 233/235/1 137/97/1
s 17
f 252/102/1 254/153/1 295/152/1
f 252/102/1 295/152/1 258/100/1
f 260/101/1 264/149/1 252/102/1
s 18
f 275/236/2 274/142/2 245/112/2
f 248/148/2 268/108/2 265/237/2
f 248/148/2 265/237/2 266/238/2
f 276/239/2 275/236/2 245/112/2
f 276/239/2 245/112/2 278/169/2
f 241/103/2 248/148/2 266/238/2
f 241/103/2 266/238/2 267/240/2
f 276/239/2 278/169/2 241/103/2
f 277/241/2 276/239/2 241/103/2
f 241/103/2 267/240/2 272/242/2
f 241/103/2 272/242/2 271/104/2
f 273/105/2 277/241/2 241/103/2
s 19
f 249/109/3 254/243/3 252/110/4
s 20
f 245/112/5 247/115/6 298/113/6
f 247/115/6 246/244/7 253/116/7
s 19
f 253/116/8 246/244/8 244/111/4
s 21
f 294/117/9 256/120/10 250/118/10
f 256/120/10 255/122/11 251/121/11
s 19
f 255/122/12 254/243/3 249/109/3
s 22
f 241/123/13 284/136/14 289/124/14
s 23
f 281/126/15 286/245/15 290/127/16
s 17
f 287/130/1 242/246/1 243/125/1
f 243/125/1 289/124/1 302/129/1
s 24
f 242/131/17 287/137/18 280/132/18
s 18
f 284/136/2 241/123/2 240/134/2
f 240/134/2 280/161/2 301/135/2
s 24
f 287/137/18 288/139/19 282/138/19
s 23
f 288/139/20 286/245/15 281/126/15
f 290/127/16 291/141/21 285/140/21
s 22
f 291/141/22 289/124/14 284/136/14
s 18
f 269/247/2 268/108/2 249/146/2
f 249/146/2 244/143/2 274/142/2
f 270/147/2 269/247/2 249/146/2
s 20
f 240/166/31 278/169/32 279/167/32
f 278/169/32 245/112/5 297/114/5
s 21
f 248/171/9 241/123/33 243/125/33
s 17
f 293/248/1 295/152/1 294/156/1
f 297/114/1 264/149/1 262/249/1
f 297/114/1 262/249/1 300/250/1
f 299/251/1 293/248/1 294/156/1
f 257/252/1 299/251/1 294/156/1
f 279/167/1 297/114/1 300/250/1
f 279/167/1 300/250/1 263/253/1
f 257/252/1 294/156/1 243/173/1
f 292/254/1 257/252/1 243/173/1
f 243/173/1 279/167/1 263/253/1
f 243/173/1 263/253/1 296/255/1
f 259/175/1 292/254/1 243/173/1
f 243/173/1 296/255/1 261/174/1
s 25
f 313/177/34 327/185/41 326/178/35
f 307/183/39 308/192/48 323/188/44
f 309/191/47 324/198/52 323/188/44
f 316/193/49 317/256/58 330/200/54
f 305/203/57 320/182/38 319/195/50
f 303/194/15 318/196/15 330/204/54
f 312/179/35 326/178/35 325/201/55
s 26
f 330/257/1 318/258/1 319/206/1
f 319/206/1 320/259/1 321/260/1
f 321/260/1 322/261/1 323/207/1
f 323/207/1 324/262/1 325/263/1
f 325/263/1 326/264/1 327/208/1
f 327/208/1 328/265/1 329/266/1
f 329/266/1 330/257/1 319/206/1
f 319/206/1 321/260/1 323/207/1
f 323/207/1 325/263/1 327/208/1
f 327/208/1 329/266/1 319/206/1
s 27
f 304/267/2 303/268/2 317/269/2
f 317/269/2 316/270/2 315/271/2
f 315/271/2 314/272/2 313/209/2
f 313/209/2 312/273/2 311/274/2
f 311/274/2 310/275/2 309/210/2
f 309/210/2 308/276/2 307/277/2
f 307/277/2 306/278/2 305/211/2
f 305/211/2 304/267/2 317/269/2
f 317/269/2 315/271/2 313/209/2
f 313/209/2 311/274/2 309/210/2
f 309/210/2 307/277/2 305/211/2
f 305/211/2 317/269/2 313/209/2
s 28
g RoverModificado.002_SpacialRoverExploreralumGray
usemtl SpacialRoverExploreralumGray
f 3/279/59 2/280/59 1/281/59
s 29
f 5/282/60 4/283/60 3/279/60
s 30
f 7/284/61 6/285/61 5/282/61
s 31
f 9/286/62 8/287/62 7/284/62
s 32
f 11/288/25 10/289/25 9/286/25
s 33
f 13/290/63 12/291/63 11/288/63
s 34
f 15/292/64 14/293/64 13/290/64
s 35
f 17/294/48 16/295/48 15/292/48
s 36
f 19/296/65 18/297/65 17/294/65
s 37
f 21/298/66 20/299/66 19/296/66
s 38
f 23/300/35 22/301/35 21/298/35
s 39
f 1/281/67 24/302/67 23/303/67
s 40
f 7/304/2 3/305/2 19/306/2
s 41
f 3/279/59 4/283/59 2/280/59
s 42
f 5/282/60 6/285/60 4/283/60
s 43
f 7/284/61 8/287/61 6/285/61
s 44
f 9/286/62 10/289/62 8/287/62
s 45
f 11/288/25 12/291/25 10/289/25
s 46
f 13/290/63 14/293/63 12/291/63
s 47
f 15/292/64 16/295/64 14/293/64
s 48
f 17/294/48 18/297/48 16/295/48
s 49
f 19/296/65 20/299/65 18/297/65
s 50
f 21/298/66 22/301/66 20/299/66
s 51
f 23/300/35 24/307/35 22/301/35
s 52
f 1/281/67 2/280/67 24/302/67
s 40
f 3/305/2 1/281/2 23/303/2
f 23/303/2 21/308/2 3/305/2
f 21/308/2 19/306/2 3/305/2
f 19/306/2 17/309/2 11/310/2
f 17/309/2 15/311/2 11/310/2
f 15/311/2 13/312/2 11/310/2
f 11/310/2 9/313/2 7/304/2
f 7/304/2 5/314/2 3/305/2
f 11/310/2 7/304/2 19/306/2
s 53
f 34/315/68 166/316/69 165/317/70
s 54
f 26/318/71 163/319/72 157/320/73
s 55
f 27/321/74 160/322/75 163/319/76
s 53
f 29/323/77 161/324/78 166/316/69
s 54
f 30/325/79 158/326/80 161/324/81
s 56
f 164/327/82 33/328/83 159/329/84
s 57
f 159/329/85 31/330/86 167/331/87
s 58
f 162/332/88 36/333/89 168/334/90
s 53
f 168/334/91 34/315/68 165/317/70
s 54
f 28/335/92 157/320/73 158/326/80
s 57
f 35/336/93 167/331/87 31/330/86
s 55
f 32/337/94 160/322/75 25/338/95
s 53
f 34/315/68 29/323/77 166/316/69
s 54
f 26/318/71 27/321/96 163/319/72
s 55
f 27/321/74 25/338/95 160/322/75
s 53
f 29/323/77 30/325/97 161/324/78
s 54
f 30/325/79 28/335/92 158/326/80
s 55
f 164/327/98 32/337/94 33/328/99
s 57
f 159/329/85 33/328/100 31/330/86
f 162/332/101 35/339/93 36/333/89
s 53
f 168/334/91 36/333/102 34/315/68
s 54
f 28/335/92 26/318/71 157/320/73
s 57
f 35/336/93 162/340/101 167/331/87
s 55
f 32/337/94 164/327/98 160/322/75
s 59
f 389/341/23 355/342/23 388/343/103
f 355/342/23 389/341/23 390/344/104
f 355/342/23 354/345/103 388/343/103
f 390/344/104 356/346/104 355/342/23
f 354/345/103 387/347/105 388/343/103
f 390/344/104 391/348/42 356/346/104
f 354/345/103 353/349/105 387/347/105
f 391/348/42 357/350/42 356/346/104
f 391/348/42 392/351/106 357/350/42
f 392/351/106 358/352/106 357/350/42
f 353/349/105 386/353/107 387/347/105
f 386/353/107 353/349/105 352/354/107
f 392/351/106 393/355/48 358/352/106
f 393/355/48 359/356/48 358/352/106
f 386/353/107 352/354/107 385/357/25
f 352/354/107 351/358/25 385/357/25
f 351/358/25 384/359/53 385/357/25
f 393/355/48 394/360/108 359/356/48
f 351/358/25 350/361/53 384/359/53
f 394/360/108 360/362/108 359/356/48
f 394/360/108 395/363/109 360/362/108
f 384/359/53 350/361/53 383/364/110
f 350/361/53 349/365/110 383/364/110
f 360/362/108 395/363/109 361/366/109
f 349/365/110 382/367/15 383/364/110
f 361/366/109 395/363/109 362/368/111
f 349/365/110 348/369/15 382/367/15
f 362/368/111 395/363/109 396/370/111
f 348/369/15 381/371/112 382/367/15
f 381/371/112 348/369/15 347/372/112
f 362/368/111 396/370/111 365/373/113
f 365/373/113 331/374/113 362/368/111
f 365/373/113 366/375/114 331/374/113
f 381/371/112 347/372/112 380/376/58
f 380/376/58 347/372/112 346/377/58
f 331/374/113 366/375/114 332/378/114
f 332/378/114 366/375/114 367/379/56
f 332/378/114 367/379/56 333/380/56
f 380/376/58 346/377/58 379/381/115
f 346/382/58 345/383/115 379/384/115
f 345/383/115 378/385/116 379/384/115
f 333/380/56 367/379/56 368/386/117
f 345/383/115 344/387/116 378/385/116
f 333/380/56 368/386/117 334/388/117
f 378/385/116 344/387/116 377/389/60
f 334/388/117 368/386/117 369/390/35
f 334/388/117 369/390/35 335/391/35
f 377/389/60 344/387/116 343/392/60
f 335/391/35 369/390/35 370/393/118
f 377/389/60 343/392/60 376/394/119
f 335/391/35 370/393/118 336/395/118
f 376/394/119 343/392/60 342/396/119
f 336/395/118 370/393/118 371/397/34
f 376/394/119 342/396/119 375/398/120
f 336/395/118 371/397/34 337/399/34
f 375/398/120 342/396/119 341/400/120
f 337/399/34 371/397/34 372/401/121
f 375/398/120 341/400/120 374/402/122
f 374/402/122 341/400/120 340/403/122
f 337/399/34 372/401/121 338/404/121
f 374/402/122 340/403/122 373/405/123
f 338/404/121 372/401/121 373/405/123
f 373/405/123 340/403/122 339/406/123
f 338/404/121 373/405/123 339/406/123
s 60
f 831/407/124 854/408/125 855/409/124
f 837/410/126 862/411/127 838/412/127
f 828/413/128 841/414/129 852/415/128
f 834/416/130 859/417/131 835/418/131
f 831/407/124 856/419/132 832/420/132
f 827/421/129 862/411/127 841/414/129
f 828/422/128 853/423/133 829/424/133
f 835/418/131 860/425/134 836/426/134
f 833/427/135 856/419/132 857/428/135
f 829/429/133 854/408/125 830/430/125
f 836/426/134 861/431/126 837/410/126
f 833/427/135 858/432/130 834/416/130
s 61
f 501/433/136 479/434/137 502/435/136
f 497/436/138 500/437/139 498/438/138
f 493/439/140 496/440/141 494/441/140
s 62
f 497/442/142 957/443/143 495/444/142
s 61
f 489/445/144 492/446/145 490/447/144
f 485/448/146 488/449/147 486/450/146
f 481/451/148 484/452/149 482/453/148
s 63
f 523/454/60 526/455/150 524/456/150
s 64
f 519/457/62 522/458/151 520/459/151
s 65
f 515/460/63 518/461/152 516/462/152
s 66
f 512/463/153 513/464/48 514/465/153
s 67
f 507/466/66 510/467/154 508/468/154
s 68
f 503/469/155 505/470/67 506/471/155
s 66
f 821/472/156 514/473/153 824/474/156
s 64
f 805/475/157 522/476/151 808/477/157
s 69
f 499/478/158 946/479/159 949/480/159
s 70
f 953/481/59 522/476/59 521/482/59
s 71
f 493/483/160 965/484/161 491/485/160
s 72
f 485/486/162 939/487/163 483/488/162
s 66
f 490/489/164 820/490/165 825/491/165
s 64
f 496/492/166 809/493/167 498/494/166
s 73
f 942/495/59 508/496/59 793/497/59
s 74
f 929/498/61 779/499/61 780/500/61
f 928/501/61 780/500/61 781/502/61
s 72
f 935/503/168 507/466/169 942/504/168
s 75
f 930/505/170 505/470/171 504/506/171
s 68
f 479/507/172 785/508/173 482/509/172
f 781/502/174 783/510/175 786/511/174
s 76
f 935/503/64 510/512/64 509/513/64
f 936/514/64 790/515/64 935/516/64
s 73
f 941/517/59 793/497/59 794/518/59
s 69
f 943/519/176 523/454/177 948/520/176
s 72
f 937/521/178 941/522/179 940/523/178
s 67
f 793/497/180 510/512/154 790/515/180
f 486/524/181 792/525/182 787/526/182
f 788/527/183 794/518/184 789/528/184
s 77
f 948/529/25 524/530/25 801/531/25
f 949/532/25 799/533/25 800/534/25
s 78
f 946/535/35 796/536/35 945/537/35
f 944/538/35 798/539/35 943/540/35
s 69
f 950/541/185 944/542/186 947/543/186
s 63
f 801/531/187 526/544/150 798/539/187
f 500/545/188 795/546/189 502/547/188
f 799/533/190 797/548/191 796/536/190
s 62
f 951/549/192 955/550/193 958/551/192
s 64
f 803/552/194 807/553/195 810/554/194
s 70
f 954/555/59 808/477/59 953/556/59
s 62
f 953/481/196 519/457/197 956/557/196
s 71
f 959/558/198 515/460/199 964/559/198
s 79
f 955/560/64 805/475/64 806/561/64
s 80
f 964/562/65 516/563/65 817/564/65
f 963/565/65 817/564/65 818/566/65
s 81
f 959/558/61 518/567/61 517/568/61
f 960/569/61 814/570/61 959/571/61
s 71
f 961/572/200 963/573/201 966/574/200
s 65
f 817/564/202 518/567/152 814/570/202
f 494/575/203 816/576/204 811/577/204
f 812/578/205 818/566/206 813/579/206
s 82
f 970/580/35 512/581/35 821/472/35
f 969/582/35 821/472/35 822/583/35
s 66
f 819/584/207 823/585/208 826/586/207
s 83
f 970/587/209 513/464/210 511/588/210
f 489/589/211 967/590/212 487/591/211
f 968/592/213 974/593/214 969/594/214
s 61
f 638/595/215 480/596/137 501/433/136
f 637/597/215 615/598/123 638/599/215
f 636/600/216 501/433/136 499/601/139
f 635/602/216 638/599/215 636/603/216
f 634/604/217 499/601/139 497/436/138
s 84
f 625/605/66 644/606/66 626/607/66
s 61
f 632/608/218 497/436/138 495/609/141
f 631/610/218 634/611/217 632/612/218
f 630/613/219 495/609/141 493/439/140
f 629/614/219 632/612/218 630/615/219
f 628/616/220 493/439/140 491/617/145
f 627/618/220 630/615/219 628/619/220
f 626/620/221 491/617/145 489/445/144
s 85
f 619/621/1 639/622/1 617/623/1
s 61
f 487/624/147 626/620/221 489/445/144
f 624/625/222 625/626/221 626/627/221
f 622/628/113 487/624/147 485/448/146
f 622/629/113 623/630/222 624/625/222
f 620/631/223 485/448/146 483/632/149
f 619/633/223 622/629/113 620/634/223
f 618/635/224 483/632/149 481/451/148
s 86
f 636/636/67 649/637/67 635/638/67
s 61
f 615/639/123 481/640/148 480/596/137
f 616/641/123 618/642/224 615/639/123
s 87
f 647/643/61 650/644/61 648/645/61
s 88
f 643/646/64 646/647/64 644/648/64
s 89
f 639/622/35 642/649/35 640/650/35
s 90
f 636/636/2 648/651/2 650/652/2
s 91
f 620/653/48 641/654/48 619/655/48
s 92
f 633/656/1 649/657/1 647/643/1
s 93
f 628/658/2 644/606/2 646/659/2
s 94
f 633/656/63 648/651/63 634/660/63
s 95
f 628/658/62 645/661/62 627/662/62
s 96
f 627/662/1 643/646/1 625/663/1
s 97
f 617/623/60 640/664/60 618/665/60
s 98
f 618/665/2 642/666/2 620/653/2
s 74
f 927/667/61 781/502/61 782/668/61
s 76
f 937/521/64 789/528/64 936/669/64
f 938/670/64 788/527/64 937/671/64
s 73
f 940/672/59 794/518/59 791/673/59
f 939/674/59 791/673/59 792/675/59
s 78
f 945/676/35 797/548/35 944/542/35
s 77
f 950/677/25 802/678/25 799/533/25
f 947/679/25 801/531/25 802/678/25
s 79
f 958/680/64 806/561/64 803/552/64
f 957/681/64 803/552/64 804/682/64
s 70
f 951/549/59 807/553/59 954/683/59
f 952/684/59 810/554/59 951/685/59
s 81
f 961/572/61 813/579/61 960/686/61
f 962/687/61 812/578/61 961/688/61
s 80
f 966/689/65 818/566/65 815/690/65
f 965/691/65 815/690/65 816/576/65
s 82
f 968/692/35 822/583/35 819/584/35
f 967/693/35 819/584/35 820/490/35
s 68
f 781/502/174 785/508/173 782/668/173
f 784/694/225 780/500/175 779/499/225
s 67
f 788/527/183 792/675/182 791/673/183
f 790/515/180 794/518/184 793/497/180
s 63
f 796/536/190 800/534/189 799/533/190
f 798/539/187 802/678/191 801/531/187
s 64
f 810/554/194 804/682/167 803/552/194
f 808/477/157 806/561/195 805/475/157
s 65
f 812/578/205 816/576/204 815/690/205
f 817/564/202 813/579/206 818/566/206
s 66
f 826/586/207 820/490/165 819/584/207
f 824/474/156 822/583/208 821/472/156
s 68
f 779/499/225 506/695/155 784/694/225
s 61
f 838/696/215 616/641/123 637/697/215
f 837/698/226 637/697/215 635/699/216
f 836/700/112 635/699/216 633/701/217
f 835/702/218 633/701/217 631/703/218
f 834/704/219 631/703/218 629/705/219
f 833/706/23 629/705/219 627/707/220
f 832/708/227 627/707/220 625/709/221
f 623/710/222 832/708/227 625/709/221
f 830/711/113 623/710/222 621/712/113
f 829/424/228 621/712/113 619/713/223
f 828/422/229 619/713/223 617/714/224
f 827/715/123 617/716/224 616/641/123
s 99
f 339/717/2 865/718/2 894/719/2
f 353/720/2 893/721/2 352/722/2
f 338/723/2 894/719/2 892/724/2
f 352/722/2 891/725/2 351/726/2
f 337/727/2 892/724/2 890/728/2
f 351/726/2 889/729/2 350/730/2
f 336/731/2 890/728/2 888/732/2
f 349/733/2 889/729/2 887/734/2
f 362/735/2 875/736/2 886/737/2
f 335/738/2 888/732/2 885/739/2
f 349/733/2 884/740/2 348/741/2
f 361/742/2 886/737/2 883/743/2
f 334/744/2 885/739/2 882/745/2
f 348/741/2 881/746/2 347/747/2
f 361/742/2 880/748/2 360/749/2
f 333/750/2 882/745/2 879/751/2
f 347/747/2 878/752/2 346/753/2
f 360/749/2 877/754/2 359/755/2
f 332/756/2 879/751/2 876/757/2
f 346/753/2 874/758/2 345/759/2
f 359/755/2 873/760/2 358/761/2
f 332/756/2 875/736/2 331/762/2
f 344/763/2 874/758/2 872/764/2
f 358/761/2 871/765/2 357/766/2
f 343/767/2 872/764/2 870/768/2
f 357/766/2 869/769/2 356/770/2
f 342/771/2 870/768/2 868/772/2
f 356/770/2 867/773/2 355/774/2
f 341/775/2 868/772/2 866/776/2
f 355/774/2 864/777/2 354/778/2
f 340/779/2 866/776/2 865/718/2
f 354/778/2 863/780/2 353/720/2
s 100
f 366/781/1 926/782/1 895/783/1
f 367/784/1 895/783/1 896/785/1
f 367/784/1 897/786/1 368/787/1
f 368/787/1 898/788/1 369/789/1
f 369/789/1 899/790/1 370/791/1
f 370/791/1 900/792/1 371/793/1
f 371/793/1 901/794/1 372/795/1
f 372/795/1 902/796/1 373/797/1
f 373/797/1 903/798/1 374/799/1
f 374/799/1 904/800/1 375/801/1
f 375/801/1 905/802/1 376/803/1
f 376/803/1 906/804/1 377/805/1
f 377/805/1 907/806/1 378/807/1
f 378/807/1 908/808/1 379/809/1
f 379/809/1 909/810/1 380/811/1
f 380/811/1 910/812/1 381/813/1
f 381/813/1 911/814/1 382/815/1
f 382/815/1 912/816/1 383/817/1
f 383/817/1 913/818/1 384/819/1
f 385/820/1 913/818/1 914/821/1
f 386/822/1 914/821/1 915/823/1
f 387/824/1 915/823/1 916/825/1
f 388/826/1 916/825/1 917/827/1
f 389/828/1 917/827/1 918/829/1
f 390/830/1 918/829/1 919/831/1
f 391/832/1 919/831/1 920/833/1
f 392/834/1 920/833/1 921/835/1
f 393/836/1 921/835/1 922/837/1
f 394/838/1 922/837/1 923/839/1
f 395/840/1 923/839/1 924/841/1
f 396/842/1 924/841/1 925/843/1
f 365/844/1 925/843/1 926/782/1
s 74
f 927/667/61 479/507/61 480/845/61
s 101
f 482/509/65 932/846/65 481/847/65
s 76
f 486/848/64 938/849/64 485/486/64
s 73
f 484/850/59 939/851/59 792/675/59
s 74
f 930/852/61 503/853/61 779/499/61
s 78
f 502/547/35 946/479/35 501/854/35
s 77
f 500/545/25 949/855/25 800/534/25
s 70
f 498/494/59 952/856/59 497/442/59
s 79
f 496/492/64 957/857/64 804/682/64
s 81
f 494/575/61 962/858/61 493/483/61
s 80
f 492/859/65 965/860/65 816/576/65
s 82
f 488/861/35 967/862/35 820/490/35
s 102
f 490/489/25 972/863/25 489/589/25
s 75
f 930/864/170 934/865/230 933/866/170
s 72
f 940/867/178 938/670/163 937/671/178
f 942/868/168 936/514/179 935/516/168
s 69
f 950/869/185 946/535/159 945/537/185
f 948/870/176 944/538/186 943/540/176
s 62
f 951/685/192 957/871/143 952/684/143
f 956/872/196 954/555/193 953/556/196
s 71
f 966/873/200 962/687/161 961/688/200
f 959/571/198 963/874/201 960/569/201
s 83
f 971/875/213 967/876/212 972/877/212
f 973/878/209 969/879/214 974/880/214
s 75
f 481/847/231 927/881/232 480/882/231
s 78
f 943/519/35 526/544/35 525/883/35
s 101
f 932/884/65 786/511/65 931/885/65
f 931/886/65 783/510/65 934/887/65
f 934/865/65 784/694/65 933/866/65
f 933/888/65 506/695/65 505/470/65
s 79
f 956/889/64 520/890/64 805/475/64
s 75
f 932/884/232 928/891/233 927/892/232
f 929/893/230 931/886/234 934/887/230
s 102
f 972/877/25 826/586/25 971/875/25
f 971/894/25 823/585/25 974/593/25
f 974/880/25 824/474/25 973/878/25
f 973/895/25 514/473/25 513/464/25
s 60
f 831/407/124 830/430/125 854/408/125
f 837/410/126 861/431/126 862/411/127
f 828/413/128 827/421/129 841/414/129
f 834/416/130 858/432/130 859/417/131
f 831/407/124 855/409/124 856/419/132
f 827/421/129 838/412/127 862/411/127
f 828/422/128 852/896/128 853/423/133
f 835/418/131 859/417/131 860/425/134
f 833/427/135 832/420/132 856/419/132
f 829/429/133 853/897/133 854/408/125
f 836/426/134 860/425/134 861/431/126
f 833/427/135 857/428/135 858/432/130
s 61
f 501/433/136 480/596/137 479/434/137
f 497/436/138 499/601/139 500/437/139
f 493/439/140 495/609/141 496/440/141
s 62
f 497/442/142 952/856/143 957/443/143
s 61
f 489/445/144 491/617/145 492/446/145
f 485/448/146 487/624/147 488/449/147
f 481/451/148 483/632/149 484/452/149
s 63
f 523/454/60 525/883/60 526/455/150
s 64
f 519/457/62 521/482/62 522/458/151
s 65
f 515/460/63 517/568/63 518/461/152
s 66
f 512/463/153 511/588/48 513/464/48
s 67
f 507/466/66 509/513/66 510/467/154
s 68
f 503/469/155 504/506/67 505/470/67
s 66
f 821/472/156 512/581/153 514/473/153
s 64
f 805/475/157 520/890/151 522/476/151
s 69
f 499/478/158 501/854/158 946/479/159
s 70
f 953/481/59 808/477/59 522/476/59
s 71
f 493/483/160 962/858/161 965/484/161
s 72
f 485/486/162 938/849/163 939/487/163
s 66
f 490/489/164 488/861/164 820/490/165
s 64
f 496/492/166 804/682/167 809/493/167
s 73
f 942/495/59 507/898/59 508/496/59
s 74
f 929/498/61 930/899/61 779/499/61
f 928/501/61 929/900/61 780/500/61
s 72
f 935/503/168 509/513/169 507/466/169
s 75
f 930/505/170 933/888/170 505/470/171
s 68
f 479/507/172 782/668/173 785/508/173
f 781/502/174 780/500/175 783/510/175
s 76
f 935/503/64 790/515/64 510/512/64
f 936/514/64 789/528/64 790/515/64
s 73
f 941/517/59 942/901/59 793/497/59
s 69
f 943/519/176 525/883/177 523/454/177
s 72
f 937/521/178 936/669/179 941/522/179
s 67
f 793/497/180 508/496/154 510/512/154
f 486/524/181 484/902/235 792/525/182
f 788/527/183 791/673/183 794/518/184
s 77
f 948/529/25 523/903/25 524/530/25
f 949/532/25 950/904/25 799/533/25
s 78
f 946/535/35 795/546/35 796/536/35
f 944/538/35 797/548/35 798/539/35
s 69
f 950/541/185 945/676/185 944/542/186
s 63
f 801/531/187 524/530/150 526/544/150
f 500/545/188 800/534/189 795/546/189
f 799/533/190 802/678/191 797/548/191
s 62
f 951/549/192 954/683/193 955/550/193
s 64
f 803/552/194 806/561/195 807/553/195
s 70
f 954/555/59 807/553/59 808/477/59
s 62
f 953/481/196 521/482/197 519/457/197
s 71
f 959/558/198 517/568/199 515/460/199
s 79
f 955/560/64 956/905/64 805/475/64
s 80
f 964/562/65 515/906/65 516/563/65
f 963/565/65 964/907/65 817/564/65
s 81
f 959/558/61 814/570/61 518/567/61
f 960/569/61 813/579/61 814/570/61
s 71
f 961/572/200 960/686/201 963/573/201
s 65
f 817/564/202 516/563/152 518/567/152
f 494/575/203 492/859/203 816/576/204
f 812/578/205 815/690/205 818/566/206
s 82
f 970/580/35 511/908/35 512/581/35
f 969/582/35 970/909/35 821/472/35
s 66
f 819/584/207 822/583/208 823/585/208
s 83
f 970/587/209 973/895/209 513/464/210
f 489/589/211 972/863/212 967/590/212
f 968/592/213 971/894/213 974/593/214
s 61
f 638/595/215 615/639/123 480/596/137
f 637/597/215 616/910/123 615/598/123
f 636/600/216 638/595/215 501/433/136
f 635/602/216 637/597/215 638/599/215
f 634/604/217 636/600/216 499/601/139
s 84
f 625/605/66 643/911/66 644/606/66
s 61
f 632/608/218 634/604/217 497/436/138
f 631/610/218 633/912/217 634/611/217
f 630/613/219 632/608/218 495/609/141
f 629/614/219 631/610/218 632/612/218
f 628/616/220 630/613/219 493/439/140
f 627/618/220 629/614/219 630/615/219
f 626/620/221 628/616/220 491/617/145
s 85
f 619/621/1 641/913/1 639/622/1
s 61
f 487/624/147 624/914/222 626/620/221
f 624/625/222 623/630/222 625/626/221
f 622/628/113 624/914/222 487/624/147
f 622/629/113 621/915/113 623/630/222
f 620/631/223 622/628/113 485/448/146
f 619/633/223 621/915/113 622/629/113
f 618/635/224 620/631/223 483/632/149
s 86
f 636/636/67 650/652/67 649/637/67
s 61
f 615/639/123 618/642/224 481/640/148
f 616/641/123 617/716/224 618/642/224
s 87
f 647/643/61 649/657/61 650/644/61
s 88
f 643/646/64 645/661/64 646/647/64
s 89
f 639/622/35 641/913/35 642/649/35
s 90
f 636/636/2 634/660/2 648/651/2
s 91
f 620/653/48 642/666/48 641/654/48
s 92
f 633/656/1 635/916/1 649/657/1
s 93
f 628/658/2 626/607/2 644/606/2
s 94
f 633/656/63 647/643/63 648/651/63
s 95
f 628/658/62 646/659/62 645/661/62
s 96
f 627/662/1 645/661/1 643/646/1
s 97
f 617/623/60 639/622/60 640/664/60
s 98
f 618/665/2 640/664/2 642/666/2
s 74
f 927/667/61 928/917/61 781/502/61
s 76
f 937/521/64 788/527/64 789/528/64
f 938/670/64 787/918/64 788/527/64
s 73
f 940/672/59 941/919/59 794/518/59
f 939/674/59 940/920/59 791/673/59
s 78
f 945/676/35 796/536/35 797/548/35
s 77
f 950/677/25 947/921/25 802/678/25
f 947/679/25 948/922/25 801/531/25
s 79
f 958/680/64 955/923/64 806/561/64
f 957/681/64 958/924/64 803/552/64
s 70
f 951/549/59 810/554/59 807/553/59
f 952/684/59 809/493/59 810/554/59
s 81
f 961/572/61 812/578/61 813/579/61
f 962/687/61 811/577/61 812/578/61
s 80
f 966/689/65 963/925/65 818/566/65
f 965/691/65 966/926/65 815/690/65
s 82
f 968/692/35 969/927/35 822/583/35
f 967/693/35 968/928/35 819/584/35
s 68
f 781/502/174 786/511/174 785/508/173
f 784/694/225 783/510/175 780/500/175
s 67
f 788/527/183 787/918/182 792/675/182
f 790/515/180 789/528/184 794/518/184
s 63
f 796/536/190 795/546/189 800/534/189
f 798/539/187 797/548/191 802/678/191
s 64
f 810/554/194 809/493/167 804/682/167
f 808/477/157 807/553/195 806/561/195
s 65
f 812/578/205 811/577/204 816/576/204
f 817/564/202 814/570/202 813/579/206
s 66
f 826/586/207 825/491/165 820/490/165
f 824/474/156 823/585/208 822/583/208
s 68
f 779/499/225 503/853/155 506/695/155
s 61
f 838/696/215 827/715/123 616/641/123
f 837/698/226 838/696/215 637/697/215
f 836/700/112 837/698/226 635/699/216
f 835/702/218 836/700/112 633/701/217
f 834/704/219 835/702/218 631/703/218
f 833/706/23 834/704/219 629/705/219
f 832/708/227 833/706/23 627/707/220
f 623/710/222 831/929/222 832/708/227
f 830/711/113 831/929/222 623/710/222
f 829/424/228 830/711/113 621/712/113
f 828/422/229 829/424/228 619/713/223
f 827/715/123 828/930/229 617/716/224
s 99
f 339/717/2 340/779/2 865/718/2
f 353/720/2 863/780/2 893/721/2
f 338/723/2 339/717/2 894/719/2
f 352/722/2 893/721/2 891/725/2
f 337/727/2 338/723/2 892/724/2
f 351/726/2 891/725/2 889/729/2
f 336/731/2 337/727/2 890/728/2
f 349/733/2 350/730/2 889/729/2
f 362/735/2 331/762/2 875/736/2
f 335/738/2 336/731/2 888/732/2
f 349/733/2 887/734/2 884/740/2
f 361/742/2 362/735/2 886/737/2
f 334/744/2 335/738/2 885/739/2
f 348/741/2 884/740/2 881/746/2
f 361/742/2 883/743/2 880/748/2
f 333/750/2 334/744/2 882/745/2
f 347/747/2 881/746/2 878/752/2
f 360/749/2 880/748/2 877/754/2
f 332/756/2 333/750/2 879/751/2
f 346/753/2 878/752/2 874/758/2
f 359/755/2 877/754/2 873/760/2
f 332/756/2 876/757/2 875/736/2
f 344/763/2 345/759/2 874/758/2
f 358/761/2 873/760/2 871/765/2
f 343/767/2 344/763/2 872/764/2
f 357/766/2 871/765/2 869/769/2
f 342/771/2 343/767/2 870/768/2
f 356/770/2 869/769/2 867/773/2
f 341/775/2 342/771/2 868/772/2
f 355/774/2 867/773/2 864/777/2
f 340/779/2 341/775/2 866/776/2
f 354/778/2 864/777/2 863/780/2
s 100
f 366/781/1 365/844/1 926/782/1
f 367/784/1 366/781/1 895/783/1
f 367/784/1 896/785/1 897/786/1
f 368/787/1 897/786/1 898/788/1
f 369/789/1 898/788/1 899/790/1
f 370/791/1 899/790/1 900/792/1
f 371/793/1 900/792/1 901/794/1
f 372/795/1 901/794/1 902/796/1
f 373/797/1 902/796/1 903/798/1
f 374/799/1 903/798/1 904/800/1
f 375/801/1 904/800/1 905/802/1
f 376/803/1 905/802/1 906/804/1
f 377/805/1 906/804/1 907/806/1
f 378/807/1 907/806/1 908/808/1
f 379/809/1 908/808/1 909/810/1
f 380/811/1 909/810/1 910/812/1
f 381/813/1 910/812/1 911/814/1
f 382/815/1 911/814/1 912/816/1
f 383/817/1 912/816/1 913/818/1
f 385/820/1 384/819/1 913/818/1
f 386/822/1 385/820/1 914/821/1
f 387/824/1 386/822/1 915/823/1
f 388/826/1 387/824/1 916/825/1
f 389/828/1 388/826/1 917/827/1
f 390/830/1 389/828/1 918/829/1
f 391/832/1 390/830/1 919/831/1
f 392/834/1 391/832/1 920/833/1
f 393/836/1 392/834/1 921/835/1
f 394/838/1 393/836/1 922/837/1
f 395/840/1 394/838/1 923/839/1
f 396/842/1 395/840/1 924/841/1
f 365/844/1 396/842/1 925/843/1
s 74
f 927/667/61 782/668/61 479/507/61
s 101
f 482/509/65 785/508/65 932/846/65
s 76
f 486/848/64 787/918/64 938/849/64
s 73
f 484/850/59 483/931/59 939/851/59
s 74
f 930/852/61 504/932/61 503/853/61
s 78
f 502/547/35 795/546/35 946/479/35
s 77
f 500/545/25 499/933/25 949/855/25
s 70
f 498/494/59 809/493/59 952/856/59
s 79
f 496/492/64 495/934/64 957/857/64
s 81
f 494/575/61 811/577/61 962/858/61
s 80
f 492/859/65 491/935/65 965/860/65
s 82
f 488/861/35 487/936/35 967/862/35
s 102
f 490/489/25 825/491/25 972/863/25
s 75
f 930/864/170 929/937/230 934/865/230
s 72
f 940/867/178 939/938/163 938/670/163
f 942/868/168 941/939/179 936/514/179
s 69
f 950/869/185 949/940/159 946/535/159
f 948/870/176 947/941/186 944/538/186
s 62
f 951/685/192 958/942/192 957/871/143
f 956/872/196 955/943/193 954/555/193
s 71
f 966/873/200 965/944/161 962/687/161
f 959/571/198 964/945/198 963/874/201
s 83
f 971/875/213 968/946/213 967/876/212
f 973/878/209 970/947/209 969/879/214
s 75
f 481/847/231 932/846/232 927/881/232
s 78
f 943/519/35 798/539/35 526/544/35
s 101
f 932/884/65 785/508/65 786/511/65
f 931/886/65 786/511/65 783/510/65
f 934/865/65 783/510/65 784/694/65
f 933/888/65 784/694/65 506/695/65
s 79
f 956/889/64 519/948/64 520/890/64
s 75
f 932/884/232 931/885/234 928/891/233
f 929/893/230 928/949/233 931/886/234
s 102
f 972/877/25 825/491/25 826/586/25
f 971/894/25 826/586/25 823/585/25
f 974/880/25 823/585/25 824/474/25
f 973/895/25 824/474/25 514/473/25
s 103
g RoverModificado.002_SpacialRoverExploreralumBlack
usemtl SpacialRoverExploreralumBlack
f 164/950/236 200/951/237 160/952/238
f 168/953/239 208/954/240 162/955/241
f 161/956/242 211/957/243 198/958/244
f 167/959/245 208/960/240 204/961/246
s 104
f 201/962/247 215/963/248 197/964/247
f 203/965/249 216/966/250 202/967/251
s 105
f 204/968/252 214/969/253 203/965/253
s 106
f 210/970/254 197/964/255 196/971/256
s 107
f 199/972/257 219/973/258 213/974/259
s 106
f 198/975/260 205/976/261 217/977/260
s 108
f 208/978/262 212/979/263 204/968/264
s 109
f 213/974/265 207/980/266 209/981/266
s 107
f 199/972/257 217/977/267 218/982/268
s 106
f 211/983/269 196/971/256 205/976/261
s 104
f 202/967/251 215/963/248 200/984/270
s 108
f 209/981/271 206/985/272 208/986/262
s 103
f 159/987/273 202/988/274 164/950/236
f 159/987/273 204/961/246 203/989/275
f 163/990/276 210/991/277 157/992/278
f 161/956/242 199/993/279 166/994/280
f 165/995/281 199/993/279 213/996/282
f 168/953/239 213/996/282 209/997/283
f 157/992/278 211/957/243 158/998/284
f 163/990/276 200/951/237 201/999/285
f 164/950/236 202/988/274 200/951/237
f 168/953/239 209/997/283 208/954/240
f 161/956/242 158/998/284 211/957/243
f 167/959/245 162/1000/241 208/960/240
s 104
f 201/962/247 200/984/270 215/963/248
f 203/965/249 214/969/249 216/966/250
s 108
f 204/968/264 212/979/263 214/969/253
s 106
f 210/970/254 201/962/255 197/964/255
s 107
f 199/972/257 218/982/268 219/973/258
s 106
f 198/975/260 211/983/269 205/976/261
s 108
f 208/978/262 206/1001/272 212/979/263
s 107
f 213/974/259 219/973/258 207/980/266
f 199/972/257 198/975/267 217/977/267
s 106
f 211/983/269 210/970/254 196/971/256
s 104
f 202/967/251 216/966/250 215/963/248
s 108
f 209/981/271 207/980/271 206/985/272
s 103
f 159/987/273 203/989/275 202/988/274
f 159/987/273 167/959/245 204/961/246
f 163/990/276 201/999/285 210/991/277
f 161/956/242 198/958/244 199/993/279
f 165/995/281 166/994/280 199/993/279
f 168/953/239 165/995/281 213/996/282
f 157/992/278 210/991/277 211/957/243
f 163/990/276 160/952/238 200/951/237
s 110
g RoverModificado.002_SpacialRoverExploreralumGrayDeep
usemtl SpacialRoverExploreralumGrayDeep
f 230/1002/53 44/1003/107 46/1004/107
s 111
f 46/1005/1 47/1006/1 98/1007/1
s 112
f 47/1008/106 38/1009/108 40/1010/108
s 111
f 47/1006/1 93/1011/1 92/1012/1
s 113
f 37/1013/2 118/1014/2 132/1015/2
f 44/1016/2 226/1017/2 103/1018/2
s 112
f 38/1019/108 42/1020/109 40/1021/108
s 114
f 39/1022/56 41/1023/117 42/1020/56
s 112
f 47/1008/106 45/1024/42 43/1025/106
s 110
f 48/1026/105 44/1003/107 45/1024/105
s 115
f 224/1027/119 227/1028/116 229/1029/116
s 111
f 41/1030/1 223/1031/1 85/1032/1
f 42/1033/1 89/1034/1 40/1035/1
f 42/1033/1 88/1036/1 90/1037/1
s 115
f 224/1027/119 222/1038/120 220/1039/119
s 114
f 225/1040/34 221/1041/118 222/1038/34
s 110
f 230/1002/53 228/1042/110 226/1043/53
s 115
f 231/1044/115 227/1028/116 228/1042/115
s 114
f 221/1041/118 41/1023/117 37/1045/117
s 113
f 38/1046/2 120/1047/2 122/1048/2
f 38/1046/2 118/1014/2 39/1049/2
f 121/1050/2 43/1051/2 45/1052/2
f 44/1016/2 123/1053/2 124/1054/2
f 228/1055/2 131/1056/2 130/1057/2
f 228/1055/2 127/1058/2 226/1017/2
f 222/1059/2 109/1060/2 111/1061/2
s 111
f 230/1062/1 76/1063/1 75/1064/1
f 230/1062/1 72/1065/1 231/1066/1
f 72/1065/1 229/1067/1 231/1066/1
f 96/1068/1 225/1069/1 224/1070/1
f 229/1067/1 68/1071/1 67/1072/286
f 95/1073/1 225/1069/1 96/1068/1
s 110
f 230/1002/53 226/1043/53 44/1003/107
s 111
f 99/1074/1 81/1075/1 46/1005/1
f 46/1005/1 48/1076/1 47/1006/1
f 47/1006/1 97/1077/1 98/1007/1
f 98/1007/1 99/1074/1 46/1005/1
s 112
f 47/1008/106 43/1025/106 38/1009/108
s 111
f 91/1078/1 97/1077/1 47/1006/1
f 47/1006/1 40/1035/1 89/1034/1
f 47/1006/1 89/1034/1 93/1011/1
f 92/1012/1 91/1078/1 47/1006/1
s 113
f 129/1079/2 128/1080/2 37/1013/2
f 37/1013/2 39/1049/2 118/1014/2
f 132/1015/2 129/1079/2 37/1013/2
f 101/1081/2 100/1082/2 44/1016/2
f 226/1017/2 127/1058/2 126/1083/2
f 226/1017/2 126/1083/2 125/1084/2
f 104/1085/2 101/1081/2 44/1016/2
f 102/1086/2 104/1085/2 44/1016/2
f 226/1017/2 125/1084/2 103/1018/2
f 103/1018/2 102/1086/2 44/1016/2
s 112
f 38/1019/108 39/1022/109 42/1020/109
s 114
f 39/1022/56 37/1045/117 41/1023/117
s 112
f 47/1008/106 48/1026/42 45/1024/42
s 110
f 48/1026/105 46/1004/107 44/1003/107
s 115
f 224/1027/119 220/1039/119 227/1028/116
s 111
f 86/1087/1 88/1036/1 41/1030/1
f 223/1031/1 95/1073/1 94/1088/1
f 223/1031/1 94/1088/1 87/1089/1
f 84/1090/1 86/1087/1 41/1030/1
f 83/1091/1 84/1090/1 41/1030/1
f 223/1031/1 87/1089/1 85/1032/1
f 85/1032/1 83/1091/1 41/1030/1
f 90/1037/1 89/1034/1 42/1033/1
f 42/1033/1 41/1030/1 88/1036/1
s 115
f 224/1027/119 225/1040/120 222/1038/120
s 114
f 225/1040/34 223/1092/118 221/1041/118
s 110
f 230/1002/53 231/1044/110 228/1042/110
s 115
f 231/1044/115 229/1029/116 227/1028/116
s 114
f 221/1041/118 223/1092/118 41/1023/117
s 113
f 119/1093/2 118/1014/2 38/1046/2
f 38/1046/2 43/1051/2 121/1050/2
f 38/1046/2 121/1050/2 120/1047/2
f 122/1048/2 119/1093/2 38/1046/2
f 121/1050/2 45/1052/2 44/1016/2
f 44/1016/2 100/1082/2 123/1053/2
f 124/1054/2 121/1050/2 44/1016/2
f 130/1057/2 127/1058/2 228/1055/2
f 228/1055/2 227/1094/2 131/1056/2
f 116/1095/2 131/1056/2 227/1094/2
f 227/1094/2 220/1096/2 222/1059/2
f 222/1059/2 221/1097/2 37/1013/2
f 37/1013/2 128/1080/2 110/1098/2
f 37/1013/2 110/1098/2 108/1099/2
f 116/1095/2 227/1094/2 222/1059/2
f 115/1100/2 116/1095/2 222/1059/2
f 37/1013/2 108/1099/2 106/1101/2
f 37/1013/2 106/1101/2 105/1102/2
f 117/1103/2 115/1100/2 222/1059/2
f 113/1104/2 117/1103/2 222/1059/2
f 222/1059/2 37/1013/2 105/1102/2
f 222/1059/2 105/1102/2 107/1105/2
f 114/1106/2 113/1104/2 222/1059/2
f 112/1107/2 114/1106/2 222/1059/2
f 222/1059/2 107/1105/2 109/1060/2
f 111/1061/2 112/1107/2 222/1059/2
s 111
f 71/1108/1 72/1065/1 230/1062/1
f 46/1005/1 81/1075/1 78/1109/1
f 46/1005/1 78/1109/1 73/1110/1
f 82/1111/1 71/1108/1 230/1062/1
f 74/1112/1 82/1111/1 230/1062/1
f 46/1005/1 73/1110/1 79/1113/1
f 46/1005/1 79/1113/1 76/1063/1
f 80/1114/1 74/1112/1 230/1062/1
f 77/1115/1 80/1114/1 230/1062/1
f 230/1062/1 46/1005/1 76/1063/1
f 75/1064/1 77/1115/1 230/1062/1
f 96/1068/1 224/1070/1 229/1067/1
f 229/1067/1 72/1065/1 70/1116/1
f 229/1067/1 70/1116/1 69/1117/1
f 67/1072/286 96/1068/1 229/1067/1
f 229/1067/1 69/1117/1 68/1071/1
f 95/1073/1 223/1031/1 225/1069/1
s 116
f 474/1118/229 545/1119/123 473/1120/123
s 61
f 502/435/136 527/1121/123 538/1122/215
f 537/1123/226 502/435/136 538/1122/215
f 498/438/138 537/1123/226 536/1124/112
f 496/440/141 536/1124/112 535/1125/218
f 494/441/140 535/1125/218 534/1126/219
f 492/446/145 534/1126/219 533/1127/23
f 490/447/144 533/1127/23 532/1128/227
f 531/1129/222 490/447/144 532/1128/227
f 530/1130/113 488/449/147 531/1129/222
f 484/452/149 530/1130/113 529/1131/228
f 482/453/148 529/1131/228 528/1132/229
f 479/434/137 528/1133/229 527/1121/123
s 117
f 467/1134/2 528/1135/2 468/1136/2
f 468/1136/2 529/1137/2 469/1138/2
f 469/1138/2 530/1139/2 470/1140/2
f 471/1141/2 530/1139/2 531/1142/2
f 471/1141/2 532/1143/2 472/1144/2
f 473/1145/2 532/1143/2 533/1146/2
f 473/1145/2 534/1147/2 474/1148/2
f 475/1149/2 534/1147/2 535/1150/2
f 475/1149/2 536/1151/2 476/1152/2
f 476/1152/2 537/1153/2 477/1154/2
f 477/1154/2 538/1155/2 478/1156/2
f 467/1134/2 538/1155/2 527/1157/2
s 118
f 542/1158/2 546/1159/2 550/1160/2
s 116
f 471/1161/226 542/1162/112 470/1163/112
f 478/1164/227 549/1165/222 477/1166/222
f 468/1167/219 539/1168/23 467/1169/23
f 475/1170/228 546/1171/229 474/1118/229
f 471/1161/226 544/1172/215 543/1173/226
f 467/1169/23 550/1174/227 478/1164/227
f 469/1175/218 540/1176/219 468/1177/219
f 476/1178/113 547/1179/228 475/1170/228
f 473/1120/123 544/1172/215 472/1180/215
f 470/1163/112 541/1181/218 469/1175/218
f 477/1166/222 548/1182/113 476/1178/113
s 119
f 840/1183/123 852/1184/229 841/1185/123
f 839/1186/229 853/423/228 852/896/229
f 842/1187/228 854/1188/113 853/423/228
f 843/1189/113 855/1190/222 854/1188/113
f 855/1190/222 845/1191/227 856/1192/227
f 845/1191/227 857/1193/23 856/1192/227
f 846/1194/23 858/1195/219 857/1193/23
f 847/1196/219 859/1197/218 858/1195/219
f 848/1198/218 860/1199/112 859/1197/218
f 849/1200/112 861/1201/226 860/1199/112
s 120
f 850/1202/1 846/1203/1 842/1187/1
s 119
f 850/1204/226 862/1205/215 861/1201/226
f 851/1206/215 841/1185/123 862/1205/215
s 116
f 474/1118/229 546/1171/229 545/1119/123
s 61
f 502/435/136 479/434/137 527/1121/123
f 537/1123/226 500/437/139 502/435/136
f 498/438/138 500/437/139 537/1123/226
f 496/440/141 498/438/138 536/1124/112
f 494/441/140 496/440/141 535/1125/218
f 492/446/145 494/441/140 534/1126/219
f 490/447/144 492/446/145 533/1127/23
f 531/1129/222 488/449/147 490/447/144
f 530/1130/113 486/450/146 488/449/147
f 484/452/149 486/450/146 530/1130/113
f 482/453/148 484/452/149 529/1131/228
f 479/434/137 482/1207/148 528/1133/229
s 117
f 467/1134/2 527/1157/2 528/1135/2
f 468/1136/2 528/1135/2 529/1137/2
f 469/1138/2 529/1137/2 530/1139/2
f 471/1141/2 470/1140/2 530/1139/2
f 471/1141/2 531/1142/2 532/1143/2
f 473/1145/2 472/1144/2 532/1143/2
f 473/1145/2 533/1146/2 534/1147/2
f 475/1149/2 474/1148/2 534/1147/2
f 475/1149/2 535/1150/2 536/1151/2
f 476/1152/2 536/1151/2 537/1153/2
f 477/1154/2 537/1153/2 538/1155/2
f 467/1134/2 478/1156/2 538/1155/2
s 118
f 550/1160/2 539/1208/2 540/1209/2
f 540/1209/2 541/1210/2 542/1158/2
f 542/1158/2 543/1211/2 544/1212/2
f 544/1212/2 545/1213/2 546/1159/2
f 546/1159/2 547/1214/2 548/1215/2
f 548/1215/2 549/1216/2 550/1160/2
f 550/1160/2 540/1209/2 542/1158/2
f 542/1158/2 544/1212/2 546/1159/2
f 546/1159/2 548/1215/2 550/1160/2
s 116
f 471/1161/226 543/1173/226 542/1162/112
f 478/1164/227 550/1174/227 549/1165/222
f 468/1167/219 540/1217/219 539/1168/23
f 475/1170/228 547/1179/228 546/1171/229
f 471/1161/226 472/1180/215 544/1172/215
f 467/1169/23 539/1168/23 550/1174/227
f 469/1175/218 541/1181/218 540/1176/219
f 476/1178/113 548/1182/113 547/1179/228
f 473/1120/123 545/1119/123 544/1172/215
f 470/1163/112 542/1162/112 541/1181/218
f 477/1166/222 549/1165/222 548/1182/113
s 119
f 840/1183/123 839/1218/229 852/1184/229
f 839/1186/229 842/1187/228 853/423/228
f 842/1187/228 843/1189/113 854/1188/113
f 843/1189/113 844/1219/222 855/1190/222
f 855/1190/222 844/1219/222 845/1191/227
f 845/1191/227 846/1194/23 857/1193/23
f 846/1194/23 847/1196/219 858/1195/219
f 847/1196/219 848/1198/218 859/1197/218
f 848/1198/218 849/1200/112 860/1199/112
f 849/1200/112 850/1204/226 861/1201/226
s 120
f 842/1187/1 839/1186/1 840/1220/1
f 840/1220/1 851/1221/1 850/1202/1
f 850/1202/1 849/1222/1 848/1223/1
f 848/1223/1 847/1224/1 846/1203/1
f 846/1203/1 845/1225/1 844/1226/1
f 844/1226/1 843/1227/1 842/1187/1
f 842/1187/1 840/1220/1 850/1202/1
f 850/1202/1 848/1223/1 846/1203/1
f 846/1203/1 844/1226/1 842/1187/1
s 119
f 850/1204/226 851/1206/215 862/1205/215
f 851/1206/215 840/1183/123 841/1185/123
s 100
g RoverModificado.002_SpacialRoverExplorerwheels
usemtl SpacialRoverExplorerwheels
f 926/1228/1 434/1229/287 404/1230/288
f 925/1231/1 433/1232/289 434/1229/287
f 924/1233/1 432/1234/290 433/1232/289
f 923/1235/1 431/1236/291 432/1234/290
f 922/1237/1 430/1238/292 431/1236/291
f 921/1239/1 429/1240/293 430/1238/292
f 920/1241/1 428/1242/294 429/1240/293
f 919/1243/1 427/1244/294 428/1242/294
f 918/1245/1 426/1246/295 427/1244/294
f 917/1247/1 425/1248/296 426/1246/295
f 916/1249/1 424/1250/297 425/1248/296
f 915/1251/1 423/1252/298 424/1250/297
f 914/1253/1 422/1254/299 423/1255/298
f 912/1256/1 422/1254/299 913/1257/1
f 911/1258/1 421/1259/299 912/1256/1
f 910/1260/1 420/1261/300 911/1258/1
f 909/1262/1 419/1263/300 910/1260/1
f 908/1264/1 418/1265/301 909/1262/1
f 907/1266/1 417/1267/301 908/1264/1
f 906/1268/1 416/1269/302 907/1266/1
f 905/1270/1 415/1271/302 906/1268/1
f 904/1272/1 414/1273/303 905/1270/1
f 903/1274/1 413/1275/304 904/1272/1
f 902/1276/1 412/1277/305 903/1274/1
f 901/1278/1 411/1279/306 902/1276/1
f 900/1280/1 410/1281/307 901/1278/1
f 899/1282/1 409/1283/308 900/1280/1
f 898/1284/1 408/1285/309 899/1282/1
f 897/1286/1 407/1287/309 898/1288/1
f 897/1286/1 405/1289/310 406/1290/311
f 896/1291/1 403/1292/288 405/1289/310
f 895/1293/1 404/1230/288 403/1292/288
s 99
f 864/1294/2 457/1295/312 863/1296/2
f 865/1297/2 445/1298/313 444/1299/314
f 867/1300/2 458/1301/312 864/1294/2
f 866/1302/2 446/1303/315 445/1298/313
f 869/1304/2 459/1305/316 867/1300/2
f 868/1306/2 447/1307/317 446/1303/315
f 871/1308/2 460/1309/316 869/1304/2
f 870/1310/2 448/1311/318 447/1307/317
f 873/1312/2 461/1313/319 871/1308/2
f 872/1314/2 449/1315/320 448/1311/318
f 876/1316/2 435/1317/321 875/1318/2
f 877/1319/2 462/1320/322 873/1312/2
f 874/1321/2 450/1322/320 449/1315/320
f 879/1323/2 436/1324/321 876/1316/2
f 880/1325/2 463/1326/323 877/1319/2
f 881/1327/2 450/1322/320 878/1328/2
f 882/1329/2 437/1330/324 879/1323/2
f 883/1331/2 464/1332/325 880/1325/2
f 884/1333/2 451/1334/326 881/1327/2
f 885/1335/2 438/1336/324 882/1329/2
f 886/1337/2 465/1338/327 883/1331/2
f 887/1339/2 452/1340/328 884/1333/2
f 885/1341/2 440/1342/329 439/1343/329
f 875/1318/2 466/1344/330 886/1337/2
f 889/1345/2 453/1346/331 887/1339/2
f 888/1347/2 441/1348/332 440/1342/329
f 891/1349/2 454/1350/331 889/1345/2
f 890/1351/2 442/1352/333 441/1348/332
f 893/1353/2 455/1354/334 891/1355/2
f 892/1356/2 443/1357/335 442/1352/333
f 863/1296/2 456/1358/334 893/1353/2
f 894/1359/2 444/1299/314 443/1357/335
s 121
f 552/1360/336 461/1313/337 554/1361/338
s 122
f 556/1362/339 465/1338/340 558/1363/341
s 123
f 558/1363/342 750/1364/343 557/1365/344
s 124
f 562/1366/345 463/1326/346 560/1367/347
s 125
f 609/1368/348 652/1369/349 776/1370/350
s 123
f 557/1365/344 651/1371/351 433/1232/352
s 100
f 424/1250/297 661/1372/353 662/1373/354
s 126
f 608/1374/355 775/1375/356 743/1376/355
s 99
f 465/1338/327 713/1377/357 714/1378/357
s 127
f 576/1379/358 455/1380/359 570/1381/360
s 128
f 572/1382/361 457/1295/362 566/1383/363
s 129
f 568/1384/364 459/1305/365 564/1385/366
s 130
f 556/1362/367 749/1386/368 717/1387/369
s 126
f 607/1388/356 680/1389/370 775/1375/356
s 131
f 450/1322/371 578/1390/372 584/1391/373
s 132
f 452/1340/374 574/1392/375 580/1393/376
s 130
f 555/1394/377 654/1395/378 749/1386/368
s 100
f 426/1246/295 659/1396/379 660/1397/379
s 133
f 446/1303/380 586/1398/381 592/1399/382
s 134
f 448/1311/383 582/1400/384 588/1401/385
s 135
f 606/1402/386 774/1403/387 605/1404/388
s 99
f 463/1326/323 711/1405/389 712/1406/389
s 136
f 554/1361/390 748/1407/391 553/1408/392
s 135
f 605/1404/388 679/1409/393 405/1289/393
s 137
f 438/1336/394 602/1410/395 608/1374/396
s 138
f 440/1342/397 598/1411/398 604/1412/399
s 139
f 442/1352/400 594/1413/401 600/1414/402
s 140
f 444/1299/403 590/1415/404 596/1416/405
s 141
f 610/1417/406 435/1317/407 612/1418/408
s 136
f 553/1408/392 655/1419/409 429/1240/410
s 142
f 614/1420/411 437/1330/412 606/1402/413
s 100
f 428/1242/294 657/1421/414 658/1422/414
s 143
f 604/1412/415 773/1423/416 741/1424/417
s 99
f 461/1313/319 709/1425/418 710/1426/418
s 142
f 403/1292/419 605/1404/420 405/1289/419
f 613/1427/421 606/1402/413 605/1404/420
s 144
f 552/1360/422 747/1428/423 715/1429/424
s 143
f 603/1430/425 678/1431/426 773/1423/416
s 141
f 434/1229/427 611/1432/428 404/1230/427
f 609/1368/429 612/1418/408 611/1432/428
s 140
f 595/1433/430 413/1275/431 412/1277/431
f 596/1416/405 589/1434/432 595/1433/430
s 139
f 599/1435/433 411/1279/434 410/1281/434
f 600/1414/402 593/1436/435 599/1435/433
s 138
f 603/1430/436 409/1283/437 408/1285/437
f 604/1412/399 597/1437/438 603/1430/436
s 137
f 607/1388/439 407/1287/440 406/1290/440
f 608/1374/396 601/1438/441 607/1388/439
s 144
f 551/1439/442 658/1422/443 747/1428/423
s 100
f 430/1238/292 655/1419/444 656/1440/444
s 145
f 602/1441/445 772/1442/446 601/1443/447
s 99
f 459/1305/316 707/1444/448 708/1445/448
s 146
f 614/1420/449 683/1446/450 436/1324/450
s 145
f 601/1443/447 677/1447/451 407/1448/452
s 147
f 612/1418/453 684/1449/454 745/1450/453
s 100
f 432/1234/290 653/1451/455 654/1395/455
s 134
f 587/1452/456 417/1267/457 416/1269/457
f 588/1401/385 581/1453/458 587/1452/456
s 133
f 591/1454/459 415/1271/460 414/1273/460
f 592/1399/382 585/1455/461 591/1454/459
s 148
f 600/1414/462 771/1456/463 739/1457/464
s 99
f 457/1295/312 705/1458/465 706/1459/465
s 125
f 610/1417/466 713/1377/467 466/1344/468
s 148
f 599/1435/469 676/1460/470 771/1456/463
s 132
f 579/1461/471 421/1259/472 420/1261/472
f 580/1393/376 573/1462/473 579/1461/471
s 131
f 583/1463/474 419/1263/475 418/1265/475
f 584/1391/373 577/1464/476 583/1463/474
s 126
f 608/1374/355 685/1465/477 438/1336/477
s 100
f 434/1229/287 651/1371/478 652/1369/478
s 149
f 598/1411/479 770/1466/480 597/1437/481
s 99
f 455/1354/334 703/1467/482 704/1468/482
s 129
f 426/1246/483 563/1469/484 427/1244/483
f 567/1470/485 564/1385/366 563/1469/484
s 128
f 424/1250/486 565/1471/487 425/1248/486
f 571/1472/488 566/1383/363 565/1471/487
s 127
f 422/1254/489 569/1473/490 423/1255/489
f 575/1474/491 570/1381/360 569/1473/490
s 135
f 606/1402/386 686/1475/492 742/1476/386
s 149
f 597/1437/481 675/1477/493 409/1283/494
s 143
f 604/1412/415 687/1478/495 440/1342/496
s 150
f 596/1416/497 769/1479/498 737/1480/499
s 99
f 453/1346/331 701/1481/500 702/1482/500
s 145
f 602/1441/445 688/1483/501 740/1484/445
s 150
f 595/1433/502 674/1485/503 769/1479/498
s 148
f 600/1414/462 689/1486/504 442/1352/505
s 151
f 594/1413/506 768/1487/507 593/1436/508
s 99
f 452/1340/328 700/1488/509 451/1334/326
s 124
f 430/1238/510 559/1489/511 431/1236/510
f 561/1490/512 560/1367/347 559/1489/511
s 149
f 598/1411/479 690/1491/513 738/1492/479
s 151
f 593/1436/508 673/1493/514 411/1279/515
s 122
f 432/1234/516 557/1365/517 433/1232/516
f 555/1394/518 558/1363/341 557/1365/517
s 121
f 428/1242/519 553/1408/520 429/1240/519
f 551/1439/521 554/1361/338 553/1408/520
s 152
f 719/1494/522 711/1405/523 717/1387/524
s 153
f 716/1495/525 709/1425/526 720/1496/527
s 154
f 721/1497/528 707/1444/529 715/1429/530
s 155
f 722/1498/531 705/1458/532 723/1499/533
s 156
f 724/1500/534 703/1467/535 725/1501/536
s 157
f 726/1502/537 701/1481/538 727/1503/537
s 158
f 700/1488/539 729/1504/540 728/1505/541
s 159
f 698/1506/542 731/1507/543 730/1508/544
s 160
f 696/1509/545 733/1510/546 732/1511/547
s 161
f 694/1512/548 735/1513/549 734/1514/550
s 162
f 692/1515/551 737/1480/552 736/1516/553
s 163
f 690/1491/554 739/1457/555 738/1492/556
s 164
f 688/1483/557 741/1424/558 740/1484/559
s 165
f 686/1475/560 743/1376/561 742/1476/561
s 166
f 745/1450/562 683/1446/563 746/1517/564
s 167
f 718/1518/565 713/1377/566 744/1519/567
f 651/1371/568 776/1370/569 652/1369/568
f 750/1364/570 744/1519/567 776/1370/569
s 166
f 681/1520/571 778/1521/572 682/1522/571
f 777/1523/573 746/1517/564 778/1521/572
s 165
f 774/1403/574 680/1389/575 679/1409/575
f 742/1476/561 775/1375/574 774/1403/574
s 164
f 772/1442/576 678/1431/577 677/1447/577
f 740/1484/559 773/1423/578 772/1442/576
s 163
f 770/1466/579 676/1460/580 675/1477/580
f 738/1492/556 771/1456/581 770/1466/579
s 162
f 768/1487/582 674/1485/583 673/1493/583
f 736/1516/553 769/1479/584 768/1487/582
s 161
f 766/1524/585 672/1525/586 671/1526/586
f 734/1514/550 767/1527/587 766/1524/585
s 160
f 764/1528/588 670/1529/589 669/1530/589
f 732/1511/547 765/1531/590 764/1528/588
s 159
f 762/1532/591 668/1533/592 667/1534/592
f 730/1508/544 763/1535/593 762/1532/591
s 158
f 760/1536/594 666/1537/595 665/1538/595
f 728/1505/541 761/1539/596 760/1536/594
s 157
f 663/1540/597 759/1541/598 664/1542/597
f 726/1502/537 759/1541/598 758/1543/598
s 156
f 661/1372/599 757/1544/600 662/1373/599
f 756/1545/601 725/1501/536 757/1544/600
s 155
f 659/1396/602 755/1546/603 660/1397/602
f 754/1547/604 723/1499/533 755/1546/603
s 154
f 657/1421/605 747/1428/606 658/1422/605
f 753/1548/607 715/1429/530 747/1428/606
s 153
f 655/1419/608 752/1549/609 656/1440/608
f 748/1407/610 720/1496/527 752/1549/609
s 152
f 653/1451/611 749/1386/612 654/1395/611
f 751/1550/613 717/1387/524 749/1386/612
s 125
f 610/1417/466 776/1370/350 744/1519/466
s 100
f 421/1259/299 664/1542/614 422/1254/299
s 168
f 559/1489/615 653/1451/616 431/1236/617
s 147
f 611/1432/618 681/1520/619 404/1230/620
s 168
f 560/1367/621 751/1550/622 559/1489/615
s 147
f 612/1418/453 777/1523/623 611/1432/618
s 100
f 419/1263/300 666/1537/624 420/1261/300
s 169
f 561/1490/625 656/1440/626 752/1549/627
s 146
f 613/1427/628 682/1522/629 778/1521/630
s 169
f 562/1366/631 752/1549/627 720/1496/631
s 146
f 614/1420/449 778/1521/630 746/1517/449
s 100
f 417/1267/301 668/1533/632 418/1265/301
s 170
f 563/1469/633 657/1421/634 427/1244/635
f 564/1385/636 753/1548/637 563/1469/633
s 100
f 415/1271/302 670/1529/638 416/1269/302
s 171
f 565/1471/639 659/1396/640 425/1248/641
f 566/1383/642 754/1547/643 565/1471/639
s 100
f 413/1275/304 672/1525/644 414/1273/303
s 172
f 567/1470/645 660/1397/646 755/1546/647
f 568/1384/648 755/1546/647 723/1499/649
s 100
f 411/1279/306 674/1485/650 412/1277/305
s 173
f 569/1551/651 661/1372/652 423/1252/653
f 570/1552/654 756/1545/655 569/1551/651
s 144
f 552/1360/422 707/1444/656 460/1309/657
s 100
f 409/1283/308 676/1460/658 410/1281/307
s 174
f 571/1472/659 662/1373/660 757/1544/661
s 136
f 554/1361/390 710/1426/662 716/1495/663
s 174
f 572/1382/664 757/1544/661 725/1501/665
s 130
f 556/1362/367 711/1405/666 464/1332/667
s 100
f 407/1448/309 678/1431/668 408/1285/309
s 175
f 573/1462/669 663/1540/670 421/1259/671
s 123
f 558/1363/342 714/1378/672 718/1518/673
s 175
f 574/1392/674 758/1543/669 573/1462/669
s 168
f 560/1367/621 712/1406/675 719/1494/676
s 100
f 406/1290/311 679/1409/677 680/1389/677
s 176
f 575/1474/678 664/1542/679 759/1541/680
s 169
f 562/1366/631 709/1425/681 462/1320/682
s 176
f 576/1379/683 759/1541/680 727/1503/683
s 170
f 564/1385/636 708/1445/684 721/1497/636
s 100
f 403/1292/288 681/1520/685 682/1522/685
s 177
f 577/1464/686 665/1538/687 419/1263/688
s 171
f 566/1383/642 706/1459/689 722/1498/690
s 99
f 435/1317/321 683/1446/691 684/1449/691
s 177
f 578/1390/692 760/1536/693 577/1464/686
s 172
f 568/1384/648 705/1458/694 458/1301/695
s 178
f 579/1461/696 666/1537/697 761/1539/698
s 173
f 570/1552/654 704/1468/699 724/1500/700
s 99
f 438/1336/324 686/1475/701 437/1330/324
s 178
f 580/1393/702 761/1539/698 729/1504/703
s 174
f 572/1382/664 703/1467/704 456/1358/705
s 179
f 581/1453/706 667/1534/707 417/1267/708
s 175
f 574/1392/674 702/1482/709 726/1502/710
s 99
f 440/1342/329 688/1483/711 439/1343/329
s 179
f 582/1400/712 762/1532/713 581/1453/706
s 176
f 576/1379/683 701/1481/714 454/1350/715
s 180
f 583/1463/716 668/1533/717 763/1535/718
s 177
f 578/1390/692 700/1488/719 728/1505/692
s 99
f 442/1352/333 690/1491/720 441/1348/332
s 180
f 584/1391/721 763/1535/718 731/1507/721
s 178
f 580/1393/702 699/1553/722 452/1340/723
s 181
f 585/1455/724 669/1530/725 415/1271/726
s 179
f 582/1400/712 698/1506/727 730/1508/712
s 99
f 444/1299/314 692/1515/728 443/1357/335
s 181
f 586/1398/729 764/1528/730 585/1455/724
s 180
f 584/1391/721 697/1554/731 450/1322/732
s 182
f 587/1452/733 670/1529/734 765/1531/735
s 181
f 586/1398/729 696/1509/736 732/1511/737
s 99
f 446/1303/315 694/1512/738 445/1298/313
s 182
f 588/1401/739 765/1531/735 733/1510/740
f 588/1401/739 695/1555/741 448/1311/742
s 183
f 589/1434/743 671/1526/744 413/1275/745
f 590/1415/746 694/1512/747 734/1514/748
s 99
f 448/1311/318 696/1509/749 447/1307/317
s 183
f 590/1415/746 766/1524/750 589/1434/743
s 184
f 592/1399/751 693/1556/752 446/1303/753
f 591/1454/754 672/1525/755 767/1527/756
s 151
f 594/1413/506 692/1515/757 736/1516/506
s 99
f 450/1322/320 698/1506/758 449/1315/320
s 184
f 592/1399/751 767/1527/756 735/1513/759
s 150
f 596/1416/497 691/1557/760 444/1299/761
s 100
f 926/1228/1 925/1231/1 434/1229/287
f 925/1231/1 924/1233/1 433/1232/289
f 924/1233/1 923/1235/1 432/1234/290
f 923/1235/1 922/1237/1 431/1236/291
f 922/1237/1 921/1239/1 430/1238/292
f 921/1239/1 920/1241/1 429/1240/293
f 920/1241/1 919/1243/1 428/1242/294
f 919/1243/1 918/1245/1 427/1244/294
f 918/1245/1 917/1247/1 426/1246/295
f 917/1247/1 916/1249/1 425/1248/296
f 916/1249/1 915/1251/1 424/1250/297
f 915/1251/1 914/1558/1 423/1252/298
f 914/1253/1 913/1257/1 422/1254/299
f 912/1256/1 421/1259/299 422/1254/299
f 911/1258/1 420/1261/300 421/1259/299
f 910/1260/1 419/1263/300 420/1261/300
f 909/1262/1 418/1265/301 419/1263/300
f 908/1264/1 417/1267/301 418/1265/301
f 907/1266/1 416/1269/302 417/1267/301
f 906/1268/1 415/1271/302 416/1269/302
f 905/1270/1 414/1273/303 415/1271/302
f 904/1272/1 413/1275/304 414/1273/303
f 903/1274/1 412/1277/305 413/1275/304
f 902/1276/1 411/1279/306 412/1277/305
f 901/1278/1 410/1281/307 411/1279/306
f 900/1280/1 409/1283/308 410/1281/307
f 899/1282/1 408/1285/309 409/1283/308
f 898/1284/1 407/1448/309 408/1285/309
f 897/1286/1 406/1290/311 407/1287/309
f 897/1286/1 896/1291/1 405/1289/310
f 896/1291/1 895/1293/1 403/1292/288
f 895/1293/1 926/1228/1 404/1230/288
s 99
f 864/1294/2 458/1301/312 457/1295/312
f 865/1297/2 866/1302/2 445/1298/313
f 867/1300/2 459/1305/316 458/1301/312
f 866/1302/2 868/1306/2 446/1303/315
f 869/1304/2 460/1309/316 459/1305/316
f 868/1306/2 870/1310/2 447/1307/317
f 871/1308/2 461/1313/319 460/1309/316
f 870/1310/2 872/1314/2 448/1311/318
f 873/1312/2 462/1320/322 461/1313/319
f 872/1314/2 874/1321/2 449/1315/320
f 876/1316/2 436/1324/321 435/1317/321
f 877/1319/2 463/1326/323 462/1320/322
f 874/1321/2 878/1328/2 450/1322/320
f 879/1323/2 437/1330/324 436/1324/321
f 880/1325/2 464/1332/325 463/1326/323
f 881/1327/2 451/1334/326 450/1322/320
f 882/1329/2 438/1336/324 437/1330/324
f 883/1331/2 465/1338/327 464/1332/325
f 884/1333/2 452/1340/328 451/1334/326
f 885/1335/2 439/1559/329 438/1336/324
f 886/1337/2 466/1344/330 465/1338/327
f 887/1339/2 453/1346/331 452/1340/328
f 885/1341/2 888/1347/2 440/1342/329
f 875/1318/2 435/1317/321 466/1344/330
f 889/1345/2 454/1350/331 453/1346/331
f 888/1347/2 890/1351/2 441/1348/332
f 891/1349/2 455/1380/334 454/1350/331
f 890/1351/2 892/1356/2 442/1352/333
f 893/1353/2 456/1358/334 455/1354/334
f 892/1356/2 894/1359/2 443/1357/335
f 863/1296/2 457/1295/312 456/1358/334
f 894/1359/2 865/1297/2 444/1299/314
s 121
f 552/1360/336 460/1309/337 461/1313/337
s 122
f 556/1362/339 464/1332/340 465/1338/340
s 123
f 558/1363/342 718/1518/673 750/1364/343
s 124
f 562/1366/345 462/1320/346 463/1326/346
s 125
f 609/1368/348 434/1229/762 652/1369/349
s 123
f 557/1365/344 750/1364/343 651/1371/351
s 100
f 424/1250/297 423/1252/298 661/1372/353
s 126
f 608/1374/355 607/1388/356 775/1375/356
s 99
f 465/1338/327 466/1344/330 713/1377/357
s 127
f 576/1379/358 454/1350/359 455/1380/359
s 128
f 572/1382/361 456/1358/362 457/1295/362
s 129
f 568/1384/364 458/1301/365 459/1305/365
s 130
f 556/1362/367 555/1394/377 749/1386/368
s 126
f 607/1388/356 406/1290/763 680/1389/370
s 131
f 450/1322/371 451/1334/371 578/1390/372
s 132
f 452/1340/374 453/1346/374 574/1392/375
s 130
f 555/1394/377 432/1234/764 654/1395/378
s 100
f 426/1246/295 425/1248/296 659/1396/379
s 133
f 446/1303/380 447/1307/380 586/1398/381
s 134
f 448/1311/383 449/1315/383 582/1400/384
s 135
f 606/1402/386 742/1476/386 774/1403/387
s 99
f 463/1326/323 464/1332/325 711/1405/389
s 136
f 554/1361/390 716/1495/663 748/1407/391
s 135
f 605/1404/388 774/1403/387 679/1409/393
s 137
f 438/1336/394 439/1559/394 602/1410/395
s 138
f 440/1342/397 441/1348/397 598/1411/398
s 139
f 442/1352/400 443/1357/400 594/1413/401
s 140
f 444/1299/403 445/1298/403 590/1415/404
s 141
f 610/1417/406 466/1344/407 435/1317/407
s 136
f 553/1408/392 748/1407/391 655/1419/409
s 142
f 614/1420/411 436/1324/412 437/1330/412
s 100
f 428/1242/294 427/1244/294 657/1421/414
s 143
f 604/1412/415 603/1430/425 773/1423/416
s 99
f 461/1313/319 462/1320/322 709/1425/418
s 142
f 403/1292/419 613/1427/421 605/1404/420
f 613/1427/421 614/1420/411 606/1402/413
s 144
f 552/1360/422 551/1439/442 747/1428/423
s 143
f 603/1430/425 408/1285/765 678/1431/426
s 141
f 434/1229/427 609/1368/429 611/1432/428
f 609/1368/429 610/1417/406 612/1418/408
s 140
f 595/1433/430 589/1434/432 413/1275/431
f 596/1416/405 590/1415/404 589/1434/432
s 139
f 599/1435/433 593/1436/435 411/1279/434
f 600/1414/402 594/1413/401 593/1436/435
s 138
f 603/1430/436 597/1437/438 409/1283/437
f 604/1412/399 598/1411/398 597/1437/438
s 137
f 607/1388/439 601/1438/441 407/1287/440
f 608/1374/396 602/1410/395 601/1438/441
s 144
f 551/1439/442 428/1242/766 658/1422/443
s 100
f 430/1238/292 429/1240/293 655/1419/444
s 145
f 602/1441/445 740/1484/445 772/1442/446
s 99
f 459/1305/316 460/1309/316 707/1444/448
s 146
f 614/1420/449 746/1517/449 683/1446/450
s 145
f 601/1443/447 772/1442/446 677/1447/451
s 147
f 612/1418/453 435/1317/767 684/1449/454
s 100
f 432/1234/290 431/1236/291 653/1451/455
s 134
f 587/1452/456 581/1453/458 417/1267/457
f 588/1401/385 582/1400/384 581/1453/458
s 133
f 591/1454/459 585/1455/461 415/1271/460
f 592/1399/382 586/1398/381 585/1455/461
s 148
f 600/1414/462 599/1435/469 771/1456/463
s 99
f 457/1295/312 458/1301/312 705/1458/465
s 125
f 610/1417/466 744/1519/466 713/1377/467
s 148
f 599/1435/469 410/1281/768 676/1460/470
s 132
f 579/1461/471 573/1462/473 421/1259/472
f 580/1393/376 574/1392/375 573/1462/473
s 131
f 583/1463/474 577/1464/476 419/1263/475
f 584/1391/373 578/1390/372 577/1464/476
s 126
f 608/1374/355 743/1376/355 685/1465/477
s 100
f 434/1229/287 433/1232/289 651/1371/478
s 149
f 598/1411/479 738/1492/479 770/1466/480
s 99
f 455/1354/334 456/1358/334 703/1467/482
s 129
f 426/1246/483 567/1470/485 563/1469/484
f 567/1470/485 568/1384/364 564/1385/366
s 128
f 424/1250/486 571/1472/488 565/1471/487
f 571/1472/488 572/1382/361 566/1383/363
s 127
f 422/1254/489 575/1474/491 569/1473/490
f 575/1474/491 576/1379/358 570/1381/360
s 135
f 606/1402/386 437/1330/492 686/1475/492
s 149
f 597/1437/481 770/1466/480 675/1477/493
s 143
f 604/1412/415 741/1424/417 687/1478/495
s 150
f 596/1416/497 595/1433/502 769/1479/498
s 99
f 453/1346/331 454/1350/331 701/1481/500
s 145
f 602/1441/445 439/1343/769 688/1483/501
s 150
f 595/1433/502 412/1277/770 674/1485/503
s 148
f 600/1414/462 739/1457/464 689/1486/504
s 151
f 594/1413/506 736/1516/506 768/1487/507
s 99
f 452/1340/328 699/1553/509 700/1488/509
s 124
f 430/1238/510 561/1490/512 559/1489/511
f 561/1490/512 562/1366/345 560/1367/347
s 149
f 598/1411/479 441/1348/771 690/1491/513
s 151
f 593/1436/508 768/1487/507 673/1493/514
s 122
f 432/1234/516 555/1394/518 557/1365/517
f 555/1394/518 556/1362/339 558/1363/341
s 121
f 428/1242/519 551/1439/521 553/1408/520
f 551/1439/521 552/1360/336 554/1361/338
s 152
f 719/1494/522 712/1406/523 711/1405/523
s 153
f 716/1495/525 710/1426/526 709/1425/526
s 154
f 721/1497/528 708/1445/529 707/1444/529
s 155
f 722/1498/531 706/1459/532 705/1458/532
s 156
f 724/1500/534 704/1468/535 703/1467/535
s 157
f 726/1502/537 702/1482/538 701/1481/538
s 158
f 700/1488/539 699/1553/539 729/1504/540
s 159
f 698/1506/542 697/1554/542 731/1507/543
s 160
f 696/1509/545 695/1555/545 733/1510/546
s 161
f 694/1512/548 693/1556/548 735/1513/549
s 162
f 692/1515/551 691/1557/551 737/1480/552
s 163
f 690/1491/554 689/1486/554 739/1457/555
s 164
f 688/1483/557 687/1478/557 741/1424/558
s 165
f 686/1475/560 685/1465/560 743/1376/561
s 166
f 745/1450/562 684/1449/563 683/1446/563
s 167
f 718/1518/565 714/1378/566 713/1377/566
f 651/1371/568 750/1364/570 776/1370/569
f 750/1364/570 718/1518/565 744/1519/567
s 166
f 681/1520/571 777/1523/573 778/1521/572
f 777/1523/573 745/1450/562 746/1517/564
s 165
f 774/1403/574 775/1375/574 680/1389/575
f 742/1476/561 743/1376/561 775/1375/574
s 164
f 772/1442/576 773/1423/578 678/1431/577
f 740/1484/559 741/1424/558 773/1423/578
s 163
f 770/1466/579 771/1456/581 676/1460/580
f 738/1492/556 739/1457/555 771/1456/581
s 162
f 768/1487/582 769/1479/584 674/1485/583
f 736/1516/553 737/1480/552 769/1479/584
s 161
f 766/1524/585 767/1527/587 672/1525/586
f 734/1514/550 735/1513/549 767/1527/587
s 160
f 764/1528/588 765/1531/590 670/1529/589
f 732/1511/547 733/1510/546 765/1531/590
s 159
f 762/1532/591 763/1535/593 668/1533/592
f 730/1508/544 731/1507/543 763/1535/593
s 158
f 760/1536/594 761/1539/596 666/1537/595
f 728/1505/541 729/1504/540 761/1539/596
s 157
f 663/1540/597 758/1543/598 759/1541/598
f 726/1502/537 727/1503/537 759/1541/598
s 156
f 661/1372/599 756/1545/601 757/1544/600
f 756/1545/601 724/1500/534 725/1501/536
s 155
f 659/1396/602 754/1547/604 755/1546/603
f 754/1547/604 722/1498/531 723/1499/533
s 154
f 657/1421/605 753/1548/607 747/1428/606
f 753/1548/607 721/1497/528 715/1429/530
s 153
f 655/1419/608 748/1407/610 752/1549/609
f 748/1407/610 716/1495/525 720/1496/527
s 152
f 653/1451/611 751/1550/613 749/1386/612
f 751/1550/613 719/1494/522 717/1387/524
s 125
f 610/1417/466 609/1368/348 776/1370/350
s 100
f 421/1259/299 663/1540/614 664/1542/614
s 168
f 559/1489/615 751/1550/622 653/1451/616
s 147
f 611/1432/618 777/1523/623 681/1520/619
s 168
f 560/1367/621 719/1494/676 751/1550/622
s 147
f 612/1418/453 745/1450/453 777/1523/623
s 100
f 419/1263/300 665/1538/772 666/1537/624
s 169
f 561/1490/625 430/1238/773 656/1440/626
s 146
f 613/1427/628 403/1292/774 682/1522/629
s 169
f 562/1366/631 561/1490/625 752/1549/627
s 146
f 614/1420/449 613/1427/628 778/1521/630
s 100
f 417/1267/301 667/1534/632 668/1533/632
s 170
f 563/1469/633 753/1548/637 657/1421/634
f 564/1385/636 721/1497/636 753/1548/637
s 100
f 415/1271/302 669/1530/638 670/1529/638
s 171
f 565/1471/639 754/1547/643 659/1396/640
f 566/1383/642 722/1498/690 754/1547/643
s 100
f 413/1275/304 671/1526/644 672/1525/644
s 172
f 567/1470/645 426/1246/775 660/1397/646
f 568/1384/648 567/1470/645 755/1546/647
s 100
f 411/1279/306 673/1493/650 674/1485/650
s 173
f 569/1551/651 756/1545/655 661/1372/652
f 570/1552/654 724/1500/700 756/1545/655
s 144
f 552/1360/422 715/1429/424 707/1444/656
s 100
f 409/1283/308 675/1477/658 676/1460/658
s 174
f 571/1472/659 424/1250/776 662/1373/660
s 136
f 554/1361/390 461/1313/777 710/1426/662
s 174
f 572/1382/664 571/1472/659 757/1544/661
s 130
f 556/1362/367 717/1387/369 711/1405/666
s 100
f 407/1448/309 677/1447/668 678/1431/668
s 175
f 573/1462/669 758/1543/669 663/1540/670
s 123
f 558/1363/342 465/1338/778 714/1378/672
s 175
f 574/1392/674 726/1502/710 758/1543/669
s 168
f 560/1367/621 463/1326/779 712/1406/675
s 100
f 406/1290/311 405/1289/310 679/1409/677
s 176
f 575/1474/678 422/1254/679 664/1542/679
s 169
f 562/1366/631 720/1496/631 709/1425/681
s 176
f 576/1379/683 575/1474/678 759/1541/680
s 170
f 564/1385/636 459/1305/780 708/1445/684
s 100
f 403/1292/288 404/1230/288 681/1520/685
s 177
f 577/1464/686 760/1536/693 665/1538/687
s 171
f 566/1383/642 457/1295/781 706/1459/689
s 99
f 435/1317/321 436/1324/321 683/1446/691
s 177
f 578/1390/692 728/1505/692 760/1536/693
s 172
f 568/1384/648 723/1499/649 705/1458/694
s 178
f 579/1461/696 420/1261/782 666/1537/697
s 173
f 570/1552/654 455/1354/783 704/1468/699
s 99
f 438/1336/324 685/1465/701 686/1475/701
s 178
f 580/1393/702 579/1461/696 761/1539/698
s 174
f 572/1382/664 725/1501/665 703/1467/704
s 179
f 581/1453/706 762/1532/713 667/1534/707
s 175
f 574/1392/674 453/1346/709 702/1482/709
s 99
f 440/1342/329 687/1478/711 688/1483/711
s 179
f 582/1400/712 730/1508/712 762/1532/713
s 176
f 576/1379/683 727/1503/683 701/1481/714
s 180
f 583/1463/716 418/1265/784 668/1533/717
s 177
f 578/1390/692 451/1334/785 700/1488/719
s 99
f 442/1352/333 689/1486/720 690/1491/720
s 180
f 584/1391/721 583/1463/716 763/1535/718
s 178
f 580/1393/702 729/1504/703 699/1553/722
s 181
f 585/1455/724 764/1528/730 669/1530/725
s 179
f 582/1400/712 449/1315/786 698/1506/727
s 99
f 444/1299/314 691/1557/728 692/1515/728
s 181
f 586/1398/729 732/1511/737 764/1528/730
s 180
f 584/1391/721 731/1507/721 697/1554/731
s 182
f 587/1452/733 416/1269/787 670/1529/734
s 181
f 586/1398/729 447/1307/788 696/1509/736
s 99
f 446/1303/315 693/1556/738 694/1512/738
s 182
f 588/1401/739 587/1452/733 765/1531/735
f 588/1401/739 733/1510/740 695/1555/741
s 183
f 589/1434/743 766/1524/750 671/1526/744
f 590/1415/746 445/1298/789 694/1512/747
s 99
f 448/1311/318 695/1555/749 696/1509/749
s 183
f 590/1415/746 734/1514/748 766/1524/750
s 184
f 592/1399/751 735/1513/759 693/1556/752
f 591/1454/754 414/1273/790 672/1525/755
s 151
f 594/1413/506 443/1357/791 692/1515/757
s 99
f 450/1322/320 697/1554/758 698/1506/758
s 184
f 592/1399/751 591/1454/754 767/1527/756
s 150
f 596/1416/497 737/1480/499 691/1557/760
l 397 399
l 400 363
l 364 401
l 402 398
