# Blender 5.2.0 LTS
# www.blender.org
mtllib RuedaDelanteraIzq.mtl
g RoverModificado.001_RoverModificado.007
v -3.265708 -0.982001 0.145394
v -3.289615 -0.920479 0.117278
v -3.299517 -0.894995 0.049395
v -3.289615 -0.920479 -0.018488
v -3.265708 -0.982001 -0.046605
v -3.241801 -1.043523 -0.018488
v -3.231899 -1.069006 0.049395
v -3.241801 -1.043523 0.117278
v -3.338627 -1.034136 0.164596
v -3.338628 -0.930455 0.130854
v -3.294323 -0.908133 0.130854
v -3.338628 -0.887510 0.049395
v -3.306206 -0.877553 0.049395
v -3.338628 -0.930455 -0.032065
v -3.294323 -0.908133 -0.032065
v -3.338627 -1.034136 -0.065806
v -3.265635 -0.981960 -0.065806
v -3.338628 -1.137816 -0.032065
v -3.236947 -1.055787 -0.032065
v -3.338628 -1.180761 0.049395
v -3.225064 -1.086366 0.049395
v -3.338628 -1.137816 0.130854
v -3.236947 -1.055787 0.130854
v -3.265635 -0.981960 0.164596
v -3.562402 -1.319312 0.388749
v -3.562402 -1.121874 0.287886
v -3.650090 -1.319312 0.377203
v -3.623984 -1.121874 0.279777
v -3.731801 -1.319312 0.343357
v -3.681370 -1.121874 0.256008
v -3.801969 -1.319312 0.289516
v -3.730648 -1.121874 0.218196
v -3.855811 -1.319312 0.219349
v -3.768461 -1.121874 0.168917
v -3.889657 -1.319312 0.137635
v -3.792231 -1.121874 0.111530
v -3.901202 -1.319312 0.049948
v -3.800339 -1.121874 0.049948
v -3.889657 -1.319312 -0.037740
v -3.792231 -1.121874 -0.011634
v -3.855811 -1.319312 -0.119452
v -3.768461 -1.121874 -0.069020
v -3.801969 -1.319312 -0.189619
v -3.730648 -1.121874 -0.118299
v -3.731801 -1.319312 -0.243462
v -3.681370 -1.121874 -0.156112
v -3.650090 -1.319312 -0.277308
v -3.623984 -1.121874 -0.179881
v -3.562402 -1.319312 -0.288852
v -3.562402 -1.121874 -0.187989
v -3.474714 -1.319312 -0.277308
v -3.500819 -1.121874 -0.179881
v -3.393002 -1.319312 -0.243462
v -3.443433 -1.121874 -0.156112
v -3.322834 -1.319312 -0.189619
v -3.394155 -1.121874 -0.118299
v -3.268992 -1.319312 -0.119452
v -3.336488 -1.121874 -0.092815
v -3.235146 -1.319312 -0.037740
v -3.336488 -1.121874 -0.023952
v -3.223602 -1.319312 0.049949
v -3.336488 -1.121874 0.049949
v -3.235146 -1.319312 0.137635
v -3.336488 -1.121874 0.123847
v -3.268992 -1.319312 0.219349
v -3.336488 -1.121874 0.192711
v -3.322834 -1.319312 0.289515
v -3.394155 -1.121874 0.218196
v -3.393001 -1.319312 0.343357
v -3.443433 -1.121874 0.256008
v -3.474714 -1.319312 0.377205
v -3.500819 -1.121874 0.279777
v -3.562402 -1.409312 0.287108
v -3.623783 -1.409312 0.279027
v -3.680982 -1.409312 0.255336
v -3.730099 -1.409312 0.217646
v -3.767788 -1.409312 0.168528
v -3.791481 -1.409312 0.111329
v -3.799562 -1.409312 0.049949
v -3.791481 -1.409312 -0.011434
v -3.767788 -1.409312 -0.068631
v -3.730099 -1.409312 -0.117749
v -3.680982 -1.409312 -0.155439
v -3.623783 -1.409312 -0.179131
v -3.562402 -1.409312 -0.187212
v -3.501020 -1.409312 -0.179131
v -3.443822 -1.409312 -0.155439
v -3.394704 -1.409312 -0.117749
v -3.357015 -1.409312 -0.068631
v -3.333323 -1.409312 -0.011434
v -3.325242 -1.409312 0.049949
v -3.333323 -1.409312 0.111329
v -3.357015 -1.409312 0.168528
v -3.394704 -1.409312 0.217646
v -3.443822 -1.409312 0.255336
v -3.501020 -1.409312 0.279027
v -3.650090 -1.121874 0.377203
v -3.562402 -1.121874 0.388749
v -3.731801 -1.121874 0.343357
v -3.801969 -1.121874 0.289516
v -3.855811 -1.121874 0.219349
v -3.889657 -1.121874 0.137635
v -3.901202 -1.121874 0.049948
v -3.889657 -1.121874 -0.037740
v -3.855811 -1.121874 -0.119452
v -3.801969 -1.121874 -0.189619
v -3.731801 -1.121874 -0.243462
v -3.650090 -1.121874 -0.277308
v -3.562402 -1.121874 -0.288852
v -3.474714 -1.121874 -0.277308
v -3.393002 -1.121874 -0.243462
v -3.322834 -1.121874 -0.189619
v -3.268992 -1.121874 -0.119452
v -3.235146 -1.121874 -0.037740
v -3.223602 -1.121874 0.049949
v -3.235146 -1.121874 0.137635
v -3.268992 -1.121874 0.219349
v -3.322834 -1.121874 0.289515
v -3.393001 -1.121874 0.343357
v -3.474714 -1.121874 0.377205
v -3.606741 -0.791874 0.215425
v -3.562402 -0.791874 0.221264
v -3.648059 -0.791874 0.198312
v -3.683540 -0.791874 0.171085
v -3.710765 -0.791874 0.135606
v -3.727879 -0.791874 0.094288
v -3.733716 -0.791874 0.049949
v -3.727879 -0.791874 0.005608
v -3.710765 -0.791874 -0.035709
v -3.683540 -0.791874 -0.071189
v -3.648059 -0.791874 -0.098414
v -3.606741 -0.791874 -0.115530
v -3.562402 -0.791874 -0.121367
v -3.518062 -0.791874 -0.115530
v -3.476744 -0.791874 -0.098414
v -3.441264 -0.791874 -0.071189
v -3.339743 -0.791874 -0.052840
v -3.339743 -0.791874 -0.003260
v -3.339743 -0.791874 0.049949
v -3.339743 -0.791874 0.103156
v -3.339743 -0.791874 0.152737
v -3.441264 -0.791874 0.171085
v -3.476744 -0.791874 0.198312
v -3.518062 -0.791874 0.215425
v -3.562402 -0.921874 0.388749
v -3.562402 -0.921874 -0.288852
v -3.474714 -0.921874 -0.277308
v -3.393002 -0.921874 -0.243462
v -3.474714 -0.921874 0.377205
v -3.393001 -0.921874 0.343358
v -3.562402 -0.921874 0.287886
v -3.562402 -0.921874 -0.187989
v -3.500819 -0.921874 -0.179881
v -3.443433 -0.921874 -0.156112
v -3.500819 -0.921874 0.279777
v -3.443433 -0.921874 0.256008
v -0.447199 -0.221874 -0.243462
v -0.447199 0.178126 -0.243462
v -0.447199 -0.221874 0.256008
v -0.447199 -0.221874 0.343358
v -0.447199 0.178126 0.256008
v -0.447199 0.178126 0.343358
v -2.021014 -0.641874 0.343358
v -2.021014 -0.441874 0.343358
v -2.021014 -0.641874 0.256008
v -2.021014 -0.441874 0.256008
v -2.021014 -0.638874 -0.156112
v -2.021014 -0.438874 -0.156112
v -2.021014 -0.438874 -0.243462
v -2.021014 -0.638874 -0.243462
v -2.021173 -0.731874 -0.156112
v -2.021173 -0.381874 -0.243462
v -2.021173 -0.381874 -0.156112
v -2.021173 -0.731874 -0.243462
v -2.021173 -0.731874 0.343358
v -2.021173 -0.731874 0.256008
v -2.021173 -0.381874 0.343358
v -2.021173 -0.381874 0.256008
v -0.845845 -0.091128 0.145394
v -0.865193 -0.027338 0.117278
v -0.873207 -0.000917 0.049395
v -0.865193 -0.027338 -0.018487
v -0.845845 -0.091128 -0.046605
v -0.826498 -0.154916 -0.018487
v -0.818484 -0.181338 0.049395
v -0.826498 -0.154916 0.117278
v -0.395479 0.211359 0.153934
v -0.365684 0.113124 0.197235
v -0.925873 -0.125170 0.197235
v -0.407821 0.252049 0.049395
v -0.395479 0.211360 -0.055143
v -0.365684 0.113124 -0.098445
v -0.335889 0.014890 -0.055143
v -0.323547 -0.025800 0.049395
v -0.335889 0.014890 0.153934
v -0.955668 -0.026936 0.153934
v -0.968010 0.013755 0.049395
v -0.955668 -0.026935 -0.055143
v -0.925873 -0.125170 -0.098445
v -0.896077 -0.223402 -0.055143
v -0.883736 -0.264094 0.049395
v -0.896077 -0.223403 0.153934
v -0.447199 0.178126 -0.156112
v -0.447199 -0.221874 -0.156112
v -0.683295 -0.298374 -0.243462
v -0.683295 0.094126 -0.156112
v -0.683295 0.094126 -0.243462
v -0.683295 -0.298374 -0.156112
v -0.683295 -0.298374 0.343358
v -0.683295 -0.298374 0.256008
v -0.683295 0.094126 0.343358
v -0.683295 0.094126 0.256008
v -0.449559 -0.224494 -0.360826
v -0.449559 0.182066 -0.360826
v -0.449559 0.182065 0.460721
v -0.449559 -0.224496 0.460721
v -0.680934 -0.302251 0.460721
v -0.680934 0.096687 -0.360826
v -0.680934 -0.302249 -0.360826
v -0.680934 0.096687 0.460721
v -0.449559 0.149764 0.460721
v -0.447199 0.145902 0.343358
v -0.447199 -0.190098 0.343358
v -0.449559 -0.191747 0.460721
v -0.447199 0.145902 -0.243462
v -0.449559 0.149765 -0.360826
v -0.449559 -0.191747 -0.360826
v -0.447199 -0.190098 -0.243462
v 0.052781 0.145902 0.343358
v 0.152801 0.045848 0.343358
v 0.123506 0.116597 0.343358
v 0.152801 -0.090087 0.343358
v 0.052781 -0.190098 0.343358
v 0.123506 -0.160805 0.343358
v 0.150440 0.049709 0.460721
v 0.050420 0.149764 0.460721
v 0.121145 0.120458 0.460721
v 0.050420 -0.191747 0.460721
v 0.150440 -0.091738 0.460721
v 0.121145 -0.162455 0.460721
v 0.152801 0.045848 -0.243462
v 0.052781 0.145902 -0.243462
v 0.123506 0.116597 -0.243462
v 0.052781 -0.190098 -0.243462
v 0.152801 -0.090086 -0.243462
v 0.123506 -0.160805 -0.243462
v 0.050420 0.149765 -0.360826
v 0.150440 0.049709 -0.360826
v 0.121145 0.120459 -0.360826
v 0.150440 -0.091738 -0.360826
v 0.050420 -0.191747 -0.360826
v 0.121145 -0.162455 -0.360826
v 0.052781 -0.022098 0.343358
v 0.050420 -0.020992 0.460721
v -3.441264 -0.791874 0.049949
v -0.412402 0.133394 -0.156112
v 0.168069 0.133394 -0.156112
v -0.409711 0.133394 0.255897
v 0.170760 0.133394 0.255897
v 0.168069 -0.117142 -0.156112
v -0.312403 -0.117142 -0.156112
v 0.170760 -0.117142 0.255897
v -0.309711 -0.117142 0.255897
v -0.104895 -0.117142 -0.061030
v -0.174895 -0.117142 0.008969
v 0.044703 -0.117142 0.008969
v -0.025297 -0.117142 -0.061030
v -0.174895 -0.117142 0.078808
v -0.104895 -0.117142 0.148808
v -0.025297 -0.117142 0.148808
v 0.044703 -0.117142 0.078808
v -0.025297 -0.517142 -0.061030
v 0.044703 -0.517142 0.008969
v -0.174895 -0.517142 0.008969
v -0.104895 -0.517142 -0.061030
v 0.044703 -0.517142 0.078808
v -0.025297 -0.517142 0.148807
v -0.104895 -0.517142 0.148807
v -0.174895 -0.517142 0.078808
v -0.447199 -0.221874 -0.243462
v -0.447199 0.178126 -0.243462
v -0.447199 -0.221874 0.256008
v -0.447199 -0.221874 0.343358
v -0.447199 0.178126 0.256008
v -0.447199 0.178126 0.343358
v -0.447199 0.178126 -0.156112
v -0.447199 -0.221874 -0.156112
v 0.252801 -0.161874 -0.243462
v 0.192801 -0.221874 -0.243462
v 0.235227 -0.204298 -0.243462
v 0.192801 0.178126 -0.243462
v 0.252801 0.118126 -0.243462
v 0.235227 0.160554 -0.243462
v 0.252801 -0.161874 0.256008
v 0.192801 -0.221874 0.256008
v 0.235227 -0.204299 0.256008
v 0.192801 -0.221874 0.343358
v 0.252801 -0.161874 0.343358
v 0.235227 -0.204299 0.343358
v 0.192801 0.178126 0.256008
v 0.252801 0.118126 0.256008
v 0.235227 0.160554 0.256008
v 0.252801 0.118126 0.343358
v 0.192801 0.178126 0.343358
v 0.235227 0.160554 0.343358
v 0.252801 0.118126 -0.156112
v 0.192801 0.178126 -0.156112
v 0.235227 0.160554 -0.156112
v 0.192801 -0.221874 -0.156112
v 0.252801 -0.161874 -0.156112
v 0.235227 -0.204298 -0.156112
v 0.192801 -0.021873 -0.156112
v 0.192801 -0.021873 -0.243462
v 0.192801 -0.021874 0.256008
v 0.192801 -0.021874 0.343358
v -3.665980 -2.953700 0.714586
v -3.800764 -2.953711 0.714586
v -3.715850 -2.977167 0.714586
v -3.765184 -2.977171 0.714586
v -3.453121 -2.697273 0.714585
v -3.492159 -2.825481 0.714585
v -3.440829 -2.737911 0.714585
v -3.455117 -2.784839 0.714585
v -3.800764 -2.953711 0.906586
v -3.665980 -2.953700 0.906586
v -3.765184 -2.977171 0.906586
v -3.715850 -2.977167 0.906586
v -3.492159 -2.825481 0.906585
v -3.453121 -2.697273 0.906586
v -3.455117 -2.784839 0.906585
v -3.440829 -2.737911 0.906586
v -3.676362 -1.117477 0.990025
v -3.579453 -1.058091 0.990025
v -3.468937 -1.084624 0.990025
v -3.409551 -1.181532 0.990025
v -3.436084 -1.292049 0.990024
v -3.532992 -1.351434 0.990024
v -3.643509 -1.324902 0.990024
v -3.702894 -1.227993 0.990024
v -4.067862 -1.858418 0.714586
v -4.067862 -1.858418 0.906587
v -4.415505 -2.114855 0.906586
v -4.415505 -2.114855 0.714586
v -4.345843 -1.479441 0.714586
v -4.345843 -1.479441 0.906587
v -3.669327 -0.984903 0.714586
v -3.467726 -0.985850 0.714585
v -3.331694 -1.171304 0.714585
v -3.391346 -1.363880 0.714585
v -3.313708 -1.232521 0.714585
v -3.335542 -1.303009 0.714585
v -3.467726 -0.985850 0.906586
v -3.669327 -0.984903 0.906587
v -3.391346 -1.363880 0.906586
v -3.331694 -1.171304 0.906586
v -3.335541 -1.303009 0.906586
v -3.313708 -1.232521 0.906586
v -4.476209 -1.575605 0.906587
v -4.575195 -1.897147 0.906587
v -4.568998 -1.677347 0.906587
v -4.605230 -1.795040 0.906587
v -4.575195 -1.897147 0.714586
v -4.476209 -1.575605 0.714586
v -4.605230 -1.795040 0.714586
v -4.568998 -1.677347 0.714586
v -3.676362 -1.117477 0.549226
v -3.579454 -1.058091 0.549226
v -3.468937 -1.084624 0.549226
v -3.409551 -1.181532 0.549226
v -3.436084 -1.292049 0.549226
v -3.532993 -1.351434 0.549226
v -3.643509 -1.324901 0.549226
v -3.702894 -1.227993 0.549226
v -3.562403 -1.292797 -0.386272
v -3.562403 -1.118382 -0.386272
v -3.452794 -1.292797 -0.371841
v -3.452794 -1.118382 -0.371841
v -3.350653 -1.292797 -0.329533
v -3.350653 -1.118382 -0.329533
v -3.262944 -1.292797 -0.262231
v -3.262944 -1.118382 -0.262231
v -3.195642 -1.292797 -0.174522
v -3.195642 -1.118382 -0.174522
v -3.153334 -1.292797 -0.072382
v -3.153334 -1.118382 -0.072382
v -3.138903 -1.292797 0.037228
v -3.138903 -1.118382 0.037228
v -3.153334 -1.292797 0.146839
v -3.153334 -1.118382 0.146839
v -3.195641 -1.292797 0.248979
v -3.195641 -1.118382 0.248979
v -3.262944 -1.292797 0.336688
v -3.262944 -1.118382 0.336688
v -3.350653 -1.292797 0.403991
v -3.350653 -1.118382 0.403991
v -3.452793 -1.292797 0.446299
v -3.452793 -1.118382 0.446299
v -3.562403 -1.292797 0.460729
v -3.562403 -1.118382 0.460729
v -3.672013 -1.292797 0.446299
v -3.672013 -1.118382 0.446299
v -3.774153 -1.292797 0.403991
v -3.774153 -1.118382 0.403991
v -3.861862 -1.292797 0.336688
v -3.861862 -1.118382 0.336688
v -3.929165 -1.292797 0.248979
v -3.929165 -1.118382 0.248979
v -3.971473 -1.292797 0.146839
v -3.971473 -1.118382 0.146839
v -3.985904 -1.292797 0.037228
v -3.985904 -1.118382 0.037228
v -3.971473 -1.292797 -0.072380
v -3.971473 -1.118382 -0.072380
v -3.929165 -1.292797 -0.174522
v -3.929165 -1.118382 -0.174522
v -3.861863 -1.292797 -0.262230
v -3.861863 -1.118382 -0.262230
v -3.774153 -1.292797 -0.329533
v -3.774153 -1.118382 -0.329533
v -3.672013 -1.292797 -0.371841
v -3.672013 -1.118382 -0.371841
v -3.889659 -1.118382 -0.050459
v -3.801971 -1.118382 -0.202339
v -3.855813 -1.118382 -0.132172
v -3.650091 -1.118382 -0.290028
v -3.731803 -1.118382 -0.256181
v -3.474715 -1.118382 -0.290028
v -3.562403 -1.118382 -0.301571
v -3.889659 -1.118382 0.124916
v -3.801971 -1.118382 0.276796
v -3.855812 -1.118382 0.206629
v -3.650091 -1.118382 0.364485
v -3.474715 -1.118382 0.364485
v -3.562403 -1.118382 0.376028
v -3.731803 -1.118382 0.330638
v -3.322836 -1.118382 -0.202339
v -3.322835 -1.118382 0.276796
v -3.223603 -1.118382 0.037228
v -3.235147 -1.118382 -0.050459
v -3.268994 -1.118382 0.206629
v -3.235147 -1.118382 0.124916
v -3.268994 -1.118382 -0.132172
v -3.901203 -1.118382 0.037228
v -3.393003 -1.118382 0.330638
v -3.393003 -1.118382 -0.256182
v -3.562403 -1.292797 -0.301571
v -3.393003 -1.292797 -0.256182
v -3.474715 -1.292797 -0.290028
v -3.235147 -1.292797 -0.050459
v -3.268994 -1.292797 -0.132172
v -3.223603 -1.292797 0.037228
v -3.322836 -1.292797 -0.202339
v -3.731803 -1.292797 0.330638
v -3.562403 -1.292797 0.376028
v -3.650091 -1.292797 0.364485
v -3.393003 -1.292797 0.330638
v -3.474715 -1.292797 0.364485
v -3.268994 -1.292797 0.206629
v -3.322835 -1.292797 0.276796
v -3.901203 -1.292797 0.037228
v -3.889659 -1.292797 0.124916
v -3.889659 -1.292797 -0.050459
v -3.731803 -1.292797 -0.256181
v -3.801971 -1.292797 -0.202339
v -3.855812 -1.292797 0.206629
v -3.855813 -1.292797 -0.132172
v -3.801971 -1.292797 0.276796
v -3.235147 -1.292797 0.124916
v -3.650091 -1.292797 -0.290028
v -3.452793 -1.292797 0.551108
v -3.452793 -1.118382 0.551108
v -3.562403 -1.292797 0.551108
v -3.562403 -1.118382 0.551108
v -3.672013 -1.292797 0.551108
v -3.672013 -1.118382 0.551108
v -3.830365 -2.867860 0.906586
v -3.903570 -2.794655 0.906586
v -3.930365 -2.694655 0.906586
v -3.903570 -2.594655 0.906586
v -3.530366 -2.694655 0.906586
v -3.557161 -2.594655 0.906586
v -3.630366 -2.521450 0.906586
v -3.557161 -2.794655 0.906585
v -3.630366 -2.867860 0.906586
v -3.830365 -2.521449 0.906586
v -3.774529 -2.882821 0.906586
v -3.730366 -2.494654 0.906586
v -3.730366 -2.894655 0.906586
v -3.903570 -2.794655 0.714586
v -3.557161 -2.594655 0.714586
v -3.730366 -2.494654 0.714586
v -3.630366 -2.521450 0.714586
v -3.730366 -2.894655 0.714586
v -3.830365 -2.867860 0.714586
v -3.746201 -2.890411 0.714586
v -3.930365 -2.694655 0.714586
v -3.530366 -2.694655 0.714586
v -3.830365 -2.521449 0.714586
v -3.557161 -2.794655 0.714586
v -3.630366 -2.867860 0.714586
v -3.646201 -2.872103 0.714586
v -3.903570 -2.594655 0.714586
v -3.530336 -1.174391 0.714586
v -3.530336 -1.174391 0.906587
v -4.631698 -2.694658 -0.486410
v -4.614414 -2.870145 -0.486410
v -4.563226 -3.038888 -0.486410
v -4.480102 -3.194402 -0.486410
v -4.368236 -3.330712 -0.486410
v -4.231926 -3.442578 -0.486410
v -4.076412 -3.525702 -0.486410
v -3.907668 -3.576890 -0.486410
v -3.732182 -3.594174 -0.486411
v -3.556695 -3.576890 -0.486411
v -3.387952 -3.525703 -0.486411
v -3.232437 -3.442578 -0.486411
v -3.096128 -3.330712 -0.486411
v -2.984261 -3.194402 -0.486413
v -2.901138 -3.038888 -0.486413
v -2.849950 -2.870145 -0.486413
v -2.832666 -2.694658 -0.486413
v -2.849950 -2.519171 -0.486413
v -2.901137 -2.350428 -0.486413
v -2.984262 -2.194914 -0.486411
v -3.096128 -2.058604 -0.486411
v -3.232437 -1.946738 -0.486411
v -3.387952 -1.863614 -0.486411
v -3.556695 -1.812426 -0.486411
v -3.732182 -1.795142 -0.486411
v -3.907668 -1.812426 -0.486410
v -4.076412 -1.863614 -0.486410
v -4.231926 -1.946738 -0.486410
v -4.368236 -2.058604 -0.486410
v -4.480102 -2.194914 -0.486410
v -4.563226 -2.350428 -0.486410
v -4.614414 -2.519171 -0.486410
v -4.631697 -2.694658 0.553590
v -4.614412 -2.870145 0.553590
v -4.563225 -3.038888 0.553590
v -4.480101 -3.194402 0.553590
v -4.368234 -3.330712 0.553590
v -4.231925 -3.442578 0.553590
v -4.076411 -3.525702 0.553590
v -3.907667 -3.576890 0.553589
v -3.732180 -3.594174 0.553589
v -3.556694 -3.576890 0.553589
v -3.387951 -3.525702 0.553589
v -3.232436 -3.442578 0.553589
v -3.096127 -3.330712 0.553589
v -2.984260 -3.194402 0.553588
v -2.901136 -3.038888 0.553588
v -2.849949 -2.870145 0.553588
v -2.832665 -2.694658 0.553588
v -2.849949 -2.519171 0.553588
v -2.901136 -2.350428 0.553588
v -2.984260 -2.194914 0.553588
v -3.096127 -2.058604 0.553588
v -3.232436 -1.946738 0.553589
v -3.387951 -1.863614 0.553589
v -3.556693 -1.812426 0.553589
v -3.732180 -1.795142 0.553589
v -3.907667 -1.812426 0.553589
v -4.076411 -1.863614 0.553590
v -4.231924 -1.946738 0.553590
v -4.368234 -2.058604 0.553590
v -4.480101 -2.194914 0.553590
v -4.563225 -2.350428 0.553590
v -4.614412 -2.519171 0.553590
v -4.736426 -2.895801 0.553590
v -4.756020 -2.696866 0.553590
v -4.678400 -3.087092 0.553590
v -4.584169 -3.263386 0.553590
v -4.457354 -3.417909 0.553590
v -4.302831 -3.544723 0.553590
v -4.126537 -3.638955 0.553590
v -3.935246 -3.696982 0.553590
v -3.736311 -3.716575 0.553589
v -3.537375 -3.696982 0.553589
v -3.346085 -3.638955 0.553589
v -3.169791 -3.544723 0.553589
v -3.015267 -3.417909 0.553588
v -2.888453 -3.263386 0.553588
v -2.794222 -3.087092 0.553588
v -2.736195 -2.895801 0.553588
v -2.716601 -2.696866 0.553588
v -2.736195 -2.497930 0.553588
v -2.794222 -2.306640 0.553588
v -2.888454 -2.130346 0.553588
v -3.015267 -1.975822 0.553588
v -3.169791 -1.849008 0.553589
v -3.346085 -1.754777 0.553589
v -3.537375 -1.696749 0.553589
v -3.736311 -1.677156 0.553589
v -3.935246 -1.696749 0.553590
v -4.126537 -1.754777 0.553590
v -4.302831 -1.849008 0.553590
v -4.457354 -1.975822 0.553590
v -4.584169 -2.130346 0.553590
v -4.678400 -2.306640 0.553590
v -4.736426 -2.497930 0.553590
v -4.760733 -2.694658 -0.486409
v -4.740970 -2.895319 -0.486410
v -4.682440 -3.088268 -0.486410
v -4.587391 -3.266091 -0.486410
v -4.459478 -3.421954 -0.486410
v -4.303615 -3.549867 -0.486410
v -4.125792 -3.644916 -0.486410
v -3.932843 -3.703446 -0.486410
v -3.732182 -3.723210 -0.486411
v -3.531521 -3.703446 -0.486411
v -3.338572 -3.644916 -0.486411
v -3.160749 -3.549868 -0.486411
v -3.004886 -3.421954 -0.486411
v -2.876972 -3.266091 -0.486413
v -2.781924 -3.088268 -0.486413
v -2.723394 -2.895319 -0.486413
v -2.703630 -2.694658 -0.486413
v -2.723394 -2.493998 -0.486413
v -2.781924 -2.301049 -0.486413
v -2.876972 -2.123225 -0.486413
v -3.004886 -1.967362 -0.486413
v -3.160749 -1.839449 -0.486411
v -3.338572 -1.744401 -0.486411
v -3.531521 -1.685870 -0.486411
v -3.732182 -1.666106 -0.486411
v -3.932843 -1.685870 -0.486410
v -4.125792 -1.744401 -0.486410
v -4.303614 -1.839449 -0.486410
v -4.459478 -1.967362 -0.486410
v -4.587391 -2.123225 -0.486410
v -4.682440 -2.301049 -0.486410
v -4.740970 -2.493998 -0.486409
v -3.732181 -2.598186 -0.426410
v -3.683945 -2.611111 -0.426410
v -3.648634 -2.646422 -0.426410
v -3.635709 -2.694658 -0.426410
v -3.648634 -2.742894 -0.426410
v -3.683945 -2.778206 -0.426410
v -3.732181 -2.791131 -0.426410
v -3.780418 -2.778206 -0.426410
v -3.815729 -2.742894 -0.426410
v -3.828654 -2.694658 -0.426410
v -3.815729 -2.646422 -0.426410
v -3.780418 -2.611111 -0.426410
v -3.732181 -2.494658 -0.303075
v -3.732181 -2.494658 -0.149742
v -3.632181 -2.521453 -0.149742
v -3.632181 -2.521453 -0.303075
v -3.558976 -2.594658 -0.149742
v -3.558976 -2.594658 -0.303077
v -3.532181 -2.694658 -0.149742
v -3.532181 -2.694658 -0.303077
v -3.558976 -2.794658 -0.149742
v -3.558976 -2.794658 -0.303077
v -3.632181 -2.867863 -0.149742
v -3.632181 -2.867863 -0.303077
v -3.732181 -2.894658 -0.149742
v -3.732181 -2.894658 -0.303076
v -3.832181 -2.867863 -0.149742
v -3.832181 -2.867863 -0.303076
v -3.905386 -2.794658 -0.149742
v -3.905386 -2.794658 -0.303076
v -3.932181 -2.694658 -0.149742
v -3.932181 -2.694658 -0.303076
v -3.905386 -2.594658 -0.149742
v -3.905386 -2.594658 -0.303076
v -3.832181 -2.521453 -0.149742
v -3.832181 -2.521453 -0.303075
v -3.551008 -1.818510 0.196925
v -3.551007 -1.818510 0.450257
v -3.451007 -1.845305 0.450257
v -3.451008 -1.845305 0.196923
v -2.882828 -2.413485 0.450256
v -2.882828 -2.413485 0.196923
v -2.856033 -2.513485 0.450256
v -2.856033 -2.513485 0.196923
v -3.064001 -3.289633 0.450256
v -3.064001 -3.289633 0.196923
v -3.137206 -3.362838 0.450256
v -3.137206 -3.362838 0.196923
v -3.913354 -3.570806 0.450257
v -3.913354 -3.570806 0.196924
v -4.013354 -3.544011 0.450257
v -4.013355 -3.544011 0.196924
v -4.581534 -2.975832 0.450258
v -4.581534 -2.975832 0.196925
v -4.608328 -2.875832 0.450258
v -4.608329 -2.875832 0.196925
v -4.400360 -2.099684 0.450258
v -4.400360 -2.099684 0.196925
v -4.327155 -2.026479 0.450257
v -4.327155 -2.026479 0.196925
v -3.732181 -2.494658 -0.426410
v -3.632181 -2.521453 -0.426410
v -3.558976 -2.594658 -0.426410
v -3.532182 -2.694658 -0.426410
v -3.558976 -2.794658 -0.426410
v -3.632181 -2.867863 -0.426410
v -3.732181 -2.894658 -0.426410
v -3.832181 -2.867863 -0.426410
v -3.905386 -2.794658 -0.426410
v -3.932181 -2.694658 -0.426410
v -3.905386 -2.594658 -0.426410
v -3.832181 -2.521453 -0.426410
v -3.732181 -2.598186 -0.326410
v -3.683945 -2.611111 -0.326410
v -3.648634 -2.646422 -0.326410
v -3.635709 -2.694658 -0.326410
v -3.648634 -2.742894 -0.326410
v -3.683945 -2.778206 -0.326410
v -3.732181 -2.791131 -0.326410
v -3.780417 -2.778206 -0.326410
v -3.815729 -2.742894 -0.326410
v -3.828654 -2.694658 -0.326410
v -3.815729 -2.646422 -0.326410
v -3.780417 -2.611111 -0.326410
v -3.954465 -1.592859 0.224255
v -3.953583 -1.588870 -0.157077
v -4.165492 -1.656874 0.224255
v -4.165219 -1.653069 -0.157077
v -4.670342 -2.071193 0.224256
v -4.671525 -2.068583 -0.157077
v -4.774296 -2.265677 0.224256
v -4.775777 -2.263627 -0.157077
v -4.530443 -1.900726 0.224256
v -4.531222 -1.897624 -0.157077
v -4.359977 -1.760828 0.224256
v -4.360264 -1.757322 -0.157077
v -3.735003 -1.571244 0.224255
v -3.733489 -1.567193 -0.157077
v -3.304514 -1.656874 0.224255
v -3.301759 -1.653069 -0.157079
v -3.515542 -1.592859 0.224255
v -3.513395 -1.588870 -0.157079
v -2.939563 -1.900726 0.224254
v -2.935756 -1.897624 -0.157079
v -3.110029 -1.760828 0.224254
v -3.106715 -1.757323 -0.157079
v -2.695710 -2.265677 0.224254
v -2.691201 -2.263627 -0.157080
v -2.799665 -2.071193 0.224254
v -2.795455 -2.068583 -0.157079
v -2.610080 -2.696167 0.224254
v -2.605325 -2.695357 -0.157080
v -2.631696 -2.476705 0.224254
v -2.627002 -2.475263 -0.157080
v -2.695710 -3.126656 0.224254
v -2.691201 -3.127087 -0.157080
v -2.631696 -2.915628 0.224254
v -2.627002 -2.915451 -0.157080
v -2.939563 -3.491607 0.224254
v -2.935756 -3.493090 -0.157079
v -2.799664 -3.321140 0.224254
v -2.795455 -3.322132 -0.157080
v -3.304514 -3.735460 0.224255
v -3.301759 -3.737646 -0.157079
v -3.110030 -3.631506 0.224254
v -3.106715 -3.633392 -0.157079
v -3.735003 -3.821089 0.224255
v -3.733489 -3.823522 -0.157078
v -3.515542 -3.799474 0.224255
v -3.513395 -3.801845 -0.157079
v -4.165492 -3.735460 0.224255
v -4.165219 -3.737645 -0.157078
v -3.954465 -3.799474 0.224255
v -3.953583 -3.801845 -0.157078
v -4.530443 -3.491607 0.224256
v -4.531222 -3.493090 -0.157077
v -4.359977 -3.631506 0.224256
v -4.360264 -3.633392 -0.157078
v -4.774296 -3.126656 0.224256
v -4.775777 -3.127087 -0.157077
v -4.670342 -3.321140 0.224256
v -4.671525 -3.322132 -0.157077
v -4.838309 -2.476705 0.224256
v -4.839976 -2.475263 -0.157077
v -4.859925 -2.696167 0.224256
v -4.861653 -2.695357 -0.157077
v -4.838309 -2.915628 0.224256
v -4.839976 -2.915451 -0.157077
v -3.732180 -2.494658 0.288035
v -3.732180 -2.494658 0.385813
v -3.632180 -2.521453 0.385813
v -3.632180 -2.521453 0.288035
v -3.558975 -2.594658 0.385813
v -3.558975 -2.594658 0.288034
v -3.532181 -2.694658 0.385813
v -3.532181 -2.694658 0.288034
v -3.558975 -2.794658 0.385813
v -3.558975 -2.794658 0.288034
v -3.632180 -2.867863 0.385813
v -3.632180 -2.867863 0.288034
v -3.732180 -2.894658 0.385813
v -3.732181 -2.894658 0.288035
v -3.832180 -2.867863 0.385813
v -3.832181 -2.867863 0.288035
v -3.905386 -2.794658 0.385814
v -3.905386 -2.794658 0.288035
v -3.932181 -2.694658 0.385814
v -3.932181 -2.694658 0.288035
v -3.905386 -2.594658 0.385814
v -3.905386 -2.594658 0.288035
v -3.832180 -2.521453 0.385814
v -3.832181 -2.521453 0.288035
v -3.137205 -2.026479 0.385813
v -3.137205 -2.026479 0.288034
v -3.064000 -2.099684 0.385813
v -3.064000 -2.099684 0.288034
v -3.451007 -3.544011 0.385812
v -3.451007 -3.544011 0.288034
v -3.551007 -3.570806 0.385812
v -3.551007 -3.570806 0.288034
v -4.608328 -2.513485 0.385814
v -4.608328 -2.513485 0.288036
v -4.581534 -2.413485 0.385814
v -4.581534 -2.413485 0.288036
v -4.720885 -2.289130 0.548389
v -4.781525 -2.489028 0.548389
v -4.489893 -1.943425 0.548389
v -4.622414 -2.104902 0.548389
v -4.144190 -1.712433 0.548388
v -4.328417 -1.810905 0.548388
v -3.736404 -1.631319 0.548388
v -3.944291 -1.651794 0.548388
v -3.328617 -1.712433 0.548387
v -3.528516 -1.651794 0.548388
v -2.982913 -1.943425 0.548387
v -3.144390 -1.810905 0.548387
v -2.751921 -2.289130 0.548387
v -2.850393 -2.104902 0.548387
v -2.670808 -2.696915 0.548387
v -2.691283 -2.489028 0.548387
v -2.751921 -3.104702 0.548387
v -2.691283 -2.904803 0.548387
v -2.982913 -3.450406 0.548387
v -2.850393 -3.288929 0.548387
v -3.328618 -3.681398 0.548387
v -3.144390 -3.582926 0.548387
v -3.736404 -3.762511 0.548388
v -3.528516 -3.742036 0.548388
v -4.144189 -3.681398 0.548388
v -3.944291 -3.742036 0.548388
v -4.489893 -3.450406 0.548389
v -4.328417 -3.582926 0.548389
v -4.720885 -3.104701 0.548389
v -4.622414 -3.288929 0.548389
v -4.802000 -2.696915 0.548389
v -4.781525 -2.904803 0.548389
v -4.786273 -2.904299 -0.481211
v -4.806925 -2.694608 -0.481211
v -4.625782 -3.291755 -0.481211
v -4.725107 -3.105930 -0.481211
v -4.329235 -3.588302 -0.481211
v -4.492112 -3.454632 -0.481211
v -3.941779 -3.748792 -0.481212
v -4.143411 -3.687628 -0.481212
v -3.522399 -3.748792 -0.481212
v -3.732089 -3.769444 -0.481212
v -3.134942 -3.588302 -0.481213
v -3.320767 -3.687628 -0.481212
v -2.838395 -3.291755 -0.481213
v -2.972065 -3.454633 -0.481213
v -2.677905 -2.904299 -0.481213
v -2.739070 -3.105931 -0.481213
v -2.677905 -2.484918 -0.481213
v -2.657253 -2.694608 -0.481213
v -2.838395 -2.097461 -0.481213
v -2.739070 -2.283287 -0.481213
v -3.134941 -1.800915 -0.481213
v -2.972065 -1.934585 -0.481213
v -3.522399 -1.640425 -0.481212
v -3.320767 -1.701590 -0.481212
v -3.941779 -1.640425 -0.481212
v -3.732089 -1.619772 -0.481212
v -4.329235 -1.800915 -0.481211
v -4.143411 -1.701590 -0.481212
v -4.625782 -2.097461 -0.481211
v -4.492112 -1.934584 -0.481211
v -4.786273 -2.484918 -0.481211
v -4.725107 -2.283287 -0.481211
v -3.975517 -1.478181 -0.155171
v -4.208316 -1.548800 -0.155172
v -4.765251 -2.005865 -0.155171
v -4.879930 -2.220414 -0.155171
v -4.610919 -1.817811 -0.155171
v -4.422865 -1.663479 -0.155171
v -3.733413 -1.454336 -0.155171
v -3.258510 -1.548800 -0.155172
v -3.491310 -1.478181 -0.155171
v -2.855907 -1.817811 -0.155172
v -3.043961 -1.663479 -0.155172
v -2.586896 -2.220414 -0.155173
v -2.701576 -2.005865 -0.155172
v -2.492432 -2.695317 -0.155173
v -2.516278 -2.453213 -0.155173
v -2.586897 -3.170220 -0.155173
v -2.516278 -2.937420 -0.155173
v -2.855908 -3.572823 -0.155173
v -2.701576 -3.384769 -0.155173
v -3.258511 -3.841833 -0.155172
v -3.043961 -3.727155 -0.155173
v -3.733413 -3.936298 -0.155172
v -3.491310 -3.912453 -0.155172
v -4.208316 -3.841833 -0.155171
v -3.975517 -3.912453 -0.155172
v -4.610919 -3.572823 -0.155171
v -4.422865 -3.727155 -0.155171
v -4.879930 -3.170220 -0.155171
v -4.765251 -3.384769 -0.155171
v -4.950549 -2.453213 -0.155171
v -4.974394 -2.695317 -0.155171
v -4.950549 -2.937420 -0.155171
v -3.976486 -1.482569 0.222349
v -4.208617 -1.552985 0.222349
v -4.763951 -2.008736 0.222349
v -4.878301 -2.222669 0.222349
v -4.610063 -1.821223 0.222350
v -4.422550 -1.667334 0.222350
v -3.735079 -1.458793 0.222349
v -3.261541 -1.552985 0.222347
v -3.493671 -1.482569 0.222349
v -2.860094 -1.821223 0.222347
v -3.047608 -1.667335 0.222347
v -2.591857 -2.222669 0.222347
v -2.706207 -2.008736 0.222347
v -2.497664 -2.696207 0.222347
v -2.521441 -2.454799 0.222347
v -2.591857 -3.169745 0.222347
v -2.521441 -2.937615 0.222347
v -2.860095 -3.571191 0.222347
v -2.706206 -3.383678 0.222347
v -3.261541 -3.839429 0.222347
v -3.047608 -3.725080 0.222347
v -3.735079 -3.933622 0.222348
v -3.493671 -3.909845 0.222348
v -4.208617 -3.839429 0.222348
v -3.976486 -3.909845 0.222348
v -4.610063 -3.571191 0.222349
v -4.422550 -3.725080 0.222349
v -4.878301 -3.169745 0.222349
v -4.763951 -3.383678 0.222349
v -4.948716 -2.454800 0.222349
v -4.972493 -2.696207 0.222349
v -4.948716 -2.937615 0.222349
v -3.601658 -2.007539 -0.122428
v -3.628888 -2.109163 -0.260996
v -3.654301 -2.204005 -0.345157
v -3.692962 -2.348291 -0.368017
v -3.528888 -2.135958 -0.260996
v -3.501658 -2.034334 -0.122428
v -3.592962 -2.375086 -0.368017
v -3.554301 -2.230800 -0.345157
v -3.385814 -2.655439 -0.368017
v -3.241528 -2.616778 -0.345157
v -3.146686 -2.591365 -0.260996
v -3.045062 -2.564135 -0.122428
v -3.268323 -2.516778 -0.345157
v -3.412609 -2.555439 -0.368017
v -3.071857 -2.464135 -0.122428
v -3.173481 -2.491365 -0.260996
v -3.939330 -2.414305 -0.368017
v -4.044954 -2.308681 -0.345157
v -4.114383 -2.239251 -0.260995
v -4.188777 -2.164857 -0.122427
v -4.118158 -2.381886 -0.345157
v -4.012535 -2.487510 -0.368017
v -4.261982 -2.238062 -0.122427
v -4.187588 -2.312456 -0.260995
v -4.196039 -2.872538 -0.345157
v -4.051754 -2.833877 -0.368017
v -4.392505 -2.925181 -0.122427
v -4.290881 -2.897951 -0.260995
v -4.317677 -2.797951 -0.260995
v -4.419300 -2.825182 -0.122427
v -4.078549 -2.733877 -0.368017
v -4.222834 -2.772538 -0.345157
v -3.871401 -3.014231 -0.368017
v -3.910062 -3.158516 -0.345157
v -3.935475 -3.253358 -0.260996
v -3.962704 -3.354982 -0.122427
v -3.810062 -3.185311 -0.345157
v -3.771400 -3.041026 -0.368017
v -3.862705 -3.381777 -0.122428
v -3.835474 -3.280153 -0.260996
v -3.346204 -3.007431 -0.345157
v -3.451828 -2.901807 -0.368017
v -3.202380 -3.151254 -0.122428
v -3.276774 -3.076860 -0.260996
v -3.349979 -3.150065 -0.260996
v -3.275585 -3.224459 -0.122428
v -3.525033 -2.975012 -0.368017
v -3.419409 -3.080636 -0.345157
v -3.732180 -2.494658 0.906257
v -3.632180 -2.521453 0.906257
v -3.558975 -2.594658 0.906257
v -3.532180 -2.694658 0.906257
v -3.558975 -2.794658 0.906257
v -3.632180 -2.867863 0.906257
v -3.732180 -2.894658 0.906257
v -3.832180 -2.867863 0.906257
v -3.905385 -2.794658 0.906257
v -3.932180 -2.694658 0.906257
v -3.905385 -2.594658 0.906257
v -3.832180 -2.521453 0.906257
v -3.602180 -2.469492 1.187836
v -3.732180 -2.434658 1.187836
v -3.732180 -2.434658 0.906303
v -3.507013 -2.564658 1.187836
v -3.472180 -2.694658 1.187836
v -3.507013 -2.824658 1.187836
v -3.602180 -2.919825 1.187836
v -3.732180 -2.954658 1.187836
v -3.862180 -2.919825 1.187836
v -3.957346 -2.824658 1.187837
v -3.992180 -2.694658 1.187837
v -3.957346 -2.564658 1.187837
v -3.862180 -2.469492 1.187837
v -3.602180 -2.469492 0.906303
v -3.507014 -2.564658 0.906303
v -3.472180 -2.694658 0.906303
v -3.507014 -2.824658 0.906303
v -3.602180 -2.919825 0.906303
v -3.732180 -2.954658 0.906303
v -3.862180 -2.919825 0.906303
v -3.957347 -2.824658 0.906303
v -3.992180 -2.694658 0.906303
v -3.957347 -2.564658 0.906303
v -3.862180 -2.469492 0.906303
v -3.363262 -1.804007 -0.486411
v -3.544108 -1.749148 -0.486411
v -3.544108 -3.640168 -0.486411
v -3.363262 -3.585309 -0.486411
v -3.732182 -1.730624 -0.486411
v -3.196594 -3.496223 -0.486411
v -3.920255 -1.749148 -0.486410
v -3.050507 -3.376333 -0.486411
v -4.101101 -1.804007 -0.486410
v -2.930617 -3.230247 -0.486413
v -4.267770 -1.893093 -0.486410
v -2.841531 -3.063578 -0.486413
v -4.696216 -2.694658 -0.486410
v -4.677692 -2.882732 -0.486410
v -4.413857 -2.012983 -0.486410
v -2.786672 -2.882732 -0.486413
v -4.622832 -3.063578 -0.486410
v -4.533746 -2.159070 -0.486410
v -2.768148 -2.694658 -0.486413
v -4.533747 -3.230247 -0.486410
v -4.622832 -2.325738 -0.486410
v -2.786671 -2.506584 -0.486413
v -4.413857 -3.376333 -0.486410
v -4.677692 -2.506584 -0.486410
v -2.841531 -2.325738 -0.486413
v -4.267770 -3.496223 -0.486410
v -2.930617 -2.159070 -0.486411
v -4.101101 -3.585309 -0.486410
v -3.050507 -2.012983 -0.486411
v -3.920255 -3.640168 -0.486410
v -3.196593 -1.893093 -0.486411
v -3.732182 -3.658692 -0.486411
v -4.675420 -2.882973 0.553590
v -4.620812 -3.062990 0.553590
v -4.532134 -3.228894 0.553590
v -4.412794 -3.374311 0.553590
v -4.267378 -3.493651 0.553590
v -4.101473 -3.582329 0.553590
v -3.921457 -3.636936 0.553589
v -3.734246 -3.655375 0.553589
v -3.547035 -3.636936 0.553589
v -3.367018 -3.582329 0.553589
v -3.201113 -3.493651 0.553589
v -3.055697 -3.374311 0.553589
v -2.936357 -3.228894 0.553588
v -2.847679 -3.062990 0.553588
v -2.793072 -2.882973 0.553588
v -2.774633 -2.695762 0.553588
v -2.793072 -2.508551 0.553588
v -2.847679 -2.328534 0.553588
v -2.936357 -2.162630 0.553588
v -3.055697 -2.017213 0.553588
v -3.201113 -1.897873 0.553589
v -3.367018 -1.809195 0.553589
v -3.547035 -1.754588 0.553589
v -3.734246 -1.736149 0.553589
v -3.921457 -1.754588 0.553589
v -4.101474 -1.809195 0.553590
v -4.267378 -1.897873 0.553590
v -4.412794 -2.017213 0.553590
v -4.532134 -2.162630 0.553590
v -4.620813 -2.328534 0.553590
v -4.675420 -2.508551 0.553590
v -4.693858 -2.695762 0.553590
v -3.702180 -2.382692 -0.199422
v -3.646687 -2.175588 -0.166607
v -3.636502 -2.137580 -0.132878
v -3.597417 -1.991712 0.066018
v -3.546686 -2.202383 -0.166607
v -3.602180 -2.409487 -0.199422
v -3.497417 -2.018507 0.066018
v -3.536502 -2.164375 -0.132878
v -3.029234 -2.559894 0.066018
v -3.175103 -2.598979 -0.132879
v -3.213111 -2.609164 -0.166607
v -3.420215 -2.664657 -0.199422
v -3.447010 -2.564657 -0.199422
v -3.239906 -2.509164 -0.166607
v -3.201898 -2.498980 -0.132879
v -3.056029 -2.459894 0.066018
v -4.200363 -2.153271 0.066019
v -4.093581 -2.260054 -0.132878
v -4.065757 -2.287878 -0.166607
v -3.914146 -2.439488 -0.199421
v -4.166784 -2.333259 -0.132878
v -4.273568 -2.226476 0.066019
v -3.987351 -2.512693 -0.199421
v -4.138961 -2.361083 -0.166607
v -4.251251 -2.780153 -0.166607
v -4.044147 -2.724660 -0.199421
v -4.435128 -2.829422 0.066019
v -4.289259 -2.790337 -0.132879
v -4.262465 -2.890337 -0.132879
v -4.408332 -2.929422 0.066019
v -4.017352 -2.824660 -0.199421
v -4.224456 -2.880153 -0.166607
v -3.966945 -3.370810 0.066018
v -3.927860 -3.224942 -0.132879
v -3.917676 -3.186933 -0.166607
v -3.862182 -2.979830 -0.199422
v -3.827860 -3.251736 -0.132879
v -3.866945 -3.397605 0.066018
v -3.762182 -3.006625 -0.199422
v -3.817676 -3.213728 -0.166607
v -3.477011 -2.876623 -0.199422
v -3.325401 -3.028234 -0.166607
v -3.297577 -3.056058 -0.132879
v -3.190793 -3.162841 0.066018
v -3.398606 -3.101439 -0.166607
v -3.550216 -2.949828 -0.199422
v -3.263998 -3.236046 0.066018
v -3.370782 -3.129263 -0.132879
vn 0.4804 0.1605 -0.8622
vn 0.2029 0.1582 -0.9663
vn 0.4016 0.1140 -0.9087
vn -0.1716 -0.7487 0.6403
vn -0.0000 -0.7487 0.6629
vn -0.0000 -1.0000 -0.0000
vn -0.0000 -0.7487 -0.6629
vn 0.1716 -0.7487 -0.6403
vn 0.6629 -0.7487 -0.0000
vn 0.6403 -0.7487 -0.1716
vn 0.1716 -0.7487 0.6403
vn 0.3315 -0.7487 0.5741
vn -0.6403 -0.7487 0.1716
vn -0.6629 -0.7487 -0.0000
vn -0.3315 -0.7487 -0.5741
vn -0.1716 -0.7487 -0.6403
vn 0.5741 -0.7487 -0.3315
vn 0.4688 -0.7487 -0.4688
vn 0.4688 -0.7487 0.4688
vn 0.5741 -0.7487 0.3315
vn -0.5741 -0.7487 0.3315
vn -0.4688 -0.7487 0.4688
vn -0.4688 -0.7487 -0.4688
vn -0.5741 -0.7487 -0.3315
vn 0.3315 -0.7487 -0.5741
vn 0.6403 -0.7487 0.1716
vn -0.3315 -0.7487 0.5741
vn -0.6403 -0.7487 -0.1716
vn 0.2588 -0.0000 0.9659
vn 0.1305 -0.0000 0.9914
vn 0.0438 -0.0000 0.9990
vn -0.0000 1.0000 -0.0000
vn 0.2588 -0.0000 -0.9659
vn 0.1761 -0.0000 -0.9844
vn 0.3723 -0.0000 -0.9281
vn -0.1305 -0.0000 -0.9914
vn -0.2588 -0.0000 -0.9659
vn -0.8489 0.1979 -0.4901
vn -0.6931 0.1979 -0.6931
vn 0.2537 0.1979 0.9468
vn -0.0000 0.1979 0.9802
vn -0.4901 0.1979 0.8489
vn -0.2537 0.1979 0.9468
vn 1.0000 0.0099 -0.0000
vn -0.4901 0.1979 -0.8489
vn -0.6931 0.1979 0.6931
vn -0.2537 0.1979 -0.9468
vn -0.8489 0.1979 0.4901
vn -0.0000 0.1979 -0.9802
vn -0.9468 0.1979 0.2537
vn 0.2537 0.1979 -0.9468
vn -0.9802 0.1979 -0.0000
vn 0.4804 0.1605 0.8622
vn 0.2029 0.1582 0.9663
vn 0.4069 0.1858 0.8944
vn 0.4901 0.1979 -0.8489
vn -0.9468 0.1979 -0.2537
vn 0.4901 0.1979 0.8489
vn 0.4069 0.1858 -0.8944
vn -0.1246 0.9896 -0.0720
vn -0.1239 0.9897 0.0715
vn -0.1886 0.9764 0.1056
vn -0.2588 -0.0000 0.9659
vn -0.1305 -0.0000 0.9914
vn -0.2177 -0.0000 0.9760
vn 0.0438 -0.0000 -0.9990
vn -0.1767 -0.0000 -0.9843
vn -0.2176 -0.0000 -0.9760
vn 0.3722 -0.0000 0.9282
vn -1.0000 -0.0000 -0.0000
vn -0.9998 -0.0000 -0.0201
vn -0.0000 -0.0000 1.0000
vn 0.3082 -0.9513 -0.0000
vn 0.3082 -0.9513 -0.0075
vn 0.3107 -0.9505 -0.0104
vn -0.3352 0.9421 -0.0000
vn -0.3391 0.9406 -0.0157
vn -0.3391 0.9406 0.0157
vn -0.3382 0.9409 0.0206
vn -0.3352 0.9421 0.0046
vn 0.3082 -0.9513 0.0075
vn -0.0000 -0.0000 -1.0000
vn -0.3298 0.9440 0.0073
vn 0.3150 -0.9326 -0.1763
vn 0.3298 -0.9440 -0.0071
vn 0.3302 -0.9439 -0.0000
vn 0.1762 -0.0000 0.9844
vn -0.1897 0.9761 -0.1062
vn -0.3317 0.9434 -0.0071
vn -0.3321 0.9433 -0.0000
vn 0.3167 -0.9318 0.1773
vn 0.3317 -0.9434 0.0075
vn 0.3161 -0.9310 0.1825
vn -0.1766 -0.0000 0.9843
vn 0.3107 -0.9505 0.0104
vn -0.3382 0.9409 -0.0206
vn -0.3459 0.9375 -0.0384
vn 0.3111 -0.9502 -0.0214
vn 0.3183 -0.9472 -0.0377
vn -0.9998 -0.0000 0.0201
vn 0.3111 -0.9502 0.0214
vn 0.9998 -0.0000 -0.0201
vn 0.9998 -0.0000 0.0201
vn -0.0000 0.9995 0.0329
vn 0.1919 0.9810 0.0284
vn -0.0000 0.9995 -0.0329
vn 0.1919 0.9810 -0.0284
vn 0.1983 0.9797 -0.0283
vn -0.0000 -0.9999 -0.0140
vn 0.1923 -0.9813 -0.0099
vn -0.0000 -0.9999 0.0140
vn 0.1923 -0.9813 0.0099
vn 0.1978 -0.9802 0.0098
vn 0.9802 -0.1972 -0.0169
vn 0.9816 0.1906 -0.0135
vn 0.9811 -0.1929 -0.0170
vn 0.9816 0.1906 0.0135
vn 0.9802 -0.1972 0.0169
vn 0.9811 -0.1929 0.0170
vn 0.3827 0.9236 -0.0227
vn 0.9239 0.3826 0.0060
vn 0.9798 0.1994 0.0132
vn 0.9238 -0.3827 0.0132
vn 0.3826 -0.9239 -0.0053
vn 0.1978 -0.9802 -0.0098
vn 0.3827 -0.9239 -0.0053
vn 0.9798 0.1994 -0.0131
vn 0.9239 0.3826 -0.0060
vn 0.3827 0.9236 0.0227
vn 0.1983 0.9797 0.0283
vn 0.3826 -0.9239 0.0053
vn 0.3827 -0.9239 0.0053
vn 0.9238 -0.3827 -0.0132
vn 0.4016 0.1140 0.9087
vn 0.1305 -0.0000 -0.9914
vn -0.3352 0.9421 -0.0046
vn -0.3459 0.9375 0.0384
vn -0.1762 -0.0000 -0.9844
vn -0.1888 0.9763 0.1054
vn -0.3302 0.9439 -0.0000
vn -0.3298 0.9440 0.0071
vn 0.3144 -0.9318 -0.1815
vn 0.3167 -0.9318 0.1771
vn 0.3321 -0.9433 -0.0000
vn 0.3317 -0.9434 0.0071
vn 0.1759 -0.0000 -0.9844
vn 0.3183 -0.9472 0.0377
vn 0.1345 -0.3653 0.9211
vn 0.1353 -0.3678 0.9200
vn 0.1353 -0.3679 0.9200
vn 0.3199 -0.8696 0.3762
vn 0.3202 -0.8706 0.3736
vn 0.3202 -0.8706 0.3735
vn 0.3202 -0.8706 -0.3736
vn 0.3199 -0.8696 -0.3762
vn 0.3202 -0.8706 -0.3735
vn 0.1353 -0.3678 -0.9200
vn 0.1345 -0.3653 -0.9211
vn 0.1353 -0.3679 -0.9200
vn -0.1354 0.3678 -0.9200
vn -0.1346 0.3653 -0.9211
vn -0.3207 0.8704 -0.3736
vn -0.3204 0.8694 -0.3762
vn -0.3207 0.8704 -0.3735
vn -0.3204 0.8694 0.3762
vn -0.3207 0.8704 0.3736
vn -0.3207 0.8704 0.3735
vn -0.1346 0.3653 0.9211
vn -0.1354 0.3678 0.9200
vn 1.0000 -0.0000 -0.0065
vn -0.9287 -0.3707 0.0061
vn 1.0000 -0.0000 -0.0000
vn 0.7071 -0.0000 0.7071
vn 0.7071 -0.0000 -0.7071
vn -0.7071 -0.0000 -0.7071
vn -0.7071 -0.0000 0.7071
vn 0.9239 -0.3827 -0.0000
vn 0.3827 -0.9239 -0.0000
vn 0.9239 0.3827 -0.0000
vn 0.3827 0.9239 -0.0000
vn 0.1345 -0.3652 0.9211
vn 0.3199 -0.8695 0.3762
vn 0.3199 -0.8695 -0.3762
vn -0.1345 0.3652 -0.9211
vn -0.1345 0.3652 0.9212
vn 0.5000 -0.0000 -0.8660
vn 0.8660 -0.0000 -0.5000
vn 0.9659 -0.0000 -0.2588
vn 0.9659 -0.0000 0.2588
vn 0.8660 -0.0000 0.5000
vn 0.5000 -0.0000 0.8660
vn 0.3827 -0.0000 0.9239
vn -0.3827 -0.0000 0.9239
vn -0.5000 -0.0000 0.8660
vn -0.8660 -0.0000 0.5000
vn -0.9659 -0.0000 0.2588
vn -0.9659 -0.0000 -0.2588
vn -0.8660 -0.0000 -0.5000
vn -0.5000 -0.0000 -0.8660
vn -0.0005 1.0000 -0.0000
vn -0.0000 0.9999 0.0148
vn -0.0000 0.9998 -0.0221
vn -0.0000 -0.9999 -0.0139
vn -0.0002 -0.9998 0.0222
vn -0.1951 -0.9808 -0.0000
vn 0.1951 -0.9808 -0.0000
vn -0.3827 -0.9239 -0.0000
vn 0.5556 -0.8315 -0.0000
vn -0.5556 -0.8315 -0.0000
vn 0.7071 -0.7071 -0.0000
vn -0.7071 -0.7071 -0.0000
vn -0.8315 -0.5556 -0.0000
vn 0.8315 -0.5556 -0.0000
vn -0.9239 -0.3827 -0.0000
vn -0.9808 -0.1951 -0.0000
vn 0.9808 -0.1951 -0.0000
vn 0.9808 0.1951 -0.0000
vn -0.9808 0.1951 -0.0000
vn -0.9239 0.3827 -0.0000
vn -0.8315 0.5556 -0.0000
vn 0.8315 0.5556 -0.0000
vn -0.7071 0.7071 -0.0000
vn 0.7071 0.7071 -0.0000
vn 0.5556 0.8315 -0.0000
vn -0.5556 0.8315 -0.0000
vn -0.3827 0.9239 -0.0000
vn 0.1951 0.9808 -0.0000
vn -0.1951 0.9808 -0.0000
vn 0.0007 -0.0004 -1.0000
vn 0.0008 -0.0000 -1.0000
vn -0.0007 0.0004 -1.0000
vn -0.0004 0.0007 -1.0000
vn 0.0004 0.0007 -1.0000
vn -0.0000 0.0008 -1.0000
vn -0.0004 -0.0007 -1.0000
vn -0.0007 -0.0004 -1.0000
vn 0.0004 -0.0007 -1.0000
vn 0.0007 0.0004 -1.0000
vn -0.0008 -0.0000 -1.0000
vn -0.0000 -0.0008 -1.0000
vn -0.4210 0.9071 -0.0000
vn -0.0890 0.9960 -0.0000
vn -0.9960 0.0890 -0.0000
vn -0.9071 0.4210 -0.0000
vn -0.5751 -0.8181 -0.0000
vn -0.8181 -0.5751 -0.0000
vn -0.3805 -0.1020 0.9191
vn -0.1219 -0.0327 0.9920
vn 0.4210 -0.9071 -0.0000
vn 0.0890 -0.9960 -0.0000
vn 0.9960 -0.0890 -0.0000
vn 0.9071 -0.4210 -0.0000
vn 0.5751 0.8181 -0.0000
vn 0.8181 0.5751 -0.0000
vn -0.6806 0.6806 -0.2714
vn -0.9659 -0.2588 -0.0000
vn -0.9297 -0.2491 -0.2714
vn -0.2588 -0.9659 -0.0000
vn -0.2491 -0.9297 -0.2714
vn 0.6806 -0.6806 -0.2714
vn 0.9659 0.2588 -0.0000
vn 0.9297 0.2491 -0.2714
vn 0.2491 0.9297 -0.2714
vn 0.2588 0.9659 -0.0000
vn 0.5838 -0.5838 -0.5643
vn -0.7974 -0.2137 -0.5643
vn -0.2785 0.2785 0.9191
vn -0.0892 0.0892 0.9920
vn -0.2588 0.9659 -0.0000
vn -0.1020 -0.3805 0.9191
vn -0.0327 -0.1219 0.9920
vn 0.3805 0.1020 0.9191
vn 0.1219 0.0327 0.9920
vn -0.2785 0.2785 -0.9191
vn -0.0892 0.0892 -0.9920
vn 0.3805 0.1020 -0.9191
vn 0.1219 0.0327 -0.9920
vn -0.9659 0.2588 -0.0000
vn -0.8270 -0.2216 0.5167
vn -0.8753 -0.2345 0.4229
vn -0.2216 -0.8270 0.5167
vn -0.2345 -0.8753 0.4229
vn -0.1020 -0.3805 -0.9191
vn -0.0327 -0.1219 -0.9920
vn 0.1080 0.4029 -0.9089
vn 0.1884 0.7029 -0.6859
vn 0.2588 -0.9659 -0.0000
vn 0.6054 -0.6054 0.5167
vn 0.6408 -0.6408 0.4229
vn -0.4029 -0.1079 0.9089
vn -0.7029 -0.1884 0.6859
vn -0.4029 -0.1080 0.9089
vn 0.7974 0.2137 -0.5643
vn -0.3805 -0.1020 -0.9191
vn -0.1219 -0.0327 -0.9920
vn 0.4029 0.1080 -0.9089
vn 0.7029 0.1884 -0.6859
vn 0.2949 -0.2949 0.9089
vn 0.5146 -0.5146 0.6859
vn -0.5838 0.5838 -0.5643
vn 0.2785 -0.2785 -0.9191
vn 0.0892 -0.0892 -0.9920
vn -0.2949 0.2949 -0.9089
vn -0.5146 0.5146 -0.6859
vn 0.4029 0.1080 0.9089
vn 0.7029 0.1883 0.6859
vn 0.4029 0.1079 0.9089
vn -0.4029 -0.1080 -0.9089
vn -0.7029 -0.1884 -0.6859
vn -0.4029 -0.1079 -0.9089
vn 0.8270 0.2216 0.5167
vn 0.8753 0.2345 0.4229
vn 0.2216 0.8270 0.5167
vn 0.2345 0.8753 0.4229
vn 0.9659 -0.2588 -0.0000
vn 0.1079 0.4029 0.9089
vn 0.1883 0.7029 0.6859
vn 0.1080 0.4029 0.9089
vn -0.2137 -0.7974 -0.5643
vn 0.1020 0.3805 -0.9191
vn 0.0327 0.1219 -0.9920
vn -0.1080 -0.4029 -0.9089
vn -0.1883 -0.7029 -0.6859
vn -0.1884 -0.7029 -0.6859
vn 0.2949 -0.2949 -0.9089
vn 0.5146 -0.5146 -0.6859
vn -0.6054 0.6054 0.5167
vn -0.6408 0.6408 0.4229
vn 0.2785 -0.2785 0.9191
vn 0.0892 -0.0892 0.9920
vn -0.2949 0.2949 0.9089
vn -0.5146 0.5146 0.6859
vn -0.5000 0.8660 -0.0000
vn -0.8181 0.5751 -0.0000
vn -0.9960 -0.0890 -0.0000
vn -0.8660 -0.5000 -0.0000
vn -0.5000 -0.8660 -0.0000
vn -0.0890 -0.9960 -0.0000
vn 0.5751 -0.8181 -0.0000
vn 0.8660 -0.5000 -0.0000
vn 0.9071 0.4210 -0.0000
vn 0.4210 0.9071 -0.0000
vn 0.2137 0.7974 -0.5643
vn -0.8660 0.5000 -0.0000
vn 0.5000 -0.8660 -0.0000
vn 0.8660 0.5000 -0.0000
vn 0.5000 0.8660 -0.0000
vn -0.1884 -0.7029 0.6859
vn 0.7029 0.1884 0.6859
vn 0.1020 0.3805 0.9191
vn 0.0327 0.1219 0.9920
vn -0.1080 -0.4029 0.9089
vn -0.5860 0.1714 -0.7920
vn -0.3346 -0.4632 -0.8207
vn -0.1436 -0.9279 -0.3442
vn -0.1436 -0.9279 0.3442
vn -0.3346 -0.4632 0.8207
vn 0.9310 0.3651 -0.0030
vn 0.9305 0.3663 -0.0000
vn 0.9305 0.3664 -0.0000
vn 0.9321 0.3622 0.0043
vn 0.9310 0.3651 0.0031
vn 0.9332 0.3592 0.0030
vn 0.9337 0.3581 -0.0000
vn 0.9321 0.3622 -0.0043
vn 0.9332 0.3593 -0.0031
vn 0.9310 0.3651 -0.0031
vn 0.9310 0.3651 0.0030
vn 0.9332 0.3593 0.0031
vn 0.9332 0.3592 -0.0030
vn 0.2382 -0.3139 0.9191
vn 0.2389 -0.3113 0.9198
vn 0.2422 -0.3003 0.9226
vn 0.5885 -0.7215 0.3648
vn 0.5903 -0.7174 0.3699
vn 0.5924 -0.7127 0.3757
vn 0.5903 -0.7174 -0.3700
vn 0.5885 -0.7215 -0.3648
vn 0.5924 -0.7127 -0.3757
vn 0.2389 -0.3113 -0.9198
vn 0.2382 -0.3139 -0.9191
vn 0.2422 -0.3002 -0.9226
vn -0.1945 0.3296 -0.9239
vn -0.2043 0.3172 -0.9261
vn -0.2160 0.3022 -0.9285
vn -0.3157 0.8648 -0.3905
vn -0.3775 0.8279 -0.4149
vn -0.4071 0.8080 -0.4260
vn -0.3775 0.8279 0.4149
vn -0.3154 0.8649 0.3905
vn -0.4071 0.8080 0.4260
vn -0.2043 0.3172 0.9261
vn -0.1945 0.3296 0.9239
vn -0.2160 0.3022 0.9285
vn -0.1529 0.3594 0.9206
vn -0.3629 0.8531 0.3749
vn -0.3629 0.8531 -0.3749
vn -0.1529 0.3594 -0.9206
vn 0.1529 -0.3594 -0.9206
vn 0.3629 -0.8531 -0.3749
vn 0.3629 -0.8531 0.3749
vn 0.1529 -0.3594 0.9206
vn -0.7449 0.5873 -0.3165
vn -0.7449 0.5873 0.3166
vn -0.5860 0.1714 0.7920
vn 0.2341 -0.3274 0.9154
vn 0.5862 -0.7266 0.3583
vn 0.5903 -0.7174 -0.3699
vn 0.5862 -0.7266 -0.3583
vn 0.2341 -0.3274 -0.9154
vn -0.1770 0.3514 -0.9193
vn -0.3154 0.8649 -0.3905
vn -0.2724 0.8870 -0.3727
vn -0.3773 0.8280 -0.4149
vn -0.2724 0.8870 0.3727
vn -0.1770 0.3514 0.9193
vn -0.7449 0.5873 0.3165
vn 0.8947 0.4467 -0.0000
vn 0.8066 0.5911 -0.0000
vn 0.5122 -0.8589 -0.0000
vn 0.6696 -0.7428 -0.0000
vn -0.6894 -0.7244 -0.0000
vn -0.5505 -0.8349 -0.0000
vn 0.0001 -1.0000 -0.0000
vn 0.2182 -0.9759 -0.0000
vn 0.9572 0.2895 -0.0000
vn 0.9566 -0.2913 -0.0000
vn 0.8691 -0.4946 -0.0000
vn 0.6696 -0.7427 -0.0000
vn -0.5225 0.8526 -0.0000
vn 0.2334 0.9724 -0.0000
vn 0.8526 0.5225 -0.0000
vn 0.9724 -0.2334 -0.0000
vn 0.5225 -0.8526 -0.0000
vn -0.2334 -0.9724 -0.0000
vn -0.8526 -0.5225 -0.0000
vn -0.9724 0.2334 -0.0000
vn 0.5901 -0.8073 -0.0000
vn 0.6669 -0.7452 -0.0000
vn -0.8065 -0.5913 -0.0000
vn -0.6694 0.7429 -0.0000
vn -0.5919 0.8060 -0.0000
vn -0.5901 0.8073 -0.0000
vn 0.8964 0.4433 -0.0000
vn 0.8063 0.5915 -0.0000
vn 0.8672 -0.4979 -0.0000
vn 0.9552 -0.2959 -0.0000
vn 0.9594 0.2819 -0.0000
vn -0.6695 0.7429 -0.0000
vn -0.8683 0.4960 -0.0000
vn -0.9557 0.2942 -0.0000
vn -0.9594 -0.2822 -0.0000
vn -0.8963 -0.4435 -0.0000
vn 0.0047 1.0000 -0.0000
vn 0.0002 -0.0002 1.0000
vn -0.0392 0.0119 0.9992
vn -0.0407 -0.0040 0.9992
vn -0.0391 0.0119 0.9992
vn -0.0317 0.0260 0.9992
vn -0.0316 0.0260 0.9992
vn -0.0193 0.0362 0.9992
vn -0.0193 0.0361 0.9992
vn -0.0040 0.0408 0.9992
vn 0.0119 0.0393 0.9992
vn 0.0261 0.0318 0.9992
vn 0.0260 0.0317 0.9992
vn 0.0362 0.0194 0.9992
vn 0.0409 0.0040 0.9992
vn 0.0393 -0.0119 0.9992
vn 0.0317 -0.0260 0.9992
vn 0.0193 -0.0361 0.9992
vn 0.0193 -0.0362 0.9992
vn 0.0040 -0.0407 0.9992
vn 0.0040 -0.0408 0.9992
vn -0.0119 -0.0391 0.9992
vn -0.0119 -0.0392 0.9992
vn -0.0259 -0.0316 0.9992
vn -0.0361 -0.0193 0.9992
vn 0.0118 0.0388 -0.9992
vn 0.0191 -0.0358 -0.9992
vn 0.0040 -0.0405 -0.9992
vn 0.0192 -0.0359 -0.9992
vn -0.0040 0.0404 -0.9992
vn 0.0313 -0.0257 -0.9992
vn -0.0040 0.0403 -0.9992
vn 0.0314 -0.0258 -0.9992
vn -0.0192 0.0358 -0.9992
vn 0.0388 -0.0118 -0.9992
vn -0.0405 -0.0040 -0.9992
vn -0.0191 0.0358 -0.9992
vn -0.0315 0.0258 -0.9992
vn -0.0359 -0.0192 -0.9992
vn -0.0314 0.0258 -0.9992
vn 0.0403 0.0040 -0.9992
vn -0.0390 0.0118 -0.9992
vn 0.0404 0.0040 -0.9992
vn -0.0258 -0.0315 -0.9992
vn -0.0389 0.0118 -0.9992
vn 0.0357 0.0191 -0.9992
vn -0.0118 -0.0389 -0.9992
vn -0.0118 -0.0390 -0.9992
vn 0.0257 0.0313 -0.9992
vn 0.0040 -0.0404 -0.9992
vn -0.2874 0.9476 -0.1397
vn -0.2780 0.9165 -0.2875
vn -0.2875 0.9477 -0.1389
vn -0.8729 0.4666 -0.1429
vn -0.8439 0.4511 -0.2904
vn -0.8730 0.4666 -0.1422
vn 0.3832 0.9236 0.0039
vn 0.3822 0.9241 0.0037
vn 0.3820 0.9241 0.0037
vn -0.6280 0.7652 -0.1414
vn -0.6073 0.7400 -0.2890
vn -0.6281 0.7653 -0.1406
vn -0.1945 -0.9809 -0.0031
vn -0.1934 -0.9811 -0.0034
vn -0.1947 -0.9809 -0.0030
vn 0.3808 0.9246 0.0042
vn 0.3806 0.9247 0.0042
vn 0.0719 0.0876 0.9936
vn 0.0719 0.0877 0.9935
vn 0.5556 -0.8314 0.0005
vn 0.5555 -0.8315 0.0005
vn -0.1075 0.0326 -0.9937
vn 0.7658 0.6285 -0.1360
vn 0.7411 0.6082 -0.2844
vn 0.7658 0.6285 -0.1359
vn 0.4670 0.8736 -0.1368
vn 0.4519 0.8454 -0.2849
vn 0.4670 0.8737 -0.1364
vn 0.0971 0.9856 -0.1381
vn 0.0939 0.9536 -0.2860
vn 0.0971 0.9857 -0.1374
vn -0.5561 -0.8311 -0.0044
vn -0.5551 -0.8318 -0.0042
vn -0.5562 -0.8310 -0.0044
vn 0.5554 -0.8316 0.0005
vn 0.9539 -0.0940 -0.2849
vn 0.9858 -0.0971 -0.1368
vn 0.9859 -0.0971 -0.1364
vn 0.9174 0.2783 -0.2844
vn 0.9480 0.2876 -0.1360
vn 0.9481 0.2876 -0.1359
vn -0.5549 -0.8319 -0.0043
vn -0.5537 -0.8327 -0.0047
vn 0.0329 0.1085 0.9936
vn 0.6076 -0.7404 -0.2875
vn 0.6282 -0.7654 -0.1397
vn 0.6282 -0.7655 -0.1389
vn 0.8451 -0.4517 -0.2860
vn 0.8735 -0.4669 -0.1381
vn 0.8736 -0.4669 -0.1374
vn -0.3826 0.9239 0.0005
vn -0.3827 0.9239 0.0005
vn -0.3828 0.9238 0.0005
vn -0.0868 0.0712 -0.9937
vn 0.9242 0.3820 0.0050
vn 0.9236 0.3833 0.0048
vn 0.9235 0.3835 0.0048
vn -0.3829 0.9238 0.0005
vn -0.7393 -0.6067 -0.2921
vn -0.7649 -0.6277 -0.1444
vn -0.7649 -0.6278 -0.1443
vn -0.4509 -0.8436 -0.2915
vn -0.4665 -0.8727 -0.1439
vn -0.4665 -0.8728 -0.1435
vn -0.0938 -0.9523 -0.2904
vn -0.0970 -0.9850 -0.1429
vn -0.0970 -0.9851 -0.1422
vn 0.2779 -0.9161 -0.2890
vn 0.2874 -0.9473 -0.1414
vn 0.2874 -0.9474 -0.1406
vn -0.9848 0.0970 -0.1439
vn -0.9520 0.0938 -0.2915
vn -0.9849 0.0970 -0.1435
vn 0.9229 0.3851 0.0054
vn 0.9228 0.3854 0.0054
vn -0.9469 -0.2872 -0.1444
vn -0.9152 -0.2776 -0.2921
vn -0.9469 -0.2872 -0.1443
vn -0.0111 0.1127 0.9936
vn 0.8317 -0.5553 0.0024
vn 0.8313 -0.5558 0.0023
vn 0.8317 -0.5552 0.0024
vn -0.0529 0.0989 -0.9937
vn -0.9131 -0.2770 0.2992
vn -0.9458 -0.2869 0.1519
vn -0.9459 -0.2869 0.1518
vn -0.9809 -0.1944 -0.0048
vn -0.9807 -0.1957 -0.0046
vn -0.9809 -0.1943 -0.0048
vn 0.8312 -0.5559 0.0023
vn 0.8308 -0.5566 0.0025
vn -0.9494 0.0935 0.2997
vn -0.9835 0.0969 0.1527
vn -0.9836 0.0969 0.1523
vn 0.2867 -0.9453 0.1556
vn 0.2767 -0.9122 0.3022
vn 0.2868 -0.9454 0.1548
vn -0.0968 -0.9833 0.1540
vn -0.0935 -0.9491 0.3008
vn -0.0969 -0.9834 0.1533
vn -0.4659 -0.8716 0.1527
vn -0.4497 -0.8414 0.2997
vn -0.4659 -0.8716 0.1523
vn -0.7640 -0.6270 0.1519
vn -0.7376 -0.6053 0.2992
vn -0.7641 -0.6270 0.1518
vn -0.9806 -0.1959 -0.0046
vn -0.9803 -0.1975 -0.0051
vn -0.0533 0.0998 0.9936
vn -0.7073 0.7069 -0.0015
vn -0.7070 0.7072 -0.0014
vn -0.7069 0.7073 -0.0014
vn -0.0110 0.1115 -0.9937
vn 0.1949 -0.9808 -0.0015
vn 0.1943 -0.9809 -0.0015
vn 0.1943 -0.9809 -0.0016
vn -0.7066 0.7076 -0.0016
vn -0.7065 0.7077 -0.0016
vn 0.0004 1.0000 0.0024
vn 0.0012 1.0000 0.0025
vn -0.0874 0.0717 0.9936
vn 0.8707 -0.4654 0.1587
vn 0.8399 -0.4489 0.3052
vn 0.8708 -0.4655 0.1580
vn 0.6265 -0.7634 0.1573
vn 0.6044 -0.7365 0.3037
vn 0.6266 -0.7635 0.1564
vn 0.9809 -0.1945 0.0039
vn 0.9807 -0.1956 0.0037
vn 0.0325 0.1072 -0.9937
vn -0.1956 -0.9807 -0.0032
vn -0.1967 -0.9805 -0.0034
vn -0.1969 -0.9804 -0.0034
vn 0.9806 -0.1958 0.0037
vn 0.9804 -0.1971 0.0041
vn 0.9446 0.2865 0.1603
vn 0.9108 0.2763 0.3068
vn 0.9446 0.2865 0.1601
vn 0.9824 -0.0968 0.1598
vn 0.9474 -0.0933 0.3062
vn 0.9825 -0.0968 0.1593
vn 0.5558 -0.8313 0.0005
vn -0.1081 0.0328 0.9936
vn -0.9241 0.3822 -0.0032
vn -0.9237 0.3831 -0.0030
vn -0.9237 0.3832 -0.0031
vn 0.0710 0.0865 -0.9937
vn 0.0933 0.9477 0.3052
vn 0.0968 0.9826 0.1587
vn 0.0968 0.9827 0.1580
vn 0.4487 0.8396 0.3062
vn 0.4653 0.8706 0.1598
vn 0.4654 0.8707 0.1593
vn 0.7357 0.6038 0.3068
vn 0.7630 0.6262 0.1603
vn 0.7630 0.6262 0.1601
vn -0.3825 0.9240 0.0005
vn -0.9232 0.3842 -0.0034
vn -0.9232 0.3844 -0.0034
vn 0.8322 -0.5545 0.0025
vn 0.8322 -0.5544 0.0025
vn 0.9806 0.1958 0.0048
vn 0.9809 0.1945 0.0046
vn 0.9806 0.1959 0.0048
vn 0.0987 0.0528 -0.9937
vn -0.7076 0.7066 -0.0016
vn 0.9809 0.1942 0.0046
vn 0.9813 0.1926 0.0051
vn 0.9812 -0.1931 0.0041
vn 0.9812 -0.1929 0.0042
vn -1.0000 -0.0007 -0.0044
vn -1.0000 0.0006 -0.0042
vn -1.0000 0.0008 -0.0043
vn 0.1114 0.0110 -0.9937
vn -0.6047 0.7369 0.3022
vn -0.6267 0.7636 0.1556
vn -0.6267 0.7637 0.1548
vn -0.9245 0.3811 -0.0034
vn -1.0000 0.0023 -0.0047
vn -1.0000 0.0026 -0.0048
vn -0.8411 0.4496 0.3008
vn -0.8714 0.4658 0.1540
vn -0.8715 0.4658 0.1533
vn -0.2766 0.9117 0.3037
vn -0.2867 0.9450 0.1573
vn -0.2867 0.9452 0.1564
vn -0.7529 0.6179 -0.2269
vn -0.6889 0.5654 -0.4535
vn -0.7531 0.6180 -0.2256
vn -0.4593 0.8592 -0.2253
vn -0.4204 0.7866 -0.4523
vn -0.4594 0.8595 -0.2239
vn -0.0955 0.9700 -0.2236
vn -0.0875 0.8882 -0.4510
vn -0.0956 0.9703 -0.2223
vn 0.2830 0.9330 -0.2221
vn 0.2592 0.8546 -0.4500
vn 0.2831 0.9333 -0.2211
vn 0.6187 0.7539 -0.2209
vn 0.5668 0.6906 -0.4493
vn 0.6188 0.7540 -0.2204
vn 0.8602 0.4598 -0.2204
vn 0.7880 0.4212 -0.4490
vn 0.8891 0.0876 -0.4493
vn 0.9706 0.0956 -0.2209
vn 0.9707 0.0956 -0.2204
vn 0.8546 -0.2592 -0.4500
vn 0.9330 -0.2830 -0.2221
vn 0.9333 -0.2831 -0.2211
vn 0.6899 -0.5662 -0.4510
vn 0.7534 -0.6183 -0.2236
vn 0.7537 -0.6185 -0.2223
vn 0.4204 -0.7866 -0.4523
vn 0.4593 -0.8592 -0.2253
vn 0.4594 -0.8595 -0.2239
vn 0.0874 -0.8869 -0.4535
vn 0.0955 -0.9692 -0.2269
vn 0.0955 -0.9695 -0.2256
vn -0.2586 -0.8523 -0.4546
vn -0.2826 -0.9317 -0.2281
vn -0.2827 -0.9319 -0.2271
vn -0.5648 -0.6882 -0.4553
vn -0.6176 -0.7525 -0.2288
vn -0.6176 -0.7526 -0.2282
vn -0.7851 -0.4196 -0.4556
vn -0.8585 -0.4589 -0.2288
vn -0.9688 -0.0954 -0.2288
vn -0.8860 -0.0873 -0.4553
vn -0.9689 -0.0954 -0.2282
vn -0.9317 0.2826 -0.2281
vn -0.8523 0.2586 -0.4546
vn -0.9319 0.2827 -0.2271
vn -0.8486 0.2574 0.4622
vn -0.9295 0.2820 0.2377
vn -0.9297 0.2820 0.2367
vn -0.8829 -0.0870 0.4615
vn -0.9669 -0.0952 0.2366
vn -0.9671 -0.0952 0.2361
vn -0.8570 -0.4581 0.2360
vn -0.7825 -0.4183 0.4612
vn -0.6164 -0.7511 0.2366
vn -0.5628 -0.6858 0.4615
vn -0.6165 -0.7512 0.2361
vn -0.2820 -0.9295 0.2377
vn -0.2574 -0.8486 0.4622
vn -0.2820 -0.9297 0.2367
vn 0.0952 -0.9663 0.2392
vn 0.0869 -0.8820 0.4632
vn 0.0952 -0.9666 0.2380
vn 0.4575 -0.8560 0.2409
vn 0.4175 -0.7810 0.4645
vn 0.4577 -0.8563 0.2395
vn 0.7499 -0.6155 0.2424
vn 0.6841 -0.5614 0.4657
vn 0.7502 -0.6157 0.2412
vn 0.9281 -0.2815 0.2436
vn 0.8463 -0.2567 0.4667
vn 0.9283 -0.2816 0.2427
vn 0.9650 0.0950 0.2443
vn 0.8798 0.0867 0.4674
vn 0.9652 0.0951 0.2438
vn 0.7795 0.4167 0.4676
vn 0.8552 0.4571 0.2444
vn 0.5608 0.6834 0.4674
vn 0.6152 0.7496 0.2443
vn 0.6152 0.7497 0.2438
vn 0.2567 0.8463 0.4667
vn 0.2815 0.9281 0.2436
vn 0.2816 0.9283 0.2427
vn -0.0867 0.8807 0.4657
vn -0.0951 0.9655 0.2424
vn -0.0951 0.9658 0.2412
vn -0.4175 0.7810 0.4645
vn -0.4575 0.8560 0.2409
vn -0.4577 0.8563 0.2395
vn -0.6851 0.5622 0.4632
vn -0.7506 0.6160 0.2392
vn -0.7508 0.6162 0.2380
vn 0.1000 0.0535 0.9935
vn 0.7065 0.7077 0.0046
vn 0.7053 0.7089 0.0051
vn 0.7051 0.7091 0.0052
vn -0.0004 1.0000 0.0023
vn -0.0012 1.0000 0.0025
vn -0.0014 1.0000 0.0025
vn 0.7076 0.7066 0.0048
vn 0.7066 0.7076 0.0046
vn -0.0003 1.0000 0.0023
vn 0.1128 0.0111 0.9936
vn -0.8310 -0.5563 -0.0048
vn -0.8300 -0.5577 -0.0054
vn -0.8311 -0.5561 -0.0048
vn 0.1954 -0.9807 -0.0014
vn 0.1958 -0.9806 -0.0016
vn 0.1953 -0.9807 -0.0014
vn -0.8319 -0.5549 -0.0050
vn 0.1084 -0.0329 0.9936
vn 1.0000 0.0008 0.0043
vn 1.0000 0.0023 0.0048
vn 1.0000 0.0026 0.0048
vn 1.0000 -0.0007 0.0044
vn 1.0000 0.0006 0.0042
vn 0.0875 -0.0718 0.9936
vn 0.9241 -0.3821 0.0031
vn 0.9245 -0.3812 0.0034
vn 0.9246 -0.3810 0.0034
vn 0.9237 -0.3831 0.0032
vn 0.9240 -0.3823 0.0030
vn 0.0533 -0.0998 0.9936
vn -0.9809 0.1944 -0.0037
vn -0.9812 0.1931 -0.0042
vn -0.9809 0.1946 -0.0037
vn -0.9807 0.1957 -0.0039
vn 0.0111 -0.1125 0.9936
vn 0.7073 -0.7069 0.0014
vn 0.7076 -0.7066 0.0016
vn 0.7077 -0.7065 0.0016
vn 0.7069 -0.7073 0.0014
vn 0.7072 -0.7070 0.0014
vn -0.9813 -0.1926 -0.0051
vn -0.9813 -0.1924 -0.0051
vn -0.0328 -0.1081 0.9936
vn -0.8317 0.5552 -0.0023
vn -0.8321 0.5545 -0.0025
vn -0.8316 0.5553 -0.0023
vn 0.9249 0.3803 0.0053
vn 0.9242 0.3819 0.0050
vn -0.8313 0.5559 -0.0024
vn -0.8312 0.5559 -0.0024
vn -0.5575 -0.8302 -0.0047
vn -0.5577 -0.8300 -0.0048
vn -0.0716 -0.0873 0.9936
vn 0.3826 -0.9239 -0.0005
vn 0.3824 -0.9240 -0.0005
vn 0.3845 0.9231 0.0041
vn 0.3833 0.9236 0.0039
vn 0.3827 -0.9239 -0.0005
vn 0.7089 0.7053 0.0051
vn 0.7077 0.7065 0.0048
vn -0.0996 -0.0532 0.9936
vn -0.5556 0.8314 -0.0005
vn -0.5558 0.8313 -0.0005
vn -0.8329 -0.5534 -0.0053
vn -0.8331 -0.5532 -0.0053
vn -0.5555 0.8315 -0.0005
vn 1.0000 -0.0023 0.0047
vn 1.0000 -0.0008 0.0044
vn -0.1124 -0.0111 0.9936
vn -0.0004 -1.0000 -0.0023
vn -0.0012 -1.0000 -0.0025
vn -0.0014 -1.0000 -0.0026
vn 0.9232 -0.3842 0.0034
vn 0.9237 -0.3832 0.0032
vn -0.1119 -0.0110 -0.9937
vn -0.1118 -0.0110 -0.9937
vn 0.0004 -1.0000 -0.0024
vn -0.0003 -1.0000 -0.0023
vn -0.9804 0.1970 -0.0041
vn -0.9803 0.1973 -0.0041
vn -0.1948 0.9808 0.0014
vn -0.1943 0.9809 0.0016
vn -0.1949 0.9808 0.0014
vn 0.7066 -0.7076 0.0015
vn 0.7069 -0.7073 0.0015
vn -0.0992 -0.0530 -0.9937
vn -0.1953 0.9807 0.0014
vn -0.1953 0.9807 0.0015
vn -0.8308 0.5566 -0.0025
vn -0.8307 0.5567 -0.0025
vn -0.3833 -0.9236 -0.0037
vn -0.3846 -0.9231 -0.0042
vn -0.3848 -0.9230 -0.0042
vn 0.3829 -0.9238 -0.0005
vn 0.3828 -0.9238 -0.0005
vn -0.0713 -0.0869 -0.9937
vn -0.3821 -0.9241 -0.0039
vn -0.3832 -0.9237 -0.0037
vn -0.5554 0.8316 -0.0005
vn -0.5553 0.8316 -0.0005
vn 0.1957 0.9807 0.0031
vn 0.1967 0.9805 0.0034
vn 0.1955 0.9807 0.0030
vn 0.0012 -1.0000 -0.0025
vn -0.0326 -0.1075 -0.9937
vn 0.1946 0.9809 0.0032
vn -0.1958 0.9806 0.0015
vn -0.1959 0.9806 0.0016
vn -0.7077 -0.7065 -0.0046
vn -0.7089 -0.7053 -0.0052
vn -0.7091 -0.7051 -0.0052
vn -0.3808 -0.9246 -0.0041
vn 0.0110 -0.1117 -0.9937
vn -0.7066 -0.7076 -0.0048
vn -0.7075 -0.7067 -0.0046
vn 0.1935 0.9811 0.0034
vn 0.1933 0.9811 0.0034
vn 0.5562 0.8310 0.0043
vn 0.5575 0.8302 0.0048
vn 0.5561 0.8311 0.0042
vn -0.7054 -0.7088 -0.0051
vn -0.7065 -0.7077 -0.0048
vn 0.0529 -0.0989 -0.9937
vn 0.5550 0.8318 0.0044
vn 0.5549 0.8319 0.0044
vn 0.5537 0.8327 0.0047
vn 0.5534 0.8329 0.0047
vn -0.9242 -0.3818 -0.0048
vn -0.9249 -0.3803 -0.0054
vn -0.9250 -0.3800 -0.0054
vn -0.9236 -0.3834 -0.0050
vn -0.9229 -0.3851 -0.0053
vn -0.9235 -0.3835 -0.0050
vn 0.0866 -0.0711 -0.9937
vn -0.9241 -0.3821 -0.0048
vn 0.8310 0.5562 0.0050
vn 0.8300 0.5577 0.0053
vn 0.8299 0.5579 0.0053
vn 0.8320 0.5548 0.0048
vn 0.8329 0.5534 0.0053
vn 0.8318 0.5550 0.0048
vn -1.0000 -0.0023 -0.0047
vn -1.0000 -0.0008 -0.0044
vn 0.1072 -0.0325 -0.9937
vn 0.8310 0.5563 0.0050
vn 0.9803 0.1975 0.0051
vn 0.9802 0.1978 0.0051
vn -0.1933 -0.9811 -0.0034
vn 0.7411 0.6082 -0.2843
vn -0.5535 -0.8329 -0.0048
vn 0.8307 -0.5567 0.0026
vn -0.9802 -0.1978 -0.0052
vn 0.0014 1.0000 0.0025
vn 0.9803 -0.1973 0.0042
vn -0.3824 0.9240 0.0005
vn -0.7077 0.7065 -0.0016
vn 0.9813 0.1924 0.0052
vn -0.9246 0.3810 -0.0034
vn -0.8298 -0.5580 -0.0054
vn 0.1959 -0.9806 -0.0016
vn 0.1085 -0.0329 0.9936
vn -0.9812 0.1929 -0.0042
vn -0.8322 0.5544 -0.0026
vn 0.9250 0.3800 0.0053
vn 0.3848 0.9230 0.0042
vn 0.7091 0.7051 0.0052
vn 1.0000 -0.0025 0.0047
vn 0.9232 -0.3844 0.0034
vn -0.1942 0.9810 0.0016
vn 0.7065 -0.7077 0.0016
vn -0.0991 -0.0530 -0.9937
vn 0.1969 0.9804 0.0035
vn 0.0014 -1.0000 -0.0025
vn -0.3806 -0.9247 -0.0041
vn 0.5577 0.8300 0.0048
vn -0.7052 -0.7090 -0.0051
vn -0.9228 -0.3853 -0.0053
vn 0.8331 0.5532 0.0054
vn -1.0000 -0.0025 -0.0047
vt 0.158491 0.932821
vt 0.236822 0.926542
vt 0.164577 0.949018
vt 0.141144 0.497956
vt 0.170140 0.518034
vt 0.139172 0.518034
vt 0.272475 0.481245
vt 0.260245 0.574143
vt 0.185908 0.517102
vt 0.314867 0.591543
vt 0.282148 0.578375
vt 0.293126 0.569490
vt 0.202555 0.613260
vt 0.228006 0.588844
vt 0.221839 0.619191
vt 0.141144 0.538112
vt 0.175607 0.545607
vt 0.146983 0.557424
vt 0.184794 0.432376
vt 0.214508 0.451376
vt 0.202075 0.458074
vt 0.281333 0.422434
vt 0.282148 0.457693
vt 0.269652 0.451114
vt 0.241907 0.621258
vt 0.256115 0.588977
vt 0.261994 0.619382
vt 0.156467 0.575230
vt 0.191182 0.569006
vt 0.169233 0.590852
vt 0.169233 0.445217
vt 0.182246 0.477997
vt 0.156467 0.460838
vt 0.261994 0.416686
vt 0.242054 0.445777
vt 0.241907 0.414810
vt 0.281333 0.613634
vt 0.299185 0.604235
vt 0.184794 0.603692
vt 0.214508 0.584692
vt 0.171520 0.532089
vt 0.175607 0.490462
vt 0.171520 0.503980
vt 0.202555 0.422808
vt 0.228006 0.447224
vt 0.299184 0.431833
vt 0.293126 0.466578
vt 0.242054 0.590291
vt 0.182246 0.558071
vt 0.191182 0.467062
vt 0.256115 0.447091
vt 0.269652 0.584954
vt 0.202075 0.577995
vt 0.146983 0.478645
vt 0.221839 0.416877
vt 0.355951 0.674789
vt 0.331741 0.729534
vt 0.331741 0.674789
vt 0.292802 0.853465
vt 0.265293 0.845822
vt 0.281298 0.833540
vt 0.272936 0.873331
vt 0.281561 0.862091
vt 0.267514 0.886421
vt 0.253011 0.861828
vt 0.265665 0.900469
vt 0.245291 0.880467
vt 0.245290 0.920471
vt 0.242657 0.900469
vt 0.272936 0.927606
vt 0.267514 0.914516
vt 0.265293 0.955115
vt 0.253011 0.939110
vt 0.281561 0.938847
vt 0.281298 0.967397
vt 0.356133 0.729666
vt 0.380343 0.674921
vt 0.380343 0.729666
vt 0.303026 0.871163
vt 0.283061 0.895406
vt 0.287456 0.870483
vt 0.322059 0.870992
vt 0.305232 0.896374
vt 0.346583 0.881324
vt 0.326898 0.891571
vt 0.331314 0.859962
vt 0.362945 0.866331
vt 0.351179 0.836287
vt 0.341247 0.848124
vt 0.360434 0.825257
vt 0.374868 0.847615
vt 0.382510 0.804279
vt 0.381542 0.826450
vt 0.353925 0.791268
vt 0.357298 0.806484
vt 0.304133 0.674789
vt 0.287130 0.729534
vt 0.287130 0.674789
vt 0.137404 0.836450
vt 0.214768 0.843977
vt 0.138260 0.850593
vt 0.162255 0.712532
vt 0.228028 0.753951
vt 0.156678 0.725557
vt 0.147576 0.752382
vt 0.224503 0.763524
vt 0.221476 0.773266
vt 0.169701 0.961063
vt 0.240512 0.935215
vt 0.215908 0.854115
vt 0.139844 0.864672
vt 0.144077 0.766112
vt 0.218956 0.783151
vt 0.175200 0.973990
vt 0.244471 0.944522
vt 0.217571 0.864180
vt 0.142154 0.878651
vt 0.141291 0.780004
vt 0.216950 0.793154
vt 0.248430 0.953829
vt 0.180699 0.986916
vt 0.219752 0.874145
vt 0.145183 0.892492
vt 0.139226 0.794021
vt 0.215464 0.803246
vt 0.252120 0.962501
vt 0.185823 0.998961
vt 0.148922 0.906158
vt 0.222444 0.883985
vt 0.214500 0.813402
vt 0.137888 0.808126
vt 0.175388 0.687433
vt 0.252120 0.704389
vt 0.241500 0.726502
vt 0.153362 0.919613
vt 0.225641 0.893672
vt 0.214062 0.823594
vt 0.137280 0.822282
vt 0.236539 0.735416
vt 0.168497 0.699813
vt 0.229334 0.903182
vt 0.214152 0.833795
vt 0.232044 0.744574
vt 0.151780 0.738852
vt 0.296054 0.819148
vt 0.237437 0.785305
vt 0.256976 0.751463
vt 0.352529 0.647548
vt 0.331923 0.674921
vt 0.335527 0.647548
vt 0.368952 0.643148
vt 0.356133 0.674921
vt 0.368770 0.761307
vt 0.355951 0.729534
vt 0.379336 0.735800
vt 0.335345 0.756907
vt 0.352347 0.756907
vt 0.287312 0.729666
vt 0.304315 0.674921
vt 0.304315 0.729666
vt 0.270310 0.729666
vt 0.287312 0.674921
vt 0.331923 0.729666
vt 0.270128 0.729534
vt 0.270128 0.674789
vt 0.380161 0.674789
vt 0.304133 0.729534
vt 0.956039 0.781802
vt 0.893884 0.852332
vt 0.932111 0.769751
vt 0.890865 0.898939
vt 0.857526 0.982512
vt 0.833885 0.894386
vt 0.319939 0.846194
vt 0.299937 0.825820
vt 0.319939 0.823187
vt 0.305892 0.848043
vt 0.292802 0.947472
vt 0.305892 0.952894
vt 0.319939 0.954743
vt 0.299937 0.975117
vt 0.319939 0.977751
vt 0.933060 0.769976
vt 0.879378 0.743141
vt 0.935547 0.750207
vt 0.895048 0.851037
vt 0.836230 0.865353
vt 0.838153 0.845521
vt 0.835472 0.874525
vt 0.892452 0.879077
vt 0.937430 0.723339
vt 0.878987 0.736985
vt 0.881155 0.717178
vt 0.876891 0.762910
vt 0.027237 0.272773
vt 0.355043 0.316332
vt 0.012606 0.315985
vt 0.038157 0.252523
vt 0.369674 0.273121
vt 0.023486 0.336257
vt 0.355043 0.336257
vt 0.038551 0.379319
vt 0.370109 0.379319
vt 0.039338 0.273096
vt 0.371101 0.252831
vt 0.371122 0.272756
vt 0.024232 0.316144
vt 0.356037 0.335729
vt 0.013381 0.336432
vt 0.356017 0.315804
vt 0.028138 0.379600
vt 0.370794 0.378897
vt 0.324265 0.104617
vt 0.404101 0.124543
vt 0.324265 0.124542
vt 0.404102 0.106439
vt 0.324265 0.126364
vt 0.324265 0.106439
vt 0.030359 0.208893
vt 0.000348 0.124541
vt 0.030359 0.020265
vt 0.351027 0.029399
vt 0.351594 0.009483
vt 0.030927 0.000348
vt 0.000348 0.104616
vt 0.030359 0.022088
vt 0.351026 0.031221
vt 0.000348 0.106440
vt 0.351594 0.221499
vt 0.030359 0.210717
vt 0.351027 0.201582
vt 0.000348 0.126365
vt 0.835720 0.899164
vt 0.889841 0.897450
vt 0.912984 0.985458
vt 0.589710 0.208842
vt 0.475662 0.169892
vt 0.475662 0.130942
vt 0.833846 0.892038
vt 0.883411 0.716663
vt 0.938656 0.723597
vt 0.938656 0.977793
vt 0.915886 0.891205
vt 0.935261 0.743146
vt 0.876765 0.763676
vt 0.830450 0.847439
vt 0.837807 0.847835
vt 0.826533 0.891137
vt 0.876003 0.715704
vt 0.869336 0.762890
vt 0.873627 0.770455
vt 0.588812 0.132482
vt 0.475302 0.105696
vt 0.589350 0.105696
vt 0.589171 0.104156
vt 0.475123 0.104156
vt 0.589171 0.027512
vt 0.475662 0.000739
vt 0.589710 0.000738
vt 0.588811 0.001021
vt 0.475302 0.027795
vt 0.474763 0.001022
vt 0.440380 0.027718
vt 0.408834 0.001132
vt 0.439841 0.000945
vt 0.458631 0.202443
vt 0.451948 0.155304
vt 0.474764 0.132481
vt 0.459169 0.099011
vt 0.452487 0.050608
vt 0.409194 0.027402
vt 0.440740 0.000816
vt 0.440201 0.027590
vt 0.374265 0.027129
vt 0.391010 0.000424
vt 0.391728 0.027205
vt 0.408476 0.000620
vt 0.457662 0.027580
vt 0.458200 0.000806
vt 0.475123 0.027512
vt 0.408116 0.027914
vt 0.391369 0.001329
vt 0.390650 0.028110
vt 0.373906 0.001405
vt 0.457840 0.027728
vt 0.457302 0.000954
vt 0.475123 0.065834
vt 0.458990 0.034194
vt 0.452308 0.081333
vt 0.458990 0.097471
vt 0.452308 0.050325
vt 0.459529 0.137626
vt 0.452846 0.153764
vt 0.459529 0.202160
vt 0.475662 0.208842
vt 0.452846 0.186029
vt 0.304147 0.812937
vt 0.327305 0.795419
vt 0.327305 0.804844
vt 0.327305 0.785305
vt 0.304147 0.785305
vt 0.327305 0.775191
vt 0.304147 0.757673
vt 0.327305 0.765766
vt 0.189563 0.503461
vt 0.196624 0.491231
vt 0.206610 0.481245
vt 0.218840 0.474184
vt 0.232481 0.470528
vt 0.246604 0.470528
vt 0.260245 0.474183
vt 0.282461 0.491230
vt 0.289522 0.503461
vt 0.293177 0.517102
vt 0.293177 0.531224
vt 0.289522 0.544865
vt 0.282461 0.557095
vt 0.272475 0.567081
vt 0.246604 0.577798
vt 0.232482 0.577798
vt 0.218841 0.574143
vt 0.206610 0.567081
vt 0.196624 0.557095
vt 0.189563 0.544865
vt 0.185908 0.531224
vt 0.314867 0.444525
vt 0.377707 0.782613
vt 0.183637 0.672223
vt 0.266401 0.747559
vt 0.276515 0.746227
vt 0.286629 0.747559
vt 0.296054 0.751463
vt 0.286629 0.823051
vt 0.276515 0.824383
vt 0.266401 0.823051
vt 0.256976 0.819147
vt 0.248883 0.812937
vt 0.242673 0.804844
vt 0.238769 0.795419
vt 0.238769 0.775191
vt 0.242673 0.765766
vt 0.248883 0.757673
vt 0.379518 0.668655
vt 0.270310 0.674921
vt 0.380161 0.729534
vt 0.918428 0.863051
vt 0.914063 0.985413
vt 0.893125 0.870869
vt 0.369714 0.253196
vt 0.028445 0.252831
vt 0.404101 0.104618
vt 0.404102 0.126364
vt 0.351026 0.199760
vt 0.030927 0.230633
vt 0.857431 0.981727
vt 0.855531 0.974503
vt 0.589710 0.130942
vt 0.828132 0.874130
vt 0.828935 0.864453
vt 0.872190 0.742210
vt 0.871778 0.736223
vt 0.840903 0.841148
vt 0.589350 0.027795
vt 0.588811 0.209125
vt 0.474764 0.209125
vt 0.451948 0.186312
vt 0.458631 0.139166
vt 0.452487 0.082873
vt 0.459169 0.034477
vt 0.373547 0.000348
vt 0.373188 0.028186
vt 0.071802 0.403474
vt 0.085879 0.981510
vt 0.072027 0.979730
vt 0.057838 0.403204
vt 0.058079 0.978995
vt 0.044131 0.979741
vt 0.030281 0.981533
vt 0.043874 0.403485
vt 0.016430 0.983325
vt 0.029923 0.404157
vt 0.113680 0.984027
vt 0.127630 0.404792
vt 0.127630 0.983289
vt 0.099703 0.404793
vt 0.099731 0.983290
vt 0.085753 0.404133
vt 0.984733 0.357220
vt 0.961131 0.475824
vt 0.961131 0.357220
vt 0.616959 0.323785
vt 0.553909 0.274002
vt 0.638455 0.290060
vt 0.735649 0.249787
vt 0.703948 0.185710
vt 0.755537 0.218417
vt 0.684060 0.217080
vt 0.668548 0.356492
vt 0.690044 0.322768
vt 0.828763 0.357220
vt 0.808055 0.475824
vt 0.808055 0.357220
vt 0.704386 0.019305
vt 0.725304 0.082156
vt 0.659530 0.105997
vt 0.931778 0.357220
vt 0.911070 0.475824
vt 0.911070 0.357220
vt 0.881717 0.357220
vt 0.881717 0.475824
vt 0.858115 0.475824
vt 0.828762 0.475824
vt 0.778702 0.357220
vt 0.778702 0.475824
vt 0.858116 0.357220
vt 0.997191 0.332046
vt 0.780315 0.302446
vt 0.997191 0.302446
vt 0.780315 0.234672
vt 0.997191 0.137298
vt 0.780315 0.137298
vt 0.780315 0.069524
vt 0.996757 0.332673
vt 0.779881 0.303073
vt 0.996758 0.303073
vt 0.996758 0.167525
vt 0.779881 0.137925
vt 0.996758 0.137925
vt 0.997191 0.166898
vt 0.654309 0.137298
vt 0.749192 0.166898
vt 0.654309 0.166898
vt 0.653875 0.167525
vt 0.748758 0.137925
vt 0.748758 0.167525
vt 0.764320 0.332673
vt 0.748758 0.303073
vt 0.764320 0.303073
vt 0.749192 0.302446
vt 0.764754 0.332046
vt 0.749192 0.332046
vt 0.764754 0.302446
vt 0.780315 0.332046
vt 0.764320 0.167525
vt 0.764320 0.137925
vt 0.779881 0.167525
vt 0.780315 0.166898
vt 0.764754 0.137298
vt 0.764754 0.166898
vt 0.749192 0.137298
vt 0.779881 0.070151
vt 0.779881 0.332673
vt 0.765504 0.173480
vt 0.779881 0.235299
vt 0.779881 0.002377
vt 0.765504 0.008333
vt 0.765504 0.297118
vt 0.759549 0.282741
vt 0.759549 0.187857
vt 0.759549 0.022710
vt 0.759549 0.117593
vt 0.765504 0.131970
vt 0.780315 0.001750
vt 0.765938 0.007705
vt 0.759983 0.022082
vt 0.765938 0.131343
vt 0.759983 0.116966
vt 0.765938 0.172853
vt 0.759983 0.187230
vt 0.765938 0.296490
vt 0.759983 0.282114
vt 0.740296 0.392630
vt 0.710143 0.414319
vt 0.630014 0.416402
vt 0.578425 0.383695
vt 0.610616 0.382179
vt 0.607502 0.367837
vt 0.613886 0.357912
vt 0.628228 0.354798
vt 0.636936 0.360398
vt 0.619324 0.387780
vt 0.640050 0.374741
vt 0.633666 0.384666
vt 0.997191 0.001750
vt 0.653875 0.137925
vt 0.748758 0.332673
vt 0.996758 0.002377
vt 0.015973 0.404828
vt 0.113666 0.405066
vt 0.984733 0.475824
vt 0.546978 0.310493
vt 0.638612 0.085079
vt 0.638612 0.043146
vt 0.662453 0.019305
vt 0.725304 0.040223
vt 0.701463 0.105997
vt 0.931778 0.475824
vt 0.504430 0.564988
vt 0.464329 0.590407
vt 0.464329 0.564988
vt 0.504430 0.590407
vt 0.464329 0.615825
vt 0.504430 0.615825
vt 0.464329 0.641244
vt 0.504430 0.641244
vt 0.464329 0.666662
vt 0.504430 0.666662
vt 0.464329 0.692080
vt 0.464185 0.841407
vt 0.504286 0.815989
vt 0.504286 0.841407
vt 0.464185 0.815989
vt 0.504286 0.790571
vt 0.464185 0.790571
vt 0.504286 0.765152
vt 0.464185 0.765152
vt 0.504286 0.739734
vt 0.464185 0.739734
vt 0.504286 0.714316
vt 0.464185 0.714316
vt 0.504286 0.688897
vt 0.795896 0.719174
vt 0.759757 0.722508
vt 0.779633 0.702785
vt 0.799510 0.683062
vt 0.818369 0.702067
vt 0.504430 0.285387
vt 0.464329 0.310805
vt 0.464329 0.285387
vt 0.504430 0.310805
vt 0.464329 0.336223
vt 0.504430 0.336223
vt 0.464329 0.361642
vt 0.504430 0.361642
vt 0.464329 0.387060
vt 0.504430 0.387060
vt 0.464329 0.412479
vt 0.504430 0.412479
vt 0.464329 0.437897
vt 0.504430 0.437897
vt 0.464329 0.463315
vt 0.504430 0.463315
vt 0.464329 0.488734
vt 0.504430 0.488734
vt 0.464329 0.514152
vt 0.955567 0.641979
vt 0.951869 0.621353
vt 0.955553 0.607604
vt 0.833918 0.609383
vt 0.860001 0.546413
vt 0.851117 0.579621
vt 0.504430 0.514152
vt 0.464329 0.539570
vt 0.504430 0.539570
vt 0.838231 0.627323
vt 0.847128 0.559748
vt 0.847141 0.594123
vt 0.964171 0.575157
vt 0.955275 0.642732
vt 0.955261 0.608357
vt 0.724516 0.790003
vt 0.688378 0.793337
vt 0.708254 0.773614
vt 0.831137 0.651678
vt 0.849996 0.670684
vt 0.746989 0.772897
vt 0.778617 0.741513
vt 0.728130 0.753891
vt 0.504430 0.692080
vt 0.464185 0.688897
vt 0.955553 0.593370
vt 0.969068 0.591590
vt 0.969068 0.609383
vt 0.964463 0.626570
vt 0.942986 0.654560
vt 0.934687 0.643746
vt 0.944752 0.633680
vt 0.922360 0.650863
vt 0.927576 0.663457
vt 0.910390 0.668062
vt 0.892597 0.668062
vt 0.875410 0.663457
vt 0.860001 0.654560
vt 0.847420 0.641979
vt 0.838524 0.626570
vt 0.833918 0.591590
vt 0.838523 0.574404
vt 0.847420 0.558995
vt 0.875410 0.537517
vt 0.892597 0.532912
vt 0.910390 0.532912
vt 0.927576 0.537517
vt 0.942985 0.546413
vt 0.955567 0.558995
vt 0.964463 0.574404
vt 0.951869 0.579620
vt 0.944752 0.567293
vt 0.908611 0.654547
vt 0.894376 0.654547
vt 0.934687 0.557228
vt 0.880627 0.650863
vt 0.922360 0.550111
vt 0.908611 0.546427
vt 0.868300 0.643746
vt 0.858235 0.633680
vt 0.894376 0.546427
vt 0.851117 0.621353
vt 0.880627 0.550111
vt 0.868300 0.557228
vt 0.847433 0.607604
vt 0.847433 0.593370
vt 0.858235 0.567293
vt 0.847141 0.608357
vt 0.850825 0.622106
vt 0.833626 0.610136
vt 0.833626 0.592343
vt 0.838231 0.575157
vt 0.857942 0.568046
vt 0.850825 0.580373
vt 0.868007 0.557981
vt 0.859709 0.547166
vt 0.875118 0.538270
vt 0.892305 0.533665
vt 0.910097 0.533665
vt 0.927284 0.538270
vt 0.942693 0.547166
vt 0.955275 0.559748
vt 0.968776 0.592343
vt 0.968776 0.610136
vt 0.964171 0.627323
vt 0.942693 0.655313
vt 0.927284 0.664210
vt 0.910098 0.668815
vt 0.892305 0.668815
vt 0.875118 0.664210
vt 0.859709 0.655313
vt 0.847128 0.642732
vt 0.857942 0.634433
vt 0.868008 0.644498
vt 0.880335 0.550864
vt 0.894084 0.547180
vt 0.880335 0.651616
vt 0.908318 0.547180
vt 0.894084 0.655300
vt 0.908318 0.655300
vt 0.922067 0.550864
vt 0.934395 0.557981
vt 0.922068 0.651616
vt 0.944460 0.568046
vt 0.934395 0.644498
vt 0.944460 0.634433
vt 0.951577 0.580373
vt 0.955261 0.594123
vt 0.951577 0.622106
vt 0.707237 0.812343
vt 0.463198 0.188097
vt 0.370971 0.188097
vt 0.463198 0.172459
vt 0.463198 0.203734
vt 0.370971 0.172460
vt 0.370971 0.203734
vt 0.463198 0.156822
vt 0.463198 0.219372
vt 0.370971 0.156822
vt 0.370971 0.219372
vt 0.463198 0.235009
vt 0.370971 0.235009
vt 0.463198 0.141185
vt 0.370971 0.141185
vt 0.463198 0.250647
vt 0.370971 0.250647
vt 0.463198 0.125547
vt 0.370971 0.125547
vt 0.463198 0.109910
vt 0.463198 0.266284
vt 0.370971 0.109910
vt 0.370971 0.266284
vt 0.463198 0.281921
vt 0.463197 0.094272
vt 0.370971 0.094272
vt 0.370971 0.281921
vt 0.463198 0.078635
vt 0.370971 0.297559
vt 0.370971 0.078635
vt 0.463198 0.297559
vt 0.463197 0.062998
vt 0.370971 0.062998
vt 0.463198 0.313196
vt 0.370971 0.313196
vt 0.463198 0.328834
vt 0.463197 0.047360
vt 0.370971 0.047360
vt 0.370971 0.328834
vt 0.463198 0.344471
vt 0.370971 0.344471
vt 0.463197 0.031723
vt 0.370971 0.547757
vt 0.370971 0.532120
vt 0.463197 0.532120
vt 0.463197 0.516482
vt 0.463198 0.360108
vt 0.370971 0.516482
vt 0.370971 0.360108
vt 0.463197 0.500845
vt 0.463198 0.375746
vt 0.370971 0.375746
vt 0.370971 0.500845
vt 0.463198 0.391383
vt 0.463198 0.485208
vt 0.370971 0.391383
vt 0.370971 0.485208
vt 0.463198 0.407021
vt 0.463198 0.469570
vt 0.370971 0.407021
vt 0.370971 0.469570
vt 0.463198 0.422658
vt 0.463198 0.453933
vt 0.370971 0.453933
vt 0.370971 0.422658
vt 0.463198 0.438295
vt 0.370971 0.438295
vt 0.053261 0.802122
vt 0.035664 0.793556
vt 0.055556 0.793556
vt 0.037959 0.859227
vt 0.018438 0.857847
vt 0.024708 0.851577
vt 0.017057 0.823024
vt 0.008492 0.840620
vt 0.008492 0.820729
vt 0.074163 0.838325
vt 0.072783 0.857847
vt 0.066512 0.851576
vt 0.072783 0.803502
vt 0.066512 0.809773
vt 0.017057 0.838325
vt 0.759651 0.236742
vt 0.751085 0.219145
vt 0.759651 0.221440
vt 0.055556 0.867793
vt 0.053261 0.859227
vt 0.074163 0.823024
vt 0.082729 0.820729
vt 0.024708 0.809773
vt 0.037959 0.802122
vt 0.035664 0.867793
vt 0.082729 0.840620
vt 0.915727 0.083729
vt 0.938390 0.068427
vt 0.938390 0.083729
vt 0.915727 0.114331
vt 0.938390 0.099030
vt 0.938390 0.114331
vt 0.915727 0.144934
vt 0.938390 0.129633
vt 0.938390 0.144934
vt 0.385927 0.944544
vt 0.411633 0.913230
vt 0.411633 0.944544
vt 0.915727 0.175537
vt 0.938390 0.160235
vt 0.938390 0.175537
vt 0.915727 0.206139
vt 0.938390 0.190838
vt 0.938390 0.206139
vt 0.915727 0.236742
vt 0.938390 0.221440
vt 0.938390 0.236742
vt 0.392729 0.626002
vt 0.367023 0.587929
vt 0.392729 0.587929
vt 0.392739 0.626370
vt 0.367033 0.588297
vt 0.392739 0.588297
vt 0.392570 0.626370
vt 0.366864 0.588297
vt 0.392570 0.588297
vt 0.392065 0.586984
vt 0.366359 0.625057
vt 0.366358 0.586984
vt 0.392475 0.625222
vt 0.366769 0.587149
vt 0.392475 0.587149
vt 0.098480 0.984914
vt 0.128781 0.934861
vt 0.131181 0.983294
vt 0.324552 0.774464
vt 0.350258 0.659558
vt 0.350258 0.774464
vt 0.325226 0.775777
vt 0.350932 0.660871
vt 0.350932 0.775777
vt 0.411623 0.944176
vt 0.385917 0.912862
vt 0.411623 0.912862
vt 0.367033 0.731655
vt 0.367033 0.626370
vt 0.385758 0.944544
vt 0.411464 0.913230
vt 0.411464 0.944544
vt 0.385663 0.943396
vt 0.411369 0.912082
vt 0.411369 0.943396
vt 0.350258 0.928233
vt 0.324552 0.887298
vt 0.350258 0.887298
vt 0.325226 0.929546
vt 0.350932 0.888611
vt 0.350932 0.929546
vt 0.308861 0.730507
vt 0.324962 0.659723
vt 0.324962 0.774630
vt 0.203015 0.712239
vt 0.172547 0.742163
vt 0.169824 0.687207
vt 0.206741 0.688296
vt 0.167800 0.646359
vt 0.366769 0.730507
vt 0.392475 0.730507
vt 0.089444 0.802547
vt 0.096080 0.936481
vt 0.173330 0.559910
vt 0.134555 0.601420
vt 0.143669 0.554187
vt 0.137123 0.688827
vt 0.135099 0.647979
vt 0.350668 0.659723
vt 0.366769 0.625222
vt 0.375723 0.796911
vt 0.350668 0.774630
vt 0.375723 0.734902
vt 0.299907 0.796911
vt 0.324962 0.817830
vt 0.367023 0.731287
vt 0.392729 0.731287
vt 0.379575 0.815542
vt 0.405282 0.802674
vt 0.405282 0.815542
vt 0.352735 0.927365
vt 0.327029 0.886430
vt 0.352735 0.886430
vt 0.350668 0.849941
vt 0.350668 0.817830
vt 0.309115 0.731287
vt 0.325216 0.660503
vt 0.325216 0.775409
vt 0.282497 0.890651
vt 0.325216 0.850721
vt 0.325216 0.888243
vt 0.393641 0.890651
vt 0.350922 0.850721
vt 0.393641 0.836793
vt 0.375977 0.797691
vt 0.350922 0.775409
vt 0.375977 0.735682
vt 0.405536 0.816322
vt 0.379829 0.803453
vt 0.405536 0.803453
vt 0.350922 0.660503
vt 0.325216 0.929178
vt 0.350922 0.888243
vt 0.350922 0.929178
vt 0.350922 0.818610
vt 0.379839 0.816690
vt 0.405545 0.803821
vt 0.405545 0.816690
vt 0.325226 0.851088
vt 0.350932 0.818978
vt 0.350932 0.851088
vt 0.375987 0.798059
vt 0.375987 0.736050
vt 0.392739 0.731655
vt 0.366864 0.731655
vt 0.392570 0.731655
vt 0.300171 0.798059
vt 0.325226 0.818978
vt 0.308957 0.731655
vt 0.325057 0.660871
vt 0.325057 0.775777
vt 0.300003 0.798059
vt 0.325057 0.818978
vt 0.350764 0.660871
vt 0.366864 0.626370
vt 0.375818 0.798059
vt 0.350764 0.775777
vt 0.375818 0.736050
vt 0.379671 0.816690
vt 0.405377 0.803821
vt 0.405377 0.816690
vt 0.350764 0.929546
vt 0.325057 0.888611
vt 0.350764 0.888611
vt 0.350764 0.851089
vt 0.350764 0.818978
vt 0.308451 0.730342
vt 0.324552 0.659558
vt 0.299497 0.796746
vt 0.324552 0.817665
vt 0.324552 0.849775
vt 0.350258 0.817665
vt 0.350258 0.849775
vt 0.392065 0.730342
vt 0.392065 0.625057
vt 0.385253 0.943231
vt 0.410959 0.911917
vt 0.410959 0.943231
vt 0.404872 0.815377
vt 0.379166 0.802508
vt 0.404872 0.802508
vt 0.851024 0.083729
vt 0.915727 0.068427
vt 0.052560 0.968036
vt 0.067012 0.952734
vt 0.067012 0.968036
vt 0.851024 0.099030
vt 0.915727 0.099030
vt 0.052560 0.983337
vt 0.067012 0.983337
vt 0.851024 0.114331
vt 0.948007 0.533596
vt 0.557964 0.479113
vt 0.948007 0.479114
vt 0.851024 0.129633
vt 0.915727 0.129633
vt 0.021310 0.952709
vt 0.035762 0.937407
vt 0.035762 0.952709
vt 0.851024 0.144934
vt 0.021310 0.968010
vt 0.035762 0.968010
vt 0.851024 0.160235
vt 0.915727 0.160235
vt 0.021310 0.983311
vt 0.035762 0.983311
vt 0.851024 0.175537
vt 0.488059 0.282086
vt 0.520375 0.063579
vt 0.520375 0.282086
vt 0.915727 0.190838
vt 0.051522 0.897372
vt 0.066823 0.882920
vt 0.066823 0.897372
vt 0.851024 0.206139
vt 0.036221 0.897372
vt 0.051522 0.882920
vt 0.851024 0.221440
vt 0.915727 0.221440
vt 0.020919 0.882920
vt 0.020919 0.897372
vt 0.851024 0.236742
vt 0.589753 0.276734
vt 0.620275 0.058228
vt 0.620275 0.276734
vt 0.851024 0.068427
vt 0.915727 0.053126
vt 0.836572 0.068427
vt 0.851024 0.053126
vt 0.526915 0.058228
vt 0.494599 0.027706
vt 0.526916 0.027706
vt 0.557964 0.309259
vt 0.503482 0.366945
vt 0.503482 0.309259
vt 0.488059 0.033057
vt 0.520375 0.033058
vt 0.557437 0.058228
vt 0.589753 0.058228
vt 0.583213 0.282086
vt 0.613735 0.063579
vt 0.613735 0.282086
vt 0.526915 0.276734
vt 0.494599 0.058228
vt 0.948007 0.421428
vt 0.557964 0.421427
vt 0.557437 0.276734
vt 0.557964 0.366945
vt 0.948007 0.366945
vt 0.948007 0.309259
vt 0.550897 0.063579
vt 0.550897 0.282086
vt 0.583213 0.063579
vt 0.209319 0.591439
vt 0.163364 0.604294
vt 0.379575 0.802674
vt 0.393387 0.889871
vt 0.393387 0.836013
vt 0.296055 0.815542
vt 0.324962 0.849941
vt 0.282243 0.889871
vt 0.324962 0.887463
vt 0.379829 0.816322
vt 0.296309 0.816322
vt 0.325216 0.818610
vt 0.300161 0.797691
vt 0.296319 0.816690
vt 0.282507 0.891019
vt 0.325226 0.888611
vt 0.379839 0.803821
vt 0.393651 0.891019
vt 0.393651 0.837161
vt 0.379671 0.803821
vt 0.393483 0.891019
vt 0.393483 0.837161
vt 0.296150 0.816690
vt 0.325057 0.851089
vt 0.282338 0.891019
vt 0.295645 0.815377
vt 0.281833 0.889706
vt 0.139846 0.743783
vt 0.147088 0.889956
vt 0.759651 0.083729
vt 0.836572 0.083729
vt 0.759651 0.099030
vt 0.836572 0.099030
vt 0.759651 0.114331
vt 0.836572 0.114331
vt 0.759651 0.129633
vt 0.836572 0.129633
vt 0.759651 0.144934
vt 0.836572 0.144934
vt 0.759651 0.160235
vt 0.836572 0.160235
vt 0.759651 0.175536
vt 0.836572 0.175537
vt 0.836572 0.190838
vt 0.759651 0.206139
vt 0.836572 0.206139
vt 0.836572 0.221441
vt 0.836572 0.236742
vt 0.759651 0.068427
vt 0.836573 0.053126
vt 0.904258 0.728522
vt 0.918833 0.703896
vt 0.913384 0.731290
vt 0.674265 0.605589
vt 0.686645 0.579788
vt 0.692694 0.587160
vt 0.894285 0.752601
vt 0.902695 0.757096
vt 0.709869 0.564270
vt 0.714364 0.572680
vt 0.879805 0.774271
vt 0.887177 0.780320
vt 0.735674 0.553581
vt 0.738442 0.562707
vt 0.861377 0.792700
vt 0.867426 0.800071
vt 0.764004 0.557622
vt 0.763069 0.548132
vt 0.714364 0.807179
vt 0.735675 0.826278
vt 0.709869 0.815589
vt 0.839707 0.807179
vt 0.844202 0.815589
vt 0.791001 0.548132
vt 0.790067 0.557622
vt 0.692694 0.792700
vt 0.686645 0.800071
vt 0.815628 0.817153
vt 0.818396 0.826278
vt 0.818396 0.553581
vt 0.815628 0.562706
vt 0.666894 0.780321
vt 0.674265 0.774271
vt 0.790066 0.822237
vt 0.791001 0.831727
vt 0.844202 0.564270
vt 0.839706 0.572680
vt 0.651376 0.757096
vt 0.659786 0.752601
vt 0.764004 0.822237
vt 0.763070 0.831727
vt 0.867426 0.579788
vt 0.861377 0.587160
vt 0.640687 0.731291
vt 0.649812 0.728523
vt 0.738443 0.817153
vt 0.879805 0.605589
vt 0.887177 0.599539
vt 0.635238 0.703896
vt 0.644728 0.702961
vt 0.894285 0.627259
vt 0.902695 0.622764
vt 0.635238 0.675964
vt 0.644728 0.676899
vt 0.904258 0.651337
vt 0.913384 0.648569
vt 0.640687 0.648569
vt 0.649812 0.651337
vt 0.909343 0.676899
vt 0.918833 0.675964
vt 0.651376 0.622764
vt 0.659786 0.627259
vt 0.909343 0.702961
vt 0.666894 0.599539
vt 0.838989 0.809207
vt 0.866361 0.801933
vt 0.843243 0.817380
vt 0.814910 0.819181
vt 0.817556 0.828020
vt 0.790287 0.833444
vt 0.789349 0.824265
vt 0.762483 0.833444
vt 0.763286 0.824265
vt 0.735214 0.828020
vt 0.737725 0.819181
vt 0.709527 0.817380
vt 0.713646 0.809207
vt 0.686409 0.801933
vt 0.691976 0.794728
vt 0.666749 0.782273
vt 0.673547 0.776299
vt 0.651302 0.759155
vt 0.659068 0.754629
vt 0.640662 0.733468
vt 0.649094 0.730550
vt 0.635238 0.706199
vt 0.644010 0.704989
vt 0.635238 0.678395
vt 0.644010 0.678926
vt 0.640662 0.651126
vt 0.649094 0.653365
vt 0.651302 0.625439
vt 0.659068 0.629286
vt 0.666749 0.602321
vt 0.673547 0.607616
vt 0.686409 0.582661
vt 0.691976 0.589188
vt 0.709527 0.567214
vt 0.713646 0.574708
vt 0.735214 0.556574
vt 0.737725 0.564735
vt 0.762483 0.551150
vt 0.763286 0.559650
vt 0.789349 0.559650
vt 0.790287 0.551150
vt 0.814910 0.564735
vt 0.817556 0.556574
vt 0.838989 0.574708
vt 0.843243 0.567214
vt 0.860659 0.589188
vt 0.866361 0.582661
vt 0.879088 0.607616
vt 0.886021 0.602321
vt 0.893567 0.629287
vt 0.901468 0.625439
vt 0.903541 0.653365
vt 0.912108 0.651126
vt 0.908625 0.678927
vt 0.917532 0.678395
vt 0.908625 0.704989
vt 0.917532 0.706199
vt 0.903541 0.730551
vt 0.912108 0.733468
vt 0.893567 0.754629
vt 0.901468 0.759155
vt 0.879087 0.776299
vt 0.886021 0.782273
vt 0.860659 0.794728
vt 0.220160 0.554180
vt 0.099658 0.565221
vt 0.106630 0.529090
vt 0.350668 0.928398
vt 0.385663 0.912082
vt 0.324962 0.928398
vt 0.289967 0.912082
vt 0.195810 0.797276
vt 0.179790 0.888336
vt 0.385917 0.944176
vt 0.290221 0.912862
vt 0.385927 0.913230
vt 0.290231 0.913230
vt 0.385758 0.913230
vt 0.325057 0.929546
vt 0.290063 0.913230
vt 0.324552 0.928233
vt 0.289557 0.911916
vt 0.385253 0.911917
vt 0.077776 0.797520
vt 0.106569 0.717018
vt 0.110477 0.795900
vt 0.419094 0.836013
vt 0.401429 0.734902
vt 0.419347 0.836793
vt 0.401683 0.735682
vt 0.419357 0.891019
vt 0.401693 0.736050
vt 0.419189 0.837161
vt 0.401525 0.798059
vt 0.392977 0.835848
vt 0.418684 0.889706
vt 0.392977 0.889706
vt 0.375313 0.734737
vt 0.401019 0.796746
vt 0.375313 0.796746
vt 0.069997 0.559498
vt 0.076970 0.523366
vt 0.367023 0.626002
vt 0.081512 0.599051
vt 0.082293 0.665881
vt 0.100494 0.693560
vt 0.101305 0.709930
vt 0.122145 0.800926
vt 0.309125 0.731655
vt 0.325226 0.660871
vt 0.050395 0.666254
vt 0.049614 0.599424
vt 0.068604 0.711550
vt 0.379166 0.815377
vt 0.366359 0.730342
vt 0.751085 0.239037
vt 0.018437 0.803502
vt 0.308861 0.625222
vt 0.206923 0.791121
vt 0.207553 0.704666
vt 0.299907 0.734902
vt 0.327029 0.927365
vt 0.309116 0.626002
vt 0.282497 0.836793
vt 0.300171 0.736050
vt 0.308957 0.626370
vt 0.300002 0.736050
vt 0.308451 0.625057
vt 0.299497 0.734737
vt 0.052560 0.952734
vt 0.557964 0.533595
vt 0.021310 0.937407
vt 0.488059 0.063579
vt 0.851024 0.190838
vt 0.036221 0.882920
vt 0.494599 0.276734
vt 0.220160 0.653917
vt 0.350668 0.887463
vt 0.296055 0.802674
vt 0.282243 0.836013
vt 0.296309 0.803453
vt 0.300161 0.735682
vt 0.296319 0.803821
vt 0.282507 0.837160
vt 0.296150 0.803821
vt 0.282338 0.837161
vt 0.295645 0.802508
vt 0.281833 0.835848
vt 0.759651 0.190838
vt 0.759651 0.053126
vt 0.289967 0.943396
vt 0.202446 0.931211
vt 0.290221 0.944176
vt 0.290231 0.944544
vt 0.290063 0.944544
vt 0.289557 0.943231
vt 0.073868 0.718638
vt 0.419094 0.889871
vt 0.401429 0.796911
vt 0.419347 0.890651
vt 0.401683 0.797691
vt 0.419357 0.837161
vt 0.401693 0.798059
vt 0.419189 0.891019
vt 0.401525 0.736050
vt 0.418684 0.835848
vt 0.401019 0.734737
vt 0.309125 0.626370
vt 0.067793 0.695180
vt 0.568572 0.944563
vt 0.537280 0.956369
vt 0.553971 0.936334
vt 0.520480 0.936775
vt 0.543062 0.923611
vt 0.511467 0.912589
vt 0.537210 0.907906
vt 0.537156 0.891146
vt 0.511384 0.886778
vt 0.616123 0.936055
vt 0.649618 0.936193
vt 0.632994 0.955938
vt 0.153748 0.658318
vt 0.140500 0.649839
vt 0.143872 0.648442
vt 0.153748 0.624599
vt 0.140500 0.633079
vt 0.152351 0.621227
vt 0.167715 0.624599
vt 0.180963 0.633078
vt 0.177591 0.634475
vt 0.167715 0.658318
vt 0.180963 0.649839
vt 0.169112 0.661690
vt 0.152351 0.661690
vt 0.143872 0.634475
vt 0.169112 0.621227
vt 0.177591 0.648442
vt 0.294410 0.628061
vt 0.316404 0.638658
vt 0.303163 0.654603
vt 0.278832 0.634244
vt 0.288540 0.664224
vt 0.271053 0.665000
vt 0.250979 0.659843
vt 0.262587 0.638365
vt 0.359108 0.604284
vt 0.366040 0.585149
vt 0.379236 0.599341
vt 0.343253 0.611702
vt 0.352748 0.595358
vt 0.324403 0.613094
vt 0.329650 0.622718
vt 0.309410 0.620584
vt 0.348497 0.964209
vt 0.511384 0.938399
vt 0.511184 0.964209
vt 0.348697 0.938399
vt 0.348697 0.886778
vt 0.820237 0.989670
vt 0.657349 0.963860
vt 0.820037 0.963860
vt 0.657149 0.938050
vt 0.819836 0.938050
vt 0.657066 0.912240
vt 0.819753 0.912240
vt 0.819836 0.886429
vt 0.348296 0.990018
vt 0.510984 0.990018
vt 0.585097 0.947359
vt 0.559766 0.969040
vt 0.610623 0.968811
vt 0.585214 0.973346
vt 0.601597 0.944414
vt 0.626918 0.923233
vt 0.246051 0.641100
vt 0.339204 0.605230
vt 0.348780 0.912589
vt 0.657549 0.989670
vt 0.657149 0.886429
vt 0.994327 0.817174
vt 0.962802 0.831297
vt 0.962802 0.817174
vt 0.994327 0.831297
vt 0.962802 0.845419
vt 0.994327 0.845419
vt 0.962802 0.859541
vt 0.994327 0.859541
vt 0.962802 0.873664
vt 0.994327 0.873664
vt 0.962802 0.887786
vt 0.994327 0.887786
vt 0.962802 0.901908
vt 0.994327 0.901908
vt 0.962802 0.916030
vt 0.994327 0.916030
vt 0.962802 0.930153
vt 0.994327 0.930153
vt 0.962802 0.944275
vt 0.994327 0.944275
vt 0.962802 0.958397
vt 0.994327 0.958397
vt 0.962802 0.972519
vt 0.994327 0.972519
vt 0.962802 0.986642
vt 0.994327 0.647707
vt 0.962802 0.661830
vt 0.962802 0.647707
vt 0.994327 0.661830
vt 0.962802 0.675952
vt 0.994327 0.675952
vt 0.962802 0.690074
vt 0.994327 0.690074
vt 0.962802 0.704196
vt 0.994327 0.704196
vt 0.962802 0.718319
vt 0.994327 0.718319
vt 0.962802 0.732441
vt 0.994327 0.732441
vt 0.962802 0.746563
vt 0.994327 0.746563
vt 0.962802 0.760685
vt 0.994327 0.760685
vt 0.962802 0.774808
vt 0.994327 0.774808
vt 0.962802 0.788930
vt 0.994327 0.788930
vt 0.962802 0.803052
vt 0.994327 0.803052
vt 0.994327 0.986642
vt 0.412781 0.600293
vt 0.447115 0.786267
vt 0.412781 0.786267
vt 0.655773 0.769248
vt 0.646465 0.757291
vt 0.653842 0.756864
vt 0.731026 0.608897
vt 0.683109 0.715848
vt 0.673987 0.702396
vt 0.447115 0.535471
vt 0.412781 0.574095
vt 0.412781 0.535471
vt 0.643519 0.862347
vt 0.640886 0.850941
vt 0.652371 0.847264
vt 0.638652 0.850460
vt 0.636639 0.862785
vt 0.631443 0.859817
vt 0.447115 0.509172
vt 0.412781 0.516793
vt 0.412781 0.509172
vt 0.447115 0.516793
vt 0.412781 0.525615
vt 0.447115 0.525615
vt 0.447115 0.592701
vt 0.447115 0.600293
vt 0.412781 0.592701
vt 0.447115 0.583929
vt 0.412781 0.583929
vt 0.447115 0.574095
vt 0.604933 0.568400
vt 0.531964 0.587214
vt 0.531964 0.568400
vt 0.604933 0.606029
vt 0.531964 0.606029
vt 0.604933 0.455512
vt 0.531964 0.474327
vt 0.531964 0.455512
vt 0.604933 0.474327
vt 0.531964 0.493141
vt 0.604933 0.493142
vt 0.531964 0.511956
vt 0.604933 0.530771
vt 0.531964 0.530771
vt 0.511274 0.852424
vt 0.531804 0.802859
vt 0.581370 0.823389
vt 0.531964 0.549585
vt 0.604933 0.549585
vt 0.446973 0.265650
vt 0.412640 0.415503
vt 0.412640 0.265650
vt 0.412781 0.323198
vt 0.516590 0.709155
vt 0.588510 0.712864
vt 0.521473 0.722452
vt 0.446973 0.710876
vt 0.412639 0.681908
vt 0.446973 0.681908
vt 0.805523 0.631494
vt 0.813393 0.617237
vt 0.446973 0.532055
vt 0.640043 0.501669
vt 0.673401 0.488912
vt 0.646361 0.512610
vt 0.412640 0.454875
vt 0.446973 0.496004
vt 0.412640 0.496003
vt 0.446973 0.415503
vt 0.412640 0.430270
vt 0.446973 0.430270
vt 0.412640 0.443465
vt 0.446973 0.443465
vt 0.683182 0.623136
vt 0.680900 0.632689
vt 0.653904 0.617314
vt 0.412639 0.710876
vt 0.446973 0.735500
vt 0.412639 0.735500
vt 0.504567 0.258512
vt 0.465328 0.283679
vt 0.465328 0.258512
vt 0.447115 0.255884
vt 0.412781 0.274916
vt 0.412781 0.255884
vt 0.447115 0.323198
vt 0.560146 0.874505
vt 0.510580 0.853974
vt 0.531111 0.804409
vt 0.412640 0.532055
vt 0.649216 0.771736
vt 0.641330 0.769962
vt 0.627564 0.754032
vt 0.640055 0.747382
vt 0.634379 0.759821
vt 0.634272 0.764472
vt 0.622654 0.736008
vt 0.631608 0.749796
vt 0.520371 0.693207
vt 0.544588 0.749966
vt 0.811881 0.598457
vt 0.801392 0.580184
vt 0.531802 0.678883
vt 0.548273 0.664970
vt 0.774456 0.658721
vt 0.785106 0.561500
vt 0.609810 0.717537
vt 0.606566 0.723398
vt 0.607213 0.731110
vt 0.611576 0.738613
vt 0.624670 0.800397
vt 0.615122 0.810734
vt 0.664035 0.836051
vt 0.677533 0.822068
vt 0.679490 0.827514
vt 0.650242 0.858669
vt 0.654518 0.846571
vt 0.677874 0.834002
vt 0.673119 0.839797
vt 0.680257 0.615164
vt 0.660567 0.591726
vt 0.674022 0.641261
vt 0.633785 0.593367
vt 0.670297 0.458675
vt 0.700442 0.465214
vt 0.643833 0.481869
vt 0.639117 0.490417
vt 0.621807 0.719660
vt 0.663229 0.756133
vt 0.677342 0.746414
vt 0.629223 0.705049
vt 0.642943 0.696077
vt 0.684312 0.731957
vt 0.659321 0.695108
vt 0.604933 0.587214
vt 0.604933 0.511956
vt 0.581370 0.852424
vt 0.560839 0.872955
vt 0.531804 0.872955
vt 0.511274 0.823389
vt 0.560839 0.802859
vt 0.446973 0.454875
vt 0.504567 0.283679
vt 0.447115 0.274916
vt 0.560146 0.804409
vt 0.580676 0.824939
vt 0.580676 0.853974
vt 0.531111 0.874505
vt 0.510580 0.824939
vt 0.667001 0.822261
vt 0.662613 0.808774
vt 0.626831 0.847723
vt 0.616099 0.837617
vt 0.652068 0.799233
vt 0.612012 0.824374
vt 0.638180 0.796150
vt 0.228492 0.766132
vt 0.243272 0.773513
vt 0.228492 0.773513
vt 0.956618 0.068427
vt 0.956618 0.083729
vt 0.956618 0.099030
vt 0.956618 0.114331
vt 0.956618 0.129633
vt 0.956618 0.144934
vt 0.956618 0.160235
vt 0.956618 0.175537
vt 0.956618 0.190838
vt 0.956618 0.206139
vt 0.956618 0.221440
vt 0.956618 0.236742
vt 0.956618 0.053126
vt 0.256616 0.587695
vt 0.249486 0.570483
vt 0.260306 0.581303
vt 0.262738 0.562833
vt 0.266698 0.577613
vt 0.278039 0.562833
vt 0.274079 0.577613
vt 0.280471 0.581303
vt 0.291290 0.570483
vt 0.298941 0.583735
vt 0.284161 0.587695
vt 0.284161 0.595076
vt 0.298941 0.599036
vt 0.291290 0.612287
vt 0.280471 0.601468
vt 0.274079 0.605158
vt 0.278039 0.619938
vt 0.262738 0.619938
vt 0.266698 0.605158
vt 0.249486 0.612287
vt 0.260306 0.601468
vt 0.241836 0.599036
vt 0.256616 0.595076
vt 0.241836 0.583735
vt 0.150003 0.911632
vt 0.173858 0.918024
vt 0.156395 0.935487
vt 0.228492 0.788274
vt 0.243272 0.795655
vt 0.228492 0.795655
vt 0.228492 0.736609
vt 0.243272 0.743989
vt 0.228492 0.743989
vt 0.228492 0.721847
vt 0.243272 0.729228
vt 0.228492 0.729228
vt 0.228492 0.758751
vt 0.243272 0.766132
vt 0.243272 0.780893
vt 0.243272 0.788274
vt 0.243272 0.736609
vt 0.228492 0.803036
vt 0.243272 0.810416
vt 0.228492 0.810416
vt 0.228492 0.751370
vt 0.243272 0.758751
vt 0.228492 0.780893
vt 0.243272 0.803036
vt 0.243272 0.751370
vt 0.709475 0.020228
vt 0.751086 0.000337
vt 0.751086 0.020228
vt 0.709475 0.239037
vt 0.709475 0.219145
vt 0.751085 0.199254
vt 0.709475 0.199253
vt 0.751085 0.179362
vt 0.709475 0.159470
vt 0.751085 0.159470
vt 0.751085 0.139578
vt 0.709475 0.139578
vt 0.751085 0.119687
vt 0.709475 0.119687
vt 0.751085 0.099795
vt 0.709475 0.099795
vt 0.751085 0.079903
vt 0.709475 0.079903
vt 0.751085 0.060012
vt 0.662410 0.266209
vt 0.645184 0.201918
vt 0.709475 0.060012
vt 0.751085 0.040120
vt 0.709475 0.040120
vt 0.938390 0.053126
vt 0.150003 0.931796
vt 0.146312 0.925404
vt 0.146312 0.918024
vt 0.156395 0.907941
vt 0.163775 0.907941
vt 0.170167 0.911632
vt 0.173858 0.925404
vt 0.170167 0.931796
vt 0.163775 0.935487
vt 0.243272 0.721847
vt 0.709475 0.000336
vt 0.709475 0.179362
vt 0.699529 0.256264
vt 0.682302 0.266209
vt 0.645184 0.256264
vt 0.635238 0.239037
vt 0.635238 0.219145
vt 0.662410 0.191973
vt 0.682302 0.191973
vt 0.699529 0.201918
vt 0.049333 0.393103
vt 0.056719 0.367919
vt 0.057243 0.393467
vt 0.049014 0.367742
vt 0.058216 0.341468
vt 0.050214 0.341489
vt 0.056363 0.315434
vt 0.048549 0.315527
vt 0.056812 0.288256
vt 0.048704 0.288517
vt 0.053956 0.261559
vt 0.046032 0.261886
vt 0.053463 0.233539
vt 0.045241 0.234071
vt 0.049528 0.206077
vt 0.041484 0.206725
vt 0.047846 0.177070
vt 0.039481 0.178037
vt 0.042244 0.148682
vt 0.034042 0.149940
vt 0.038224 0.118329
vt 0.029619 0.120286
vt 0.028899 0.088586
vt 0.020130 0.091446
vt 0.018582 0.057989
vt 0.180339 0.484432
vt 0.200389 0.463003
vt 0.186607 0.488547
vt 0.199605 0.432092
vt 0.192339 0.459952
vt 0.206428 0.405494
vt 0.207244 0.434157
vt 0.209195 0.377809
vt 0.214289 0.406953
vt 0.213208 0.351192
vt 0.216807 0.378743
vt 0.214126 0.323709
vt 0.221057 0.351885
vt 0.216784 0.297118
vt 0.221776 0.324113
vt 0.216582 0.269747
vt 0.224696 0.297386
vt 0.218218 0.243158
vt 0.224315 0.269797
vt 0.216997 0.215890
vt 0.226228 0.243098
vt 0.217544 0.189326
vt 0.224825 0.215629
vt 0.215034 0.162241
vt 0.225652 0.188924
vt 0.213874 0.135800
vt 0.222937 0.161574
vt 0.208829 0.109207
vt 0.222050 0.134794
vt 0.203469 0.083531
vt 0.216702 0.107579
vt 0.191969 0.059762
vt 0.211380 0.080836
vt 0.038478 0.467473
vt 0.033685 0.493445
vt 0.026911 0.489005
vt 0.051199 0.444065
vt 0.046291 0.470494
vt 0.044019 0.442955
vt 0.053886 0.419402
vt 0.046359 0.418638
vt 0.167973 0.137966
vt 0.160215 0.105757
vt 0.169987 0.106548
vt 0.340828 0.188084
vt 0.330506 0.216454
vt 0.331876 0.187947
vt 0.169529 0.167784
vt 0.158204 0.137724
vt 0.339704 0.216743
vt 0.331817 0.245671
vt 0.168727 0.198273
vt 0.160191 0.167626
vt 0.340723 0.245998
vt 0.329767 0.274029
vt 0.170397 0.227292
vt 0.159283 0.198221
vt 0.338930 0.274543
vt 0.330324 0.303213
vt 0.169276 0.256968
vt 0.161321 0.227102
vt 0.339206 0.303762
vt 0.327577 0.331501
vt 0.165183 0.423701
vt 0.158650 0.395956
vt 0.167011 0.396460
vt 0.170358 0.285248
vt 0.160090 0.256773
vt 0.336719 0.332214
vt 0.327561 0.360707
vt 0.167260 0.449749
vt 0.156610 0.423578
vt 0.168619 0.314106
vt 0.161530 0.284878
vt 0.333693 0.389740
vt 0.336426 0.361379
vt 0.172467 0.476584
vt 0.158775 0.450670
vt 0.169061 0.341645
vt 0.159683 0.313716
vt 0.333784 0.418815
vt 0.324539 0.389054
vt 0.179868 0.501131
vt 0.164290 0.478478
vt 0.166835 0.369685
vt 0.160476 0.341108
vt 0.332774 0.447174
vt 0.324877 0.418477
vt 0.345704 0.039273
vt 0.332481 0.068820
vt 0.335382 0.037141
vt 0.158135 0.369184
vt 0.337202 0.475910
vt 0.323464 0.447492
vt 0.342453 0.069975
vt 0.329673 0.099297
vt 0.345704 0.502226
vt 0.328339 0.477886
vt 0.339303 0.099868
vt 0.331184 0.129587
vt 0.171549 0.075379
vt 0.169558 0.040345
vt 0.179868 0.044214
vt 0.340279 0.129776
vt 0.329987 0.158530
vt 0.160811 0.073588
vt 0.339275 0.158705
vt 0.122208 0.205692
vt 0.123136 0.223048
vt 0.124394 0.319278
vt 0.124473 0.335667
vt 0.094039 0.345321
vt 0.091575 0.336125
vt 0.124016 0.263348
vt 0.124518 0.280135
vt 0.090791 0.373249
vt 0.063041 0.365019
vt 0.093187 0.364097
vt 0.063050 0.344329
vt 0.025431 0.058675
vt 0.034882 0.082805
vt 0.124579 0.492912
vt 0.085944 0.477883
vt 0.120880 0.479912
vt 0.153167 0.366055
vt 0.153654 0.344209
vt 0.284971 0.491514
vt 0.338011 0.505703
vt 0.287163 0.521942
vt 0.116481 0.077424
vt 0.117514 0.099246
vt 0.119269 0.145264
vt 0.120497 0.163674
vt 0.093423 0.310040
vt 0.121824 0.309192
vt 0.080586 0.488869
vt 0.051830 0.469042
vt 0.288529 0.380899
vt 0.289873 0.363722
vt 0.284891 0.441480
vt 0.286154 0.422659
vt 0.091310 0.319398
vt 0.062713 0.312212
vt 0.044384 0.120545
vt 0.048767 0.144216
vt 0.293958 0.267009
vt 0.294468 0.250204
vt 0.291912 0.323620
vt 0.292899 0.306779
vt 0.122046 0.446629
vt 0.088026 0.455485
vt 0.086741 0.445265
vt 0.154532 0.310599
vt 0.154589 0.288215
vt 0.091636 0.235013
vt 0.088395 0.225482
vt 0.056788 0.448240
vt 0.127463 0.519765
vt 0.290543 0.092519
vt 0.289969 0.072326
vt 0.293109 0.153048
vt 0.292641 0.135540
vt 0.294368 0.210380
vt 0.294372 0.193449
vt 0.123454 0.374054
vt 0.123234 0.390341
vt 0.058784 0.236201
vt 0.121990 0.429225
vt 0.053480 0.179609
vt 0.056025 0.202191
vt 0.250092 0.064169
vt 0.286956 0.059755
vt 0.154724 0.253691
vt 0.154260 0.230697
vt 0.087978 0.427577
vt 0.088710 0.197639
vt 0.119002 0.195084
vt 0.249599 0.076052
vt 0.215524 0.076103
vt 0.090475 0.389861
vt 0.260283 0.193386
vt 0.260363 0.210602
vt 0.257423 0.136875
vt 0.258379 0.154564
vt 0.252556 0.095964
vt 0.073669 0.514976
vt 0.087042 0.207742
vt 0.060377 0.258030
vt 0.290913 0.015179
vt 0.242449 0.037870
vt 0.233582 0.024876
vt 0.153709 0.195132
vt 0.152942 0.171416
vt 0.151679 0.420572
vt 0.206209 0.055415
vt 0.198494 0.055508
vt 0.151994 0.398978
vt 0.120788 0.400249
vt 0.061882 0.291009
vt 0.259016 0.304525
vt 0.257893 0.321723
vt 0.260625 0.248994
vt 0.260078 0.266126
vt 0.259234 0.126821
vt 0.289845 0.124798
vt 0.152470 0.134410
vt 0.152454 0.109459
vt 0.226673 0.131285
vt 0.249583 0.418440
vt 0.246670 0.437584
vt 0.255515 0.360497
vt 0.253752 0.378056
vt 0.156992 0.476279
vt 0.256458 0.106076
vt 0.154813 0.069077
vt 0.160326 0.042484
vt 0.084004 0.167127
vt 0.081912 0.148324
vt 0.076492 0.104098
vt 0.072573 0.082226
vt 0.228403 0.513091
vt 0.237048 0.485294
vt 0.154006 0.454103
vt 0.119490 0.457566
vt 0.223724 0.109676
vt 0.325461 0.064592
vt 0.262623 0.183804
vt 0.291940 0.183036
vt 0.320481 0.475142
vt 0.318195 0.450976
vt 0.328964 0.039509
vt 0.286007 0.032051
vt 0.230527 0.185808
vt 0.324007 0.126238
vt 0.261221 0.164157
vt 0.319072 0.391933
vt 0.090849 0.281573
vt 0.090055 0.264429
vt 0.324113 0.102592
vt 0.288101 0.104167
vt 0.229639 0.164336
vt 0.122432 0.290433
vt 0.121263 0.233731
vt 0.121125 0.253054
vt 0.118734 0.174918
vt 0.115433 0.111831
vt 0.115812 0.133974
vt 0.114624 0.033729
vt 0.113107 0.063815
vt 0.281567 0.453098
vt 0.281768 0.477292
vt 0.284511 0.411384
vt 0.285166 0.391303
vt 0.322123 0.334359
vt 0.288321 0.353069
vt 0.288744 0.333824
vt 0.324378 0.277004
vt 0.291124 0.296305
vt 0.291055 0.277240
vt 0.325185 0.219577
vt 0.292381 0.239804
vt 0.291744 0.220726
vt 0.324675 0.161791
vt 0.290718 0.163688
vt 0.119608 0.418936
vt 0.122168 0.345666
vt 0.121138 0.364064
vt 0.061812 0.396549
vt 0.090939 0.418227
vt 0.060365 0.416966
vt 0.092547 0.399152
vt 0.262736 0.220137
vt 0.231244 0.240199
vt 0.231384 0.218722
vt 0.263338 0.239578
vt 0.262125 0.275717
vt 0.229832 0.294663
vt 0.230768 0.273137
vt 0.262067 0.295184
vt 0.259650 0.331438
vt 0.226341 0.349346
vt 0.228128 0.327705
vt 0.258942 0.351124
vt 0.255193 0.388103
vt 0.219866 0.404702
vt 0.223033 0.382717
vt 0.253669 0.408668
vt 0.213167 0.439072
vt 0.243700 0.473532
vt 0.206531 0.461756
vt 0.247497 0.448884
vt 0.072950 0.069125
vt 0.066559 0.039417
vt 0.083272 0.137458
vt 0.081278 0.114892
vt 0.087754 0.177017
vt 0.091945 0.254751
vt 0.093689 0.290894
vt 0.056664 0.025195
vt 0.119881 0.015179
vt 0.317968 0.414800
vt 0.320769 0.356954
vt 0.323472 0.299592
vt 0.324868 0.242232
vt 0.324821 0.184658
vt 0.009813 0.061933
vt 0.172648 0.504207
s 1
g off
g RoverModificado.001_SpacialRoverExploreralumWhite
usemtl SpacialRoverExploreralumWhite
f 56/1/1 137/2/2 58/3/3
s 2
f 27/4/4 73/5/5 25/6/5
s 3
f 80/7/6 88/8/6 96/9/6
s 2
f 49/10/7 86/11/8 85/12/7
f 61/13/9 90/14/10 59/15/10
f 71/16/11 95/17/12 69/18/12
f 35/19/13 79/20/14 78/21/13
f 45/22/15 84/23/16 83/24/15
f 57/25/17 88/26/18 55/27/18
f 67/28/19 93/29/20 65/30/20
f 33/31/21 76/32/22 31/33/22
f 43/34/23 81/35/24 41/36/24
f 53/37/25 86/11/8 51/38/8
f 63/39/26 91/40/9 61/13/9
f 25/6/5 96/41/11 71/16/11
f 27/4/4 75/42/27 74/43/4
f 37/44/14 80/45/28 79/20/14
f 47/46/16 85/47/7 84/23/16
f 57/25/17 90/14/10 89/48/17
f 67/28/19 95/17/12 94/49/19
f 33/31/21 78/21/13 77/50/21
f 43/34/23 83/24/15 82/51/23
f 53/37/25 88/26/18 87/52/25
f 65/30/20 92/53/26 63/39/26
f 31/33/22 75/42/27 29/54/27
f 39/55/28 81/35/24 80/45/28
s 4
f 120/56/29 145/57/30 98/58/31
s 5
f 30/59/32 100/60/32 99/61/32
f 34/62/32 100/60/32 32/63/32
f 36/64/32 101/65/32 34/62/32
f 38/66/32 102/67/32 36/64/32
f 38/66/32 104/68/32 103/69/32
f 42/70/32 104/68/32 40/71/32
f 42/70/32 106/72/32 105/73/32
f 44/74/32 107/75/32 106/72/32
s 4
f 110/76/33 148/77/34 111/78/35
s 6
f 56/79/32 111/80/32 54/81/32
f 58/82/32 112/83/32 56/79/32
f 58/82/32 114/84/32 113/85/32
f 60/86/32 115/87/32 114/84/32
f 64/88/32 115/87/32 62/89/32
f 66/90/32 116/91/32 64/88/32
f 66/90/32 118/92/32 117/93/32
f 70/94/32 118/92/32 68/95/32
s 7
f 26/96/36 155/97/37 72/98/37
s 1
f 42/99/38 130/100/39 44/101/39
f 72/102/40 122/103/41 26/104/41
f 30/105/42 121/106/43 123/107/42
s 8
f 60/108/44 137/2/44 138/109/44
s 1
f 44/101/39 131/110/45 46/111/45
f 32/112/46 123/107/42 124/113/46
s 8
f 62/114/44 138/109/44 139/115/44
s 1
f 46/111/45 132/116/47 48/117/47
f 34/118/48 124/113/46 125/119/48
s 8
f 62/114/44 140/120/44 64/121/44
s 1
f 48/117/47 133/122/49 50/123/49
f 36/124/50 125/119/48 126/125/50
s 8
f 64/121/44 141/126/44 66/127/44
s 1
f 52/128/51 133/122/49 134/129/51
f 36/124/50 127/130/52 38/131/52
f 68/132/53 141/133/54 142/134/55
f 54/135/56 134/129/51 135/136/56
f 38/131/52 128/137/57 40/138/57
f 68/132/53 143/139/58 70/140/58
f 56/1/1 135/136/56 136/141/59
f 40/138/57 129/142/38 42/99/38
f 70/140/58 144/143/40 72/102/40
f 28/144/43 122/103/41 121/106/43
s 9
f 135/145/32 127/146/32 123/147/32
s 10
f 153/148/32 146/149/32 152/150/32
f 154/151/60 147/152/32 153/148/32
s 11
f 156/153/61 149/154/32 150/155/62
f 151/156/32 149/154/32 155/157/32
s 12
f 52/158/63 152/159/64 50/160/64
f 54/161/65 153/162/63 52/158/63
s 4
f 109/163/66 147/152/33 110/76/33
s 7
f 72/98/37 156/164/67 70/165/68
s 4
f 119/166/69 149/154/29 120/56/29
s 13
f 98/58/70 151/167/70 26/96/70
s 14
f 205/168/71 218/169/71 219/170/71
s 15
f 206/171/72 204/172/72 203/173/72
s 16
f 109/163/70 152/159/70 146/149/70
s 5
f 26/174/32 97/175/32 98/176/32
f 26/174/32 28/177/32 97/175/32
f 107/75/32 46/178/32 48/179/32
f 28/177/32 30/59/32 99/61/32
f 28/177/32 99/61/32 97/175/32
f 50/180/32 108/181/32 48/179/32
f 109/182/32 108/181/32 50/180/32
f 108/181/32 107/75/32 48/179/32
s 17
f 210/183/73 160/184/74 209/185/75
s 18
f 212/186/76 162/187/77 161/188/76
s 19
f 158/189/78 218/169/79 207/190/80
s 20
f 208/191/73 157/192/81 204/193/73
s 21
f 212/186/82 159/194/82 210/183/82
s 19
f 206/171/76 158/189/78 207/190/80
s 7
f 156/195/67 165/196/82 70/197/68
s 11
f 150/198/62 166/199/83 156/195/61
s 22
f 119/200/84 165/196/85 163/201/86
s 4
f 150/202/87 163/201/72 164/203/72
s 10
f 148/204/88 168/205/89 169/206/90
s 23
f 111/207/91 167/208/92 54/209/93
s 4
f 148/204/34 170/210/82 111/207/35
s 12
f 154/211/94 167/208/72 168/212/72
s 24
f 172/213/70 171/214/70 173/215/70
s 25
f 176/216/70 177/217/70 178/218/70
s 15
f 173/215/72 208/219/72 206/220/72
s 26
f 172/213/82 205/221/82 174/222/82
s 20
f 171/223/73 205/221/95 208/224/73
s 19
f 172/213/76 206/220/76 207/225/80
s 21
f 178/218/82 210/226/82 176/227/82
s 18
f 177/217/76 212/228/76 178/218/76
s 17
f 176/229/73 209/230/75 175/231/73
s 27
f 177/217/72 209/230/72 211/232/72
s 28
f 221/233/72 220/234/72 217/235/72
f 224/236/72 254/237/72 236/238/72
s 18
f 162/187/77 220/234/96 215/239/97
s 17
f 209/185/75 216/240/98 217/241/99
s 29
f 209/242/100 220/234/100 211/243/100
s 20
f 205/244/95 213/245/101 157/192/81
s 30
f 158/189/102 226/246/102 214/247/102
s 31
f 221/248/103 162/187/103 215/239/103
s 32
f 160/184/103 224/249/103 216/240/103
s 33
f 227/250/102 157/192/102 213/245/102
s 34
f 227/251/82 219/170/82 218/169/82
s 35
f 225/252/104 247/253/105 226/254/104
s 36
f 222/255/106 236/238/107 229/256/108
s 37
f 223/257/109 238/258/110 224/259/109
s 38
f 228/260/111 251/261/112 244/262/113
s 39
f 250/263/114 241/264/115 245/265/116
s 40
f 246/266/72 241/267/72 242/268/72
s 34
f 249/269/82 250/270/82 251/261/82
s 41
f 230/271/117 239/272/118 232/273/119
s 36
f 229/274/108 237/275/120 231/276/120
s 41
f 231/276/121 235/277/122 230/271/117
f 239/272/118 234/278/123 232/273/119
s 37
f 240/279/124 233/280/125 234/278/126
s 39
f 248/281/127 243/282/128 241/264/115
s 35
f 249/283/129 242/284/130 243/282/129
s 38
f 244/262/113 252/285/131 246/286/132
s 39
f 246/286/133 250/263/114 245/265/116
s 42
f 222/255/82 253/287/82 233/280/82
f 233/280/82 253/287/82 234/288/82
f 230/289/82 253/287/82 231/290/82
f 231/290/82 253/287/82 229/256/82
f 234/288/82 253/287/82 232/291/82
f 232/291/82 253/287/82 230/289/82
s 28
f 236/238/72 254/237/72 237/292/72
f 237/292/72 254/237/72 235/293/72
f 240/294/72 254/237/72 238/295/72
f 235/293/72 254/237/72 239/296/72
f 239/296/72 254/237/72 240/294/72
s 9
f 136/297/32 138/298/32 137/299/32
f 139/300/32 255/301/32 140/302/32
f 140/302/32 142/303/32 141/304/32
f 138/298/32 255/301/32 139/300/32
s 1
f 56/1/1 136/141/59 137/2/2
s 2
f 27/4/4 74/43/4 73/5/5
s 3
f 96/9/6 73/305/6 74/306/6
f 74/306/6 75/307/6 76/308/6
f 76/308/6 77/309/6 78/310/6
f 78/310/6 79/311/6 80/7/6
f 80/7/6 81/312/6 82/313/6
f 82/313/6 83/314/6 84/315/6
f 84/315/6 85/316/6 86/317/6
f 86/317/6 87/318/6 88/8/6
f 88/8/6 89/319/6 90/320/6
f 90/320/6 91/321/6 92/322/6
f 92/322/6 93/323/6 94/324/6
f 94/324/6 95/325/6 96/9/6
f 96/9/6 74/306/6 76/308/6
f 76/308/6 78/310/6 80/7/6
f 80/7/6 82/313/6 84/315/6
f 84/315/6 86/317/6 88/8/6
f 88/8/6 90/320/6 92/322/6
f 92/322/6 94/324/6 96/9/6
f 96/9/6 76/308/6 80/7/6
f 80/7/6 84/315/6 88/8/6
f 88/8/6 92/322/6 96/9/6
s 2
f 49/10/7 51/38/8 86/11/8
f 61/13/9 91/40/9 90/14/10
f 71/16/11 96/41/11 95/17/12
f 35/19/13 37/44/14 79/20/14
f 45/22/15 47/46/16 84/23/16
f 57/25/17 89/48/17 88/26/18
f 67/28/19 94/49/19 93/29/20
f 33/31/21 77/50/21 76/32/22
f 43/34/23 82/51/23 81/35/24
f 53/37/25 87/52/25 86/11/8
f 63/39/26 92/53/26 91/40/9
f 25/6/5 73/5/5 96/41/11
f 27/4/4 29/54/27 75/42/27
f 37/44/14 39/55/28 80/45/28
f 47/46/16 49/326/7 85/47/7
f 57/25/17 59/15/10 90/14/10
f 67/28/19 69/18/12 95/17/12
f 33/31/21 35/19/13 78/21/13
f 43/34/23 45/22/15 83/24/15
f 53/37/25 55/27/18 88/26/18
f 65/30/20 93/29/20 92/53/26
f 31/33/22 76/32/22 75/42/27
f 39/55/28 41/36/24 81/35/24
s 4
f 120/56/29 149/154/29 145/57/30
s 5
f 30/59/32 32/63/32 100/60/32
f 34/62/32 101/65/32 100/60/32
f 36/64/32 102/67/32 101/65/32
f 38/66/32 103/69/32 102/67/32
f 38/66/32 40/71/32 104/68/32
f 42/70/32 105/73/32 104/68/32
f 42/70/32 44/74/32 106/72/32
f 44/74/32 46/178/32 107/75/32
s 4
f 110/76/33 147/152/33 148/77/34
s 6
f 56/79/32 112/83/32 111/80/32
f 58/82/32 113/85/32 112/83/32
f 58/82/32 60/86/32 114/84/32
f 60/86/32 62/89/32 115/87/32
f 64/88/32 116/91/32 115/87/32
f 66/90/32 117/93/32 116/91/32
f 66/90/32 68/95/32 118/92/32
f 70/94/32 119/327/32 118/92/32
s 7
f 26/96/36 151/167/36 155/97/37
s 1
f 42/99/38 129/142/38 130/100/39
f 72/102/40 144/143/40 122/103/41
f 30/105/42 28/144/43 121/106/43
s 8
f 60/108/44 58/3/44 137/2/44
s 1
f 44/101/39 130/100/39 131/110/45
f 32/112/46 30/105/42 123/107/42
s 8
f 62/114/44 60/108/44 138/109/44
s 1
f 46/111/45 131/110/45 132/116/47
f 34/118/48 32/112/46 124/113/46
s 8
f 62/114/44 139/115/44 140/120/44
s 1
f 48/117/47 132/116/47 133/122/49
f 36/124/50 34/118/48 125/119/48
s 8
f 64/121/44 140/120/44 141/126/44
s 1
f 52/128/51 50/123/49 133/122/49
f 36/124/50 126/125/50 127/130/52
f 68/132/53 66/328/134 141/133/54
f 54/135/56 52/128/51 134/129/51
f 38/131/52 127/130/52 128/137/57
f 68/132/53 142/134/55 143/139/58
f 56/1/1 54/135/56 135/136/56
f 40/138/57 128/137/57 129/142/38
f 70/140/58 143/139/58 144/143/40
f 28/144/43 26/104/41 122/103/41
s 9
f 123/147/32 121/329/32 122/330/32
f 122/330/32 144/331/32 143/332/32
f 143/332/32 142/303/32 255/301/32
f 255/301/32 136/297/32 135/145/32
f 135/145/32 134/333/32 133/334/32
f 133/334/32 132/335/32 131/336/32
f 131/336/32 130/337/32 129/338/32
f 129/338/32 128/339/32 127/146/32
f 127/146/32 126/340/32 125/341/32
f 125/341/32 124/342/32 123/147/32
f 123/147/32 122/330/32 143/332/32
f 143/332/32 255/301/32 135/145/32
f 135/145/32 133/334/32 131/336/32
f 131/336/32 129/338/32 127/146/32
f 127/146/32 125/341/32 123/147/32
f 123/147/32 143/332/32 135/145/32
f 135/145/32 131/336/32 127/146/32
s 10
f 153/148/32 147/152/32 146/149/32
f 154/151/60 148/343/88 147/152/32
s 11
f 156/153/61 155/157/32 149/154/32
f 151/156/32 145/57/32 149/154/32
s 12
f 52/158/63 153/162/63 152/159/64
f 54/161/65 154/344/94 153/162/63
s 4
f 109/163/66 146/149/135 147/152/33
s 7
f 72/98/37 155/97/37 156/164/67
s 4
f 119/166/69 150/345/87 149/154/29
s 13
f 98/58/70 145/57/70 151/167/70
s 14
f 205/168/71 207/346/71 218/169/71
s 15
f 206/171/72 208/347/72 204/172/72
s 16
f 109/163/70 50/160/70 152/159/70
s 43
f 210/183/73 159/194/73 160/184/74
s 18
f 212/186/76 211/348/136 162/187/77
s 19
f 158/189/78 214/247/137 218/169/79
s 20
f 208/191/73 205/244/95 157/192/81
s 44
f 212/186/82 161/188/82 159/194/82
s 45
f 206/171/76 203/173/76 158/189/78
s 46
f 156/195/138 166/199/82 165/196/82
s 47
f 150/198/139 164/349/140 166/199/141
s 22
f 119/200/84 70/197/142 165/196/85
s 4
f 150/202/87 119/200/69 163/201/72
s 10
f 148/204/88 154/350/60 168/205/89
s 48
f 111/207/143 170/210/144 167/208/145
s 49
f 148/204/146 169/206/82 170/210/82
s 12
f 154/211/94 54/209/65 167/208/72
s 24
f 172/213/70 174/351/70 171/214/70
s 25
f 176/216/70 175/352/70 177/217/70
s 15
f 173/215/72 171/353/72 208/219/72
s 26
f 172/213/82 207/225/82 205/221/82
s 20
f 171/223/73 174/222/73 205/221/95
s 19
f 172/213/76 173/215/76 206/220/76
s 21
f 178/218/82 212/228/82 210/226/82
s 18
f 177/217/76 211/232/136 212/228/76
s 17
f 176/229/73 210/354/73 209/230/75
s 27
f 177/217/72 175/231/72 209/230/72
s 28
f 217/235/72 216/355/72 224/356/72
f 221/233/72 215/239/72 220/234/72
f 217/235/72 224/356/72 221/233/72
f 236/238/72 221/357/72 224/236/72
f 224/236/72 238/295/72 254/237/72
s 18
f 162/187/77 211/348/136 220/234/96
s 17
f 209/185/75 160/184/74 216/240/98
s 29
f 209/242/100 217/235/100 220/234/100
s 20
f 205/244/95 219/170/147 213/245/101
s 30
f 158/189/102 225/358/102 226/246/102
s 50
f 221/248/103 222/359/103 162/187/103
s 32
f 160/184/103 223/360/103 224/249/103
s 51
f 227/250/102 228/361/102 157/192/102
s 34
f 218/169/82 214/247/82 226/362/82
f 227/251/82 213/245/82 219/170/82
f 218/169/82 226/362/82 227/251/82
s 35
f 225/252/104 242/268/130 247/253/105
s 36
f 222/255/106 221/357/106 236/238/107
s 37
f 223/257/109 233/280/125 238/258/110
s 38
f 228/260/111 227/363/111 251/261/112
s 39
f 250/263/114 248/281/127 241/264/115
s 52
f 242/268/72 225/252/72 228/364/72
s 40
f 228/364/72 244/365/72 246/266/72
f 246/266/72 245/366/72 241/267/72
f 241/267/72 243/367/72 242/268/72
f 242/268/72 228/364/72 246/266/72
s 34
f 251/261/82 227/363/82 226/254/82
f 226/254/82 247/253/82 249/269/82
f 249/269/82 248/368/82 250/270/82
f 250/270/82 252/369/82 251/261/82
f 251/261/82 226/254/82 249/269/82
s 41
f 230/271/117 235/277/122 239/272/118
s 36
f 229/274/108 236/370/107 237/275/120
s 41
f 231/276/121 237/275/121 235/277/122
f 239/272/118 240/279/123 234/278/123
s 37
f 240/279/124 238/258/110 233/280/125
s 39
f 248/281/127 249/283/128 243/282/128
s 35
f 249/283/129 247/371/105 242/284/130
s 38
f 244/262/113 251/261/112 252/285/131
s 39
f 246/286/133 252/285/133 250/263/114
s 53
f 233/280/82 223/257/82 222/255/82
s 42
f 222/255/82 229/256/82 253/287/82
s 9
f 136/297/32 255/301/32 138/298/32
f 140/302/32 255/301/32 142/303/32
s 54
g RoverModificado.001_SpacialRoverExploreralumGray
usemtl SpacialRoverExploreralumGray
f 186/372/148 1/373/149 8/374/150
s 55
f 185/375/151 8/374/152 7/376/153
s 56
f 6/377/154 185/375/155 7/376/156
s 57
f 5/378/157 184/379/158 6/377/159
s 58
f 4/380/160 183/381/161 5/378/160
s 59
f 3/382/162 182/383/163 4/384/164
s 60
f 180/385/165 3/382/166 2/386/167
s 61
f 179/387/168 2/386/169 1/373/169
s 62
f 269/388/72 277/389/72 270/390/72
s 63
f 263/391/72 259/392/72 258/393/72
s 64
f 257/394/170 262/395/170 260/396/170
s 65
f 257/394/32 258/393/32 259/397/32
s 66
f 261/398/171 258/393/171 256/399/171
s 67
f 265/400/70 279/401/70 268/402/70
s 68
f 273/403/6 277/404/6 279/405/6
s 69
f 271/406/172 273/407/172 266/408/172
s 70
f 277/389/173 271/406/173 270/390/173
s 71
f 267/409/174 273/407/174 272/410/174
s 72
f 265/400/175 275/411/175 274/412/175
s 73
f 269/413/176 279/401/176 278/414/176
s 74
f 267/409/82 275/411/82 264/415/82
s 75
f 282/416/6 297/417/6 283/418/6
s 76
f 283/418/72 297/417/72 315/419/72
s 77
f 284/420/82 300/421/82 314/422/82
s 78
f 280/423/6 309/424/6 287/425/6
s 79
f 286/426/32 291/427/32 281/428/32
s 80
f 285/429/32 300/421/32 284/420/32
s 81
f 294/430/172 303/431/172 298/432/172
s 82
f 310/433/172 292/434/172 306/435/172
s 83
f 290/436/177 310/437/177 311/438/177
s 84
f 298/439/177 296/440/177 294/441/177
s 85
f 299/442/178 295/443/178 296/440/178
s 86
f 292/434/179 308/444/179 306/435/179
s 87
f 293/445/180 307/446/180 308/444/180
s 88
f 304/447/180 302/448/180 300/421/180
s 89
f 305/449/179 301/450/179 302/448/179
s 90
f 281/428/82 291/427/82 313/451/82
s 91
f 289/452/178 311/438/178 309/424/178
s 92
f 308/453/72 307/446/72 312/454/72
s 90
f 289/455/82 313/451/82 290/456/82
s 92
f 312/454/72 286/426/72 287/425/72
f 312/454/72 309/424/72 311/457/72
f 310/458/72 306/459/72 312/454/72
f 311/457/72 310/458/72 312/454/72
f 312/454/72 306/459/72 308/453/72
s 90
f 290/456/82 313/451/82 288/460/82
f 292/461/82 313/451/82 293/462/82
f 288/460/82 313/451/82 292/461/82
f 293/462/82 313/451/82 291/427/82
s 77
f 295/463/82 314/422/82 296/464/82
f 296/464/82 314/422/82 294/465/82
f 302/466/82 314/422/82 300/421/82
f 294/465/82 314/422/82 301/467/82
f 301/467/82 314/422/82 302/466/82
s 76
f 304/447/72 315/419/72 305/468/72
f 305/468/72 315/419/72 303/469/72
f 299/470/72 315/419/72 297/417/72
f 303/469/72 315/419/72 298/471/72
f 298/471/72 315/419/72 299/470/72
s 93
f 261/398/82 257/472/82 260/473/82
s 94
f 260/474/6 262/475/6 271/476/6
f 271/476/6 262/475/6 270/477/6
f 263/391/6 269/478/6 262/475/6
f 269/478/6 263/391/6 268/479/6
f 268/479/6 263/391/6 261/398/6
f 265/480/6 268/479/6 261/398/6
f 260/474/6 271/476/6 266/481/6
f 264/482/6 265/480/6 261/398/6
f 260/474/6 266/481/6 267/483/6
f 260/474/6 267/483/6 264/482/6
f 260/474/6 264/482/6 261/398/6
f 269/478/6 270/477/6 262/475/6
s 95
f 282/416/6 295/443/6 297/417/6
s 76
f 304/447/72 285/429/72 315/419/72
f 285/429/72 283/418/72 315/419/72
s 77
f 295/463/82 282/484/82 314/422/82
f 282/484/82 284/420/82 314/422/82
s 96
f 280/423/6 289/452/6 309/424/6
s 97
f 286/426/32 307/446/32 291/427/32
s 98
f 285/429/32 304/447/32 300/421/32
s 81
f 294/430/172 301/450/172 303/431/172
s 82
f 310/433/172 288/485/172 292/434/172
s 83
f 290/436/177 288/486/177 310/437/177
s 84
f 298/439/177 299/442/177 296/440/177
s 85
f 299/442/178 297/417/178 295/443/178
s 86
f 292/434/179 293/445/179 308/444/179
s 87
f 293/445/180 291/427/180 307/446/180
s 88
f 304/447/180 305/449/180 302/448/180
s 89
f 305/449/179 303/431/179 301/450/179
s 90
f 289/455/82 280/487/82 313/451/82
f 280/487/82 281/428/82 313/451/82
s 91
f 289/452/178 290/436/178 311/438/178
s 92
f 287/425/72 309/424/72 312/454/72
f 312/454/72 307/446/72 286/426/72
s 54
f 186/372/148 179/387/181 1/373/149
s 55
f 185/375/151 186/372/182 8/374/152
s 56
f 6/377/154 184/379/183 185/375/155
s 57
f 5/378/157 183/381/158 184/379/158
s 58
f 4/380/160 182/488/184 183/381/161
s 59
f 3/382/162 181/489/163 182/383/163
s 60
f 180/385/165 181/489/165 3/382/166
s 61
f 179/387/168 180/385/185 2/386/169
s 62
f 269/388/72 278/490/72 277/389/72
s 63
f 263/391/72 262/491/72 259/392/72
s 64
f 257/394/170 259/397/170 262/395/170
s 65
f 257/394/32 256/399/32 258/393/32
s 66
f 261/398/171 263/391/171 258/393/171
s 67
f 265/400/70 274/412/70 279/401/70
s 68
f 279/405/6 274/492/6 275/493/6
f 275/493/6 272/494/6 273/403/6
f 273/403/6 276/495/6 277/404/6
f 277/404/6 278/496/6 279/405/6
f 279/405/6 275/493/6 273/403/6
s 69
f 271/406/172 276/497/172 273/407/172
s 70
f 277/389/173 276/497/173 271/406/173
s 71
f 267/409/174 266/408/174 273/407/174
s 72
f 265/400/175 264/415/175 275/411/175
s 73
f 269/413/176 268/402/176 279/401/176
s 74
f 267/409/82 272/410/82 275/411/82
s 93
f 261/398/82 256/399/82 257/472/82
s 99
f 375/498/82 376/499/33 374/500/82
f 377/501/33 378/502/186 376/499/33
f 379/503/186 380/504/174 378/502/186
f 381/505/174 382/506/187 380/504/174
f 383/507/187 384/508/188 382/506/187
f 385/509/188 386/510/172 384/511/188
f 387/512/172 388/513/189 386/510/172
f 389/514/189 390/515/190 388/513/189
f 391/516/190 392/517/173 390/515/190
f 393/518/173 394/519/191 392/517/173
f 395/520/191 396/521/192 394/519/191
s 100
f 398/522/6 470/523/6 472/524/6
f 398/522/6 474/525/6 400/526/6
s 99
f 401/527/193 402/528/194 400/529/193
f 403/530/194 404/531/176 402/528/194
f 405/532/176 406/533/195 404/531/176
f 407/534/195 408/535/196 406/533/195
f 409/536/196 410/537/70 408/535/196
f 411/538/70 412/539/197 410/537/70
f 413/540/197 414/541/198 412/539/197
f 415/542/198 416/543/175 414/541/198
f 417/544/175 418/545/199 416/543/175
s 101
f 381/546/32 442/547/32 439/548/200
f 411/549/32 403/550/32 431/551/32
s 99
f 419/552/199 420/553/37 418/545/199
f 421/554/37 374/500/82 420/553/37
s 100
f 380/555/6 388/556/6 449/557/6
f 404/558/6 412/559/6 461/560/6
s 101
f 399/561/32 475/562/32 473/563/32
s 102
f 400/526/70 475/564/70 401/565/70
s 103
f 397/566/172 470/523/172 396/567/172
s 101
f 399/561/32 471/568/32 397/566/32
s 99
f 375/498/82 377/501/33 376/499/33
f 377/501/33 379/503/186 378/502/186
f 379/503/186 381/505/174 380/504/174
f 381/505/174 383/507/187 382/506/187
f 383/507/187 385/569/188 384/508/188
f 385/509/188 387/512/172 386/510/172
f 387/512/172 389/514/189 388/513/189
f 389/514/189 391/516/190 390/515/190
f 391/516/190 393/518/173 392/517/173
f 393/518/173 395/520/191 394/519/191
f 395/520/191 397/570/192 396/521/192
s 100
f 398/522/6 396/567/6 470/523/6
f 398/522/6 472/524/6 474/525/6
s 99
f 401/527/193 403/530/194 402/528/194
f 403/530/194 405/532/176 404/531/176
f 405/532/176 407/534/195 406/533/195
f 407/534/195 409/536/196 408/535/196
f 409/536/196 411/538/70 410/537/70
f 411/538/70 413/540/197 412/539/197
f 413/540/197 415/542/198 414/541/198
f 415/542/198 417/544/175 416/543/175
f 417/544/175 419/552/199 418/545/199
s 101
f 438/571/32 387/572/32 385/573/32
f 385/573/32 383/574/32 381/546/32
f 381/546/32 379/575/32 445/576/32
f 381/546/32 445/576/32 436/577/32
f 438/571/32 385/573/32 381/546/32
f 439/548/200 438/571/32 381/546/32
f 381/546/32 436/577/32 442/547/32
f 427/578/32 445/576/32 379/575/32
f 379/575/32 377/579/32 375/580/32
f 375/580/32 421/581/32 419/582/32
f 419/582/32 417/583/32 415/584/32
f 415/584/32 413/585/32 411/549/32
f 411/549/32 409/586/32 407/587/32
f 407/587/32 405/588/32 403/550/32
f 403/550/32 401/589/32 399/590/32
f 399/590/32 397/591/32 395/592/32
f 395/592/32 393/593/32 391/594/32
f 391/594/32 389/595/32 387/572/32
f 387/572/32 438/571/32 441/596/32
f 387/572/32 441/596/32 440/597/32
f 395/592/32 391/594/32 387/572/32
f 403/550/32 399/590/32 395/592/32
f 411/549/32 407/587/32 403/550/32
f 419/582/32 415/584/32 411/549/32
f 379/575/32 375/580/32 419/582/32
f 428/598/201 427/578/32 379/575/32
f 425/599/32 428/598/201 379/575/32
f 395/592/32 387/572/32 440/597/32
f 395/592/32 440/597/32 437/600/32
f 425/599/32 379/575/32 419/582/32
f 426/601/32 425/599/32 419/582/32
f 395/592/32 437/600/32 444/602/32
f 395/592/32 444/602/32 433/603/32
f 423/604/32 426/601/32 419/582/32
f 424/605/32 423/604/32 419/582/32
f 403/550/32 395/592/32 433/603/32
f 403/550/32 433/603/32 434/606/202
f 424/605/32 419/582/32 411/549/32
f 422/607/32 424/605/32 411/549/32
f 403/550/32 434/606/202 432/608/32
f 403/550/32 432/608/32 435/609/32
f 443/610/32 422/607/32 411/549/32
f 429/611/32 443/610/32 411/549/32
f 403/550/32 435/609/32 430/612/32
f 431/551/32 429/611/32 411/549/32
f 403/550/32 430/612/32 431/551/32
s 99
f 419/552/199 421/554/37 420/553/37
f 421/554/37 375/498/82 374/500/82
s 100
f 450/613/6 452/614/6 380/555/6
f 380/555/6 382/615/6 384/616/6
f 384/616/6 386/617/6 388/556/6
f 388/556/6 468/618/6 451/619/6
f 449/557/6 450/613/6 380/555/6
f 388/556/6 451/619/6 449/557/6
f 380/555/6 384/616/6 388/556/6
f 458/620/6 468/618/6 388/556/6
f 388/556/6 390/621/6 392/622/6
f 392/622/6 394/623/6 396/624/6
f 396/624/6 398/625/6 400/626/6
f 400/626/6 402/627/6 404/558/6
f 404/558/6 406/628/6 408/629/6
f 408/629/6 410/630/6 412/559/6
f 412/559/6 414/631/6 416/632/6
f 416/632/6 418/633/6 420/634/6
f 420/634/6 374/635/6 376/636/6
f 376/636/6 378/637/6 380/555/6
f 380/555/6 452/614/6 447/638/6
f 380/555/6 447/638/6 448/639/6
f 420/634/6 376/636/6 380/555/6
f 412/559/6 416/632/6 420/634/6
f 404/558/6 408/629/6 412/559/6
f 396/624/6 400/626/6 404/558/6
f 388/556/6 392/622/6 396/624/6
f 459/640/203 458/620/6 388/556/6
f 456/641/6 459/640/203 388/556/6
f 420/634/6 380/555/6 448/639/6
f 420/634/6 448/639/6 446/642/6
f 456/641/6 388/556/6 396/624/6
f 457/643/6 456/641/6 396/624/6
f 420/634/6 446/642/6 469/644/6
f 420/634/6 469/644/6 463/645/6
f 454/646/6 457/643/6 396/624/6
f 455/647/6 454/646/6 396/624/6
f 412/559/6 420/634/6 463/645/6
f 412/559/6 463/645/6 464/648/204
f 455/647/6 396/624/6 404/558/6
f 453/649/6 455/647/6 404/558/6
f 412/559/6 464/648/204 466/650/6
f 412/559/6 466/650/6 462/651/6
f 467/652/6 453/649/6 404/558/6
f 465/653/6 467/652/6 404/558/6
f 412/559/6 462/651/6 460/654/6
f 461/560/6 465/653/6 404/558/6
f 412/559/6 460/654/6 461/560/6
s 101
f 399/561/32 401/655/32 475/562/32
s 104
f 400/526/70 474/525/70 475/564/70
s 105
f 397/566/172 471/568/172 470/523/172
s 101
f 399/561/32 473/563/32 471/568/32
s 106
f 561/656/6 529/657/6 560/658/205
f 529/657/6 561/656/6 562/659/206
f 529/657/6 528/660/205 560/658/205
f 562/659/206 530/661/206 529/657/6
f 528/660/205 559/662/207 560/658/205
f 562/659/206 563/663/178 530/661/206
f 528/660/205 527/664/207 559/662/207
f 563/663/178 531/665/178 530/661/206
f 563/663/178 564/666/208 531/665/178
f 564/666/208 532/667/208 531/665/178
f 527/664/207 558/668/209 559/662/207
f 558/668/209 527/664/207 526/669/209
f 564/666/208 565/670/210 532/667/208
f 565/670/210 533/671/210 532/667/208
f 558/668/209 526/669/209 557/672/211
f 526/669/209 525/673/211 557/672/211
f 525/673/211 556/674/212 557/672/211
f 565/670/210 566/675/213 533/671/210
f 525/673/211 524/676/212 556/674/212
f 566/675/213 534/677/213 533/671/210
f 566/675/213 567/678/177 534/677/213
f 556/674/212 524/676/212 555/679/214
f 524/676/212 523/680/214 555/679/214
f 534/677/213 567/678/177 535/681/177
f 523/680/214 554/682/215 555/679/214
f 535/681/177 567/678/177 536/683/216
f 523/680/214 522/684/215 554/682/215
f 536/683/216 567/678/177 568/685/216
f 522/684/215 553/686/70 554/682/215
f 553/686/70 522/684/215 521/687/70
f 536/683/216 568/685/216 537/688/172
f 537/688/172 505/689/172 536/683/216
f 537/688/172 538/690/217 505/689/172
f 553/686/70 521/687/70 552/691/218
f 552/691/218 521/687/70 520/692/218
f 505/689/172 538/690/217 506/693/217
f 506/693/217 538/690/217 539/694/179
f 506/693/217 539/694/179 507/695/179
f 552/691/218 520/692/218 551/696/219
f 520/697/218 519/698/219 551/699/219
f 519/698/219 550/700/220 551/699/219
f 507/695/179 539/694/179 540/701/221
f 519/698/219 518/702/220 550/700/220
f 507/695/179 540/701/221 508/703/221
f 550/700/220 518/702/220 549/704/222
f 508/703/221 540/701/221 541/705/223
f 508/703/221 541/705/223 509/706/223
f 549/704/222 518/702/220 517/707/222
f 509/706/223 541/705/223 542/708/224
f 549/704/222 517/707/222 548/709/225
f 509/706/223 542/708/224 510/710/224
f 548/709/225 517/707/222 516/711/225
f 510/710/224 542/708/224 543/712/180
f 548/709/225 516/711/225 547/713/226
f 510/710/224 543/712/180 511/714/180
f 547/713/226 516/711/225 515/715/226
f 511/714/180 543/712/180 544/716/227
f 547/713/226 515/715/226 546/717/228
f 546/717/228 515/715/226 514/718/228
f 511/714/180 544/716/227 512/719/227
f 546/717/228 514/718/228 545/720/32
f 512/719/227 544/716/227 545/720/32
f 545/720/32 514/718/228 513/721/32
f 512/719/227 545/720/32 513/721/32
s 107
f 997/722/229 1020/723/230 1021/724/229
f 1003/725/231 1028/726/232 1004/727/232
f 994/728/233 1007/729/234 1018/730/233
f 1000/731/235 1025/732/236 1001/733/236
f 997/722/229 1022/734/237 998/735/237
f 993/736/234 1028/726/232 1007/729/234
f 994/737/233 1019/738/238 995/739/238
f 1001/733/236 1026/740/239 1002/741/239
f 999/742/240 1022/734/237 1023/743/240
f 995/744/238 1020/723/230 996/745/230
f 1002/741/239 1027/746/231 1003/725/231
f 999/742/240 1024/747/235 1000/731/235
s 108
f 667/748/241 645/749/242 668/750/241
f 663/751/243 666/752/244 664/753/243
f 659/754/245 662/755/246 660/756/245
s 109
f 663/757/247 1123/758/248 661/759/247
s 108
f 655/760/249 658/761/250 656/762/249
f 651/763/251 654/764/252 652/765/251
f 647/766/253 650/767/254 648/768/253
s 110
f 689/769/222 692/770/255 690/771/255
s 111
f 685/772/256 688/773/257 686/774/257
s 112
f 681/775/258 684/776/259 682/777/259
s 113
f 678/778/260 679/779/210 680/780/260
s 114
f 673/781/261 676/782/262 674/783/262
s 115
f 669/784/263 671/785/264 672/786/263
s 113
f 987/787/265 680/788/260 990/789/265
s 111
f 971/790/266 688/791/257 974/792/266
s 116
f 665/793/267 1112/794/268 1115/795/268
s 117
f 1119/796/269 688/791/269 687/797/269
s 118
f 659/798/270 1131/799/271 657/800/270
s 119
f 651/801/272 1105/802/273 649/803/272
s 113
f 656/804/274 986/805/275 991/806/275
s 111
f 662/807/276 975/808/277 664/809/276
s 120
f 1108/810/269 674/811/269 959/812/269
s 121
f 1095/813/278 945/814/278 946/815/278
f 1094/816/278 946/815/278 947/817/278
s 119
f 1101/818/279 673/781/280 1108/819/279
s 122
f 1096/820/281 671/785/282 670/821/282
s 115
f 645/822/283 951/823/284 648/824/283
f 947/817/285 949/825/286 952/826/285
s 123
f 1101/818/287 676/827/287 675/828/287
f 1102/829/287 956/830/287 1101/831/287
s 120
f 1107/832/269 959/812/269 960/833/269
s 116
f 1109/834/288 689/769/289 1114/835/288
s 119
f 1103/836/290 1107/837/291 1106/838/292
s 114
f 959/812/293 676/827/262 956/830/293
f 652/839/294 958/840/295 953/841/295
f 954/842/296 960/833/297 955/843/297
s 124
f 1114/844/211 690/845/211 967/846/211
f 1115/847/211 965/848/211 966/849/211
s 125
f 1112/850/223 962/851/223 1111/852/223
f 1110/853/223 964/854/223 1109/855/223
s 116
f 1116/856/298 1110/857/299 1113/858/299
s 110
f 967/846/300 692/859/255 964/854/300
f 666/860/301 961/861/302 668/862/301
f 965/848/303 963/863/304 962/851/303
s 109
f 1117/864/305 1121/865/306 1124/866/307
s 111
f 969/867/308 973/868/309 976/869/310
s 117
f 1120/870/269 974/792/269 1119/871/269
s 109
f 1119/796/311 685/772/312 1122/872/311
s 118
f 1125/873/313 681/775/314 1130/874/313
s 126
f 1121/875/287 971/790/287 972/876/287
s 127
f 1130/877/315 682/878/315 983/879/315
f 1129/880/315 983/879/315 984/881/315
s 128
f 1125/873/278 684/882/278 683/883/278
f 1126/884/278 980/885/278 1125/886/278
s 118
f 1127/887/316 1129/888/317 1132/889/318
s 112
f 983/879/319 684/882/259 980/885/319
f 660/890/320 982/891/321 977/892/321
f 978/893/322 984/881/323 979/894/324
s 129
f 1136/895/223 678/896/223 987/787/223
f 1135/897/223 987/787/223 988/898/223
s 113
f 985/899/325 989/900/326 992/901/325
s 130
f 1136/902/327 679/779/328 677/903/328
f 655/904/329 1133/905/330 653/906/329
f 1134/907/331 1140/908/332 1135/909/332
s 108
f 804/910/333 646/911/242 667/748/241
f 803/912/333 781/913/32 804/914/333
f 802/915/334 667/748/241 665/916/244
f 801/917/334 804/914/333 802/918/334
f 800/919/335 665/916/244 663/751/243
s 131
f 791/920/261 810/921/261 792/922/261
s 108
f 798/923/336 663/751/243 661/924/246
f 797/925/336 800/926/335 798/927/336
f 796/928/337 661/924/246 659/754/245
f 795/929/337 798/927/336 796/930/337
f 794/931/338 659/754/245 657/932/250
f 793/933/338 796/930/337 794/934/338
f 792/935/339 657/932/250 655/760/249
s 132
f 785/936/72 805/937/72 783/938/72
s 108
f 653/939/252 792/935/339 655/760/249
f 790/940/340 791/941/339 792/942/339
f 788/943/172 653/939/252 651/763/251
f 788/944/172 789/945/340 790/940/340
f 786/946/341 651/763/251 649/947/254
f 785/948/341 788/944/172 786/949/341
f 784/950/342 649/947/254 647/766/253
s 133
f 802/951/264 815/952/264 801/953/264
s 108
f 781/954/32 647/955/253 646/911/242
f 782/956/32 784/957/342 781/954/32
s 134
f 813/958/278 816/959/278 814/960/278
s 135
f 809/961/287 812/962/287 810/963/287
s 136
f 805/937/223 808/964/223 806/965/223
s 137
f 802/951/82 814/966/82 816/967/82
s 138
f 786/968/210 807/969/210 785/970/210
s 139
f 799/971/72 815/972/72 813/958/72
s 140
f 794/973/82 810/921/82 812/974/82
s 141
f 799/971/258 814/966/258 800/975/258
s 142
f 794/973/256 811/976/256 793/977/256
s 143
f 793/977/72 809/961/72 791/978/72
s 144
f 783/938/222 806/979/222 784/980/222
s 145
f 784/980/82 808/981/82 786/968/82
s 121
f 1093/982/278 947/817/278 948/983/278
s 123
f 1103/836/287 955/843/287 1102/984/287
f 1104/985/287 954/842/287 1103/986/287
s 120
f 1106/987/269 960/833/269 957/988/269
f 1105/989/269 957/988/269 958/990/269
s 125
f 1111/991/223 963/863/223 1110/857/223
s 124
f 1116/992/211 968/993/211 965/848/211
f 1113/994/211 967/846/211 968/993/211
s 126
f 1124/995/287 972/876/287 969/867/287
f 1123/996/287 969/867/287 970/997/287
s 117
f 1117/864/269 973/868/269 1120/998/269
f 1118/999/269 976/869/269 1117/1000/269
s 128
f 1127/887/278 979/894/278 1126/1001/278
f 1128/1002/278 978/893/278 1127/1003/278
s 127
f 1132/1004/315 984/881/315 981/1005/315
f 1131/1006/315 981/1005/315 982/891/315
s 129
f 1134/1007/223 988/898/223 985/899/223
f 1133/1008/223 985/899/223 986/805/223
s 115
f 947/817/285 951/823/284 948/983/284
f 950/1009/343 946/815/286 945/814/343
s 114
f 954/842/296 958/990/295 957/988/296
f 956/830/293 960/833/297 959/812/293
s 110
f 962/851/303 966/849/302 965/848/303
f 964/854/300 968/993/304 967/846/300
s 111
f 976/869/310 970/997/277 969/867/308
f 974/792/266 972/876/309 971/790/266
s 112
f 978/893/322 982/891/321 981/1005/322
f 983/879/319 979/894/324 984/881/323
s 113
f 992/901/325 986/805/275 985/899/325
f 990/789/265 988/898/326 987/787/265
s 115
f 945/814/343 672/1010/263 950/1009/343
s 108
f 1004/1011/333 782/956/32 803/1012/333
f 1003/1013/344 803/1012/333 801/1014/334
f 1002/1015/70 801/1014/334 799/1016/335
f 1001/1017/336 799/1016/335 797/1018/336
f 1000/1019/337 797/1018/336 795/1020/337
f 999/1021/6 795/1020/337 793/1022/338
f 998/1023/345 793/1022/338 791/1024/339
f 789/1025/340 998/1023/345 791/1024/339
f 996/1026/172 789/1025/340 787/1027/172
f 995/739/346 787/1027/172 785/1028/341
f 994/737/347 785/1028/341 783/1029/342
f 993/1030/32 783/1031/342 782/956/32
s 146
f 513/1032/82 1031/1033/82 1060/1034/82
f 527/1035/82 1059/1036/82 526/1037/82
f 512/1038/82 1060/1034/82 1058/1039/82
f 526/1037/82 1057/1040/82 525/1041/82
f 511/1042/82 1058/1039/82 1056/1043/82
f 525/1041/82 1055/1044/82 524/1045/82
f 510/1046/82 1056/1043/82 1054/1047/82
f 523/1048/82 1055/1044/82 1053/1049/82
f 536/1050/82 1041/1051/82 1052/1052/82
f 509/1053/82 1054/1047/82 1051/1054/82
f 523/1048/82 1050/1055/82 522/1056/82
f 535/1057/82 1052/1052/82 1049/1058/82
f 508/1059/82 1051/1054/82 1048/1060/82
f 522/1056/82 1047/1061/82 521/1062/82
f 535/1057/82 1046/1063/82 534/1064/82
f 507/1065/82 1048/1060/82 1045/1066/82
f 521/1062/82 1044/1067/82 520/1068/82
f 534/1064/82 1043/1069/82 533/1070/82
f 506/1071/82 1045/1066/82 1042/1072/82
f 520/1068/82 1040/1073/82 519/1074/82
f 533/1070/82 1039/1075/82 532/1076/82
f 506/1071/82 1041/1051/82 505/1077/82
f 518/1078/82 1040/1073/82 1038/1079/82
f 532/1076/82 1037/1080/82 531/1081/82
f 517/1082/82 1038/1079/82 1036/1083/82
f 531/1081/82 1035/1084/82 530/1085/82
f 516/1086/82 1036/1083/82 1034/1087/82
f 530/1085/82 1033/1088/82 529/1089/82
f 515/1090/82 1034/1087/82 1032/1091/82
f 529/1089/82 1030/1092/82 528/1093/82
f 514/1094/82 1032/1091/82 1031/1033/82
f 528/1093/82 1029/1095/82 527/1035/82
s 147
f 538/1096/72 1092/1097/72 1061/1098/72
f 539/1099/72 1061/1098/72 1062/1100/72
f 539/1099/72 1063/1101/72 540/1102/72
f 540/1102/72 1064/1103/72 541/1104/72
f 541/1104/72 1065/1105/72 542/1106/72
f 542/1106/72 1066/1107/72 543/1108/72
f 543/1108/72 1067/1109/72 544/1110/72
f 544/1110/72 1068/1111/72 545/1112/72
f 545/1112/72 1069/1113/72 546/1114/72
f 546/1114/72 1070/1115/72 547/1116/72
f 547/1116/72 1071/1117/72 548/1118/72
f 548/1118/72 1072/1119/72 549/1120/72
f 549/1120/72 1073/1121/72 550/1122/72
f 550/1122/72 1074/1123/72 551/1124/72
f 551/1124/72 1075/1125/72 552/1126/72
f 552/1126/72 1076/1127/72 553/1128/72
f 553/1128/72 1077/1129/72 554/1130/72
f 554/1130/72 1078/1131/72 555/1132/72
f 555/1132/72 1079/1133/72 556/1134/72
f 557/1135/72 1079/1133/72 1080/1136/72
f 558/1137/72 1080/1136/72 1081/1138/72
f 559/1139/72 1081/1138/72 1082/1140/72
f 560/1141/72 1082/1140/72 1083/1142/72
f 561/1143/72 1083/1142/72 1084/1144/72
f 562/1145/72 1084/1144/72 1085/1146/72
f 563/1147/72 1085/1146/72 1086/1148/72
f 564/1149/72 1086/1148/72 1087/1150/72
f 565/1151/72 1087/1150/72 1088/1152/72
f 566/1153/72 1088/1152/72 1089/1154/72
f 567/1155/72 1089/1154/72 1090/1156/72
f 568/1157/72 1090/1156/72 1091/1158/72
f 537/1159/72 1091/1158/72 1092/1097/72
s 121
f 1093/982/278 645/822/278 646/1160/278
s 148
f 648/824/315 1098/1161/315 647/1162/315
s 123
f 652/1163/287 1104/1164/287 651/801/287
s 120
f 650/1165/269 1105/1166/269 958/990/269
s 121
f 1096/1167/278 669/1168/278 945/814/278
s 125
f 668/862/223 1112/794/223 667/1169/223
s 124
f 666/860/211 1115/1170/211 966/849/211
s 117
f 664/809/269 1118/1171/269 663/757/269
s 126
f 662/807/287 1123/1172/287 970/997/287
s 128
f 660/890/278 1128/1173/278 659/798/278
s 127
f 658/1174/315 1131/1175/315 982/891/315
s 129
f 654/1176/223 1133/1177/223 986/805/223
s 149
f 656/804/211 1138/1178/211 655/904/211
s 122
f 1096/1179/281 1100/1180/348 1099/1181/281
s 119
f 1106/1182/292 1104/985/273 1103/986/290
f 1108/1183/279 1102/829/291 1101/831/279
s 116
f 1116/1184/298 1112/850/268 1111/852/298
f 1114/1185/288 1110/853/299 1109/855/288
s 109
f 1117/1000/305 1123/1186/248 1118/999/248
f 1122/1187/311 1120/870/349 1119/871/311
s 118
f 1132/1188/318 1128/1002/271 1127/1003/316
f 1125/886/313 1129/1189/317 1126/884/317
s 130
f 1137/1190/331 1133/1191/330 1138/1192/330
f 1139/1193/327 1135/1194/332 1140/1195/332
s 122
f 647/1162/350 1093/1196/351 646/1197/350
s 125
f 1109/834/223 692/859/223 691/1198/223
s 148
f 1098/1199/315 952/826/315 1097/1200/315
f 1097/1201/315 949/825/315 1100/1202/315
f 1100/1180/315 950/1009/315 1099/1181/315
f 1099/1203/315 672/1010/315 671/785/315
s 126
f 1122/1204/287 686/1205/287 971/790/287
s 122
f 1098/1199/351 1094/1206/352 1093/1207/351
f 1095/1208/348 1097/1201/352 1100/1202/348
s 149
f 1138/1192/211 992/901/211 1137/1190/211
f 1137/1209/211 989/900/211 1140/908/211
f 1140/1195/211 990/789/211 1139/1193/211
f 1139/1210/211 680/788/211 679/779/211
s 107
f 997/722/229 996/745/230 1020/723/230
f 1003/725/231 1027/746/231 1028/726/232
f 994/728/233 993/736/234 1007/729/234
f 1000/731/235 1024/747/235 1025/732/236
f 997/722/229 1021/724/229 1022/734/237
f 993/736/234 1004/727/232 1028/726/232
f 994/737/233 1018/1211/233 1019/738/238
f 1001/733/236 1025/732/236 1026/740/239
f 999/742/240 998/735/237 1022/734/237
f 995/744/238 1019/1212/238 1020/723/230
f 1002/741/239 1026/740/239 1027/746/231
f 999/742/240 1023/743/240 1024/747/235
s 108
f 667/748/241 646/911/242 645/749/242
f 663/751/243 665/916/244 666/752/244
f 659/754/245 661/924/246 662/755/246
s 109
f 663/757/247 1118/1171/248 1123/758/248
s 108
f 655/760/249 657/932/250 658/761/250
f 651/763/251 653/939/252 654/764/252
f 647/766/253 649/947/254 650/767/254
s 110
f 689/769/222 691/1198/222 692/770/255
s 111
f 685/772/256 687/797/256 688/773/257
s 112
f 681/775/258 683/883/258 684/776/259
s 113
f 678/778/260 677/903/210 679/779/210
s 114
f 673/781/261 675/828/261 676/782/262
s 115
f 669/784/263 670/821/264 671/785/264
s 113
f 987/787/265 678/896/260 680/788/260
s 111
f 971/790/266 686/1205/257 688/791/257
s 116
f 665/793/267 667/1169/267 1112/794/268
s 117
f 1119/796/269 974/792/269 688/791/269
s 118
f 659/798/270 1128/1173/271 1131/799/271
s 119
f 651/801/272 1104/1164/273 1105/802/273
s 113
f 656/804/274 654/1176/274 986/805/275
s 111
f 662/807/276 970/997/277 975/808/277
s 120
f 1108/810/269 673/1213/269 674/811/269
s 121
f 1095/813/278 1096/1214/278 945/814/278
f 1094/816/278 1095/1215/278 946/815/278
s 119
f 1101/818/279 675/828/280 673/781/280
s 122
f 1096/820/281 1099/1203/281 671/785/282
s 115
f 645/822/283 948/983/284 951/823/284
f 947/817/285 946/815/286 949/825/286
s 123
f 1101/818/287 956/830/287 676/827/287
f 1102/829/287 955/843/287 956/830/287
s 120
f 1107/832/269 1108/1216/269 959/812/269
s 116
f 1109/834/288 691/1198/289 689/769/289
s 119
f 1103/836/290 1102/984/291 1107/837/291
s 114
f 959/812/293 674/811/262 676/827/262
f 652/839/294 650/1217/294 958/840/295
f 954/842/296 957/988/296 960/833/297
s 124
f 1114/844/211 689/1218/211 690/845/211
f 1115/847/211 1116/1219/211 965/848/211
s 125
f 1112/850/223 961/861/223 962/851/223
f 1110/853/223 963/863/223 964/854/223
s 116
f 1116/856/298 1111/991/298 1110/857/299
s 110
f 967/846/300 690/845/255 692/859/255
f 666/860/301 966/849/302 961/861/302
f 965/848/303 968/993/304 963/863/304
s 109
f 1117/864/305 1120/998/349 1121/865/306
s 111
f 969/867/308 972/876/309 973/868/309
s 117
f 1120/870/269 973/868/269 974/792/269
s 109
f 1119/796/311 687/797/312 685/772/312
s 118
f 1125/873/313 683/883/314 681/775/314
s 126
f 1121/875/287 1122/1220/287 971/790/287
s 127
f 1130/877/315 681/1221/315 682/878/315
f 1129/880/315 1130/1222/315 983/879/315
s 128
f 1125/873/278 980/885/278 684/882/278
f 1126/884/278 979/894/278 980/885/278
s 118
f 1127/887/316 1126/1001/317 1129/888/317
s 112
f 983/879/319 682/878/259 684/882/259
f 660/890/320 658/1174/320 982/891/321
f 978/893/322 981/1005/322 984/881/323
s 129
f 1136/895/223 677/1223/223 678/896/223
f 1135/897/223 1136/1224/223 987/787/223
s 113
f 985/899/325 988/898/326 989/900/326
s 130
f 1136/902/327 1139/1210/327 679/779/328
f 655/904/329 1138/1178/330 1133/905/330
f 1134/907/331 1137/1209/331 1140/908/332
s 108
f 804/910/333 781/954/32 646/911/242
f 803/912/333 782/1225/32 781/913/32
f 802/915/334 804/910/333 667/748/241
f 801/917/334 803/912/333 804/914/333
f 800/919/335 802/915/334 665/916/244
s 131
f 791/920/261 809/1226/261 810/921/261
s 108
f 798/923/336 800/919/335 663/751/243
f 797/925/336 799/1227/335 800/926/335
f 796/928/337 798/923/336 661/924/246
f 795/929/337 797/925/336 798/927/336
f 794/931/338 796/928/337 659/754/245
f 793/933/338 795/929/337 796/930/337
f 792/935/339 794/931/338 657/932/250
s 132
f 785/936/72 807/1228/72 805/937/72
s 108
f 653/939/252 790/1229/340 792/935/339
f 790/940/340 789/945/340 791/941/339
f 788/943/172 790/1229/340 653/939/252
f 788/944/172 787/1230/172 789/945/340
f 786/946/341 788/943/172 651/763/251
f 785/948/341 787/1230/172 788/944/172
f 784/950/342 786/946/341 649/947/254
s 133
f 802/951/264 816/967/264 815/952/264
s 108
f 781/954/32 784/957/342 647/955/253
f 782/956/32 783/1031/342 784/957/342
s 134
f 813/958/278 815/972/278 816/959/278
s 135
f 809/961/287 811/976/287 812/962/287
s 136
f 805/937/223 807/1228/223 808/964/223
s 137
f 802/951/82 800/975/82 814/966/82
s 138
f 786/968/210 808/981/210 807/969/210
s 139
f 799/971/72 801/1231/72 815/972/72
s 140
f 794/973/82 792/922/82 810/921/82
s 141
f 799/971/258 813/958/258 814/966/258
s 142
f 794/973/256 812/974/256 811/976/256
s 143
f 793/977/72 811/976/72 809/961/72
s 144
f 783/938/222 805/937/222 806/979/222
s 145
f 784/980/82 806/979/82 808/981/82
s 121
f 1093/982/278 1094/1232/278 947/817/278
s 123
f 1103/836/287 954/842/287 955/843/287
f 1104/985/287 953/1233/287 954/842/287
s 120
f 1106/987/269 1107/1234/269 960/833/269
f 1105/989/269 1106/1235/269 957/988/269
s 125
f 1111/991/223 962/851/223 963/863/223
s 124
f 1116/992/211 1113/1236/211 968/993/211
f 1113/994/211 1114/1237/211 967/846/211
s 126
f 1124/995/287 1121/1238/287 972/876/287
f 1123/996/287 1124/1239/287 969/867/287
s 117
f 1117/864/269 976/869/269 973/868/269
f 1118/999/269 975/808/269 976/869/269
s 128
f 1127/887/278 978/893/278 979/894/278
f 1128/1002/278 977/892/278 978/893/278
s 127
f 1132/1004/315 1129/1240/315 984/881/315
f 1131/1006/315 1132/1241/315 981/1005/315
s 129
f 1134/1007/223 1135/1242/223 988/898/223
f 1133/1008/223 1134/1243/223 985/899/223
s 115
f 947/817/285 952/826/285 951/823/284
f 950/1009/343 949/825/286 946/815/286
s 114
f 954/842/296 953/1233/295 958/990/295
f 956/830/293 955/843/297 960/833/297
s 110
f 962/851/303 961/861/302 966/849/302
f 964/854/300 963/863/304 968/993/304
s 111
f 976/869/310 975/808/277 970/997/277
f 974/792/266 973/868/309 972/876/309
s 112
f 978/893/322 977/892/321 982/891/321
f 983/879/319 980/885/319 979/894/324
s 113
f 992/901/325 991/806/275 986/805/275
f 990/789/265 989/900/326 988/898/326
s 115
f 945/814/343 669/1168/263 672/1010/263
s 108
f 1004/1011/333 993/1030/32 782/956/32
f 1003/1013/344 1004/1011/333 803/1012/333
f 1002/1015/70 1003/1013/344 801/1014/334
f 1001/1017/336 1002/1015/70 799/1016/335
f 1000/1019/337 1001/1017/336 797/1018/336
f 999/1021/6 1000/1019/337 795/1020/337
f 998/1023/345 999/1021/6 793/1022/338
f 789/1025/340 997/1244/340 998/1023/345
f 996/1026/172 997/1244/340 789/1025/340
f 995/739/346 996/1026/172 787/1027/172
f 994/737/347 995/739/346 785/1028/341
f 993/1030/32 994/1245/347 783/1031/342
s 146
f 513/1032/82 514/1094/82 1031/1033/82
f 527/1035/82 1029/1095/82 1059/1036/82
f 512/1038/82 513/1032/82 1060/1034/82
f 526/1037/82 1059/1036/82 1057/1040/82
f 511/1042/82 512/1038/82 1058/1039/82
f 525/1041/82 1057/1040/82 1055/1044/82
f 510/1046/82 511/1042/82 1056/1043/82
f 523/1048/82 524/1045/82 1055/1044/82
f 536/1050/82 505/1077/82 1041/1051/82
f 509/1053/82 510/1046/82 1054/1047/82
f 523/1048/82 1053/1049/82 1050/1055/82
f 535/1057/82 536/1050/82 1052/1052/82
f 508/1059/82 509/1053/82 1051/1054/82
f 522/1056/82 1050/1055/82 1047/1061/82
f 535/1057/82 1049/1058/82 1046/1063/82
f 507/1065/82 508/1059/82 1048/1060/82
f 521/1062/82 1047/1061/82 1044/1067/82
f 534/1064/82 1046/1063/82 1043/1069/82
f 506/1071/82 507/1065/82 1045/1066/82
f 520/1068/82 1044/1067/82 1040/1073/82
f 533/1070/82 1043/1069/82 1039/1075/82
f 506/1071/82 1042/1072/82 1041/1051/82
f 518/1078/82 519/1074/82 1040/1073/82
f 532/1076/82 1039/1075/82 1037/1080/82
f 517/1082/82 518/1078/82 1038/1079/82
f 531/1081/82 1037/1080/82 1035/1084/82
f 516/1086/82 517/1082/82 1036/1083/82
f 530/1085/82 1035/1084/82 1033/1088/82
f 515/1090/82 516/1086/82 1034/1087/82
f 529/1089/82 1033/1088/82 1030/1092/82
f 514/1094/82 515/1090/82 1032/1091/82
f 528/1093/82 1030/1092/82 1029/1095/82
s 147
f 538/1096/72 537/1159/72 1092/1097/72
f 539/1099/72 538/1096/72 1061/1098/72
f 539/1099/72 1062/1100/72 1063/1101/72
f 540/1102/72 1063/1101/72 1064/1103/72
f 541/1104/72 1064/1103/72 1065/1105/72
f 542/1106/72 1065/1105/72 1066/1107/72
f 543/1108/72 1066/1107/72 1067/1109/72
f 544/1110/72 1067/1109/72 1068/1111/72
f 545/1112/72 1068/1111/72 1069/1113/72
f 546/1114/72 1069/1113/72 1070/1115/72
f 547/1116/72 1070/1115/72 1071/1117/72
f 548/1118/72 1071/1117/72 1072/1119/72
f 549/1120/72 1072/1119/72 1073/1121/72
f 550/1122/72 1073/1121/72 1074/1123/72
f 551/1124/72 1074/1123/72 1075/1125/72
f 552/1126/72 1075/1125/72 1076/1127/72
f 553/1128/72 1076/1127/72 1077/1129/72
f 554/1130/72 1077/1129/72 1078/1131/72
f 555/1132/72 1078/1131/72 1079/1133/72
f 557/1135/72 556/1134/72 1079/1133/72
f 558/1137/72 557/1135/72 1080/1136/72
f 559/1139/72 558/1137/72 1081/1138/72
f 560/1141/72 559/1139/72 1082/1140/72
f 561/1143/72 560/1141/72 1083/1142/72
f 562/1145/72 561/1143/72 1084/1144/72
f 563/1147/72 562/1145/72 1085/1146/72
f 564/1149/72 563/1147/72 1086/1148/72
f 565/1151/72 564/1149/72 1087/1150/72
f 566/1153/72 565/1151/72 1088/1152/72
f 567/1155/72 566/1153/72 1089/1154/72
f 568/1157/72 567/1155/72 1090/1156/72
f 537/1159/72 568/1157/72 1091/1158/72
s 121
f 1093/982/278 948/983/278 645/822/278
s 148
f 648/824/315 951/823/315 1098/1161/315
s 123
f 652/1163/287 953/1233/287 1104/1164/287
s 120
f 650/1165/269 649/1246/269 1105/1166/269
s 121
f 1096/1167/278 670/1247/278 669/1168/278
s 125
f 668/862/223 961/861/223 1112/794/223
s 124
f 666/860/211 665/1248/211 1115/1170/211
s 117
f 664/809/269 975/808/269 1118/1171/269
s 126
f 662/807/287 661/1249/287 1123/1172/287
s 128
f 660/890/278 977/892/278 1128/1173/278
s 127
f 658/1174/315 657/1250/315 1131/1175/315
s 129
f 654/1176/223 653/1251/223 1133/1177/223
s 149
f 656/804/211 991/806/211 1138/1178/211
s 122
f 1096/1179/281 1095/1252/348 1100/1180/348
s 119
f 1106/1182/292 1105/1253/273 1104/985/273
f 1108/1183/279 1107/1254/291 1102/829/291
s 116
f 1116/1184/298 1115/1255/268 1112/850/268
f 1114/1185/288 1113/1256/299 1110/853/299
s 109
f 1117/1000/305 1124/1257/307 1123/1186/248
f 1122/1187/311 1121/1258/306 1120/870/349
s 118
f 1132/1188/318 1131/1259/271 1128/1002/271
f 1125/886/313 1130/1260/313 1129/1189/317
s 130
f 1137/1190/331 1134/1261/331 1133/1191/330
f 1139/1193/327 1136/1262/327 1135/1194/332
s 122
f 647/1162/350 1098/1161/351 1093/1196/351
s 125
f 1109/834/223 964/854/223 692/859/223
s 148
f 1098/1199/315 951/823/315 952/826/315
f 1097/1201/315 952/826/315 949/825/315
f 1100/1180/315 949/825/315 950/1009/315
f 1099/1203/315 950/1009/315 672/1010/315
s 126
f 1122/1204/287 685/1263/287 686/1205/287
s 122
f 1098/1199/351 1097/1200/352 1094/1206/352
f 1095/1208/348 1094/1264/352 1097/1201/352
s 149
f 1138/1192/211 991/806/211 992/901/211
f 1137/1209/211 992/901/211 989/900/211
f 1140/1195/211 989/900/211 990/789/211
f 1139/1210/211 990/789/211 680/788/211
s 150
g RoverModificado.001_SpacialRoverExploreralumBlack
usemtl SpacialRoverExploreralumBlack
f 186/1265/353 189/1266/353 179/1267/353
s 151
f 179/1267/354 196/1268/354 180/1269/354
s 152
f 180/1269/355 197/1270/355 181/1271/355
s 153
f 182/1272/356 197/1270/356 198/1273/356
s 154
f 183/1274/357 198/1275/357 199/1276/357
s 155
f 8/1277/358 21/1278/359 7/1279/360
f 5/1280/361 19/1281/362 17/1282/361
f 4/1283/363 13/1284/364 3/1285/364
f 1/1286/365 11/1287/366 24/1288/365
f 1/1286/365 23/1289/367 8/1277/358
f 6/1290/368 21/1278/359 19/1281/362
f 5/1280/361 15/1291/369 4/1283/363
f 2/1292/370 13/1284/364 11/1287/366
s 156
f 23/1293/371 9/1294/372 22/1295/373
s 157
f 21/1296/374 22/1295/375 20/1297/376
s 158
f 18/1298/377 21/1296/378 20/1297/379
s 159
f 16/1299/380 19/1300/381 18/1298/382
s 160
f 14/1301/383 17/1302/384 16/1303/385
s 161
f 12/1304/386 15/1305/387 14/1301/388
s 162
f 11/1306/389 12/1304/390 10/1307/391
s 163
f 24/1308/392 10/1307/393 9/1294/394
s 164
f 188/1309/395 196/1310/395 189/1311/395
s 165
f 187/1312/396 197/1270/396 196/1310/396
s 166
f 197/1270/397 191/1313/397 198/1273/397
s 167
f 198/1314/398 192/1315/398 199/1316/398
s 168
f 199/1316/399 193/1317/399 200/1318/399
s 169
f 200/1318/400 194/1319/400 201/1320/400
s 170
f 194/1319/401 202/1321/401 201/1320/401
s 171
f 195/1322/402 189/1311/402 202/1323/402
s 172
f 185/1324/403 202/1325/403 186/1265/403
s 173
f 185/1324/404 200/1326/404 201/1327/404
s 174
f 184/1328/405 199/1276/405 200/1326/405
s 150
f 186/1265/353 202/1325/353 189/1266/353
s 151
f 179/1267/354 189/1266/354 196/1268/354
s 152
f 180/1269/355 196/1268/355 197/1270/355
s 153
f 182/1272/356 181/1271/356 197/1270/356
s 154
f 183/1274/357 182/1329/357 198/1275/357
s 155
f 8/1277/358 23/1289/367 21/1278/359
f 5/1280/361 6/1290/368 19/1281/362
f 4/1283/363 15/1291/369 13/1284/364
f 1/1286/365 2/1292/370 11/1287/366
f 1/1286/365 24/1288/365 23/1289/367
f 6/1290/368 7/1279/360 21/1278/359
f 5/1280/361 17/1282/361 15/1291/369
f 2/1292/370 3/1285/364 13/1284/364
s 156
f 23/1293/371 24/1308/406 9/1294/372
s 157
f 21/1296/374 23/1293/407 22/1295/375
s 175
f 18/1298/408 19/1300/409 21/1296/378
s 176
f 16/1299/380 17/1330/410 19/1300/381
s 177
f 14/1301/383 15/1305/411 17/1302/384
s 178
f 12/1304/412 13/1331/413 15/1305/414
s 162
f 11/1306/389 13/1331/415 12/1304/390
s 163
f 24/1308/392 11/1306/416 10/1307/393
s 164
f 188/1309/395 187/1312/395 196/1310/395
s 165
f 187/1312/396 190/1332/396 197/1270/396
s 179
f 197/1270/397 190/1332/397 191/1313/397
s 180
f 198/1314/398 191/1333/398 192/1315/398
s 181
f 199/1316/399 192/1315/399 193/1317/399
s 182
f 200/1318/400 193/1317/400 194/1319/400
s 170
f 194/1319/401 195/1334/401 202/1321/401
s 171
f 195/1322/402 188/1309/402 189/1311/402
s 172
f 185/1324/403 201/1327/403 202/1325/403
s 173
f 185/1324/404 184/1328/417 200/1326/404
s 174
f 184/1328/405 183/1274/405 199/1276/405
s 4
g RoverModificado.001_SpacialRoverExploreralumOrange
usemtl SpacialRoverExploreralumOrange
f 98/1335/31 27/1336/63 25/1337/72
f 97/1338/63 29/1339/194 27/1336/63
f 99/1340/194 31/1341/176 29/1339/194
f 100/1342/176 33/1343/195 31/1341/176
f 101/1344/195 35/1345/196 33/1343/195
f 102/1346/196 37/1347/70 35/1345/196
f 103/1348/70 39/1349/197 37/1347/70
f 104/1350/197 41/1351/198 39/1349/197
f 105/1352/198 43/1353/175 41/1351/198
f 106/1354/175 45/1355/199 43/1353/175
f 107/1356/199 47/1357/37 45/1355/199
f 108/1358/37 49/1359/82 47/1357/37
f 109/1360/66 51/1361/33 49/1362/82
f 110/1363/33 53/1364/186 51/1361/33
f 111/1365/35 55/1366/174 53/1364/186
f 112/1367/174 57/1368/187 55/1366/174
f 113/1369/187 59/1370/188 57/1368/187
f 114/1371/188 61/1372/172 59/1370/188
f 115/1373/172 63/1374/189 61/1372/172
f 116/1375/189 65/1376/190 63/1374/189
f 117/1377/190 67/1378/173 65/1376/190
f 118/1379/173 69/1380/191 67/1378/173
f 119/1381/69 71/1382/29 69/1380/191
f 120/1383/29 25/1337/72 71/1382/29
f 98/1335/31 97/1338/63 27/1336/63
f 97/1338/63 99/1340/194 29/1339/194
f 99/1340/194 100/1342/176 31/1341/176
f 100/1342/176 101/1344/195 33/1343/195
f 101/1344/195 102/1346/196 35/1345/196
f 102/1346/196 103/1348/70 37/1347/70
f 103/1348/70 104/1350/197 39/1349/197
f 104/1350/197 105/1352/198 41/1351/198
f 105/1352/198 106/1354/175 43/1353/175
f 106/1354/175 107/1356/199 45/1355/199
f 107/1356/199 108/1358/37 47/1357/37
f 108/1358/37 109/1384/66 49/1359/82
f 109/1360/66 110/1363/33 51/1361/33
f 110/1363/33 111/1365/35 53/1364/186
f 111/1365/35 112/1367/174 55/1366/174
f 112/1367/174 113/1369/187 57/1368/187
f 113/1369/187 114/1371/188 59/1370/188
f 114/1371/188 115/1373/172 61/1372/172
f 115/1373/172 116/1375/189 63/1374/189
f 116/1375/189 117/1377/190 65/1376/190
f 117/1377/190 118/1379/173 67/1378/173
f 118/1379/173 119/1381/69 69/1380/191
f 119/1381/69 120/1383/29 71/1382/29
f 120/1383/29 98/1335/31 25/1337/72
s 183
g RoverModificado.001_SpacialRoverExploreralumGrayDeep
usemtl SpacialRoverExploreralumGrayDeep
f 329/1385/418 340/1386/419 341/1387/419
s 184
f 324/1388/72 488/1389/72 486/1390/72
f 341/1391/72 479/1392/72 485/1393/72
s 185
f 316/1394/420 328/1395/421 325/1396/420
s 186
f 318/1397/82 493/1398/82 501/1399/82
f 495/1400/82 319/1401/82 317/1402/82
s 187
f 317/1403/422 326/1404/423 324/1405/422
s 185
f 319/1406/424 327/1407/425 326/1404/424
f 318/1408/425 325/1396/420 327/1407/425
s 183
f 329/1385/418 322/1409/426 320/1410/418
s 185
f 331/1411/427 323/1412/428 322/1409/427
f 330/1413/428 321/1414/429 323/1412/428
s 188
f 332/1415/430 367/1416/430 366/1417/430
s 189
f 367/1416/431 334/1418/431 368/1419/431
s 190
f 334/1420/432 369/1421/432 368/1422/432
s 191
f 335/1423/433 370/1424/433 369/1421/433
s 192
f 336/1425/434 371/1426/434 370/1424/434
s 193
f 371/1426/435 338/1427/435 372/1428/435
s 194
f 333/1429/72 339/1430/72 337/1431/72
s 195
f 338/1427/436 373/1432/436 372/1428/436
s 196
f 339/1433/437 366/1417/437 373/1432/437
s 197
f 340/1434/438 354/1435/439 341/1436/438
s 187
f 342/1437/440 317/1403/422 324/1405/422
s 186
f 364/1438/82 340/1439/82 362/1440/82
s 198
f 363/1441/441 345/1442/442 344/1443/442
s 184
f 359/1444/72 341/1391/72 361/1445/72
s 198
f 345/1442/442 346/1446/443 344/1443/442
s 184
f 356/1447/72 504/1448/72 354/1449/72
s 199
f 355/1450/444 347/1451/445 352/1452/445
s 197
f 349/1453/439 356/1454/446 354/1435/439
f 351/1455/446 357/1456/447 356/1454/446
s 199
f 350/1457/448 355/1450/444 357/1456/448
s 186
f 350/1458/82 351/1459/82 503/1460/82
s 198
f 358/1461/449 365/1462/450 360/1463/450
f 365/1464/450 361/1465/451 360/1466/450
s 187
f 364/1467/452 359/1468/453 361/1469/452
f 359/1468/453 343/1470/440 342/1437/440
s 200
f 368/1471/82 370/1472/82 372/1473/82
s 201
f 352/1452/454 346/1446/454 353/1474/454
s 184
f 488/1389/72 326/1475/72 327/1476/72
f 325/1477/72 488/1478/72 327/1479/72
f 325/1480/72 483/1481/72 484/1482/72
s 186
f 340/1439/82 364/1438/82 365/1483/82
f 362/1440/82 340/1439/82 343/1484/82
s 184
f 360/1485/72 341/1391/72 358/1486/72
s 186
f 363/1487/82 344/1488/82 340/1439/82
f 340/1439/82 365/1483/82 363/1487/82
s 184
f 341/1391/72 359/1444/72 342/1489/72
f 361/1445/72 341/1391/72 360/1485/72
f 358/1486/72 341/1391/72 345/1490/72
f 329/1491/72 483/1481/72 331/1492/72
f 330/1493/72 483/1481/72 328/1494/72
f 331/1492/72 483/1481/72 330/1493/72
s 186
f 495/1400/82 318/1397/82 319/1401/82
f 343/1484/82 498/1495/82 502/1496/82
f 499/1497/82 320/1498/82 322/1499/82
f 316/1500/82 500/1501/82 499/1497/82
f 322/1499/82 323/1502/82 499/1497/82
f 323/1502/82 321/1503/82 499/1497/82
f 503/1460/82 340/1439/82 344/1488/82
f 348/1504/82 503/1460/82 347/1505/82
f 503/1460/82 351/1459/82 349/1506/82
f 503/1460/82 348/1504/82 350/1458/82
f 347/1505/82 503/1460/82 346/1507/82
s 184
f 504/1448/72 345/1490/72 341/1391/72
f 504/1448/72 352/1508/72 353/1509/72
f 352/1508/72 504/1448/72 355/1510/72
f 504/1448/72 357/1511/72 355/1510/72
f 357/1511/72 504/1448/72 356/1447/72
s 183
f 329/1385/418 320/1410/418 340/1386/419
s 184
f 324/1388/72 326/1475/72 488/1389/72
f 480/1512/72 483/1481/72 329/1491/72
f 324/1388/72 486/1390/72 476/1513/72
f 324/1388/72 476/1513/72 477/1514/72
f 481/1515/455 480/1512/72 329/1491/72
f 482/1516/72 481/1515/455 329/1491/72
f 342/1489/72 324/1388/72 477/1514/72
f 342/1489/72 477/1514/72 478/1517/72
f 482/1516/72 329/1491/72 341/1391/72
f 487/1518/72 482/1516/72 341/1391/72
f 341/1391/72 342/1489/72 478/1517/72
f 341/1391/72 478/1517/72 479/1392/72
f 485/1393/72 487/1518/72 341/1391/72
s 185
f 316/1394/420 321/1414/429 328/1395/421
s 186
f 501/1399/82 316/1500/82 318/1397/82
f 318/1397/82 495/1400/82 493/1398/82
s 187
f 317/1403/422 319/1406/423 326/1404/423
s 185
f 319/1406/424 318/1408/425 327/1407/425
f 318/1408/425 316/1394/420 325/1396/420
s 183
f 329/1385/418 331/1411/426 322/1409/426
s 185
f 331/1411/427 330/1413/428 323/1412/428
f 330/1413/428 328/1395/421 321/1414/429
s 188
f 332/1415/430 333/1519/430 367/1416/430
s 189
f 367/1416/431 333/1519/431 334/1418/431
s 190
f 334/1420/432 335/1423/432 369/1421/432
s 191
f 335/1423/433 336/1425/433 370/1424/433
s 192
f 336/1425/434 337/1520/434 371/1426/434
s 193
f 371/1426/435 337/1520/435 338/1427/435
s 194
f 337/1431/72 336/1521/72 335/1522/72
f 335/1522/72 334/1523/72 333/1429/72
f 333/1429/72 332/1524/72 339/1430/72
f 339/1430/72 338/1525/72 337/1431/72
f 337/1431/72 335/1522/72 333/1429/72
s 195
f 338/1427/436 339/1433/436 373/1432/436
s 196
f 339/1433/437 332/1415/437 366/1417/437
s 197
f 340/1434/438 349/1453/439 354/1435/439
s 187
f 342/1437/440 343/1470/440 317/1403/422
s 198
f 363/1441/441 358/1461/449 345/1442/442
f 345/1442/442 353/1474/443 346/1446/443
s 199
f 355/1450/444 348/1526/444 347/1451/445
s 197
f 349/1453/439 351/1455/446 356/1454/446
f 351/1455/446 350/1457/447 357/1456/447
s 199
f 350/1457/448 348/1526/444 355/1450/444
s 198
f 358/1461/449 363/1441/441 365/1462/450
f 365/1464/450 364/1527/451 361/1465/451
s 187
f 364/1467/452 362/1528/453 359/1468/453
f 359/1468/453 362/1528/453 343/1470/440
s 200
f 372/1473/82 373/1529/82 366/1530/82
f 366/1530/82 367/1531/82 368/1471/82
f 368/1471/82 369/1532/82 370/1472/82
f 370/1472/82 371/1533/82 372/1473/82
f 372/1473/82 366/1530/82 368/1471/82
s 201
f 352/1452/454 347/1451/454 346/1446/454
s 184
f 484/1482/72 488/1389/72 325/1480/72
f 325/1480/72 328/1494/72 483/1481/72
s 186
f 320/1498/82 499/1497/82 497/1534/82
f 320/1498/82 497/1534/82 490/1535/82
f 494/1536/82 495/1400/82 317/1402/82
f 489/1537/82 494/1536/82 317/1402/82
f 340/1439/82 320/1498/82 490/1535/82
f 340/1439/82 490/1535/82 492/1538/82
f 489/1537/82 317/1402/82 343/1484/82
f 496/1539/82 489/1537/82 343/1484/82
f 343/1484/82 340/1439/82 492/1538/82
f 343/1484/82 492/1538/82 491/1540/82
f 502/1496/82 496/1539/82 343/1484/82
f 343/1484/82 491/1540/82 498/1495/82
f 499/1497/82 321/1503/82 316/1500/82
f 316/1500/82 501/1399/82 500/1501/82
f 344/1488/82 346/1507/82 503/1460/82
f 503/1460/82 349/1506/82 340/1439/82
s 184
f 341/1391/72 354/1449/72 504/1448/72
f 504/1448/72 353/1509/72 345/1490/72
s 202
f 640/1541/347 711/1542/32 639/1543/32
s 108
f 668/750/241 693/1544/32 704/1545/333
f 703/1546/344 668/750/241 704/1545/333
f 664/753/243 703/1546/344 702/1547/70
f 662/755/246 702/1547/70 701/1548/336
f 660/756/245 701/1548/336 700/1549/337
f 658/761/250 700/1549/337 699/1550/6
f 656/762/249 699/1550/6 698/1551/345
f 697/1552/340 656/762/249 698/1551/345
f 696/1553/172 654/764/252 697/1552/340
f 650/767/254 696/1553/172 695/1554/346
f 648/768/253 695/1554/346 694/1555/347
f 645/749/242 694/1556/347 693/1544/32
s 203
f 633/1557/82 694/1558/82 634/1559/82
f 634/1559/82 695/1560/82 635/1561/82
f 635/1561/82 696/1562/82 636/1563/82
f 637/1564/82 696/1562/82 697/1565/82
f 637/1564/82 698/1566/82 638/1567/82
f 639/1568/82 698/1566/82 699/1569/82
f 639/1568/82 700/1570/82 640/1571/82
f 641/1572/82 700/1570/82 701/1573/82
f 641/1572/82 702/1574/82 642/1575/82
f 642/1575/82 703/1576/82 643/1577/82
f 643/1577/82 704/1578/82 644/1579/82
f 633/1557/82 704/1578/82 693/1580/82
s 204
f 708/1581/82 712/1582/82 716/1583/82
s 202
f 637/1584/344 708/1585/70 636/1586/70
f 644/1587/345 715/1588/340 643/1589/340
f 634/1590/337 705/1591/6 633/1592/6
f 641/1593/346 712/1594/347 640/1541/347
f 637/1584/344 710/1595/333 709/1596/344
f 633/1592/6 716/1597/345 644/1587/345
f 635/1598/336 706/1599/337 634/1600/337
f 642/1601/172 713/1602/346 641/1593/346
f 639/1543/32 710/1595/333 638/1603/333
f 636/1586/70 707/1604/336 635/1598/336
f 643/1589/340 714/1605/172 642/1601/172
s 205
f 1006/1606/32 1018/1607/347 1007/1608/32
f 1005/1609/347 1019/738/346 1018/1211/347
f 1008/1610/346 1020/1611/172 1019/738/346
f 1009/1612/172 1021/1613/340 1020/1611/172
f 1021/1613/340 1011/1614/345 1022/1615/345
f 1011/1614/345 1023/1616/6 1022/1615/345
f 1012/1617/6 1024/1618/337 1023/1616/6
f 1013/1619/337 1025/1620/336 1024/1618/337
f 1014/1621/336 1026/1622/70 1025/1620/336
f 1015/1623/70 1027/1624/344 1026/1622/70
s 206
f 1016/1625/72 1012/1626/72 1008/1610/72
s 205
f 1016/1627/344 1028/1628/333 1027/1624/344
f 1017/1629/333 1007/1608/32 1028/1628/333
s 202
f 640/1541/347 712/1594/347 711/1542/32
s 108
f 668/750/241 645/749/242 693/1544/32
f 703/1546/344 666/752/244 668/750/241
f 664/753/243 666/752/244 703/1546/344
f 662/755/246 664/753/243 702/1547/70
f 660/756/245 662/755/246 701/1548/336
f 658/761/250 660/756/245 700/1549/337
f 656/762/249 658/761/250 699/1550/6
f 697/1552/340 654/764/252 656/762/249
f 696/1553/172 652/765/251 654/764/252
f 650/767/254 652/765/251 696/1553/172
f 648/768/253 650/767/254 695/1554/346
f 645/749/242 648/1630/253 694/1556/347
s 203
f 633/1557/82 693/1580/82 694/1558/82
f 634/1559/82 694/1558/82 695/1560/82
f 635/1561/82 695/1560/82 696/1562/82
f 637/1564/82 636/1563/82 696/1562/82
f 637/1564/82 697/1565/82 698/1566/82
f 639/1568/82 638/1567/82 698/1566/82
f 639/1568/82 699/1569/82 700/1570/82
f 641/1572/82 640/1571/82 700/1570/82
f 641/1572/82 701/1573/82 702/1574/82
f 642/1575/82 702/1574/82 703/1576/82
f 643/1577/82 703/1576/82 704/1578/82
f 633/1557/82 644/1579/82 704/1578/82
s 204
f 716/1583/82 705/1631/82 706/1632/82
f 706/1632/82 707/1633/82 708/1581/82
f 708/1581/82 709/1634/82 710/1635/82
f 710/1635/82 711/1636/82 712/1582/82
f 712/1582/82 713/1637/82 714/1638/82
f 714/1638/82 715/1639/82 716/1583/82
f 716/1583/82 706/1632/82 708/1581/82
f 708/1581/82 710/1635/82 712/1582/82
f 712/1582/82 714/1638/82 716/1583/82
s 202
f 637/1584/344 709/1596/344 708/1585/70
f 644/1587/345 716/1597/345 715/1588/340
f 634/1590/337 706/1640/337 705/1591/6
f 641/1593/346 713/1602/346 712/1594/347
f 637/1584/344 638/1603/333 710/1595/333
f 633/1592/6 705/1591/6 716/1597/345
f 635/1598/336 707/1604/336 706/1599/337
f 642/1601/172 714/1605/172 713/1602/346
f 639/1543/32 711/1542/32 710/1595/333
f 636/1586/70 708/1585/70 707/1604/336
f 643/1589/340 715/1588/340 714/1605/172
s 205
f 1006/1606/32 1005/1641/347 1018/1607/347
f 1005/1609/347 1008/1610/346 1019/738/346
f 1008/1610/346 1009/1612/172 1020/1611/172
f 1009/1612/172 1010/1642/340 1021/1613/340
f 1021/1613/340 1010/1642/340 1011/1614/345
f 1011/1614/345 1012/1617/6 1023/1616/6
f 1012/1617/6 1013/1619/337 1024/1618/337
f 1013/1619/337 1014/1621/336 1025/1620/336
f 1014/1621/336 1015/1623/70 1026/1622/70
f 1015/1623/70 1016/1627/344 1027/1624/344
s 206
f 1008/1610/72 1005/1609/72 1006/1643/72
f 1006/1643/72 1017/1644/72 1016/1625/72
f 1016/1625/72 1015/1645/72 1014/1646/72
f 1014/1646/72 1013/1647/72 1012/1626/72
f 1012/1626/72 1011/1648/72 1010/1649/72
f 1010/1649/72 1009/1650/72 1008/1610/72
f 1008/1610/72 1006/1643/72 1016/1625/72
f 1016/1625/72 1014/1646/72 1012/1626/72
f 1012/1626/72 1010/1649/72 1008/1610/72
s 205
f 1016/1627/344 1017/1629/333 1028/1628/333
f 1017/1629/333 1006/1606/32 1007/1608/32
s 147
g RoverModificado.001_SpacialRoverExplorerwheels
usemtl SpacialRoverExplorerwheels
f 1092/1651/72 600/1652/456 570/1653/457
f 1091/1654/72 599/1655/458 600/1652/456
f 1090/1656/72 598/1657/459 599/1655/458
f 1089/1658/72 597/1659/460 598/1657/459
f 1088/1660/72 596/1661/461 597/1659/460
f 1087/1662/72 595/1663/462 596/1661/461
f 1086/1664/72 594/1665/463 595/1663/462
f 1085/1666/72 593/1667/463 594/1665/463
f 1084/1668/72 592/1669/464 593/1667/463
f 1083/1670/72 591/1671/464 592/1669/464
f 1082/1672/72 590/1673/465 591/1671/464
f 1081/1674/72 589/1675/466 590/1673/465
f 1080/1676/72 588/1677/467 589/1678/466
f 1078/1679/72 588/1677/467 1079/1680/72
f 1077/1681/72 587/1682/467 1078/1679/72
f 1076/1683/72 586/1684/468 1077/1681/72
f 1075/1685/72 585/1686/468 1076/1683/72
f 1074/1687/72 584/1688/469 1075/1685/72
f 1073/1689/72 583/1690/469 1074/1687/72
f 1072/1691/72 582/1692/470 1073/1689/72
f 1071/1693/72 581/1694/470 1072/1691/72
f 1070/1695/72 580/1696/471 1071/1693/72
f 1069/1697/72 579/1698/472 1070/1695/72
f 1068/1699/72 578/1700/473 1069/1697/72
f 1067/1701/72 577/1702/474 1068/1699/72
f 1066/1703/72 576/1704/475 1067/1701/72
f 1065/1705/72 575/1706/476 1066/1703/72
f 1064/1707/72 574/1708/477 1065/1705/72
f 1063/1709/72 573/1710/477 1064/1711/72
f 1063/1709/72 571/1712/478 572/1713/478
f 1062/1714/72 569/1715/457 571/1712/478
f 1061/1716/72 570/1653/457 569/1715/457
s 146
f 1030/1717/82 623/1718/479 1029/1719/82
f 1031/1720/82 611/1721/480 610/1722/481
f 1033/1723/82 624/1724/479 1030/1717/82
f 1032/1725/82 612/1726/482 611/1721/480
f 1035/1727/82 625/1728/483 1033/1723/82
f 1034/1729/82 613/1730/484 612/1726/482
f 1037/1731/82 626/1732/485 1035/1727/82
f 1036/1733/82 614/1734/486 613/1730/484
f 1039/1735/82 627/1736/487 1037/1731/82
f 1038/1737/82 615/1738/488 614/1734/486
f 1042/1739/82 601/1740/489 1041/1741/82
f 1043/1742/82 628/1743/490 1039/1735/82
f 1040/1744/82 616/1745/488 615/1738/488
f 1045/1746/82 602/1747/489 1042/1739/82
f 1046/1748/82 629/1749/491 1043/1742/82
f 1047/1750/82 616/1745/488 1044/1751/82
f 1048/1752/82 603/1753/492 1045/1746/82
f 1049/1754/82 630/1755/493 1046/1748/82
f 1050/1756/82 617/1757/494 1047/1750/82
f 1051/1758/82 604/1759/492 1048/1752/82
f 1052/1760/82 631/1761/495 1049/1754/82
f 1053/1762/82 618/1763/496 1050/1756/82
f 1051/1764/82 606/1765/497 605/1766/497
f 1041/1741/82 632/1767/498 1052/1760/82
f 1055/1768/82 619/1769/499 1053/1762/82
f 1054/1770/82 607/1771/500 606/1765/497
f 1057/1772/82 620/1773/499 1055/1768/82
f 1056/1774/82 608/1775/501 607/1771/500
f 1059/1776/82 621/1777/502 1057/1778/82
f 1058/1779/82 609/1780/503 608/1775/501
f 1029/1719/82 622/1781/502 1059/1776/82
f 1060/1782/82 610/1722/481 609/1780/503
s 207
f 718/1783/504 627/1736/505 720/1784/506
s 208
f 722/1785/507 631/1761/508 724/1786/509
s 209
f 724/1786/510 916/1787/511 723/1788/512
s 210
f 728/1789/513 629/1749/514 726/1790/515
s 211
f 775/1791/516 818/1792/517 942/1793/518
s 209
f 723/1788/512 817/1794/519 599/1655/520
s 147
f 590/1673/465 827/1795/521 828/1796/522
s 212
f 774/1797/523 941/1798/524 909/1799/523
s 146
f 631/1761/495 879/1800/525 880/1801/525
s 213
f 742/1802/526 621/1803/527 736/1804/528
s 214
f 738/1805/529 623/1718/530 732/1806/531
s 215
f 734/1807/532 625/1728/533 730/1808/534
s 216
f 722/1785/535 915/1809/536 883/1810/537
s 212
f 773/1811/524 846/1812/538 941/1798/524
s 217
f 616/1745/539 744/1813/540 750/1814/541
s 218
f 618/1763/542 740/1815/543 746/1816/544
s 216
f 721/1817/545 820/1818/546 915/1809/536
s 147
f 592/1669/464 825/1819/547 826/1820/547
s 219
f 612/1726/548 752/1821/549 758/1822/550
s 220
f 614/1734/551 748/1823/552 754/1824/553
s 221
f 772/1825/554 940/1826/555 771/1827/556
s 146
f 629/1749/491 877/1828/557 878/1829/557
s 222
f 720/1784/558 914/1830/559 719/1831/560
s 221
f 771/1827/556 845/1832/561 571/1712/561
s 223
f 604/1759/562 768/1833/563 774/1797/564
s 224
f 606/1765/565 764/1834/566 770/1835/567
s 225
f 608/1775/568 760/1836/569 766/1837/570
s 226
f 610/1722/571 756/1838/572 762/1839/573
s 227
f 776/1840/574 601/1740/575 778/1841/576
s 222
f 719/1831/560 821/1842/577 595/1663/578
s 228
f 780/1843/579 603/1753/580 772/1825/581
s 147
f 594/1665/463 823/1844/582 824/1845/582
s 229
f 770/1835/583 939/1846/584 907/1847/585
s 146
f 627/1736/487 875/1848/586 876/1849/586
s 228
f 569/1715/587 771/1827/588 571/1712/587
f 779/1850/589 772/1825/581 771/1827/588
s 230
f 718/1783/590 913/1851/591 881/1852/592
s 229
f 769/1853/593 844/1854/594 939/1846/584
s 227
f 600/1652/595 777/1855/596 570/1653/595
f 775/1791/597 778/1841/576 777/1855/596
s 226
f 761/1856/598 579/1698/599 578/1700/599
f 762/1839/573 755/1857/600 761/1856/598
s 225
f 765/1858/601 577/1702/602 576/1704/602
f 766/1837/570 759/1859/603 765/1858/601
s 224
f 769/1853/604 575/1706/605 574/1708/605
f 770/1835/567 763/1860/606 769/1853/604
s 223
f 773/1811/607 573/1710/608 572/1713/608
f 774/1797/564 767/1861/609 773/1811/607
s 230
f 717/1862/610 824/1845/611 913/1851/591
s 147
f 596/1661/461 821/1842/612 822/1863/612
s 231
f 768/1864/613 938/1865/614 767/1866/615
s 146
f 625/1728/483 873/1867/616 874/1868/616
s 232
f 780/1843/617 849/1869/618 602/1747/619
s 231
f 767/1866/615 843/1870/620 573/1871/621
s 233
f 778/1841/622 850/1872/623 911/1873/622
s 147
f 598/1657/459 819/1874/624 820/1818/624
s 220
f 753/1875/625 583/1690/626 582/1692/626
f 754/1824/553 747/1876/627 753/1875/625
s 219
f 757/1877/628 581/1694/629 580/1696/629
f 758/1822/550 751/1878/630 757/1877/628
s 234
f 766/1837/631 937/1879/632 905/1880/631
s 146
f 623/1718/479 871/1881/633 872/1882/633
s 211
f 776/1840/634 879/1800/635 632/1767/636
s 234
f 765/1858/637 842/1883/638 937/1879/632
s 218
f 745/1884/639 587/1682/640 586/1684/640
f 746/1816/544 739/1885/641 745/1884/639
s 217
f 749/1886/642 585/1686/643 584/1688/643
f 750/1814/541 743/1887/644 749/1886/642
s 212
f 774/1797/523 851/1888/645 604/1759/645
s 147
f 600/1652/456 817/1794/646 818/1792/646
s 235
f 764/1834/647 936/1889/648 763/1860/649
s 146
f 621/1777/502 869/1890/650 870/1891/650
s 215
f 592/1669/651 729/1892/652 593/1667/651
f 733/1893/653 730/1808/534 729/1892/652
s 214
f 590/1673/654 731/1894/655 591/1671/654
f 737/1895/656 732/1806/531 731/1894/655
s 213
f 588/1677/657 735/1896/658 589/1678/657
f 741/1897/659 736/1804/528 735/1896/658
s 221
f 772/1825/554 852/1898/660 908/1899/554
s 235
f 763/1860/649 841/1900/661 575/1706/662
s 229
f 770/1835/583 853/1901/663 606/1765/664
s 236
f 762/1839/665 935/1902/666 903/1903/667
s 146
f 619/1769/499 867/1904/668 868/1905/668
s 231
f 768/1864/613 854/1906/669 906/1907/613
s 236
f 761/1856/670 840/1908/671 935/1902/666
s 234
f 766/1837/631 855/1909/672 608/1775/673
s 237
f 760/1836/674 934/1910/675 759/1859/676
s 146
f 618/1763/496 866/1911/677 617/1757/494
s 210
f 596/1661/678 725/1912/679 597/1659/678
f 727/1913/680 726/1790/515 725/1912/679
s 235
f 764/1834/647 856/1914/681 904/1915/647
s 237
f 759/1859/676 839/1916/682 577/1702/683
s 208
f 598/1657/684 723/1788/685 599/1655/684
f 721/1817/686 724/1786/509 723/1788/685
s 207
f 594/1665/687 719/1831/688 595/1663/687
f 717/1862/689 720/1784/506 719/1831/688
s 238
f 885/1917/690 877/1828/691 883/1810/692
s 239
f 882/1918/693 875/1848/694 886/1919/695
s 240
f 887/1920/696 873/1867/697 881/1852/698
s 241
f 888/1921/699 871/1881/700 889/1922/701
s 242
f 890/1923/702 869/1890/703 891/1924/704
s 243
f 892/1925/705 867/1904/706 893/1926/705
s 244
f 866/1911/707 895/1927/708 894/1928/709
s 245
f 864/1929/710 897/1930/711 896/1931/712
s 246
f 862/1932/713 899/1933/714 898/1934/715
s 247
f 860/1935/716 901/1936/717 900/1937/718
s 248
f 858/1938/719 903/1903/720 902/1939/721
s 249
f 856/1914/722 905/1880/723 904/1915/724
s 250
f 854/1906/725 907/1847/726 906/1907/727
s 251
f 852/1898/728 909/1799/729 908/1899/729
s 252
f 911/1873/730 849/1869/731 912/1940/732
s 253
f 884/1941/733 879/1800/734 910/1942/735
f 817/1794/736 942/1793/737 818/1792/736
f 916/1787/738 910/1942/735 942/1793/737
s 252
f 847/1943/739 944/1944/740 848/1945/739
f 943/1946/741 912/1940/732 944/1944/740
s 251
f 940/1826/742 846/1812/743 845/1832/743
f 908/1899/729 941/1798/742 940/1826/742
s 250
f 938/1865/744 844/1854/745 843/1870/745
f 906/1907/727 939/1846/746 938/1865/744
s 249
f 936/1889/747 842/1883/748 841/1900/748
f 904/1915/724 937/1879/749 936/1889/747
s 248
f 934/1910/750 840/1908/751 839/1916/751
f 902/1939/721 935/1902/752 934/1910/750
s 247
f 932/1947/753 838/1948/754 837/1949/754
f 900/1937/718 933/1950/755 932/1947/753
s 246
f 930/1951/756 836/1952/757 835/1953/757
f 898/1934/715 931/1954/758 930/1951/756
s 245
f 928/1955/759 834/1956/760 833/1957/760
f 896/1931/712 929/1958/761 928/1955/759
s 244
f 926/1959/762 832/1960/763 831/1961/763
f 894/1928/709 927/1962/764 926/1959/762
s 243
f 829/1963/765 925/1964/766 830/1965/765
f 892/1925/705 925/1964/766 924/1966/766
s 242
f 827/1795/767 923/1967/768 828/1796/767
f 922/1968/769 891/1924/704 923/1967/768
s 241
f 825/1819/770 921/1969/771 826/1820/770
f 920/1970/772 889/1922/701 921/1969/771
s 240
f 823/1844/773 913/1851/774 824/1845/773
f 919/1971/775 881/1852/698 913/1851/774
s 239
f 821/1842/776 918/1972/777 822/1863/776
f 914/1830/778 886/1919/695 918/1972/777
s 238
f 819/1874/779 915/1809/780 820/1818/779
f 917/1973/781 883/1810/692 915/1809/780
s 211
f 776/1840/634 942/1793/518 910/1942/634
s 147
f 587/1682/467 830/1965/782 588/1677/467
s 254
f 725/1912/783 819/1874/784 597/1659/785
s 233
f 777/1855/786 847/1943/787 570/1653/788
s 254
f 726/1790/789 917/1973/790 725/1912/783
s 233
f 778/1841/622 943/1946/791 777/1855/786
s 147
f 585/1686/468 832/1960/792 586/1684/468
s 255
f 727/1913/793 822/1863/794 918/1972/795
s 232
f 779/1850/796 848/1945/797 944/1944/798
s 255
f 728/1789/799 918/1972/795 886/1919/799
s 232
f 780/1843/617 944/1944/798 912/1940/617
s 147
f 583/1690/469 834/1956/800 584/1688/469
s 256
f 729/1892/801 823/1844/802 593/1667/803
f 730/1808/804 919/1971/805 729/1892/801
s 147
f 581/1694/470 836/1952/806 582/1692/470
s 257
f 731/1894/807 825/1819/808 591/1671/809
f 732/1806/810 920/1970/811 731/1894/807
s 147
f 579/1698/472 838/1948/812 580/1696/471
s 258
f 733/1893/813 826/1820/814 921/1969/815
f 734/1807/816 921/1969/815 889/1922/816
s 147
f 577/1702/474 840/1908/817 578/1700/473
s 259
f 735/1974/818 827/1795/819 589/1675/820
f 736/1975/821 922/1968/822 735/1974/818
s 230
f 718/1783/590 873/1867/823 626/1732/824
s 147
f 575/1706/476 842/1883/825 576/1704/475
s 260
f 737/1895/826 828/1796/827 923/1967/828
s 222
f 720/1784/558 876/1849/829 882/1918/830
s 260
f 738/1805/831 923/1967/828 891/1924/832
s 216
f 722/1785/535 877/1828/833 630/1755/834
s 147
f 573/1871/477 844/1854/835 574/1708/477
s 261
f 739/1885/836 829/1963/837 587/1682/837
s 209
f 724/1786/510 880/1801/838 884/1941/839
s 261
f 740/1815/840 924/1966/836 739/1885/836
s 254
f 726/1790/789 878/1829/841 885/1917/842
s 147
f 572/1713/478 845/1832/843 846/1812/843
s 262
f 741/1897/844 830/1965/845 925/1964/844
s 255
f 728/1789/799 875/1848/846 628/1743/847
s 262
f 742/1802/848 925/1964/844 893/1926/848
s 256
f 730/1808/804 874/1868/849 887/1920/850
s 147
f 569/1715/457 847/1943/851 848/1945/851
s 263
f 743/1887/852 831/1961/853 585/1686/854
s 257
f 732/1806/810 872/1882/855 888/1921/856
s 146
f 601/1740/489 849/1869/857 850/1872/858
s 263
f 744/1813/859 926/1959/860 743/1887/852
s 258
f 734/1807/816 871/1881/861 624/1724/862
s 264
f 745/1884/863 832/1960/864 927/1962/865
s 259
f 736/1975/821 870/1891/866 890/1923/867
s 146
f 604/1759/492 852/1898/868 603/1753/492
s 264
f 746/1816/869 927/1962/865 895/1927/870
s 260
f 738/1805/831 869/1890/871 622/1781/872
s 265
f 747/1876/873 833/1957/874 583/1690/875
s 261
f 740/1815/840 868/1905/876 892/1925/877
s 146
f 606/1765/497 854/1906/878 605/1766/497
s 265
f 748/1823/879 928/1955/880 747/1876/873
s 262
f 742/1802/848 867/1904/881 620/1773/882
s 266
f 749/1886/883 834/1956/884 929/1958/885
s 263
f 744/1813/859 866/1911/886 894/1928/859
s 146
f 608/1775/501 856/1914/887 607/1771/500
s 266
f 750/1814/888 929/1958/885 897/1930/888
s 264
f 746/1816/869 865/1976/889 618/1763/890
s 267
f 751/1878/891 835/1953/892 581/1694/893
s 265
f 748/1823/879 864/1929/894 896/1931/879
s 146
f 610/1722/481 858/1938/895 609/1780/503
s 267
f 752/1821/896 930/1951/897 751/1878/891
s 266
f 750/1814/888 863/1977/898 616/1745/899
s 268
f 753/1875/900 836/1952/901 931/1954/902
s 267
f 752/1821/896 862/1932/903 898/1934/904
s 146
f 612/1726/482 860/1935/905 611/1721/480
s 268
f 754/1824/906 931/1954/902 899/1933/907
f 754/1824/906 861/1978/908 614/1734/909
s 269
f 755/1857/910 837/1949/911 579/1698/912
f 756/1838/913 860/1935/914 900/1937/915
s 146
f 614/1734/486 862/1932/916 613/1730/484
s 269
f 756/1838/913 932/1947/917 755/1857/910
s 270
f 758/1822/918 859/1979/919 612/1726/920
f 757/1877/921 838/1948/922 933/1950/923
s 237
f 760/1836/674 858/1938/924 902/1939/925
s 146
f 616/1745/488 864/1929/926 615/1738/488
s 270
f 758/1822/918 933/1950/923 901/1936/927
s 236
f 762/1839/665 857/1980/928 610/1722/929
s 147
f 1092/1651/72 1091/1654/72 600/1652/456
f 1091/1654/72 1090/1656/72 599/1655/458
f 1090/1656/72 1089/1658/72 598/1657/459
f 1089/1658/72 1088/1660/72 597/1659/460
f 1088/1660/72 1087/1662/72 596/1661/461
f 1087/1662/72 1086/1664/72 595/1663/462
f 1086/1664/72 1085/1666/72 594/1665/463
f 1085/1666/72 1084/1668/72 593/1667/463
f 1084/1668/72 1083/1670/72 592/1669/464
f 1083/1670/72 1082/1672/72 591/1671/464
f 1082/1672/72 1081/1674/72 590/1673/465
f 1081/1674/72 1080/1981/72 589/1675/466
f 1080/1676/72 1079/1680/72 588/1677/467
f 1078/1679/72 587/1682/467 588/1677/467
f 1077/1681/72 586/1684/468 587/1682/467
f 1076/1683/72 585/1686/468 586/1684/468
f 1075/1685/72 584/1688/469 585/1686/468
f 1074/1687/72 583/1690/469 584/1688/469
f 1073/1689/72 582/1692/470 583/1690/469
f 1072/1691/72 581/1694/470 582/1692/470
f 1071/1693/72 580/1696/471 581/1694/470
f 1070/1695/72 579/1698/472 580/1696/471
f 1069/1697/72 578/1700/473 579/1698/472
f 1068/1699/72 577/1702/474 578/1700/473
f 1067/1701/72 576/1704/475 577/1702/474
f 1066/1703/72 575/1706/476 576/1704/475
f 1065/1705/72 574/1708/477 575/1706/476
f 1064/1707/72 573/1871/477 574/1708/477
f 1063/1709/72 572/1713/478 573/1710/477
f 1063/1709/72 1062/1714/72 571/1712/478
f 1062/1714/72 1061/1716/72 569/1715/457
f 1061/1716/72 1092/1651/72 570/1653/457
s 146
f 1030/1717/82 624/1724/479 623/1718/479
f 1031/1720/82 1032/1725/82 611/1721/480
f 1033/1723/82 625/1728/483 624/1724/479
f 1032/1725/82 1034/1729/82 612/1726/482
f 1035/1727/82 626/1732/485 625/1728/483
f 1034/1729/82 1036/1733/82 613/1730/484
f 1037/1731/82 627/1736/487 626/1732/485
f 1036/1733/82 1038/1737/82 614/1734/486
f 1039/1735/82 628/1743/490 627/1736/487
f 1038/1737/82 1040/1744/82 615/1738/488
f 1042/1739/82 602/1747/489 601/1740/489
f 1043/1742/82 629/1749/491 628/1743/490
f 1040/1744/82 1044/1751/82 616/1745/488
f 1045/1746/82 603/1753/492 602/1747/489
f 1046/1748/82 630/1755/493 629/1749/491
f 1047/1750/82 617/1757/494 616/1745/488
f 1048/1752/82 604/1759/492 603/1753/492
f 1049/1754/82 631/1761/495 630/1755/493
f 1050/1756/82 618/1763/496 617/1757/494
f 1051/1758/82 605/1982/497 604/1759/492
f 1052/1760/82 632/1767/498 631/1761/495
f 1053/1762/82 619/1769/499 618/1763/496
f 1051/1764/82 1054/1770/82 606/1765/497
f 1041/1741/82 601/1740/489 632/1767/498
f 1055/1768/82 620/1773/499 619/1769/499
f 1054/1770/82 1056/1774/82 607/1771/500
f 1057/1772/82 621/1803/502 620/1773/499
f 1056/1774/82 1058/1779/82 608/1775/501
f 1059/1776/82 622/1781/502 621/1777/502
f 1058/1779/82 1060/1782/82 609/1780/503
f 1029/1719/82 623/1718/479 622/1781/502
f 1060/1782/82 1031/1720/82 610/1722/481
s 207
f 718/1783/504 626/1732/505 627/1736/505
s 208
f 722/1785/507 630/1755/508 631/1761/508
s 209
f 724/1786/510 884/1941/839 916/1787/511
s 210
f 728/1789/513 628/1743/514 629/1749/514
s 211
f 775/1791/516 600/1652/930 818/1792/517
s 209
f 723/1788/512 916/1787/511 817/1794/519
s 147
f 590/1673/465 589/1675/466 827/1795/521
s 212
f 774/1797/523 773/1811/524 941/1798/524
s 146
f 631/1761/495 632/1767/498 879/1800/525
s 213
f 742/1802/526 620/1773/931 621/1803/527
s 214
f 738/1805/529 622/1781/530 623/1718/530
s 215
f 734/1807/532 624/1724/533 625/1728/533
s 216
f 722/1785/535 721/1817/545 915/1809/536
s 212
f 773/1811/524 572/1713/538 846/1812/538
s 217
f 616/1745/539 617/1757/539 744/1813/540
s 218
f 618/1763/542 619/1769/542 740/1815/543
s 216
f 721/1817/545 598/1657/932 820/1818/546
s 147
f 592/1669/464 591/1671/464 825/1819/547
s 219
f 612/1726/548 613/1730/548 752/1821/549
s 220
f 614/1734/551 615/1738/551 748/1823/552
s 221
f 772/1825/554 908/1899/554 940/1826/555
s 146
f 629/1749/491 630/1755/493 877/1828/557
s 222
f 720/1784/558 882/1918/830 914/1830/559
s 221
f 771/1827/556 940/1826/555 845/1832/561
s 223
f 604/1759/562 605/1982/562 768/1833/563
s 224
f 606/1765/565 607/1771/565 764/1834/566
s 225
f 608/1775/568 609/1780/568 760/1836/569
s 226
f 610/1722/571 611/1721/571 756/1838/572
s 227
f 776/1840/574 632/1767/575 601/1740/575
s 222
f 719/1831/560 914/1830/559 821/1842/577
s 228
f 780/1843/579 602/1747/580 603/1753/580
s 147
f 594/1665/463 593/1667/463 823/1844/582
s 229
f 770/1835/583 769/1853/593 939/1846/584
s 146
f 627/1736/487 628/1743/490 875/1848/586
s 228
f 569/1715/587 779/1850/589 771/1827/588
f 779/1850/589 780/1843/579 772/1825/581
s 230
f 718/1783/590 717/1862/610 913/1851/591
s 229
f 769/1853/593 574/1708/933 844/1854/594
s 227
f 600/1652/595 775/1791/597 777/1855/596
f 775/1791/597 776/1840/574 778/1841/576
s 226
f 761/1856/598 755/1857/600 579/1698/599
f 762/1839/573 756/1838/572 755/1857/600
s 225
f 765/1858/601 759/1859/603 577/1702/602
f 766/1837/570 760/1836/569 759/1859/603
s 224
f 769/1853/604 763/1860/606 575/1706/605
f 770/1835/567 764/1834/566 763/1860/606
s 223
f 773/1811/607 767/1861/609 573/1710/608
f 774/1797/564 768/1833/563 767/1861/609
s 230
f 717/1862/610 594/1665/934 824/1845/611
s 147
f 596/1661/461 595/1663/462 821/1842/612
s 231
f 768/1864/613 906/1907/613 938/1865/614
s 146
f 625/1728/483 626/1732/485 873/1867/616
s 232
f 780/1843/617 912/1940/617 849/1869/618
s 231
f 767/1866/615 938/1865/614 843/1870/620
s 233
f 778/1841/622 601/1740/935 850/1872/623
s 147
f 598/1657/459 597/1659/460 819/1874/624
s 220
f 753/1875/625 747/1876/627 583/1690/626
f 754/1824/553 748/1823/552 747/1876/627
s 219
f 757/1877/628 751/1878/630 581/1694/629
f 758/1822/550 752/1821/549 751/1878/630
s 234
f 766/1837/631 765/1858/637 937/1879/632
s 146
f 623/1718/479 624/1724/479 871/1881/633
s 211
f 776/1840/634 910/1942/634 879/1800/635
s 234
f 765/1858/637 576/1704/936 842/1883/638
s 218
f 745/1884/639 739/1885/641 587/1682/640
f 746/1816/544 740/1815/543 739/1885/641
s 217
f 749/1886/642 743/1887/644 585/1686/643
f 750/1814/541 744/1813/540 743/1887/644
s 212
f 774/1797/523 909/1799/523 851/1888/645
s 147
f 600/1652/456 599/1655/458 817/1794/646
s 235
f 764/1834/647 904/1915/647 936/1889/648
s 146
f 621/1777/502 622/1781/502 869/1890/650
s 215
f 592/1669/651 733/1893/653 729/1892/652
f 733/1893/653 734/1807/532 730/1808/534
s 214
f 590/1673/654 737/1895/656 731/1894/655
f 737/1895/656 738/1805/529 732/1806/531
s 213
f 588/1677/657 741/1897/659 735/1896/658
f 741/1897/659 742/1802/526 736/1804/528
s 221
f 772/1825/554 603/1753/937 852/1898/660
s 235
f 763/1860/649 936/1889/648 841/1900/661
s 229
f 770/1835/583 907/1847/585 853/1901/663
s 236
f 762/1839/665 761/1856/670 935/1902/666
s 146
f 619/1769/499 620/1773/499 867/1904/668
s 231
f 768/1864/613 605/1766/938 854/1906/669
s 236
f 761/1856/670 578/1700/939 840/1908/671
s 234
f 766/1837/631 905/1880/631 855/1909/672
s 237
f 760/1836/674 902/1939/925 934/1910/675
s 146
f 618/1763/496 865/1976/677 866/1911/677
s 210
f 596/1661/678 727/1913/680 725/1912/679
f 727/1913/680 728/1789/513 726/1790/515
s 235
f 764/1834/647 607/1771/940 856/1914/681
s 237
f 759/1859/676 934/1910/675 839/1916/682
s 208
f 598/1657/684 721/1817/686 723/1788/685
f 721/1817/686 722/1785/507 724/1786/509
s 207
f 594/1665/687 717/1862/689 719/1831/688
f 717/1862/689 718/1783/504 720/1784/506
s 238
f 885/1917/690 878/1829/691 877/1828/691
s 239
f 882/1918/693 876/1849/694 875/1848/694
s 240
f 887/1920/696 874/1868/697 873/1867/697
s 241
f 888/1921/699 872/1882/700 871/1881/700
s 242
f 890/1923/702 870/1891/703 869/1890/703
s 243
f 892/1925/705 868/1905/706 867/1904/706
s 244
f 866/1911/707 865/1976/707 895/1927/708
s 245
f 864/1929/710 863/1977/710 897/1930/711
s 246
f 862/1932/713 861/1978/713 899/1933/714
s 247
f 860/1935/716 859/1979/716 901/1936/717
s 248
f 858/1938/719 857/1980/719 903/1903/720
s 249
f 856/1914/722 855/1909/722 905/1880/723
s 250
f 854/1906/725 853/1901/725 907/1847/726
s 251
f 852/1898/728 851/1888/728 909/1799/729
s 252
f 911/1873/730 850/1872/731 849/1869/731
s 253
f 884/1941/733 880/1801/734 879/1800/734
f 817/1794/736 916/1787/738 942/1793/737
f 916/1787/738 884/1941/733 910/1942/735
s 252
f 847/1943/739 943/1946/741 944/1944/740
f 943/1946/741 911/1873/730 912/1940/732
s 251
f 940/1826/742 941/1798/742 846/1812/743
f 908/1899/729 909/1799/729 941/1798/742
s 250
f 938/1865/744 939/1846/746 844/1854/745
f 906/1907/727 907/1847/726 939/1846/746
s 249
f 936/1889/747 937/1879/749 842/1883/748
f 904/1915/724 905/1880/723 937/1879/749
s 248
f 934/1910/750 935/1902/752 840/1908/751
f 902/1939/721 903/1903/720 935/1902/752
s 247
f 932/1947/753 933/1950/755 838/1948/754
f 900/1937/718 901/1936/717 933/1950/755
s 246
f 930/1951/756 931/1954/758 836/1952/757
f 898/1934/715 899/1933/714 931/1954/758
s 245
f 928/1955/759 929/1958/761 834/1956/760
f 896/1931/712 897/1930/711 929/1958/761
s 244
f 926/1959/762 927/1962/764 832/1960/763
f 894/1928/709 895/1927/708 927/1962/764
s 243
f 829/1963/765 924/1966/766 925/1964/766
f 892/1925/705 893/1926/705 925/1964/766
s 242
f 827/1795/767 922/1968/769 923/1967/768
f 922/1968/769 890/1923/702 891/1924/704
s 241
f 825/1819/770 920/1970/772 921/1969/771
f 920/1970/772 888/1921/699 889/1922/701
s 240
f 823/1844/773 919/1971/775 913/1851/774
f 919/1971/775 887/1920/696 881/1852/698
s 239
f 821/1842/776 914/1830/778 918/1972/777
f 914/1830/778 882/1918/693 886/1919/695
s 238
f 819/1874/779 917/1973/781 915/1809/780
f 917/1973/781 885/1917/690 883/1810/692
s 211
f 776/1840/634 775/1791/516 942/1793/518
s 147
f 587/1682/467 829/1963/782 830/1965/782
s 254
f 725/1912/783 917/1973/790 819/1874/784
s 233
f 777/1855/786 943/1946/791 847/1943/787
s 254
f 726/1790/789 885/1917/842 917/1973/790
s 233
f 778/1841/622 911/1873/622 943/1946/791
s 147
f 585/1686/468 831/1961/792 832/1960/792
s 255
f 727/1913/793 596/1661/941 822/1863/794
s 232
f 779/1850/796 569/1715/942 848/1945/797
s 255
f 728/1789/799 727/1913/793 918/1972/795
s 232
f 780/1843/617 779/1850/796 944/1944/798
s 147
f 583/1690/469 833/1957/943 834/1956/800
s 256
f 729/1892/801 919/1971/805 823/1844/802
f 730/1808/804 887/1920/850 919/1971/805
s 147
f 581/1694/470 835/1953/806 836/1952/806
s 257
f 731/1894/807 920/1970/811 825/1819/808
f 732/1806/810 888/1921/856 920/1970/811
s 147
f 579/1698/472 837/1949/812 838/1948/812
s 258
f 733/1893/813 592/1669/944 826/1820/814
f 734/1807/816 733/1893/813 921/1969/815
s 147
f 577/1702/474 839/1916/817 840/1908/817
s 259
f 735/1974/818 922/1968/822 827/1795/819
f 736/1975/821 890/1923/867 922/1968/822
s 230
f 718/1783/590 881/1852/592 873/1867/823
s 147
f 575/1706/476 841/1900/825 842/1883/825
s 260
f 737/1895/826 590/1673/945 828/1796/827
s 222
f 720/1784/558 627/1736/946 876/1849/829
s 260
f 738/1805/831 737/1895/826 923/1967/828
s 216
f 722/1785/535 883/1810/537 877/1828/833
s 147
f 573/1871/477 843/1870/835 844/1854/835
s 261
f 739/1885/836 924/1966/836 829/1963/837
s 209
f 724/1786/510 631/1761/947 880/1801/838
s 261
f 740/1815/840 892/1925/877 924/1966/836
s 254
f 726/1790/789 629/1749/948 878/1829/841
s 147
f 572/1713/478 571/1712/478 845/1832/843
s 262
f 741/1897/844 588/1677/845 830/1965/845
s 255
f 728/1789/799 886/1919/799 875/1848/846
s 262
f 742/1802/848 741/1897/844 925/1964/844
s 256
f 730/1808/804 625/1728/949 874/1868/849
s 147
f 569/1715/457 570/1653/457 847/1943/851
s 263
f 743/1887/852 926/1959/860 831/1961/853
s 257
f 732/1806/810 623/1718/950 872/1882/855
s 146
f 601/1740/489 602/1747/489 849/1869/857
s 263
f 744/1813/859 894/1928/859 926/1959/860
s 258
f 734/1807/816 889/1922/816 871/1881/861
s 264
f 745/1884/863 586/1684/951 832/1960/864
s 259
f 736/1975/821 621/1777/952 870/1891/866
s 146
f 604/1759/492 851/1888/953 852/1898/868
s 264
f 746/1816/869 745/1884/863 927/1962/865
s 260
f 738/1805/831 891/1924/832 869/1890/871
s 265
f 747/1876/873 928/1955/880 833/1957/874
s 261
f 740/1815/840 619/1769/876 868/1905/876
s 146
f 606/1765/497 853/1901/878 854/1906/878
s 265
f 748/1823/879 896/1931/879 928/1955/880
s 262
f 742/1802/848 893/1926/848 867/1904/881
s 266
f 749/1886/883 584/1688/954 834/1956/884
s 263
f 744/1813/859 617/1757/955 866/1911/886
s 146
f 608/1775/501 855/1909/887 856/1914/887
s 266
f 750/1814/888 749/1886/883 929/1958/885
s 264
f 746/1816/869 895/1927/870 865/1976/889
s 267
f 751/1878/891 930/1951/897 835/1953/892
s 265
f 748/1823/879 615/1738/956 864/1929/894
s 146
f 610/1722/481 857/1980/895 858/1938/895
s 267
f 752/1821/896 898/1934/904 930/1951/897
s 266
f 750/1814/888 897/1930/888 863/1977/898
s 268
f 753/1875/900 582/1692/957 836/1952/901
s 267
f 752/1821/896 613/1730/958 862/1932/903
s 146
f 612/1726/482 859/1979/905 860/1935/905
s 268
f 754/1824/906 753/1875/900 931/1954/902
f 754/1824/906 899/1933/907 861/1978/908
s 269
f 755/1857/910 932/1947/917 837/1949/911
f 756/1838/913 611/1721/959 860/1935/914
s 146
f 614/1734/486 861/1978/916 862/1932/916
s 269
f 756/1838/913 900/1937/915 932/1947/917
s 270
f 758/1822/918 901/1936/927 859/1979/919
f 757/1877/921 580/1696/960 838/1948/922
s 237
f 760/1836/674 609/1780/961 858/1938/924
s 146
f 616/1745/488 863/1977/926 864/1929/926
s 270
f 758/1822/918 757/1877/921 933/1950/923
s 236
f 762/1839/665 903/1903/667 857/1980/928
