# Blender 5.2.0 LTS
# www.blender.org
mtllib RuedaMediaIzq.mtl
g RoverModificado.003_RoverModificado.009
v -0.042211 0.243213 -0.203874
v -0.042211 0.243213 0.496127
v -0.117210 0.223117 -0.203874
v -0.117210 0.223117 0.496127
v -0.172114 0.168213 -0.203874
v -0.172114 0.168213 0.496127
v -0.192211 0.093214 -0.203874
v -0.192211 0.093214 0.496127
v -0.172114 0.018214 -0.203874
v -0.172114 0.018214 0.496127
v -0.117210 -0.036690 -0.203874
v -0.117210 -0.036690 0.496127
v -0.042211 -0.056786 -0.203874
v -0.042211 -0.056786 0.496127
v 0.032790 -0.036690 -0.203874
v 0.032790 -0.036690 0.496127
v 0.087693 0.018214 -0.203874
v 0.087693 0.018214 0.496127
v 0.107789 0.093214 -0.203874
v 0.107789 0.093214 0.496127
v 0.087693 0.168213 -0.203874
v 0.087693 0.168213 0.496127
v 0.032790 0.223117 -0.203874
v 0.032790 0.223117 0.496127
v -1.244836 -1.866590 0.026727
v -1.319359 -1.788388 0.134727
v -1.266663 -1.843686 0.103095
v -1.349170 -1.757104 0.134727
v -1.423692 -1.678901 0.026727
v -1.401865 -1.701806 0.103095
v -1.319359 -1.788388 -0.124473
v -1.244836 -1.866590 -0.016473
v -1.266663 -1.843686 -0.092840
v -1.423692 -1.678901 -0.016473
v -1.349170 -1.757104 -0.124473
v -1.401865 -1.701806 -0.092840
v -2.056702 -2.001646 0.485127
v -2.056702 -2.284488 0.485127
v -2.115281 -2.143066 0.485127
v -2.056703 -2.284488 -0.474874
v -2.056702 -2.001646 -0.474873
v -2.115281 -2.143066 -0.474873
v -1.844570 -2.496620 0.485126
v -1.561727 -2.496620 0.485126
v -1.703149 -2.555198 0.485126
v -1.561728 -2.496620 -0.474874
v -1.844571 -2.496620 -0.474874
v -1.703149 -2.555198 -0.474874
v 0.496164 -0.442008 -0.194334
v 0.475176 -0.492018 0.401126
v -0.084961 0.079162 0.401126
v 0.475176 -0.492018 0.209126
v -0.084961 0.079162 0.209126
v -1.913050 -2.626379 0.401127
v -1.630221 -2.629140 0.401127
v -1.823902 -2.679015 0.401127
v -1.720379 -2.680026 0.401127
v -2.190359 -2.057961 0.401127
v -2.193119 -2.340790 0.401127
v -2.242995 -2.147109 0.401127
v -2.244006 -2.250631 0.401127
v -1.913050 -2.626379 0.209127
v -1.823902 -2.679015 0.209126
v -2.193119 -2.340790 0.209127
v -2.244006 -2.250631 0.209127
v -2.242995 -2.147109 0.209127
v -1.522631 -1.793114 -0.474874
v -1.470603 -1.820924 -0.474874
v -1.425000 -1.858348 -0.474874
v -1.387575 -1.903951 -0.474874
v -1.342640 -2.012434 -0.474874
v -1.359765 -1.955980 -0.474874
v -1.579084 -2.366297 -0.474874
v -1.342640 -2.129853 -0.474874
v -1.425000 -2.283938 -0.474874
v -1.470603 -2.321362 -0.474874
v -1.387574 -2.238334 -0.474874
v -1.637794 -2.372080 -0.474874
v -1.522631 -2.349171 -0.474874
v -1.359765 -2.186307 -0.474874
v -1.641658 -2.371700 -0.474874
v -1.336857 -2.071142 -0.474874
v -1.850589 -1.858348 -0.474874
v -1.888014 -1.903952 -0.474874
v -1.804986 -1.820922 -0.474874
v -1.915824 -1.955980 -0.474874
v -1.752958 -1.793114 -0.474874
v -1.932949 -2.012433 -0.474874
v -1.932949 -2.129853 -0.474874
v -1.938731 -2.071142 -0.474874
v -1.850589 -2.283938 -0.474874
v -1.888014 -2.238334 -0.474874
v -1.915824 -2.186307 -0.474874
v -1.696504 -1.775989 -0.474874
v -1.637794 -1.770205 -0.474874
v -1.579084 -1.775989 -0.474874
v -1.804986 -2.321362 -0.474874
v -1.752958 -2.349173 -0.474874
v -1.696504 -2.366297 -0.474874
v -1.523887 -2.349554 0.485126
v -1.522630 -2.349171 0.485126
v -1.424999 -2.283938 0.485126
v -1.387574 -2.238334 0.485126
v -1.470603 -2.321362 0.485126
v -1.850588 -1.858348 0.485127
v -1.888014 -1.903952 0.485127
v -1.804986 -1.820922 0.485126
v -1.915823 -1.955980 0.485127
v -1.752957 -1.793114 0.485126
v -1.932948 -2.012433 0.485127
v -1.696504 -1.775989 0.485126
v -1.637794 -1.770205 0.485126
v -1.522630 -1.793114 0.485126
v -1.579084 -1.775989 0.485126
v -1.424999 -1.858348 0.485126
v -1.387574 -1.903951 0.485126
v -1.470602 -1.820924 0.485126
v -1.888014 -2.238334 0.485127
v -1.850588 -2.283938 0.485126
v -1.752958 -2.349173 0.485126
v -1.696504 -2.366297 0.485126
v -1.804986 -2.321362 0.485126
v -1.579084 -2.366297 0.485126
v -1.637794 -2.372080 0.485126
v -1.359764 -2.186307 0.485126
v -1.342640 -2.129853 0.485126
v -1.336857 -2.071142 0.485126
v -1.938731 -2.071142 0.485127
v -1.932949 -2.129853 0.485127
v -1.342640 -2.012434 0.485126
v -1.359764 -1.955980 0.485126
v -1.915823 -2.186307 0.485127
v -1.752957 -1.793114 0.209126
v -1.888014 -2.238334 0.209126
v -1.470602 -1.820924 0.209126
v -1.804986 -2.321362 0.209126
v -1.387574 -1.903951 0.209126
v -1.522630 -2.349171 0.209126
v -1.359764 -2.186307 0.209126
v -1.637794 -2.372080 0.209126
v -1.888014 -1.903952 0.401127
v -1.752957 -1.793114 0.401127
v -1.637794 -1.770205 0.401127
v -1.932948 -2.012433 0.401127
v -1.915823 -2.186307 0.401127
v -1.804986 -2.321362 0.401127
v -1.387574 -1.903951 0.401127
v -1.470602 -1.820924 0.401127
v -1.342640 -2.012434 0.401127
v -1.637794 -2.372080 0.401127
v -1.522630 -2.349171 0.401127
v -1.424999 -2.283938 0.401127
v -1.342640 -2.129853 0.401127
v 0.496164 -0.442008 0.205667
v 0.047822 -0.913161 0.401126
v 0.047821 -0.913161 0.209126
v -0.234735 -0.694736 0.134727
v -0.262382 -0.666574 0.134727
v -0.185864 -0.744519 -0.092841
v -0.165620 -0.765140 0.026727
v -0.311253 -0.616792 0.103094
v -0.262382 -0.666574 -0.124473
v -0.185864 -0.744519 0.103094
v -0.165620 -0.765140 -0.016473
v -0.331496 -0.596173 -0.016473
v -0.331496 -0.596173 0.026727
v -0.234735 -0.694736 -0.124473
v -0.311253 -0.616792 -0.092841
v 0.849734 -0.491987 0.401126
v 1.023493 -0.318155 0.401126
v 0.972600 -0.441043 0.401126
v 1.023493 -0.074492 0.401126
v 0.849788 0.094946 0.401126
v 0.972616 0.047107 0.401126
v 1.023493 -0.318155 0.209126
v 0.849734 -0.491987 0.209126
v 0.972600 -0.441043 0.209126
v 0.849788 0.094946 0.209126
v 1.023493 -0.074492 0.209126
v 0.972616 0.047108 0.209126
v 0.869745 -0.344337 -0.194334
v 0.772065 -0.442008 -0.194334
v 0.772128 0.042331 -0.194334
v 0.869777 -0.053981 -0.194334
v 0.772065 -0.442008 0.205667
v 0.869745 -0.344337 0.205667
v 0.869777 -0.053981 0.205667
v 0.772128 0.042331 0.205667
v 0.220841 0.034672 -0.194333
v 0.047159 -0.006068 -0.194333
v 0.220841 0.034672 0.205667
v 0.047160 -0.006068 0.205667
v -1.579084 -1.775989 0.209126
v -1.915823 -1.955980 0.209126
v -2.190359 -2.057961 0.209127
v 0.262666 -0.209336 0.190454
v 0.332610 -0.280465 0.145220
v -0.341823 -0.592942 0.145220
v -0.370795 -0.563481 0.036015
v -0.133392 -0.804902 0.036015
v -0.162364 -0.775439 0.145220
v -0.133392 -0.804902 -0.025761
v -0.162365 -0.775439 -0.134967
v -0.232309 -0.704311 -0.180201
v 0.223097 -0.169096 0.190454
v 0.223096 -0.169096 -0.180201
v 0.153152 -0.097968 -0.134967
v -0.271878 -0.664072 -0.180201
v -0.341823 -0.592942 -0.134967
v -0.232309 -0.704311 0.190455
v -0.271878 -0.664072 0.190455
v 0.262666 -0.209335 -0.180201
v -0.370795 -0.563481 -0.025761
v 0.332610 -0.280465 -0.134967
v 0.361583 -0.309927 0.036015
v 0.361583 -0.309927 -0.025761
v 0.153152 -0.097968 0.145220
v 0.124180 -0.068505 0.036015
v 0.124180 -0.068505 -0.025761
v -1.448217 -1.648465 0.485126
v -1.703522 -1.648465 0.485126
v -1.575869 -1.595590 0.485126
v -1.703522 -1.648465 -0.474874
v -1.448217 -1.648465 -0.474874
v -1.575870 -1.595590 -0.474874
v -1.208547 -2.143440 0.485126
v -1.208547 -1.888136 0.485126
v -1.155671 -2.015788 0.485126
v -1.208547 -1.888136 -0.474874
v -1.208547 -2.143440 -0.474874
v -1.155672 -2.015788 -0.474874
v -1.937105 -2.054636 0.209127
v -1.336857 -2.071142 0.209126
v -1.630221 -2.629140 0.209126
v -1.720379 -2.680026 0.209126
v -1.850588 -1.858348 0.209126
v -1.424999 -2.283938 0.209126
v 0.849761 -0.198521 0.401126
v 0.849761 -0.198521 0.209126
v 0.047821 -0.913161 0.209126
v -1.630221 -2.629140 0.209126
v 0.475176 -0.492017 -0.198874
v -0.084961 0.079162 -0.198874
v 0.475176 -0.492017 -0.390874
v -0.084961 0.079162 -0.390874
v -1.913050 -2.626379 -0.198874
v -1.630221 -2.629140 -0.198874
v -1.823902 -2.679015 -0.198874
v -1.720380 -2.680026 -0.198874
v -2.190359 -2.057961 -0.198873
v -2.193119 -2.340790 -0.198873
v -2.242995 -2.147109 -0.198873
v -2.244006 -2.250631 -0.198873
v -1.913050 -2.626379 -0.390874
v -1.823902 -2.679015 -0.390874
v -2.193119 -2.340790 -0.390873
v -2.244006 -2.250631 -0.390873
v -2.242995 -2.147109 -0.390873
v -1.752957 -1.793114 -0.390874
v -1.888014 -2.238334 -0.390874
v -1.470603 -1.820924 -0.390874
v -1.804986 -2.321362 -0.390874
v -1.387575 -1.903951 -0.390874
v -1.522631 -2.349171 -0.390874
v -1.359765 -2.186307 -0.390874
v -1.637794 -2.372080 -0.390874
v -1.888014 -1.903952 -0.198874
v -1.752957 -1.793114 -0.198874
v -1.637794 -1.770205 -0.198874
v -1.932949 -2.012433 -0.198874
v -1.915823 -2.186307 -0.198874
v -1.804986 -2.321362 -0.198874
v -1.387575 -1.903951 -0.198874
v -1.470603 -1.820924 -0.198874
v -1.342640 -2.012434 -0.198874
v -1.637794 -2.372080 -0.198874
v -1.522631 -2.349171 -0.198874
v -1.425000 -2.283938 -0.198874
v -1.342640 -2.129853 -0.198874
v 0.047821 -0.913161 -0.198874
v 0.047821 -0.913161 -0.390874
v 0.849734 -0.491986 -0.198874
v 1.023492 -0.318155 -0.198874
v 0.972600 -0.441043 -0.198874
v 1.023492 -0.074492 -0.198874
v 0.849788 0.094946 -0.198874
v 0.972616 0.047108 -0.198874
v 1.023492 -0.318155 -0.390874
v 0.849734 -0.491986 -0.390874
v 0.972600 -0.441043 -0.390874
v 0.849788 0.094946 -0.390874
v 1.023492 -0.074492 -0.390874
v 0.972616 0.047108 -0.390874
v -1.579084 -1.775989 -0.390874
v -1.915824 -1.955980 -0.390873
v -2.190359 -2.057961 -0.390873
v -1.937105 -2.054636 -0.390874
v -1.336857 -2.071142 -0.390874
v -1.630221 -2.629140 -0.390874
v -1.720380 -2.680026 -0.390874
v -1.850589 -1.858348 -0.390874
v -1.425000 -2.283938 -0.390874
v 0.849761 -0.198521 -0.198874
v 0.849761 -0.198521 -0.390874
v -1.337259 -2.129853 0.697125
v -1.382193 -2.238334 0.697126
v -1.465222 -2.321364 0.697125
v -1.573703 -2.366297 0.697126
v -1.747577 -2.349173 0.697126
v -1.845208 -2.283938 0.697126
v -1.910443 -2.186308 0.697126
v -1.933350 -2.071143 0.697126
v -1.910443 -1.955980 0.697126
v -1.845208 -1.858348 0.697126
v -1.747577 -1.793115 0.697126
v -1.632413 -1.770207 0.697126
v -1.465222 -1.820924 0.697126
v -1.382193 -1.903952 0.697125
v -1.337259 -2.012434 0.697126
v -1.337259 -2.129853 -0.558875
v -1.382193 -2.238334 -0.558875
v -1.517250 -2.349173 -0.558875
v -1.632413 -2.372081 -0.558875
v -1.747577 -2.349173 -0.558875
v -1.845208 -2.283938 -0.558875
v -1.927568 -2.129853 -0.558875
v -1.910443 -1.955980 -0.558875
v -1.845208 -1.858348 -0.558875
v -1.747577 -1.793115 -0.558875
v -1.573703 -1.775990 -0.558875
v -1.419619 -1.858348 -0.558875
v -1.337259 -2.012434 -0.558875
v -2.531930 -2.071142 -1.673822
v -2.514646 -2.246629 -1.673822
v -2.463459 -2.415372 -1.673822
v -2.380335 -2.570886 -1.673822
v -2.268468 -2.707196 -1.673822
v -2.132159 -2.819062 -1.673823
v -1.976644 -2.902186 -1.673823
v -1.807901 -2.953374 -1.673823
v -1.632414 -2.970658 -1.673823
v -1.456928 -2.953374 -1.673823
v -1.288185 -2.902187 -1.673823
v -1.132670 -2.819062 -1.673823
v -0.996361 -2.707196 -1.673823
v -0.884494 -2.570886 -1.673823
v -0.801370 -2.415372 -1.673823
v -0.750182 -2.246629 -1.673823
v -0.732898 -2.071142 -1.673823
v -0.750182 -1.895655 -1.673823
v -0.801370 -1.726912 -1.673823
v -0.884494 -1.571398 -1.673823
v -0.996360 -1.435089 -1.673823
v -1.132670 -1.323223 -1.673823
v -1.288184 -1.240097 -1.673823
v -1.456928 -1.188909 -1.673823
v -1.632414 -1.171626 -1.673823
v -1.807901 -1.188909 -1.673823
v -1.976644 -1.240097 -1.673823
v -2.132159 -1.323223 -1.673823
v -2.268468 -1.435089 -1.673823
v -2.380335 -1.571398 -1.673822
v -2.463459 -1.726912 -1.673822
v -2.514647 -1.895655 -1.673822
v -0.534084 -1.617442 -0.533824
v -0.644976 -1.409977 -0.533824
v -2.531930 -2.071142 -0.633824
v -2.514646 -2.246629 -0.633824
v -2.463458 -2.415373 -0.633824
v -2.380334 -2.570887 -0.633824
v -2.268468 -2.707196 -0.633824
v -2.132158 -2.819062 -0.633824
v -1.976644 -2.902187 -0.633824
v -1.807901 -2.953375 -0.633824
v -1.632414 -2.970659 -0.633824
v -1.456927 -2.953375 -0.633824
v -1.288184 -2.902187 -0.633824
v -1.132670 -2.819062 -0.633824
v -0.996360 -2.707196 -0.633824
v -0.884494 -2.570887 -0.633824
v -0.801370 -2.415373 -0.633824
v -0.750182 -2.246629 -0.633824
v -0.732898 -2.071142 -0.633824
v -0.750182 -1.895656 -0.633824
v -0.801370 -1.726912 -0.633824
v -0.884494 -1.571398 -0.633824
v -0.996360 -1.435089 -0.633824
v -1.132670 -1.323223 -0.633824
v -1.288184 -1.240098 -0.633824
v -1.456927 -1.188910 -0.633824
v -1.632414 -1.171627 -0.633824
v -1.807901 -1.188910 -0.633824
v -1.976644 -1.240098 -0.633824
v -2.132158 -1.323223 -0.633824
v -2.268468 -1.435089 -0.633824
v -2.380334 -1.571398 -0.633824
v -2.463459 -1.726912 -0.633824
v -2.514646 -1.895656 -0.633824
v -0.534085 -1.617441 -1.733823
v -0.644977 -1.409975 -1.733823
v -0.534085 -1.617441 -1.733823
v -0.534084 -1.617442 -0.533824
v -0.644976 -1.409977 -0.533824
v -0.644977 -1.409975 -1.733823
v -2.636660 -2.272286 -0.633824
v -2.656254 -2.073350 -0.633823
v -2.578633 -2.463577 -0.633824
v -2.484402 -2.639870 -0.633824
v -2.357588 -2.794394 -0.633824
v -2.203065 -2.921208 -0.633824
v -2.026770 -3.015439 -0.633824
v -1.835480 -3.073467 -0.633824
v -1.636544 -3.093060 -0.633824
v -1.437609 -3.073467 -0.633824
v -1.246318 -3.015440 -0.633824
v -1.070024 -2.921208 -0.633824
v -0.915501 -2.794394 -0.633824
v -0.788687 -2.639870 -0.633824
v -0.694456 -2.463577 -0.633824
v -0.636428 -2.272286 -0.633824
v -0.616835 -2.073350 -0.633824
v -0.636428 -1.874415 -0.633824
v -0.694456 -1.683125 -0.633824
v -0.788687 -1.506831 -0.633824
v -0.915501 -1.352307 -0.633824
v -1.070024 -1.225492 -0.633824
v -1.246318 -1.131262 -0.633824
v -1.437609 -1.073234 -0.633824
v -1.636544 -1.053641 -0.633824
v -1.835480 -1.073234 -0.633824
v -2.026770 -1.131262 -0.633824
v -2.203065 -1.225492 -0.633824
v -2.357588 -1.352307 -0.633824
v -2.484402 -1.506831 -0.633823
v -2.578633 -1.683125 -0.633824
v -2.636660 -1.874415 -0.633824
v -2.660966 -2.071142 -1.673822
v -2.641203 -2.271803 -1.673822
v -2.582672 -2.464752 -1.673822
v -2.487624 -2.642575 -1.673822
v -2.359710 -2.798438 -1.673822
v -2.203847 -2.926351 -1.673823
v -2.026024 -3.021400 -1.673823
v -1.833075 -3.079930 -1.673823
v -1.632415 -3.099694 -1.673823
v -1.431754 -3.079930 -1.673823
v -1.238805 -3.021400 -1.673823
v -1.060982 -2.926352 -1.673823
v -0.905119 -2.798438 -1.673823
v -0.777205 -2.642575 -1.673823
v -0.682157 -2.464752 -1.673823
v -0.623626 -2.271803 -1.673823
v -0.603863 -2.071142 -1.673823
v -0.623626 -1.870482 -1.673823
v -0.682157 -1.677532 -1.673823
v -0.777205 -1.499709 -1.673823
v -0.905119 -1.343846 -1.673823
v -1.060982 -1.215933 -1.673823
v -1.238805 -1.120885 -1.673823
v -1.431754 -1.062354 -1.673823
v -1.632415 -1.042590 -1.673823
v -1.833075 -1.062354 -1.673823
v -2.026024 -1.120885 -1.673823
v -2.203847 -1.215933 -1.673823
v -2.359710 -1.343846 -1.673823
v -2.487624 -1.499709 -1.673822
v -2.582672 -1.677532 -1.673822
v -2.641203 -1.870482 -1.673822
v -1.632414 -1.974670 -1.613822
v -1.584178 -1.987595 -1.613822
v -1.548867 -2.022906 -1.613822
v -1.535942 -2.071142 -1.613822
v -1.548867 -2.119378 -1.613822
v -1.584178 -2.154690 -1.613822
v -1.632414 -2.167615 -1.613822
v -1.680650 -2.154690 -1.613822
v -1.715962 -2.119378 -1.613822
v -1.728887 -2.071142 -1.613822
v -1.715962 -2.022906 -1.613822
v -1.680650 -1.987595 -1.613822
v -1.632414 -1.871142 -1.490489
v -1.632414 -1.871142 -1.337154
v -1.532414 -1.897937 -1.337154
v -1.532414 -1.897937 -1.490489
v -1.459209 -1.971142 -1.337154
v -1.459209 -1.971142 -1.490489
v -1.432414 -2.071142 -1.337154
v -1.432414 -2.071142 -1.490489
v -1.459209 -2.171143 -1.337154
v -1.459209 -2.171143 -1.490489
v -1.532414 -2.244348 -1.337154
v -1.532414 -2.244348 -1.490489
v -1.632414 -2.271143 -1.337154
v -1.632414 -2.271143 -1.490489
v -1.732414 -2.244348 -1.337154
v -1.732414 -2.244348 -1.490489
v -1.805619 -2.171143 -1.337154
v -1.805619 -2.171143 -1.490489
v -1.832414 -2.071142 -1.337154
v -1.832414 -2.071142 -1.490489
v -1.805619 -1.971142 -1.337154
v -1.805619 -1.971142 -1.490489
v -1.732414 -1.897937 -1.337154
v -1.732414 -1.897937 -1.490489
v -1.451241 -1.194993 -0.990489
v -1.451241 -1.194994 -0.737155
v -1.351241 -1.221790 -0.737155
v -1.351241 -1.221789 -0.990489
v -0.783061 -1.789970 -0.737155
v -0.783061 -1.789969 -0.990489
v -0.756266 -1.889970 -0.737155
v -0.756266 -1.889969 -0.990489
v -0.964234 -2.666117 -0.737156
v -0.964234 -2.666117 -0.990489
v -1.037439 -2.739322 -0.737155
v -1.037439 -2.739322 -0.990489
v -1.813587 -2.947291 -0.737155
v -1.813588 -2.947291 -0.990489
v -1.913588 -2.920496 -0.737155
v -1.913588 -2.920496 -0.990489
v -2.481767 -2.352316 -0.737155
v -2.481767 -2.352316 -0.990488
v -2.508562 -2.252317 -0.737155
v -2.508562 -2.252317 -0.990488
v -2.300594 -1.476167 -0.737155
v -2.300594 -1.476167 -0.990488
v -2.227389 -1.402962 -0.737155
v -2.227389 -1.402962 -0.990488
v -1.632414 -1.871142 -1.613822
v -1.532414 -1.897937 -1.613822
v -1.459209 -1.971142 -1.613822
v -1.432414 -2.071142 -1.613822
v -1.459209 -2.171142 -1.613822
v -1.532414 -2.244347 -1.613822
v -1.632414 -2.271142 -1.613822
v -1.732414 -2.244347 -1.613822
v -1.805619 -2.171142 -1.613822
v -1.832414 -2.071142 -1.613822
v -1.805619 -1.971142 -1.613822
v -1.732414 -1.897937 -1.613822
v -1.632414 -1.974670 -1.513822
v -1.584178 -1.987595 -1.513822
v -1.548867 -2.022907 -1.513822
v -1.535942 -2.071142 -1.513822
v -1.548867 -2.119379 -1.513822
v -1.584178 -2.154691 -1.513822
v -1.632414 -2.167615 -1.513822
v -1.680650 -2.154691 -1.513822
v -1.715962 -2.119379 -1.513822
v -1.728886 -2.071142 -1.513822
v -1.715962 -2.022907 -1.513822
v -1.680650 -1.987595 -1.513822
v -1.854698 -0.969344 -0.963157
v -1.853816 -0.965353 -1.344491
v -2.065726 -1.033358 -0.963157
v -2.065452 -1.029554 -1.344491
v -2.570576 -1.447677 -0.963157
v -2.571757 -1.445065 -1.344490
v -2.674529 -1.642161 -0.963157
v -2.676010 -1.640111 -1.344490
v -2.430677 -1.277210 -0.963157
v -2.431455 -1.274109 -1.344491
v -2.260210 -1.137311 -0.963157
v -2.260497 -1.133806 -1.344491
v -1.635237 -0.947729 -0.963157
v -1.633722 -0.943677 -1.344491
v -1.204747 -1.033358 -0.963157
v -1.201992 -1.029554 -1.344491
v -1.415775 -0.969344 -0.963157
v -1.413628 -0.965353 -1.344491
v -0.839796 -1.277210 -0.963158
v -0.835989 -1.274109 -1.344491
v -1.010263 -1.137313 -0.963157
v -1.006947 -1.133806 -1.344491
v -0.595944 -1.642161 -0.963158
v -0.591434 -1.640111 -1.344491
v -0.699898 -1.447677 -0.963158
v -0.695688 -1.445065 -1.344491
v -0.510314 -2.072650 -0.963158
v -0.505558 -2.071841 -1.344491
v -0.531929 -1.853189 -0.963158
v -0.527235 -1.851747 -1.344491
v -0.595944 -2.503141 -0.963158
v -0.591434 -2.503572 -1.344491
v -0.531929 -2.292113 -0.963158
v -0.527235 -2.291936 -1.344491
v -0.839796 -2.868092 -0.963158
v -0.835989 -2.869575 -1.344491
v -0.699898 -2.697624 -0.963158
v -0.695688 -2.698617 -1.344491
v -1.204747 -3.111944 -0.963157
v -1.201992 -3.114130 -1.344491
v -1.010263 -3.007991 -0.963157
v -1.006948 -3.009876 -1.344491
v -1.635237 -3.197573 -0.963157
v -1.633722 -3.200006 -1.344491
v -1.415775 -3.175959 -0.963157
v -1.413628 -3.178329 -1.344491
v -2.065726 -3.111944 -0.963157
v -2.065452 -3.114130 -1.344491
v -1.854698 -3.175959 -0.963157
v -1.853816 -3.178329 -1.344491
v -2.430677 -2.868092 -0.963157
v -2.431455 -2.869575 -1.344490
v -2.260210 -3.007991 -0.963157
v -2.260497 -3.009876 -1.344491
v -2.674529 -2.503141 -0.963157
v -2.676010 -2.503572 -1.344490
v -2.570576 -2.697624 -0.963157
v -2.571757 -2.698617 -1.344490
v -2.738544 -1.853189 -0.963157
v -2.740210 -1.851747 -1.344490
v -2.760159 -2.072650 -0.963157
v -2.761887 -2.071841 -1.344490
v -2.738544 -2.292113 -0.963157
v -2.740210 -2.291936 -1.344490
v -1.632414 -1.871142 -0.899378
v -1.632414 -1.871142 -0.801600
v -1.532414 -1.897937 -0.801600
v -1.532414 -1.897937 -0.899378
v -1.459209 -1.971142 -0.801600
v -1.459209 -1.971142 -0.899378
v -1.432414 -2.071142 -0.801600
v -1.432414 -2.071142 -0.899378
v -1.459209 -2.171143 -0.801600
v -1.459209 -2.171143 -0.899378
v -1.532414 -2.244348 -0.801600
v -1.532414 -2.244348 -0.899378
v -1.632414 -2.271143 -0.801600
v -1.632414 -2.271143 -0.899378
v -1.732414 -2.244348 -0.801600
v -1.732414 -2.244348 -0.899378
v -1.805619 -2.171143 -0.801600
v -1.805619 -2.171143 -0.899377
v -1.832414 -2.071142 -0.801600
v -1.832414 -2.071142 -0.899377
v -1.805619 -1.971142 -0.801600
v -1.805619 -1.971142 -0.899377
v -1.732414 -1.897937 -0.801600
v -1.732414 -1.897937 -0.899377
v -1.037439 -1.402964 -0.801600
v -1.037439 -1.402964 -0.899378
v -0.964234 -1.476169 -0.801600
v -0.964234 -1.476169 -0.899378
v -1.351240 -2.920496 -0.801600
v -1.351240 -2.920496 -0.899378
v -1.451240 -2.947291 -0.801600
v -1.451240 -2.947291 -0.899378
v -2.508562 -1.889969 -0.801600
v -2.508562 -1.889969 -0.899377
v -2.481767 -1.789969 -0.801600
v -2.481767 -1.789969 -0.899377
v -2.621120 -1.665614 -0.639024
v -2.681758 -1.865512 -0.639024
v -2.390127 -1.319910 -0.639024
v -2.522648 -1.481387 -0.639024
v -2.044423 -1.088917 -0.639024
v -2.228650 -1.187389 -0.639024
v -1.636637 -1.007803 -0.639024
v -1.844525 -1.028279 -0.639024
v -1.228851 -1.088917 -0.639024
v -1.428749 -1.028279 -0.639024
v -0.883147 -1.319910 -0.639025
v -1.044624 -1.187390 -0.639024
v -0.652155 -1.665614 -0.639025
v -0.750626 -1.481387 -0.639024
v -0.571041 -2.073400 -0.639025
v -0.591516 -1.865512 -0.639025
v -0.652155 -2.481186 -0.639025
v -0.591516 -2.281287 -0.639025
v -0.883147 -2.826890 -0.639024
v -0.750626 -2.665414 -0.639024
v -1.228851 -3.057883 -0.639024
v -1.044624 -2.959410 -0.639024
v -1.636637 -3.138996 -0.639024
v -1.428750 -3.118520 -0.639024
v -2.044423 -3.057883 -0.639024
v -1.844525 -3.118520 -0.639024
v -2.390127 -2.826890 -0.639024
v -2.228651 -2.959410 -0.639024
v -2.621120 -2.481186 -0.639024
v -2.522648 -2.665414 -0.639024
v -2.702233 -2.073400 -0.639024
v -2.681758 -2.281287 -0.639024
v -2.686505 -2.280782 -1.668623
v -2.707157 -2.071092 -1.668623
v -2.526015 -2.668239 -1.668623
v -2.625341 -2.482414 -1.668623
v -2.229468 -2.964786 -1.668623
v -2.392345 -2.831116 -1.668623
v -1.842012 -3.125276 -1.668623
v -2.043644 -3.064112 -1.668623
v -1.422631 -3.125276 -1.668623
v -1.632321 -3.145928 -1.668623
v -1.035175 -2.964786 -1.668623
v -1.221000 -3.064112 -1.668623
v -0.738628 -2.668239 -1.668623
v -0.872298 -2.831116 -1.668623
v -0.578138 -2.280782 -1.668623
v -0.639302 -2.482415 -1.668624
v -0.578138 -1.861402 -1.668623
v -0.557486 -2.071092 -1.668624
v -0.738628 -1.473945 -1.668623
v -0.639302 -1.659771 -1.668624
v -1.035174 -1.177400 -1.668623
v -0.872297 -1.311068 -1.668623
v -1.422631 -1.016909 -1.668623
v -1.220999 -1.078073 -1.668623
v -1.842012 -1.016909 -1.668623
v -1.632321 -0.996256 -1.668623
v -2.229468 -1.177400 -1.668623
v -2.043644 -1.078073 -1.668623
v -2.526015 -1.473945 -1.668623
v -2.392345 -1.311068 -1.668623
v -2.686505 -1.861402 -1.668623
v -2.625341 -1.659771 -1.668623
v -1.875750 -0.854665 -1.342584
v -2.108549 -0.925284 -1.342584
v -2.665484 -1.382348 -1.342584
v -2.780163 -1.596898 -1.342584
v -2.511152 -1.194293 -1.342584
v -2.323098 -1.039963 -1.342584
v -1.633646 -0.830820 -1.342584
v -1.158743 -0.925284 -1.342585
v -1.391543 -0.854665 -1.342584
v -0.756140 -1.194296 -1.342585
v -0.944194 -1.039963 -1.342585
v -0.487130 -1.596898 -1.342585
v -0.601809 -1.382348 -1.342585
v -0.392666 -2.071801 -1.342585
v -0.416511 -1.829697 -1.342585
v -0.487130 -2.546705 -1.342585
v -0.416511 -2.313905 -1.342585
v -0.756140 -2.949308 -1.342585
v -0.601809 -2.761254 -1.342585
v -1.158744 -3.218318 -1.342584
v -0.944195 -3.103640 -1.342585
v -1.633646 -3.312783 -1.342584
v -1.391543 -3.288938 -1.342584
v -2.108549 -3.218318 -1.342584
v -1.875750 -3.288938 -1.342584
v -2.511152 -2.949308 -1.342584
v -2.323098 -3.103639 -1.342584
v -2.780163 -2.546704 -1.342584
v -2.665484 -2.761254 -1.342584
v -2.850782 -1.829697 -1.342584
v -2.874627 -2.071801 -1.342584
v -2.850782 -2.313905 -1.342584
v -1.876720 -0.859053 -0.965064
v -2.108850 -0.929469 -0.965064
v -2.664185 -1.385220 -0.965064
v -2.778534 -1.599153 -0.965064
v -2.510296 -1.197706 -0.965064
v -2.322783 -1.043818 -0.965064
v -1.635312 -0.835277 -0.965064
v -1.161774 -0.929469 -0.965065
v -1.393904 -0.859053 -0.965064
v -0.760328 -1.197708 -0.965065
v -0.947841 -1.043820 -0.965065
v -0.492090 -1.599153 -0.965065
v -0.606440 -1.385220 -0.965065
v -0.397898 -2.072691 -0.965065
v -0.421674 -1.831283 -0.965065
v -0.492090 -2.546230 -0.965065
v -0.421674 -2.314100 -0.965065
v -0.760328 -2.947675 -0.965065
v -0.606440 -2.760163 -0.965065
v -1.161774 -3.215914 -0.965064
v -0.947842 -3.101565 -0.965065
v -1.635312 -3.310107 -0.965064
v -1.393904 -3.286330 -0.965064
v -2.108850 -3.215914 -0.965064
v -1.876720 -3.286330 -0.965064
v -2.510296 -2.947675 -0.965064
v -2.322783 -3.101563 -0.965064
v -2.778534 -2.546230 -0.965064
v -2.664185 -2.760163 -0.965064
v -2.848950 -1.831284 -0.965064
v -2.872727 -2.072691 -0.965064
v -2.848950 -2.314100 -0.965064
v -1.501891 -1.384023 -1.309840
v -1.529121 -1.485647 -1.448408
v -1.554534 -1.580489 -1.532568
v -1.593195 -1.724775 -1.555429
v -1.429121 -1.512442 -1.448408
v -1.401891 -1.410818 -1.309840
v -1.493195 -1.751570 -1.555429
v -1.454534 -1.607284 -1.532568
v -1.286047 -2.031924 -1.555429
v -1.141761 -1.993262 -1.532568
v -1.046919 -1.967849 -1.448408
v -0.945295 -1.940619 -1.309840
v -1.168556 -1.893262 -1.532568
v -1.312842 -1.931923 -1.555429
v -0.972090 -1.840619 -1.309840
v -1.073714 -1.867849 -1.448408
v -1.839563 -1.790789 -1.555429
v -1.945187 -1.685164 -1.532568
v -2.014616 -1.615735 -1.448408
v -2.089010 -1.541341 -1.309840
v -2.018392 -1.758370 -1.532568
v -1.912768 -1.863994 -1.555429
v -2.162215 -1.614546 -1.309838
v -2.087821 -1.688940 -1.448408
v -2.096272 -2.249023 -1.532568
v -1.951987 -2.210362 -1.555429
v -2.292738 -2.301666 -1.309838
v -2.191114 -2.274436 -1.448408
v -2.217909 -2.174435 -1.448408
v -2.319533 -2.201666 -1.309838
v -1.978782 -2.110362 -1.555429
v -2.123067 -2.149023 -1.532568
v -1.771633 -2.390716 -1.555429
v -1.810294 -2.535001 -1.532568
v -1.835707 -2.629843 -1.448408
v -1.862938 -2.731467 -1.309840
v -1.710295 -2.561795 -1.532568
v -1.671633 -2.417511 -1.555429
v -1.762937 -2.758261 -1.309840
v -1.735707 -2.656637 -1.448408
v -1.246436 -2.383916 -1.532568
v -1.352061 -2.278291 -1.555429
v -1.102613 -2.527739 -1.309840
v -1.177007 -2.453345 -1.448408
v -1.250212 -2.526550 -1.448408
v -1.175818 -2.600944 -1.309840
v -1.425266 -2.351496 -1.555429
v -1.319642 -2.457121 -1.532568
v -1.632414 -1.871143 -0.281155
v -1.532414 -1.897938 -0.281155
v -1.459209 -1.971143 -0.281155
v -1.432414 -2.071142 -0.281155
v -1.459209 -2.171143 -0.281155
v -1.532414 -2.244348 -0.281155
v -1.632414 -2.271143 -0.281155
v -1.732414 -2.244348 -0.281155
v -1.805619 -2.171143 -0.281155
v -1.832414 -2.071142 -0.281155
v -1.805619 -1.971143 -0.281155
v -1.732414 -1.897938 -0.281155
v -1.502414 -1.845977 0.000424
v -1.632414 -1.811143 0.000424
v -1.632414 -1.811143 -0.281109
v -1.407247 -1.941143 0.000424
v -1.372414 -2.071142 0.000424
v -1.407247 -2.201143 0.000424
v -1.502414 -2.296310 0.000424
v -1.632414 -2.331143 0.000424
v -1.762414 -2.296310 0.000424
v -1.857580 -2.201143 0.000424
v -1.892414 -2.071142 0.000424
v -1.857580 -1.941143 0.000424
v -1.762414 -1.845977 0.000424
v -1.502414 -1.845977 -0.281109
v -1.407247 -1.941143 -0.281109
v -1.372414 -2.071142 -0.281109
v -1.407247 -2.201143 -0.281109
v -1.502414 -2.296310 -0.281109
v -1.632414 -2.331143 -0.281109
v -1.762414 -2.296310 -0.281109
v -1.857580 -2.201143 -0.281109
v -1.892414 -2.071142 -0.281109
v -1.857580 -1.941143 -0.281109
v -1.762414 -1.845977 -0.281109
v -1.263495 -1.180490 -1.673823
v -1.444341 -1.125632 -1.673823
v -1.444341 -3.016652 -1.673823
v -1.263495 -2.961793 -1.673823
v -1.632415 -1.107108 -1.673823
v -1.096826 -2.872707 -1.673823
v -1.820488 -1.125632 -1.673823
v -0.950740 -2.752817 -1.673823
v -2.001334 -1.180490 -1.673823
v -0.830850 -2.606730 -1.673823
v -2.168003 -1.269576 -1.673823
v -0.741763 -2.440062 -1.673823
v -2.596448 -2.071142 -1.673822
v -2.577925 -2.259216 -1.673822
v -2.314089 -1.389467 -1.673823
v -0.686904 -2.259216 -1.673823
v -2.523066 -2.440062 -1.673822
v -2.433979 -1.535554 -1.673822
v -0.668381 -2.071142 -1.673823
v -2.433979 -2.606730 -1.673822
v -2.523066 -1.702222 -1.673822
v -0.686904 -1.883068 -1.673823
v -2.314089 -2.752817 -1.673822
v -2.577925 -1.883068 -1.673822
v -0.741763 -1.702222 -1.673823
v -2.168003 -2.872707 -1.673823
v -0.830850 -1.535554 -1.673823
v -2.001334 -2.961793 -1.673823
v -0.950740 -1.389467 -1.673823
v -1.820488 -3.016652 -1.673823
v -1.096826 -1.269576 -1.673823
v -1.632415 -3.035176 -1.673823
v -2.575653 -2.259458 -0.633824
v -2.521046 -2.439475 -0.633824
v -2.432368 -2.605379 -0.633824
v -2.313028 -2.750795 -0.633824
v -2.167611 -2.870136 -0.633824
v -2.001707 -2.958813 -0.633824
v -1.821690 -3.013421 -0.633824
v -1.634479 -3.031860 -0.633824
v -1.447268 -3.013421 -0.633824
v -1.267251 -2.958813 -0.633824
v -1.101347 -2.870136 -0.633824
v -0.955931 -2.750795 -0.633824
v -0.836590 -2.605379 -0.633824
v -0.747913 -2.439475 -0.633824
v -0.693305 -2.259458 -0.633824
v -0.674866 -2.072247 -0.633824
v -0.693305 -1.885036 -0.633824
v -0.747913 -1.705019 -0.633824
v -0.836591 -1.539115 -0.633824
v -0.955930 -1.393698 -0.633824
v -1.101347 -1.274358 -0.633824
v -1.267251 -1.185679 -0.633824
v -1.447268 -1.131073 -0.633824
v -1.634479 -1.112633 -0.633824
v -1.821690 -1.131073 -0.633824
v -2.001707 -1.185679 -0.633824
v -2.167611 -1.274358 -0.633824
v -2.313028 -1.393698 -0.633824
v -2.432368 -1.539115 -0.633824
v -2.521046 -1.705019 -0.633824
v -2.575653 -1.885036 -0.633824
v -2.594092 -2.072247 -0.633824
v -1.602413 -1.759176 -1.386834
v -1.546920 -1.552072 -1.354019
v -1.536735 -1.514064 -1.320291
v -1.497650 -1.368195 -1.121394
v -1.446920 -1.578867 -1.354019
v -1.502413 -1.785971 -1.386834
v -1.397650 -1.394992 -1.121394
v -1.436735 -1.540859 -1.320292
v -0.929467 -1.936378 -1.121394
v -1.075336 -1.975463 -1.320292
v -1.113344 -1.985648 -1.354019
v -1.320448 -2.041142 -1.386834
v -1.347243 -1.941141 -1.386834
v -1.140139 -1.885648 -1.354019
v -1.102131 -1.875464 -1.320292
v -0.956262 -1.836378 -1.121394
v -2.100596 -1.529755 -1.121394
v -1.993813 -1.636538 -1.320291
v -1.965989 -1.664362 -1.354019
v -1.814379 -1.815972 -1.386834
v -2.067019 -1.709743 -1.320291
v -2.173801 -1.602960 -1.121394
v -1.887584 -1.889177 -1.386834
v -2.039194 -1.737567 -1.354019
v -2.151484 -2.156637 -1.354019
v -1.944380 -2.101145 -1.386834
v -2.335361 -2.205907 -1.121394
v -2.189492 -2.166821 -1.320291
v -2.162697 -2.266822 -1.320291
v -2.308566 -2.305907 -1.121394
v -1.917586 -2.201144 -1.386834
v -2.124689 -2.256638 -1.354019
v -1.867178 -2.747295 -1.121394
v -1.828093 -2.601425 -1.320292
v -1.817909 -2.563418 -1.354019
v -1.762415 -2.356314 -1.386834
v -1.728093 -2.628221 -1.320292
v -1.767178 -2.774090 -1.121394
v -1.662415 -2.383110 -1.386834
v -1.717909 -2.590213 -1.354019
v -1.377244 -2.253108 -1.386834
v -1.225634 -2.404719 -1.354019
v -1.197810 -2.432543 -1.320292
v -1.091027 -2.539325 -1.121394
v -1.298839 -2.477924 -1.354019
v -1.450449 -2.326313 -1.386834
v -1.164232 -2.612530 -1.121394
v -1.271015 -2.505748 -1.320292
vn -0.0000 -0.0000 -1.0000
vn -0.0000 -0.0000 1.0000
vn -0.7993 -0.6010 -0.0000
vn -0.6165 -0.7874 -0.0000
vn 0.6093 -0.7929 -0.0000
vn 0.2494 -0.9684 -0.0000
vn -0.0098 -1.0000 -0.0000
vn -0.5084 -0.8611 -0.0000
vn -0.7927 0.6097 -0.0000
vn -0.9634 0.2682 -0.0000
vn -1.0000 0.0098 -0.0000
vn -0.8709 -0.4915 -0.0000
vn -0.0169 0.9999 -0.0000
vn 0.1763 0.9843 -0.0000
vn 0.9808 -0.1951 -0.0000
vn 0.9804 0.1968 -0.0000
vn 0.0001 -1.0000 -0.0000
vn 0.1953 -0.9807 -0.0000
vn 0.3830 -0.9237 -0.0000
vn 0.9239 -0.3826 -0.0000
vn 0.9225 0.3860 -0.0000
vn 0.3629 0.9318 -0.0000
vn -0.0000 -1.0000 -0.0000
vn 0.7022 0.7120 -0.0000
vn 0.7071 -0.7071 -0.0000
vn 1.0000 -0.0001 -0.0000
vn -0.2284 0.9736 -0.0000
vn -0.1218 0.9925 -0.0000
vn -0.0139 0.9999 -0.0000
vn -0.6966 -0.7175 -0.0000
vn 0.7019 -0.7123 -0.0000
vn 0.7085 -0.7057 -0.0000
vn -0.7124 0.7018 -0.0000
vn -0.3827 0.9239 -0.0000
vn -0.7071 0.7071 -0.0000
vn 0.1482 -0.9889 0.0067
vn -0.0015 -1.0000 -0.0019
vn 0.4262 -0.9046 -0.0067
vn -0.3396 -0.9406 0.0044
vn 0.0461 0.9989 0.0042
vn -0.3396 0.9406 -0.0044
vn -0.3827 -0.9239 -0.0000
vn 0.1951 0.9807 -0.0087
vn -0.7390 -0.6737 -0.0044
vn 0.5153 0.8570 0.0063
vn 0.7071 0.7071 -0.0091
vn -0.9233 -0.3840 0.0019
vn -0.7071 -0.7071 -0.0000
vn 0.8323 0.5543 0.0019
vn 0.8049 -0.5934 -0.0044
vn -1.0000 0.0015 0.0019
vn -0.9807 -0.1951 -0.0091
vn 0.8315 -0.5556 -0.0000
vn 0.9707 0.2402 -0.0044
vn -0.9406 0.3396 -0.0044
vn -0.9239 0.3827 -0.0000
vn 0.5568 -0.8307 0.0019
vn 0.9808 0.1951 -0.0000
vn -0.2588 0.9659 -0.0000
vn -0.9659 0.2588 -0.0000
vn -0.9659 -0.2588 -0.0000
vn -0.2588 -0.9659 -0.0000
vn 0.2588 -0.9659 -0.0000
vn 0.9659 -0.2588 -0.0000
vn 0.9659 0.2588 -0.0000
vn 0.7071 0.7071 -0.0000
vn 0.2588 0.9659 -0.0000
vn -0.6911 0.6960 -0.1950
vn -0.6926 0.6986 0.1798
vn -0.6926 0.6986 -0.1798
vn 0.1419 -0.1396 0.9800
vn 0.2926 -0.2901 0.9112
vn 0.1488 -0.1476 0.9778
vn 0.6602 -0.6469 0.3816
vn 0.7019 -0.6889 0.1808
vn 0.6669 -0.6558 0.3539
vn -0.6911 0.6960 0.1950
vn -0.6582 0.6639 0.3549
vn -0.2717 0.2709 0.9235
vn -0.1496 0.1504 0.9772
vn -0.2913 0.2928 0.9107
vn 0.7018 -0.6889 -0.1814
vn 0.6602 -0.6469 -0.3816
vn 0.6669 -0.6558 -0.3538
vn 0.2926 -0.2901 -0.9112
vn 0.1419 -0.1396 -0.9800
vn 0.1488 -0.1476 -0.9778
vn -0.1500 0.1507 -0.9771
vn -0.2717 0.2709 -0.9235
vn -0.2913 0.2928 -0.9107
vn -0.6582 0.6639 -0.3549
vn -0.1360 0.1355 0.9814
vn -0.1360 0.1356 -0.9814
vn 0.7007 -0.6865 -0.1942
vn 0.7007 -0.6865 0.1942
vn 0.2729 -0.2684 0.9238
vn -0.6516 0.6550 0.3827
vn 0.7020 -0.6890 -0.1804
vn 0.6601 -0.6468 -0.3821
vn 0.2729 -0.2684 -0.9238
vn -0.1493 0.1501 -0.9773
vn -0.2715 0.2706 -0.9236
vn -0.6516 0.6550 -0.3827
vn -0.1951 -0.9808 -0.0000
vn 0.1951 -0.9808 -0.0000
vn 0.3827 -0.9239 -0.0000
vn 0.5556 -0.8315 -0.0000
vn -0.5556 -0.8315 -0.0000
vn -0.8315 -0.5556 -0.0000
vn 0.9239 -0.3827 -0.0000
vn -0.9239 -0.3827 -0.0000
vn -0.9808 -0.1951 -0.0000
vn -1.0000 -0.0000 -0.0000
vn 1.0000 -0.0000 -0.0000
vn -0.9808 0.1951 -0.0000
vn 0.9239 0.3827 -0.0000
vn -0.8315 0.5556 -0.0000
vn 0.8315 0.5556 -0.0000
vn 0.5556 0.8315 -0.0000
vn -0.5556 0.8315 -0.0000
vn 0.3827 0.9239 -0.0000
vn 0.1951 0.9808 -0.0000
vn -0.1951 0.9808 -0.0000
vn -0.0000 1.0000 -0.0000
vn 0.0007 -0.0004 -1.0000
vn 0.0008 -0.0000 -1.0000
vn -0.0007 0.0004 -1.0000
vn -0.0004 0.0007 -1.0000
vn 0.0004 0.0007 -1.0000
vn -0.0000 0.0008 -1.0000
vn -0.0004 -0.0007 -1.0000
vn -0.0007 -0.0004 -1.0000
vn 0.0004 -0.0007 -1.0000
vn 0.0007 0.0004 -1.0000
vn -0.0008 -0.0000 -1.0000
vn -0.0000 -0.0008 -1.0000
vn -0.4210 0.9071 -0.0000
vn -0.0890 0.9960 -0.0000
vn -0.9960 0.0890 -0.0000
vn -0.9071 0.4210 -0.0000
vn -0.5751 -0.8181 -0.0000
vn -0.8181 -0.5751 -0.0000
vn -0.3805 -0.1020 0.9191
vn -0.1219 -0.0327 0.9920
vn 0.4210 -0.9071 -0.0000
vn 0.0890 -0.9960 -0.0000
vn 0.9960 -0.0890 -0.0000
vn 0.9071 -0.4210 -0.0000
vn 0.5751 0.8181 -0.0000
vn 0.8181 0.5751 -0.0000
vn -0.6806 0.6806 -0.2714
vn -0.9297 -0.2491 -0.2714
vn -0.2491 -0.9297 -0.2714
vn 0.6806 -0.6806 -0.2714
vn 0.9297 0.2491 -0.2714
vn 0.2491 0.9297 -0.2714
vn 0.5838 -0.5838 -0.5643
vn -0.7974 -0.2137 -0.5643
vn -0.2786 0.2786 0.9191
vn -0.0892 0.0892 0.9920
vn -0.1020 -0.3805 0.9191
vn -0.0327 -0.1219 0.9920
vn 0.3805 0.1020 0.9191
vn 0.1219 0.0327 0.9920
vn -0.2785 0.2785 -0.9191
vn -0.0892 0.0892 -0.9920
vn 0.3805 0.1020 -0.9191
vn 0.1219 0.0327 -0.9920
vn -0.8270 -0.2216 0.5167
vn -0.8753 -0.2345 0.4229
vn -0.2216 -0.8270 0.5167
vn -0.2345 -0.8753 0.4229
vn -0.1020 -0.3805 -0.9191
vn -0.0327 -0.1219 -0.9920
vn 0.1080 0.4029 -0.9089
vn 0.1884 0.7029 -0.6859
vn 0.6054 -0.6054 0.5167
vn 0.6408 -0.6408 0.4229
vn -0.4029 -0.1080 0.9089
vn -0.7029 -0.1884 0.6859
vn 0.7974 0.2137 -0.5643
vn -0.3805 -0.1020 -0.9191
vn -0.1219 -0.0327 -0.9920
vn 0.4029 0.1080 -0.9089
vn 0.7029 0.1884 -0.6859
vn 0.2949 -0.2949 0.9089
vn 0.5146 -0.5146 0.6859
vn -0.5838 0.5838 -0.5643
vn 0.2785 -0.2785 -0.9191
vn 0.0892 -0.0892 -0.9920
vn -0.2949 0.2949 -0.9089
vn -0.5146 0.5146 -0.6859
vn 0.4029 0.1080 0.9089
vn 0.7029 0.1883 0.6859
vn -0.4029 -0.1080 -0.9089
vn -0.7029 -0.1884 -0.6859
vn 0.8270 0.2216 0.5167
vn 0.8753 0.2345 0.4229
vn 0.2216 0.8270 0.5167
vn 0.2345 0.8753 0.4229
vn 0.1080 0.4029 0.9089
vn 0.1884 0.7029 0.6859
vn -0.2137 -0.7974 -0.5643
vn 0.1020 0.3805 -0.9191
vn 0.0327 0.1219 -0.9920
vn -0.1080 -0.4029 -0.9089
vn -0.1884 -0.7029 -0.6859
vn 0.2949 -0.2949 -0.9089
vn 0.5146 -0.5146 -0.6859
vn -0.6054 0.6054 0.5167
vn -0.6408 0.6408 0.4229
vn 0.2786 -0.2786 0.9191
vn 0.0892 -0.0892 0.9920
vn -0.2949 0.2949 0.9089
vn -0.5146 0.5146 0.6859
vn -0.5000 0.8660 -0.0000
vn -0.8181 0.5751 -0.0000
vn -0.9960 -0.0890 -0.0000
vn -0.8660 -0.5000 -0.0000
vn -0.5000 -0.8660 -0.0000
vn -0.0890 -0.9960 -0.0000
vn 0.5751 -0.8181 -0.0000
vn 0.8660 -0.5000 -0.0000
vn 0.9071 0.4210 -0.0000
vn 0.4210 0.9071 -0.0000
vn 0.2137 0.7974 -0.5643
vn -0.8660 0.5000 -0.0000
vn 0.5000 -0.8660 -0.0000
vn 0.8660 0.5000 -0.0000
vn 0.5000 0.8660 -0.0000
vn -0.1883 -0.7029 0.6859
vn 0.7029 0.1884 0.6859
vn 0.1020 0.3805 0.9191
vn 0.0327 0.1219 0.9920
vn -0.1080 -0.4029 0.9089
vn -0.1079 -0.4029 0.9089
vn -0.7748 -0.6319 0.0168
vn -0.7749 -0.6319 -0.0169
vn -0.7748 -0.6319 -0.0168
vn -0.6634 -0.7459 0.0590
vn -0.6977 -0.7111 0.0870
vn -0.6970 -0.7118 0.0868
vn -0.6634 -0.7459 -0.0590
vn -0.6977 -0.7111 -0.0870
vn -0.6654 -0.7440 -0.0617
vn -0.7243 -0.6840 0.0862
vn -0.7230 -0.6855 0.0861
vn 0.6613 -0.6613 0.3539
vn 0.6956 -0.6956 0.1800
vn 0.6613 -0.6613 -0.3539
vn 0.6956 -0.6956 -0.1800
vn 0.6956 -0.6956 -0.1797
vn 0.1504 -0.1504 -0.9771
vn 0.2920 -0.2920 -0.9107
vn 0.1501 -0.1501 0.9772
vn 0.2920 -0.2920 0.9107
vn 0.1486 -0.1486 0.9777
vn -0.6956 0.6956 0.1800
vn -0.6956 0.6956 -0.1797
vn -0.6957 0.6955 -0.1796
vn -0.2920 0.2920 0.9107
vn -0.1501 0.1501 0.9772
vn -0.1486 0.1486 -0.9777
vn 0.1486 -0.1486 -0.9777
vn 0.1498 -0.1498 -0.9773
vn -0.6955 0.6955 -0.1804
vn -0.6614 0.6614 -0.3539
vn -0.6614 0.6614 0.3539
vn -0.6956 0.6956 0.1797
vn -0.1486 0.1486 0.9777
vn 0.6956 -0.6956 0.1797
vn -0.2920 0.2920 -0.9107
vn -0.1501 0.1501 -0.9772
vn -0.7558 -0.6523 0.0573
vn -0.7749 -0.6319 0.0169
vn -0.7538 -0.6543 0.0598
vn -0.7558 -0.6523 -0.0573
vn -0.7230 -0.6855 -0.0861
vn -0.7243 -0.6840 -0.0862
vn -0.6420 -0.7665 -0.0177
vn -0.6419 -0.7666 -0.0178
vn -0.6419 -0.7666 0.0178
vn -0.6420 -0.7665 0.0177
vn -0.6654 -0.7440 0.0617
vn -0.6970 -0.7118 -0.0868
vn -0.7538 -0.6543 -0.0598
vn -0.0025 0.0014 -1.0000
vn 0.0001 -0.0001 1.0000
vn -0.0392 0.0119 0.9992
vn -0.0407 -0.0040 0.9992
vn -0.0391 0.0119 0.9992
vn -0.0317 0.0260 0.9992
vn -0.0316 0.0260 0.9992
vn -0.0193 0.0362 0.9992
vn -0.0193 0.0361 0.9992
vn -0.0040 0.0408 0.9992
vn 0.0119 0.0393 0.9992
vn 0.0261 0.0318 0.9992
vn 0.0260 0.0317 0.9992
vn 0.0362 0.0194 0.9992
vn 0.0409 0.0040 0.9992
vn 0.0393 -0.0119 0.9992
vn 0.0317 -0.0260 0.9992
vn 0.0193 -0.0361 0.9992
vn 0.0193 -0.0362 0.9992
vn 0.0040 -0.0407 0.9992
vn 0.0040 -0.0408 0.9992
vn -0.0119 -0.0391 0.9992
vn -0.0119 -0.0392 0.9992
vn -0.0259 -0.0316 0.9992
vn -0.0361 -0.0193 0.9992
vn -0.0360 -0.0193 0.9992
vn 0.0118 0.0388 -0.9992
vn 0.0191 -0.0358 -0.9992
vn 0.0040 -0.0405 -0.9992
vn 0.0192 -0.0359 -0.9992
vn -0.0040 0.0404 -0.9992
vn 0.0314 -0.0257 -0.9992
vn 0.0314 -0.0258 -0.9992
vn -0.0192 0.0359 -0.9992
vn 0.0388 -0.0118 -0.9992
vn -0.0405 -0.0040 -0.9992
vn -0.0191 0.0358 -0.9992
vn -0.0315 0.0258 -0.9992
vn -0.0359 -0.0192 -0.9992
vn -0.0314 0.0258 -0.9992
vn 0.0403 0.0040 -0.9992
vn -0.0390 0.0118 -0.9992
vn 0.0404 0.0040 -0.9992
vn -0.0258 -0.0315 -0.9992
vn -0.0389 0.0118 -0.9992
vn 0.0357 0.0191 -0.9992
vn -0.0118 -0.0389 -0.9992
vn -0.0118 -0.0390 -0.9992
vn 0.0257 0.0313 -0.9992
vn 0.0040 -0.0404 -0.9992
vn -0.2874 0.9476 -0.1397
vn -0.2780 0.9165 -0.2875
vn -0.2875 0.9477 -0.1389
vn -0.8729 0.4666 -0.1429
vn -0.8439 0.4511 -0.2904
vn -0.8730 0.4666 -0.1422
vn 0.3832 0.9236 0.0039
vn 0.3822 0.9241 0.0037
vn 0.3820 0.9241 0.0037
vn -0.6280 0.7652 -0.1414
vn -0.6073 0.7400 -0.2890
vn -0.6281 0.7653 -0.1406
vn -0.1945 -0.9809 -0.0031
vn -0.1935 -0.9811 -0.0034
vn -0.1947 -0.9809 -0.0030
vn 0.3808 0.9246 0.0042
vn 0.3806 0.9247 0.0042
vn 0.0719 0.0877 0.9936
vn 0.0719 0.0876 0.9936
vn 0.5556 -0.8314 0.0005
vn 0.5555 -0.8315 0.0005
vn -0.1075 0.0326 -0.9937
vn 0.7658 0.6285 -0.1360
vn 0.7411 0.6082 -0.2844
vn 0.7658 0.6285 -0.1359
vn 0.4670 0.8736 -0.1368
vn 0.4519 0.8454 -0.2849
vn 0.4670 0.8737 -0.1364
vn 0.0971 0.9856 -0.1381
vn 0.0939 0.9536 -0.2860
vn 0.0971 0.9857 -0.1374
vn -0.5561 -0.8311 -0.0044
vn -0.5551 -0.8318 -0.0042
vn -0.5562 -0.8310 -0.0044
vn 0.5554 -0.8316 0.0005
vn 0.9539 -0.0940 -0.2849
vn 0.9858 -0.0971 -0.1368
vn 0.9859 -0.0971 -0.1364
vn 0.9174 0.2783 -0.2844
vn 0.9480 0.2876 -0.1360
vn 0.9481 0.2876 -0.1359
vn -0.5549 -0.8319 -0.0043
vn -0.5536 -0.8327 -0.0047
vn 0.0329 0.1084 0.9936
vn 0.6076 -0.7404 -0.2875
vn 0.6282 -0.7654 -0.1397
vn 0.6282 -0.7655 -0.1389
vn 0.8451 -0.4517 -0.2860
vn 0.8735 -0.4669 -0.1381
vn 0.8736 -0.4669 -0.1374
vn -0.3826 0.9239 0.0005
vn -0.3827 0.9239 0.0005
vn -0.3828 0.9238 0.0005
vn -0.0868 0.0712 -0.9937
vn 0.9242 0.3820 0.0050
vn 0.9236 0.3833 0.0048
vn 0.9235 0.3835 0.0048
vn -0.3829 0.9238 0.0005
vn -0.7393 -0.6067 -0.2921
vn -0.7649 -0.6277 -0.1444
vn -0.7649 -0.6278 -0.1443
vn -0.4509 -0.8436 -0.2915
vn -0.4665 -0.8727 -0.1439
vn -0.4665 -0.8728 -0.1435
vn -0.0938 -0.9523 -0.2904
vn -0.0970 -0.9850 -0.1429
vn -0.0970 -0.9851 -0.1422
vn 0.2779 -0.9161 -0.2890
vn 0.2874 -0.9473 -0.1414
vn 0.2874 -0.9474 -0.1406
vn -0.9848 0.0970 -0.1439
vn -0.9520 0.0938 -0.2915
vn -0.9849 0.0970 -0.1435
vn 0.9229 0.3851 0.0054
vn 0.9228 0.3853 0.0054
vn -0.9469 -0.2872 -0.1444
vn -0.9152 -0.2776 -0.2921
vn -0.9469 -0.2873 -0.1443
vn -0.0111 0.1127 0.9936
vn 0.8317 -0.5553 0.0024
vn 0.8313 -0.5558 0.0023
vn 0.8317 -0.5552 0.0024
vn -0.0529 0.0989 -0.9937
vn -0.9131 -0.2770 0.2992
vn -0.9458 -0.2869 0.1519
vn -0.9459 -0.2869 0.1518
vn -0.9809 -0.1944 -0.0048
vn -0.9807 -0.1957 -0.0046
vn -0.9809 -0.1943 -0.0048
vn 0.8312 -0.5559 0.0023
vn 0.8308 -0.5566 0.0025
vn -0.9494 0.0935 0.2997
vn -0.9835 0.0969 0.1527
vn -0.9836 0.0969 0.1523
vn 0.2867 -0.9453 0.1556
vn 0.2767 -0.9122 0.3022
vn 0.2868 -0.9454 0.1548
vn -0.0968 -0.9833 0.1540
vn -0.0935 -0.9491 0.3008
vn -0.0969 -0.9834 0.1533
vn -0.4659 -0.8716 0.1527
vn -0.4497 -0.8414 0.2997
vn -0.4659 -0.8716 0.1523
vn -0.7640 -0.6270 0.1519
vn -0.7376 -0.6053 0.2992
vn -0.7641 -0.6270 0.1518
vn -0.9806 -0.1960 -0.0046
vn -0.9803 -0.1976 -0.0052
vn -0.0533 0.0998 0.9936
vn -0.7073 0.7069 -0.0015
vn -0.7070 0.7072 -0.0014
vn -0.7069 0.7073 -0.0014
vn -0.0110 0.1115 -0.9937
vn 0.1949 -0.9808 -0.0015
vn 0.1943 -0.9809 -0.0016
vn 0.1942 -0.9810 -0.0016
vn -0.7066 0.7076 -0.0016
vn -0.7065 0.7077 -0.0016
vn 0.0004 1.0000 0.0024
vn 0.0012 1.0000 0.0025
vn -0.0874 0.0717 0.9936
vn 0.8707 -0.4654 0.1587
vn 0.8399 -0.4489 0.3052
vn 0.8708 -0.4655 0.1580
vn 0.6265 -0.7634 0.1573
vn 0.6044 -0.7365 0.3038
vn 0.6266 -0.7635 0.1564
vn 0.9809 -0.1945 0.0039
vn 0.9807 -0.1956 0.0037
vn 0.0325 0.1072 -0.9937
vn -0.1956 -0.9807 -0.0032
vn -0.1967 -0.9805 -0.0034
vn -0.1969 -0.9804 -0.0034
vn 0.9806 -0.1958 0.0037
vn 0.9804 -0.1971 0.0042
vn 0.9446 0.2865 0.1603
vn 0.9108 0.2763 0.3068
vn 0.9446 0.2865 0.1601
vn 0.9824 -0.0968 0.1598
vn 0.9474 -0.0933 0.3062
vn 0.9825 -0.0968 0.1593
vn 0.5558 -0.8313 0.0005
vn -0.1081 0.0328 0.9936
vn -0.9241 0.3822 -0.0032
vn -0.9237 0.3831 -0.0030
vn -0.9237 0.3832 -0.0031
vn 0.0710 0.0865 -0.9937
vn 0.0933 0.9477 0.3052
vn 0.0968 0.9826 0.1587
vn 0.0968 0.9827 0.1580
vn 0.4488 0.8396 0.3062
vn 0.4653 0.8706 0.1598
vn 0.4487 0.8396 0.3062
vn 0.4654 0.8707 0.1593
vn 0.7357 0.6038 0.3068
vn 0.7630 0.6262 0.1603
vn 0.7630 0.6262 0.1601
vn -0.3824 0.9240 0.0005
vn -0.9232 0.3842 -0.0034
vn -0.9232 0.3844 -0.0034
vn 0.8322 -0.5545 0.0025
vn 0.8322 -0.5544 0.0025
vn 0.9806 0.1958 0.0048
vn 0.9809 0.1945 0.0046
vn 0.9806 0.1959 0.0048
vn 0.0987 0.0528 -0.9937
vn -0.7076 0.7066 -0.0015
vn 0.9809 0.1942 0.0046
vn 0.9813 0.1926 0.0051
vn 0.9812 -0.1931 0.0041
vn 0.9812 -0.1929 0.0042
vn -1.0000 -0.0007 -0.0044
vn -1.0000 0.0006 -0.0042
vn -1.0000 0.0008 -0.0043
vn 0.1114 0.0110 -0.9937
vn -0.6047 0.7369 0.3022
vn -0.6267 0.7636 0.1556
vn -0.6267 0.7637 0.1548
vn -0.9245 0.3812 -0.0034
vn -1.0000 0.0023 -0.0047
vn -1.0000 0.0026 -0.0048
vn -0.8411 0.4496 0.3008
vn -0.8714 0.4658 0.1540
vn -0.8715 0.4658 0.1533
vn -0.2766 0.9117 0.3037
vn -0.2867 0.9450 0.1573
vn -0.2867 0.9452 0.1564
vn -0.7529 0.6179 -0.2269
vn -0.6889 0.5654 -0.4535
vn -0.7531 0.6180 -0.2256
vn -0.4593 0.8592 -0.2253
vn -0.4204 0.7866 -0.4523
vn -0.4594 0.8595 -0.2239
vn -0.0955 0.9700 -0.2236
vn -0.0875 0.8882 -0.4510
vn -0.0956 0.9703 -0.2223
vn 0.2830 0.9330 -0.2221
vn 0.2592 0.8546 -0.4500
vn 0.2831 0.9333 -0.2211
vn 0.6187 0.7539 -0.2209
vn 0.5668 0.6906 -0.4493
vn 0.6188 0.7540 -0.2204
vn 0.8602 0.4598 -0.2204
vn 0.7880 0.4212 -0.4490
vn 0.8891 0.0876 -0.4493
vn 0.9706 0.0956 -0.2209
vn 0.9707 0.0956 -0.2204
vn 0.8546 -0.2592 -0.4500
vn 0.9330 -0.2830 -0.2221
vn 0.9333 -0.2831 -0.2211
vn 0.6899 -0.5662 -0.4510
vn 0.7534 -0.6183 -0.2236
vn 0.7537 -0.6185 -0.2223
vn 0.4204 -0.7866 -0.4523
vn 0.4593 -0.8592 -0.2253
vn 0.4594 -0.8595 -0.2239
vn 0.0874 -0.8869 -0.4535
vn 0.0955 -0.9692 -0.2269
vn 0.0955 -0.9695 -0.2256
vn -0.2586 -0.8523 -0.4546
vn -0.2826 -0.9317 -0.2281
vn -0.2827 -0.9319 -0.2271
vn -0.5648 -0.6882 -0.4553
vn -0.6176 -0.7525 -0.2288
vn -0.6176 -0.7526 -0.2282
vn -0.7851 -0.4196 -0.4556
vn -0.8585 -0.4589 -0.2288
vn -0.9688 -0.0954 -0.2288
vn -0.8860 -0.0873 -0.4553
vn -0.9689 -0.0954 -0.2282
vn -0.9317 0.2826 -0.2281
vn -0.8523 0.2586 -0.4546
vn -0.9319 0.2827 -0.2271
vn -0.8486 0.2574 0.4622
vn -0.9295 0.2820 0.2377
vn -0.9297 0.2820 0.2367
vn -0.8829 -0.0870 0.4615
vn -0.9669 -0.0952 0.2366
vn -0.9671 -0.0952 0.2361
vn -0.8570 -0.4581 0.2360
vn -0.7825 -0.4183 0.4612
vn -0.6164 -0.7511 0.2366
vn -0.5628 -0.6858 0.4615
vn -0.6165 -0.7512 0.2361
vn -0.2820 -0.9295 0.2377
vn -0.2574 -0.8486 0.4622
vn -0.2820 -0.9297 0.2367
vn 0.0952 -0.9663 0.2392
vn 0.0869 -0.8820 0.4632
vn 0.0952 -0.9666 0.2380
vn 0.4575 -0.8560 0.2409
vn 0.4175 -0.7810 0.4645
vn 0.4175 -0.7810 0.4644
vn 0.4577 -0.8563 0.2395
vn 0.7499 -0.6155 0.2424
vn 0.6841 -0.5614 0.4657
vn 0.7502 -0.6157 0.2412
vn 0.9281 -0.2815 0.2436
vn 0.8463 -0.2567 0.4667
vn 0.9283 -0.2816 0.2427
vn 0.9650 0.0950 0.2443
vn 0.8798 0.0867 0.4674
vn 0.9652 0.0951 0.2438
vn 0.7795 0.4167 0.4676
vn 0.8552 0.4571 0.2444
vn 0.5608 0.6834 0.4674
vn 0.6152 0.7496 0.2443
vn 0.6152 0.7497 0.2438
vn 0.2567 0.8463 0.4667
vn 0.2815 0.9281 0.2436
vn 0.2816 0.9283 0.2427
vn -0.0867 0.8807 0.4657
vn -0.0951 0.9655 0.2424
vn -0.0951 0.9658 0.2412
vn -0.4175 0.7810 0.4645
vn -0.4575 0.8560 0.2409
vn -0.4577 0.8563 0.2395
vn -0.6851 0.5622 0.4632
vn -0.7506 0.6160 0.2392
vn -0.7508 0.6162 0.2380
vn 0.1000 0.0535 0.9935
vn 0.7065 0.7077 0.0046
vn 0.7053 0.7089 0.0051
vn 0.7051 0.7091 0.0052
vn -0.0004 1.0000 0.0023
vn -0.0012 1.0000 0.0025
vn -0.0014 1.0000 0.0026
vn 0.7076 0.7066 0.0048
vn 0.7067 0.7075 0.0046
vn -0.0003 1.0000 0.0023
vn 0.1129 0.0111 0.9935
vn -0.8310 -0.5563 -0.0048
vn -0.8300 -0.5577 -0.0053
vn -0.8311 -0.5561 -0.0048
vn 0.1954 -0.9807 -0.0014
vn 0.1958 -0.9806 -0.0016
vn 0.1953 -0.9807 -0.0014
vn -0.8319 -0.5549 -0.0050
vn 0.1085 -0.0329 0.9936
vn 1.0000 0.0008 0.0043
vn 1.0000 0.0023 0.0047
vn 1.0000 0.0026 0.0048
vn 1.0000 -0.0007 0.0044
vn 1.0000 0.0006 0.0042
vn 0.0875 -0.0718 0.9936
vn 0.9241 -0.3821 0.0031
vn 0.9245 -0.3811 0.0034
vn 0.9246 -0.3810 0.0035
vn 0.9237 -0.3831 0.0032
vn 0.9240 -0.3823 0.0030
vn 0.0533 -0.0998 0.9936
vn -0.9809 0.1944 -0.0037
vn -0.9812 0.1931 -0.0042
vn -0.9809 0.1946 -0.0037
vn -0.9807 0.1957 -0.0039
vn 0.0111 -0.1125 0.9936
vn 0.7073 -0.7069 0.0014
vn 0.7076 -0.7066 0.0016
vn 0.7077 -0.7065 0.0016
vn 0.7069 -0.7073 0.0014
vn 0.7072 -0.7070 0.0014
vn -0.9813 -0.1927 -0.0051
vn -0.9813 -0.1924 -0.0051
vn -0.0328 -0.1081 0.9936
vn -0.8317 0.5552 -0.0023
vn -0.8322 0.5545 -0.0025
vn -0.8316 0.5553 -0.0023
vn 0.9248 0.3803 0.0053
vn 0.9242 0.3819 0.0050
vn -0.8313 0.5559 -0.0024
vn -0.8312 0.5559 -0.0024
vn -0.5575 -0.8302 -0.0047
vn -0.5577 -0.8300 -0.0047
vn -0.0716 -0.0873 0.9936
vn 0.3826 -0.9239 -0.0005
vn 0.3825 -0.9240 -0.0005
vn 0.3824 -0.9240 -0.0005
vn 0.3845 0.9231 0.0041
vn 0.3833 0.9236 0.0039
vn 0.3828 -0.9239 -0.0005
vn 0.7089 0.7053 0.0051
vn 0.7077 0.7065 0.0048
vn -0.0996 -0.0532 0.9936
vn -0.5556 0.8314 -0.0005
vn -0.5558 0.8313 -0.0005
vn -0.8329 -0.5534 -0.0053
vn -0.8331 -0.5532 -0.0054
vn -0.5555 0.8315 -0.0005
vn 1.0000 -0.0023 0.0047
vn -0.1124 -0.0111 0.9936
vn -0.0004 -1.0000 -0.0023
vn -0.0012 -1.0000 -0.0025
vn -0.0014 -1.0000 -0.0026
vn 0.9232 -0.3842 0.0034
vn 0.9237 -0.3832 0.0032
vn -0.1119 -0.0110 -0.9937
vn -0.1118 -0.0110 -0.9937
vn 0.0004 -1.0000 -0.0024
vn -0.0003 -1.0000 -0.0023
vn -0.9804 0.1971 -0.0041
vn -0.9803 0.1973 -0.0041
vn -0.1948 0.9808 0.0014
vn -0.1943 0.9809 0.0016
vn -0.1949 0.9808 0.0014
vn 0.7066 -0.7076 0.0015
vn 0.7069 -0.7073 0.0015
vn -0.0991 -0.0530 -0.9937
vn -0.1953 0.9807 0.0014
vn -0.1953 0.9807 0.0015
vn -0.8308 0.5566 -0.0025
vn -0.8307 0.5567 -0.0025
vn -0.3833 -0.9236 -0.0037
vn -0.3845 -0.9231 -0.0042
vn -0.3847 -0.9230 -0.0042
vn 0.3829 -0.9238 -0.0005
vn 0.3828 -0.9238 -0.0005
vn -0.0713 -0.0869 -0.9937
vn -0.3821 -0.9241 -0.0039
vn -0.3831 -0.9237 -0.0037
vn -0.5554 0.8316 -0.0005
vn -0.5553 0.8316 -0.0005
vn 0.1957 0.9807 0.0031
vn 0.1967 0.9805 0.0034
vn 0.1955 0.9807 0.0030
vn 0.0012 -1.0000 -0.0025
vn -0.0326 -0.1075 -0.9937
vn 0.1946 0.9809 0.0032
vn -0.1958 0.9806 0.0015
vn -0.1959 0.9806 0.0016
vn -0.7077 -0.7065 -0.0046
vn -0.7089 -0.7053 -0.0052
vn -0.7091 -0.7051 -0.0052
vn -0.3808 -0.9246 -0.0041
vn 0.0110 -0.1117 -0.9937
vn -0.7066 -0.7076 -0.0048
vn -0.7075 -0.7067 -0.0046
vn 0.1935 0.9811 0.0034
vn 0.1933 0.9811 0.0034
vn 0.5562 0.8310 0.0043
vn 0.5575 0.8302 0.0048
vn 0.5561 0.8311 0.0042
vn -0.7053 -0.7089 -0.0051
vn -0.7065 -0.7077 -0.0048
vn 0.0529 -0.0989 -0.9937
vn 0.5550 0.8318 0.0044
vn 0.5549 0.8319 0.0044
vn 0.5537 0.8327 0.0047
vn 0.5534 0.8329 0.0047
vn -0.9242 -0.3818 -0.0048
vn -0.9249 -0.3803 -0.0054
vn -0.9250 -0.3800 -0.0054
vn -0.9236 -0.3834 -0.0050
vn -0.9229 -0.3851 -0.0053
vn -0.9235 -0.3835 -0.0050
vn 0.0866 -0.0711 -0.9937
vn -0.9241 -0.3821 -0.0048
vn 0.8310 0.5562 0.0050
vn 0.8300 0.5577 0.0053
vn 0.8299 0.5579 0.0053
vn 0.8320 0.5548 0.0048
vn 0.8329 0.5534 0.0054
vn 0.8318 0.5550 0.0048
vn -1.0000 -0.0023 -0.0047
vn 0.1072 -0.0325 -0.9937
vn 0.8310 0.5563 0.0050
vn 0.9803 0.1975 0.0051
vn 0.9802 0.1978 0.0051
vn -0.1933 -0.9811 -0.0034
vn 0.5553 -0.8316 0.0005
vn -0.5534 -0.8329 -0.0048
vn 0.8307 -0.5567 0.0026
vn -0.9802 -0.1978 -0.0052
vn 0.0014 1.0000 0.0025
vn 0.9803 -0.1973 0.0042
vn -0.7077 0.7065 -0.0016
vn 0.9813 0.1924 0.0052
vn -0.9246 0.3810 -0.0034
vn 0.1128 0.0111 0.9936
vn -0.8299 -0.5579 -0.0054
vn 0.1959 -0.9806 -0.0016
vn -0.9812 0.1929 -0.0042
vn -0.8322 0.5544 -0.0026
vn 0.9250 0.3800 0.0053
vn 0.3847 0.9230 0.0042
vn 0.7090 0.7051 0.0051
vn 1.0000 -0.0026 0.0047
vn 0.9232 -0.3844 0.0034
vn -0.1943 0.9810 0.0016
vn 0.7065 -0.7077 0.0016
vn 0.1969 0.9804 0.0035
vn 0.0014 -1.0000 -0.0025
vn -0.3806 -0.9247 -0.0041
vn 0.5577 0.8300 0.0048
vn -0.7051 -0.7090 -0.0051
vn -0.9228 -0.3853 -0.0053
vn 0.8331 0.5531 0.0054
vn -1.0000 -0.0026 -0.0048
vt 0.241622 0.510735
vt 0.262199 0.510897
vt 0.286090 0.562227
vt 0.489608 0.005306
vt 0.412377 0.408469
vt 0.393727 0.416523
vt 0.489280 0.541730
vt 0.476932 0.554704
vt 0.467015 0.487651
vt 0.355586 0.650679
vt 0.322106 0.581599
vt 0.355325 0.581474
vt 0.355122 0.527739
vt 0.321971 0.545776
vt 0.321904 0.527865
vt 0.355189 0.545651
vt 0.322039 0.563688
vt 0.322571 0.704539
vt 0.355721 0.686502
vt 0.355789 0.704413
vt 0.322503 0.686627
vt 0.355654 0.668590
vt 0.322435 0.668716
vt 0.359014 0.718922
vt 0.466215 0.740939
vt 0.359014 0.740939
vt 0.524386 0.718922
vt 0.496445 0.740938
vt 0.496445 0.718922
vt 0.465644 0.774585
vt 0.465073 0.808231
vt 0.597839 0.740938
vt 0.554889 0.718922
vt 0.597839 0.718922
vt 0.422129 0.652351
vt 0.465644 0.685276
vt 0.466215 0.718922
vt 0.554889 0.740938
vt 0.539637 0.718922
vt 0.539637 0.740938
vt 0.481330 0.718922
vt 0.481330 0.740938
vt 0.489863 0.632665
vt 0.457290 0.585440
vt 0.489863 0.585440
vt 0.556644 0.632665
vt 0.540452 0.585440
vt 0.556644 0.585440
vt 0.506172 0.632665
vt 0.540452 0.632665
vt 0.506172 0.585440
vt 0.545275 0.644195
vt 0.590017 0.689389
vt 0.545755 0.678472
vt 0.383404 0.632665
vt 0.362342 0.585440
vt 0.383404 0.585440
vt 0.621737 0.632665
vt 0.590017 0.528716
vt 0.621737 0.585440
vt 0.545755 0.539634
vt 0.557446 0.528264
vt 0.545275 0.573910
vt 0.557446 0.689842
vt 0.387036 0.496738
vt 0.390568 0.561476
vt 0.373158 0.557269
vt 0.360184 0.544921
vt 0.459751 0.559766
vt 0.413904 0.510586
vt 0.493487 0.524320
vt 0.289409 0.496661
vt 0.303742 0.557895
vt 0.316852 0.545313
vt 0.213057 0.493957
vt 0.216178 0.560147
vt 0.199008 0.555032
vt 0.186683 0.541999
vt 0.182530 0.524541
vt 0.480205 0.713200
vt 0.485803 0.699160
vt 0.485331 0.671223
vt 0.479258 0.657233
vt 0.465073 0.651630
vt 0.479258 0.802628
vt 0.485803 0.760701
vt 0.480205 0.746661
vt 0.485331 0.788638
vt 0.353162 0.008700
vt 0.320336 0.112629
vt 0.319944 0.008825
vt 0.353554 0.112504
vt 0.351243 0.008725
vt 0.015007 0.718923
vt 0.015007 0.740939
vt 0.182530 0.004687
vt 0.263125 0.406809
vt 0.242722 0.406644
vt 0.322372 0.007743
vt 0.069176 0.510735
vt 0.089753 0.510897
vt 0.113644 0.562227
vt 0.317162 0.005306
vt 0.239931 0.408469
vt 0.221281 0.416523
vt 0.316834 0.541730
vt 0.304486 0.554704
vt 0.294569 0.487651
vt 0.183140 0.650679
vt 0.149661 0.581599
vt 0.182879 0.581474
vt 0.182676 0.527740
vt 0.149525 0.545776
vt 0.149458 0.527865
vt 0.182744 0.545651
vt 0.149593 0.563688
vt 0.150125 0.704539
vt 0.183276 0.686502
vt 0.183343 0.704413
vt 0.150057 0.686627
vt 0.183208 0.668590
vt 0.149990 0.668716
vt 0.358473 0.718923
vt 0.465674 0.740939
vt 0.358473 0.740939
vt 0.523845 0.718922
vt 0.495904 0.740938
vt 0.495904 0.718922
vt 0.465103 0.774585
vt 0.464532 0.808231
vt 0.597298 0.740938
vt 0.554348 0.718922
vt 0.597298 0.718922
vt 0.421588 0.652351
vt 0.465103 0.685276
vt 0.465674 0.718922
vt 0.554348 0.740938
vt 0.539097 0.718922
vt 0.539097 0.740938
vt 0.480789 0.718922
vt 0.480790 0.740939
vt 0.214590 0.496738
vt 0.218122 0.561476
vt 0.200712 0.557269
vt 0.187738 0.544921
vt 0.287305 0.559766
vt 0.241458 0.510587
vt 0.321041 0.524320
vt 0.116963 0.496661
vt 0.131296 0.557895
vt 0.144407 0.545313
vt 0.040612 0.493957
vt 0.043732 0.560147
vt 0.026563 0.555032
vt 0.014238 0.541999
vt 0.010084 0.524541
vt 0.479664 0.713200
vt 0.485262 0.699160
vt 0.484790 0.671223
vt 0.478717 0.657233
vt 0.464532 0.651630
vt 0.478718 0.802628
vt 0.485262 0.760701
vt 0.479664 0.746661
vt 0.484790 0.788638
vt 0.180716 0.008700
vt 0.147890 0.112629
vt 0.147498 0.008825
vt 0.181108 0.112504
vt 0.178797 0.008725
vt 0.014467 0.718923
vt 0.014467 0.740940
vt 0.010084 0.004687
vt 0.090679 0.406809
vt 0.070276 0.406644
vt 0.149926 0.007743
vt 0.041319 0.640085
vt 0.048123 0.567897
vt 0.048068 0.640090
vt 0.091856 0.640067
vt 0.088455 0.567875
vt 0.095205 0.567872
vt 0.081814 0.640078
vt 0.034570 0.640080
vt 0.041374 0.567892
vt 0.081706 0.567885
vt 0.031332 0.567879
vt 0.074957 0.567895
vt 0.024528 0.640068
vt 0.021290 0.567867
vt 0.068316 0.640098
vt 0.075065 0.640088
vt 0.017778 0.640055
vt 0.112104 0.640045
vt 0.105247 0.567862
vt 0.111996 0.567852
vt 0.061567 0.640100
vt 0.064915 0.567905
vt 0.105355 0.640055
vt 0.011247 0.567842
vt 0.054872 0.567902
vt 0.054817 0.640095
vt 0.098605 0.640065
vt 0.118745 0.567842
vt 0.118853 0.640035
vt 0.203386 0.653880
vt 0.252675 0.674297
vt 0.216271 0.718655
vt 0.247843 0.705742
vt 0.199276 0.710525
vt 0.199276 0.657175
vt 0.375498 0.480017
vt 0.474507 0.468769
vt 0.471095 0.438735
vt 0.371238 0.460154
vt 0.459557 0.422014
vt 0.379579 0.431101
vt 0.432689 0.408165
vt 0.322368 0.650804
vt 0.355257 0.563563
vt 0.524386 0.740938
vt 0.422129 0.807510
vt 0.457290 0.632665
vt 0.362342 0.632665
vt 0.642307 0.580916
vt 0.642307 0.637190
vt 0.443938 0.507174
vt 0.203707 0.479271
vt 0.301010 0.479645
vt 0.305221 0.459500
vt 0.199888 0.459461
vt 0.204282 0.437423
vt 0.300863 0.438172
vt 0.223782 0.414267
vt 0.289721 0.421211
vt 0.203053 0.480017
vt 0.302061 0.468769
vt 0.298649 0.438735
vt 0.198792 0.460154
vt 0.287111 0.422014
vt 0.207133 0.431101
vt 0.260243 0.408165
vt 0.149922 0.650804
vt 0.182811 0.563562
vt 0.523845 0.740938
vt 0.421588 0.807510
vt 0.271492 0.507174
vt 0.031261 0.479271
vt 0.128564 0.479645
vt 0.132775 0.459500
vt 0.027442 0.459461
vt 0.031836 0.437423
vt 0.128417 0.438171
vt 0.051336 0.414267
vt 0.117276 0.421211
vt 0.011029 0.640034
vt 0.186631 0.674296
vt 0.192978 0.662422
vt 0.223036 0.649972
vt 0.235920 0.653880
vt 0.246328 0.662422
vt 0.252675 0.694331
vt 0.241545 0.710989
vt 0.229670 0.717336
vt 0.197762 0.710989
vt 0.186631 0.694331
vt 0.211151 0.650828
vt 0.224551 0.649509
vt 0.237435 0.653417
vt 0.247843 0.661959
vt 0.254190 0.673833
vt 0.254190 0.693868
vt 0.237435 0.714284
vt 0.224550 0.718192
vt 0.211151 0.716872
vt 0.190735 0.700117
vt 0.186826 0.687233
vt 0.190735 0.667583
vt 0.751505 0.779437
vt 0.757621 0.724299
vt 0.757622 0.779437
vt 0.745389 0.779437
vt 0.751505 0.724299
vt 0.739273 0.779437
vt 0.745389 0.724299
vt 0.733157 0.779437
vt 0.739273 0.724299
vt 0.727041 0.779437
vt 0.733157 0.724299
vt 0.720925 0.779437
vt 0.727041 0.724299
vt 0.714809 0.779437
vt 0.720925 0.724299
vt 0.708693 0.779437
vt 0.714809 0.724299
vt 0.702577 0.779437
vt 0.708693 0.724299
vt 0.696461 0.779437
vt 0.702577 0.724299
vt 0.690345 0.779437
vt 0.696461 0.724299
vt 0.763737 0.724299
vt 0.763738 0.779437
vt 0.749267 0.793908
vt 0.752325 0.782495
vt 0.772092 0.787792
vt 0.690345 0.724299
vt 0.769034 0.782495
vt 0.772092 0.793908
vt 0.757622 0.802263
vt 0.769034 0.799205
vt 0.763738 0.802263
vt 0.752325 0.799205
vt 0.749267 0.787792
vt 0.566835 0.188397
vt 0.972358 0.174418
vt 0.972430 0.185814
vt 0.565584 0.122015
vt 0.971579 0.102075
vt 0.971813 0.122275
vt 0.565029 0.100217
vt 0.971543 0.080541
vt 0.566762 0.177004
vt 0.972183 0.152884
vt 0.566458 0.155205
vt 0.971945 0.132683
vt 0.971603 0.069150
vt 0.565316 0.045226
vt 0.971864 0.047617
vt 0.566100 0.023436
vt 0.972308 0.027420
vt 0.972549 0.227551
vt 0.566808 0.210198
vt 0.972530 0.207349
vt 0.565899 0.133407
vt 0.566533 0.012048
vt 0.564916 0.067024
vt 0.564857 0.078417
vt 0.566527 0.232001
vt 0.972549 0.017014
vt 0.463198 0.188097
vt 0.370971 0.188097
vt 0.463198 0.172459
vt 0.463198 0.203734
vt 0.370971 0.172460
vt 0.370971 0.203734
vt 0.463198 0.156822
vt 0.463198 0.219372
vt 0.370971 0.156822
vt 0.370971 0.219372
vt 0.463198 0.235009
vt 0.370971 0.235009
vt 0.463198 0.141185
vt 0.370971 0.141185
vt 0.463198 0.250647
vt 0.370971 0.250647
vt 0.463198 0.125547
vt 0.370971 0.125547
vt 0.463198 0.109910
vt 0.463198 0.266284
vt 0.370971 0.109910
vt 0.370971 0.266284
vt 0.463198 0.281921
vt 0.463197 0.094272
vt 0.370971 0.094272
vt 0.370971 0.281921
vt 0.463198 0.078635
vt 0.370971 0.297559
vt 0.370971 0.078635
vt 0.463198 0.297559
vt 0.463197 0.062998
vt 0.370971 0.062998
vt 0.463198 0.313196
vt 0.370971 0.313196
vt 0.463198 0.328834
vt 0.463197 0.047360
vt 0.370971 0.047360
vt 0.370971 0.328834
vt 0.463198 0.344471
vt 0.370971 0.344471
vt 0.463197 0.031723
vt 0.370971 0.547757
vt 0.370971 0.532120
vt 0.463197 0.532120
vt 0.463197 0.516482
vt 0.463198 0.360108
vt 0.370971 0.516482
vt 0.370971 0.360108
vt 0.463197 0.500845
vt 0.463198 0.375746
vt 0.370971 0.375746
vt 0.370971 0.500845
vt 0.463198 0.391383
vt 0.463198 0.485208
vt 0.370971 0.391383
vt 0.370971 0.485208
vt 0.463198 0.407021
vt 0.463198 0.469570
vt 0.370971 0.407021
vt 0.370971 0.469570
vt 0.463198 0.422658
vt 0.463198 0.453933
vt 0.370971 0.453933
vt 0.370971 0.422658
vt 0.463198 0.438295
vt 0.370971 0.438295
vt 0.053261 0.802122
vt 0.035664 0.793556
vt 0.055556 0.793556
vt 0.037959 0.859227
vt 0.018438 0.857847
vt 0.024708 0.851577
vt 0.017057 0.823024
vt 0.008492 0.840620
vt 0.008492 0.820729
vt 0.074163 0.838325
vt 0.072783 0.857847
vt 0.066512 0.851576
vt 0.072783 0.803502
vt 0.066512 0.809773
vt 0.017057 0.838325
vt 0.759651 0.236742
vt 0.751085 0.219145
vt 0.759651 0.221440
vt 0.055556 0.867793
vt 0.053261 0.859227
vt 0.074163 0.823024
vt 0.082729 0.820729
vt 0.024708 0.809773
vt 0.037959 0.802122
vt 0.035664 0.867793
vt 0.082729 0.840620
vt 0.915727 0.083729
vt 0.938390 0.068427
vt 0.938390 0.083729
vt 0.915727 0.114331
vt 0.938390 0.099030
vt 0.938390 0.114331
vt 0.915727 0.144934
vt 0.938390 0.129633
vt 0.938390 0.144934
vt 0.385927 0.944544
vt 0.411633 0.913230
vt 0.411633 0.944544
vt 0.915727 0.175537
vt 0.938390 0.160235
vt 0.938390 0.175537
vt 0.915727 0.206139
vt 0.938390 0.190838
vt 0.938390 0.206139
vt 0.915727 0.236742
vt 0.938390 0.221440
vt 0.938390 0.236742
vt 0.392729 0.626002
vt 0.367023 0.587929
vt 0.392729 0.587929
vt 0.392739 0.626370
vt 0.367033 0.588297
vt 0.392739 0.588297
vt 0.392570 0.626370
vt 0.366864 0.588297
vt 0.392570 0.588297
vt 0.392065 0.586984
vt 0.366359 0.625057
vt 0.366358 0.586984
vt 0.392475 0.625222
vt 0.366769 0.587149
vt 0.392475 0.587149
vt 0.098480 0.984914
vt 0.128781 0.934861
vt 0.131181 0.983294
vt 0.324552 0.774464
vt 0.350258 0.659558
vt 0.350258 0.774464
vt 0.325226 0.775777
vt 0.350932 0.660871
vt 0.350932 0.775777
vt 0.411623 0.944176
vt 0.385917 0.912862
vt 0.411623 0.912862
vt 0.367033 0.731655
vt 0.367033 0.626370
vt 0.385758 0.944544
vt 0.411464 0.913230
vt 0.411464 0.944544
vt 0.385663 0.943396
vt 0.411369 0.912082
vt 0.411369 0.943396
vt 0.350258 0.928233
vt 0.324552 0.887298
vt 0.350258 0.887298
vt 0.325226 0.929546
vt 0.350932 0.888611
vt 0.350932 0.929546
vt 0.308861 0.730507
vt 0.324962 0.659723
vt 0.324962 0.774630
vt 0.203015 0.712239
vt 0.172547 0.742163
vt 0.169824 0.687207
vt 0.206741 0.688296
vt 0.167800 0.646359
vt 0.366769 0.730507
vt 0.392475 0.730507
vt 0.089444 0.802547
vt 0.096080 0.936481
vt 0.173330 0.559910
vt 0.134555 0.601420
vt 0.143669 0.554187
vt 0.137123 0.688827
vt 0.135099 0.647979
vt 0.350668 0.659723
vt 0.366769 0.625222
vt 0.375723 0.796911
vt 0.350668 0.774630
vt 0.375723 0.734902
vt 0.299907 0.796911
vt 0.324962 0.817830
vt 0.367023 0.731287
vt 0.392729 0.731287
vt 0.379575 0.815542
vt 0.405282 0.802674
vt 0.405282 0.815542
vt 0.352735 0.927365
vt 0.327029 0.886430
vt 0.352735 0.886430
vt 0.350668 0.849941
vt 0.350668 0.817830
vt 0.309115 0.731287
vt 0.325216 0.660503
vt 0.325216 0.775409
vt 0.282497 0.890651
vt 0.325216 0.850721
vt 0.325216 0.888243
vt 0.393641 0.890651
vt 0.350922 0.850721
vt 0.393641 0.836793
vt 0.375977 0.797691
vt 0.350922 0.775409
vt 0.375977 0.735682
vt 0.405536 0.816322
vt 0.379829 0.803453
vt 0.405536 0.803453
vt 0.350922 0.660503
vt 0.325216 0.929178
vt 0.350922 0.888243
vt 0.350922 0.929178
vt 0.350922 0.818610
vt 0.379839 0.816690
vt 0.405545 0.803821
vt 0.405545 0.816690
vt 0.325226 0.851088
vt 0.350932 0.818978
vt 0.350932 0.851088
vt 0.375987 0.798059
vt 0.375987 0.736050
vt 0.392739 0.731655
vt 0.366864 0.731655
vt 0.392570 0.731655
vt 0.300171 0.798059
vt 0.325226 0.818978
vt 0.308957 0.731655
vt 0.325057 0.660871
vt 0.325057 0.775777
vt 0.300003 0.798059
vt 0.325057 0.818978
vt 0.350764 0.660871
vt 0.366864 0.626370
vt 0.375818 0.798059
vt 0.350764 0.775777
vt 0.375818 0.736050
vt 0.379671 0.816690
vt 0.405377 0.803821
vt 0.405377 0.816690
vt 0.350764 0.929546
vt 0.325057 0.888611
vt 0.350764 0.888611
vt 0.350764 0.851089
vt 0.350764 0.818978
vt 0.308451 0.730342
vt 0.324552 0.659558
vt 0.299497 0.796746
vt 0.324552 0.817665
vt 0.324552 0.849775
vt 0.350258 0.817665
vt 0.350258 0.849775
vt 0.392065 0.730342
vt 0.392065 0.625057
vt 0.385253 0.943231
vt 0.410959 0.911917
vt 0.410959 0.943231
vt 0.404872 0.815377
vt 0.379166 0.802508
vt 0.404872 0.802508
vt 0.851024 0.083729
vt 0.915727 0.068427
vt 0.052560 0.968036
vt 0.067012 0.952734
vt 0.067012 0.968036
vt 0.851024 0.099030
vt 0.915727 0.099030
vt 0.052560 0.983337
vt 0.067012 0.983337
vt 0.851024 0.114331
vt 0.948007 0.533596
vt 0.557964 0.479113
vt 0.948007 0.479114
vt 0.851024 0.129633
vt 0.915727 0.129633
vt 0.021310 0.952709
vt 0.035762 0.937407
vt 0.035762 0.952709
vt 0.851024 0.144934
vt 0.021310 0.968010
vt 0.035762 0.968010
vt 0.851024 0.160235
vt 0.915727 0.160235
vt 0.021310 0.983311
vt 0.035762 0.983311
vt 0.851024 0.175537
vt 0.488059 0.282086
vt 0.520375 0.063579
vt 0.520375 0.282086
vt 0.915727 0.190838
vt 0.051522 0.897372
vt 0.066823 0.882920
vt 0.066823 0.897372
vt 0.851024 0.206139
vt 0.036221 0.897372
vt 0.051522 0.882920
vt 0.851024 0.221440
vt 0.915727 0.221440
vt 0.020919 0.882920
vt 0.020919 0.897372
vt 0.851024 0.236742
vt 0.589753 0.276734
vt 0.620275 0.058228
vt 0.620275 0.276734
vt 0.851024 0.068427
vt 0.915727 0.053126
vt 0.836572 0.068427
vt 0.851024 0.053126
vt 0.526915 0.058228
vt 0.494599 0.027706
vt 0.526916 0.027706
vt 0.557964 0.309259
vt 0.503482 0.366945
vt 0.503482 0.309259
vt 0.488059 0.033057
vt 0.520375 0.033058
vt 0.557437 0.058228
vt 0.589753 0.058228
vt 0.583213 0.282086
vt 0.613735 0.063579
vt 0.613735 0.282086
vt 0.526915 0.276734
vt 0.494599 0.058228
vt 0.948007 0.421428
vt 0.557964 0.421427
vt 0.557437 0.276734
vt 0.557964 0.366945
vt 0.948007 0.366945
vt 0.948007 0.309259
vt 0.550897 0.063579
vt 0.550897 0.282086
vt 0.583213 0.063579
vt 0.209319 0.591439
vt 0.163364 0.604294
vt 0.379575 0.802674
vt 0.393387 0.889871
vt 0.393387 0.836013
vt 0.296055 0.815542
vt 0.324962 0.849941
vt 0.282243 0.889871
vt 0.324962 0.887463
vt 0.379829 0.816322
vt 0.296309 0.816322
vt 0.325216 0.818610
vt 0.300161 0.797691
vt 0.296319 0.816690
vt 0.282507 0.891019
vt 0.325226 0.888611
vt 0.379839 0.803821
vt 0.393651 0.891019
vt 0.393651 0.837161
vt 0.379671 0.803821
vt 0.393483 0.891019
vt 0.393483 0.837161
vt 0.296150 0.816690
vt 0.325057 0.851089
vt 0.282338 0.891019
vt 0.295645 0.815377
vt 0.281833 0.889706
vt 0.139846 0.743783
vt 0.147088 0.889956
vt 0.759651 0.083729
vt 0.836572 0.083729
vt 0.759651 0.099030
vt 0.836572 0.099030
vt 0.759651 0.114331
vt 0.836572 0.114331
vt 0.759651 0.129633
vt 0.836572 0.129633
vt 0.759651 0.144934
vt 0.836572 0.144934
vt 0.759651 0.160235
vt 0.836572 0.160235
vt 0.759651 0.175536
vt 0.836572 0.175537
vt 0.836572 0.190838
vt 0.759651 0.206139
vt 0.836572 0.206139
vt 0.836572 0.221441
vt 0.836572 0.236742
vt 0.759651 0.068427
vt 0.836573 0.053126
vt 0.904258 0.728522
vt 0.918833 0.703896
vt 0.913384 0.731290
vt 0.674265 0.605589
vt 0.686645 0.579788
vt 0.692694 0.587160
vt 0.894285 0.752601
vt 0.902695 0.757096
vt 0.709869 0.564270
vt 0.714364 0.572680
vt 0.879805 0.774271
vt 0.887177 0.780320
vt 0.735674 0.553581
vt 0.738442 0.562707
vt 0.861377 0.792700
vt 0.867426 0.800071
vt 0.764004 0.557622
vt 0.763069 0.548132
vt 0.714364 0.807179
vt 0.735675 0.826278
vt 0.709869 0.815589
vt 0.839707 0.807179
vt 0.844202 0.815589
vt 0.791001 0.548132
vt 0.790067 0.557622
vt 0.692694 0.792700
vt 0.686645 0.800071
vt 0.815628 0.817153
vt 0.818396 0.826278
vt 0.818396 0.553581
vt 0.815628 0.562706
vt 0.666894 0.780321
vt 0.674265 0.774271
vt 0.790066 0.822237
vt 0.791001 0.831727
vt 0.844202 0.564270
vt 0.839706 0.572680
vt 0.651376 0.757096
vt 0.659786 0.752601
vt 0.764004 0.822237
vt 0.763070 0.831727
vt 0.867426 0.579788
vt 0.861377 0.587160
vt 0.640687 0.731291
vt 0.649812 0.728523
vt 0.738443 0.817153
vt 0.879805 0.605589
vt 0.887177 0.599539
vt 0.635238 0.703896
vt 0.644728 0.702961
vt 0.894285 0.627259
vt 0.902695 0.622764
vt 0.635238 0.675964
vt 0.644728 0.676899
vt 0.904258 0.651337
vt 0.913384 0.648569
vt 0.640687 0.648569
vt 0.649812 0.651337
vt 0.909343 0.676899
vt 0.918833 0.675964
vt 0.651376 0.622764
vt 0.659786 0.627259
vt 0.909343 0.702961
vt 0.666894 0.599539
vt 0.838989 0.809207
vt 0.866361 0.801933
vt 0.843243 0.817380
vt 0.814910 0.819181
vt 0.817556 0.828020
vt 0.790287 0.833444
vt 0.789349 0.824265
vt 0.762483 0.833444
vt 0.763286 0.824265
vt 0.735214 0.828020
vt 0.737725 0.819181
vt 0.709527 0.817380
vt 0.713646 0.809207
vt 0.686409 0.801933
vt 0.691976 0.794728
vt 0.666749 0.782273
vt 0.673547 0.776299
vt 0.651302 0.759155
vt 0.659068 0.754629
vt 0.640662 0.733468
vt 0.649094 0.730550
vt 0.635238 0.706199
vt 0.644010 0.704989
vt 0.635238 0.678395
vt 0.644010 0.678926
vt 0.640662 0.651126
vt 0.649094 0.653365
vt 0.651302 0.625439
vt 0.659068 0.629286
vt 0.666749 0.602321
vt 0.673547 0.607616
vt 0.686409 0.582661
vt 0.691976 0.589188
vt 0.709527 0.567214
vt 0.713646 0.574708
vt 0.735214 0.556574
vt 0.737725 0.564735
vt 0.762483 0.551150
vt 0.763286 0.559650
vt 0.789349 0.559650
vt 0.790287 0.551150
vt 0.814910 0.564735
vt 0.817556 0.556574
vt 0.838989 0.574708
vt 0.843243 0.567214
vt 0.860659 0.589188
vt 0.866361 0.582661
vt 0.879088 0.607616
vt 0.886021 0.602321
vt 0.893567 0.629287
vt 0.901468 0.625439
vt 0.903541 0.653365
vt 0.912108 0.651126
vt 0.908625 0.678927
vt 0.917532 0.678395
vt 0.908625 0.704989
vt 0.917532 0.706199
vt 0.903541 0.730551
vt 0.912108 0.733468
vt 0.893567 0.754629
vt 0.901468 0.759155
vt 0.879087 0.776299
vt 0.886021 0.782273
vt 0.860659 0.794728
vt 0.220160 0.554180
vt 0.099658 0.565221
vt 0.106630 0.529090
vt 0.350668 0.928398
vt 0.385663 0.912082
vt 0.324962 0.928398
vt 0.289967 0.912082
vt 0.195810 0.797276
vt 0.179790 0.888336
vt 0.385917 0.944176
vt 0.290221 0.912862
vt 0.385927 0.913230
vt 0.290231 0.913230
vt 0.385758 0.913230
vt 0.325057 0.929546
vt 0.290063 0.913230
vt 0.324552 0.928233
vt 0.289557 0.911916
vt 0.385253 0.911917
vt 0.077776 0.797520
vt 0.106569 0.717018
vt 0.110477 0.795900
vt 0.419094 0.836013
vt 0.401429 0.734902
vt 0.419347 0.836793
vt 0.401683 0.735682
vt 0.419357 0.891019
vt 0.401693 0.736050
vt 0.419189 0.837161
vt 0.401525 0.798059
vt 0.392977 0.835848
vt 0.418684 0.889706
vt 0.392977 0.889706
vt 0.375313 0.734737
vt 0.401019 0.796746
vt 0.375313 0.796746
vt 0.069997 0.559498
vt 0.076970 0.523366
vt 0.367023 0.626002
vt 0.081512 0.599051
vt 0.082293 0.665881
vt 0.100494 0.693560
vt 0.101305 0.709930
vt 0.122145 0.800926
vt 0.309125 0.731655
vt 0.325226 0.660871
vt 0.050395 0.666254
vt 0.049614 0.599424
vt 0.068604 0.711550
vt 0.379166 0.815377
vt 0.366359 0.730342
vt 0.751085 0.239037
vt 0.018437 0.803502
vt 0.308861 0.625222
vt 0.206923 0.791121
vt 0.207553 0.704666
vt 0.299907 0.734902
vt 0.327029 0.927365
vt 0.309116 0.626002
vt 0.282497 0.836793
vt 0.300171 0.736050
vt 0.308957 0.626370
vt 0.300002 0.736050
vt 0.308451 0.625057
vt 0.299497 0.734737
vt 0.052560 0.952734
vt 0.557964 0.533595
vt 0.021310 0.937407
vt 0.488059 0.063579
vt 0.851024 0.190838
vt 0.036221 0.882920
vt 0.494599 0.276734
vt 0.220160 0.653917
vt 0.350668 0.887463
vt 0.296055 0.802674
vt 0.282243 0.836013
vt 0.296309 0.803453
vt 0.300161 0.735682
vt 0.296319 0.803821
vt 0.282507 0.837160
vt 0.296150 0.803821
vt 0.282338 0.837161
vt 0.295645 0.802508
vt 0.281833 0.835848
vt 0.759651 0.190838
vt 0.759651 0.053126
vt 0.289967 0.943396
vt 0.202446 0.931211
vt 0.290221 0.944176
vt 0.290231 0.944544
vt 0.290063 0.944544
vt 0.289557 0.943231
vt 0.073868 0.718638
vt 0.419094 0.889871
vt 0.401429 0.796911
vt 0.419347 0.890651
vt 0.401683 0.797691
vt 0.419357 0.837161
vt 0.401693 0.798059
vt 0.419189 0.891019
vt 0.401525 0.736050
vt 0.418684 0.835848
vt 0.401019 0.734737
vt 0.309125 0.626370
vt 0.067793 0.695180
vt 0.232807 0.594563
vt 0.240762 0.603562
vt 0.232461 0.601632
vt 0.198973 0.580562
vt 0.209438 0.566528
vt 0.210555 0.575731
vt 0.197826 0.612659
vt 0.207263 0.627403
vt 0.191235 0.619333
vt 0.217574 0.576043
vt 0.210243 0.566457
vt 0.219474 0.566967
vt 0.057949 0.714444
vt 0.046703 0.646475
vt 0.058043 0.646457
vt 0.029269 0.714404
vt 0.040703 0.646467
vt 0.040609 0.714454
vt 0.018631 0.714308
vt 0.029363 0.646417
vt 0.068587 0.714377
vt 0.068682 0.646391
vt 0.096047 0.714255
vt 0.102141 0.646276
vt 0.102047 0.714263
vt 0.084706 0.714272
vt 0.074163 0.646352
vt 0.084801 0.646286
vt 0.013150 0.714255
vt 0.018725 0.646321
vt 0.113481 0.646325
vt 0.113387 0.714312
vt 0.096141 0.646268
vt 0.074068 0.714339
vt 0.046609 0.714462
vt 0.124119 0.646422
vt 0.124025 0.714408
vt 0.228709 0.581829
vt 0.241256 0.593453
vt 0.235398 0.575242
vt 0.227141 0.613906
vt 0.216500 0.627796
vt 0.215494 0.618578
vt 0.185140 0.601200
vt 0.193564 0.599979
vt 0.193817 0.592905
vt 0.185502 0.591086
vt 0.192875 0.573434
vt 0.209034 0.618303
vt 0.233155 0.621113
vt 0.211118 0.575686
vt 0.013244 0.646268
vt 0.210617 0.819606
vt 0.118606 0.996451
vt 0.118606 0.819606
vt 0.316598 0.638264
vt 0.295815 0.658845
vt 0.291751 0.641371
vt 0.062210 0.819606
vt 0.006945 0.996451
vt 0.006945 0.819605
vt 0.267978 0.641369
vt 0.273802 0.643137
vt 0.315475 0.638254
vt 0.285919 0.643221
vt 0.291742 0.641452
vt 0.243029 0.638456
vt 0.243338 0.586724
vt 0.249404 0.606719
vt 0.523274 0.996451
vt 0.495075 0.819605
vt 0.523274 0.819605
vt 0.495075 0.996451
vt 0.466877 0.819605
vt 0.090408 0.996451
vt 0.062210 0.996451
vt 0.090408 0.819606
vt 0.323961 0.819606
vt 0.261522 0.996451
vt 0.261522 0.819606
vt 0.244234 0.638171
vt 0.244241 0.586658
vt 0.249416 0.606634
vt 0.250272 0.652759
vt 0.262611 0.638499
vt 0.264856 0.658808
vt 0.254048 0.629934
vt 0.257908 0.634638
vt 0.349414 0.996451
vt 0.323961 0.996451
vt 0.349414 0.819605
vt 0.374867 0.996451
vt 0.236070 0.996451
vt 0.210617 0.996451
vt 0.236069 0.819606
vt 0.466877 0.996451
vt 0.294873 0.658884
vt 0.267968 0.641461
vt 0.273800 0.643230
vt 0.309443 0.652836
vt 0.262585 0.638580
vt 0.263919 0.658955
vt 0.249275 0.653010
vt 0.253970 0.629908
vt 0.257859 0.634689
vt 0.248790 0.573597
vt 0.267994 0.584120
vt 0.262630 0.586983
vt 0.257926 0.590834
vt 0.310013 0.573608
vt 0.308528 0.600913
vt 0.305660 0.595550
vt 0.316413 0.586632
vt 0.310337 0.618753
vt 0.310925 0.612692
vt 0.291735 0.584013
vt 0.310960 0.573486
vt 0.297807 0.568042
vt 0.262615 0.586884
vt 0.249695 0.573494
vt 0.262859 0.568042
vt 0.273803 0.582250
vt 0.267981 0.584016
vt 0.257911 0.590744
vt 0.297127 0.638494
vt 0.301533 0.634870
vt 0.310444 0.652850
vt 0.285921 0.643141
vt 0.279861 0.643735
vt 0.297106 0.638584
vt 0.301808 0.634724
vt 0.250949 0.624158
vt 0.251132 0.624484
vt 0.254062 0.595528
vt 0.251184 0.600892
vt 0.249389 0.618838
vt 0.248796 0.612795
vt 0.251180 0.624567
vt 0.254051 0.595447
vt 0.251183 0.600812
vt 0.249414 0.618744
vt 0.248819 0.612689
vt 0.374867 0.819605
vt 0.279861 0.643821
vt 0.261929 0.568160
vt 0.273814 0.582357
vt 0.296856 0.568160
vt 0.315465 0.586765
vt 0.305666 0.630021
vt 0.308532 0.624657
vt 0.279865 0.581764
vt 0.310296 0.618837
vt 0.310891 0.612784
vt 0.285917 0.582360
vt 0.291737 0.584125
vt 0.310294 0.606732
vt 0.297100 0.586992
vt 0.301801 0.590850
vt 0.297102 0.586875
vt 0.301886 0.634594
vt 0.305612 0.630063
vt 0.301807 0.590729
vt 0.305671 0.595429
vt 0.308548 0.624621
vt 0.308545 0.600796
vt 0.310320 0.606625
vt 0.285913 0.582248
vt 0.279858 0.581653
vt 0.228492 0.766132
vt 0.243272 0.773513
vt 0.228492 0.773513
vt 0.956618 0.068427
vt 0.956618 0.083729
vt 0.956618 0.099030
vt 0.956618 0.114331
vt 0.956618 0.129633
vt 0.956618 0.144934
vt 0.956618 0.160235
vt 0.956618 0.175537
vt 0.956618 0.190838
vt 0.956618 0.206139
vt 0.956618 0.221440
vt 0.956618 0.236742
vt 0.956618 0.053126
vt 0.256616 0.587695
vt 0.249486 0.570483
vt 0.260306 0.581303
vt 0.262738 0.562833
vt 0.266698 0.577613
vt 0.278039 0.562833
vt 0.274079 0.577613
vt 0.280471 0.581303
vt 0.291290 0.570483
vt 0.298941 0.583735
vt 0.284161 0.587695
vt 0.284161 0.595076
vt 0.298941 0.599036
vt 0.291290 0.612287
vt 0.280471 0.601468
vt 0.274079 0.605158
vt 0.278039 0.619938
vt 0.262738 0.619938
vt 0.266698 0.605158
vt 0.249486 0.612287
vt 0.260306 0.601468
vt 0.241836 0.599036
vt 0.256616 0.595076
vt 0.241836 0.583735
vt 0.150003 0.911632
vt 0.173858 0.918024
vt 0.156395 0.935487
vt 0.228492 0.788274
vt 0.243272 0.795655
vt 0.228492 0.795655
vt 0.228492 0.736609
vt 0.243272 0.743989
vt 0.228492 0.743989
vt 0.228492 0.721847
vt 0.243272 0.729228
vt 0.228492 0.729228
vt 0.228492 0.758751
vt 0.243272 0.766132
vt 0.243272 0.780893
vt 0.243272 0.788274
vt 0.243272 0.736609
vt 0.228492 0.803036
vt 0.243272 0.810416
vt 0.228492 0.810416
vt 0.228492 0.751370
vt 0.243272 0.758751
vt 0.228492 0.780893
vt 0.243272 0.803036
vt 0.243272 0.751370
vt 0.709475 0.020228
vt 0.751086 0.000337
vt 0.751086 0.020228
vt 0.709475 0.239037
vt 0.709475 0.219145
vt 0.751085 0.199254
vt 0.709475 0.199253
vt 0.751085 0.179362
vt 0.709475 0.159470
vt 0.751085 0.159470
vt 0.751085 0.139578
vt 0.709475 0.139578
vt 0.751085 0.119687
vt 0.709475 0.119687
vt 0.751085 0.099795
vt 0.709475 0.099795
vt 0.751085 0.079903
vt 0.709475 0.079903
vt 0.751085 0.060012
vt 0.662410 0.266209
vt 0.645184 0.201918
vt 0.709475 0.060012
vt 0.751085 0.040120
vt 0.709475 0.040120
vt 0.938390 0.053126
vt 0.150003 0.931796
vt 0.146312 0.925404
vt 0.146312 0.918024
vt 0.156395 0.907941
vt 0.163775 0.907941
vt 0.170167 0.911632
vt 0.173858 0.925404
vt 0.170167 0.931796
vt 0.163775 0.935487
vt 0.243272 0.721847
vt 0.709475 0.000336
vt 0.709475 0.179362
vt 0.699529 0.256264
vt 0.682302 0.266209
vt 0.645184 0.256264
vt 0.635238 0.239037
vt 0.635238 0.219145
vt 0.662410 0.191973
vt 0.682302 0.191973
vt 0.699529 0.201918
vt 0.049333 0.393103
vt 0.056719 0.367919
vt 0.057243 0.393467
vt 0.049014 0.367742
vt 0.058216 0.341468
vt 0.050214 0.341489
vt 0.056363 0.315434
vt 0.048549 0.315527
vt 0.056812 0.288256
vt 0.048704 0.288517
vt 0.053956 0.261559
vt 0.046032 0.261886
vt 0.053463 0.233539
vt 0.045241 0.234071
vt 0.049528 0.206077
vt 0.041484 0.206725
vt 0.047846 0.177070
vt 0.039481 0.178037
vt 0.042244 0.148682
vt 0.034042 0.149940
vt 0.038224 0.118329
vt 0.029619 0.120286
vt 0.028899 0.088586
vt 0.020130 0.091446
vt 0.018582 0.057989
vt 0.180339 0.484432
vt 0.200389 0.463003
vt 0.186607 0.488547
vt 0.199605 0.432092
vt 0.192339 0.459952
vt 0.206428 0.405494
vt 0.207244 0.434157
vt 0.209195 0.377809
vt 0.214289 0.406953
vt 0.213208 0.351192
vt 0.216807 0.378743
vt 0.214126 0.323709
vt 0.221057 0.351885
vt 0.216784 0.297118
vt 0.221776 0.324113
vt 0.216582 0.269747
vt 0.224696 0.297386
vt 0.218218 0.243158
vt 0.224315 0.269797
vt 0.216997 0.215890
vt 0.226228 0.243098
vt 0.217544 0.189326
vt 0.224825 0.215629
vt 0.215034 0.162241
vt 0.225652 0.188924
vt 0.213874 0.135800
vt 0.222937 0.161574
vt 0.208829 0.109207
vt 0.222050 0.134794
vt 0.203469 0.083531
vt 0.216702 0.107579
vt 0.191969 0.059762
vt 0.211380 0.080836
vt 0.038478 0.467473
vt 0.033685 0.493445
vt 0.026911 0.489005
vt 0.051199 0.444065
vt 0.046291 0.470494
vt 0.044019 0.442955
vt 0.053886 0.419402
vt 0.046359 0.418638
vt 0.167973 0.137966
vt 0.160215 0.105757
vt 0.169987 0.106548
vt 0.340828 0.188084
vt 0.330506 0.216454
vt 0.331876 0.187947
vt 0.169529 0.167784
vt 0.158204 0.137724
vt 0.339704 0.216743
vt 0.331817 0.245671
vt 0.168727 0.198273
vt 0.160191 0.167626
vt 0.340723 0.245998
vt 0.329767 0.274029
vt 0.170397 0.227292
vt 0.159283 0.198221
vt 0.338930 0.274543
vt 0.330324 0.303213
vt 0.169276 0.256968
vt 0.161321 0.227102
vt 0.339206 0.303762
vt 0.327577 0.331501
vt 0.165183 0.423701
vt 0.158650 0.395956
vt 0.167011 0.396460
vt 0.170358 0.285248
vt 0.160090 0.256773
vt 0.336719 0.332214
vt 0.327561 0.360707
vt 0.167260 0.449749
vt 0.156610 0.423578
vt 0.168619 0.314106
vt 0.161530 0.284878
vt 0.333693 0.389740
vt 0.336426 0.361379
vt 0.172467 0.476584
vt 0.158775 0.450670
vt 0.169061 0.341645
vt 0.159683 0.313716
vt 0.333784 0.418815
vt 0.324539 0.389054
vt 0.179868 0.501131
vt 0.164290 0.478478
vt 0.166835 0.369685
vt 0.160476 0.341108
vt 0.332774 0.447174
vt 0.324877 0.418477
vt 0.345704 0.039273
vt 0.332481 0.068820
vt 0.335382 0.037141
vt 0.158135 0.369184
vt 0.337202 0.475910
vt 0.323464 0.447492
vt 0.342453 0.069975
vt 0.329673 0.099297
vt 0.345704 0.502226
vt 0.328339 0.477886
vt 0.339303 0.099868
vt 0.331184 0.129587
vt 0.171549 0.075379
vt 0.169558 0.040345
vt 0.179868 0.044214
vt 0.340279 0.129776
vt 0.329987 0.158530
vt 0.160811 0.073588
vt 0.339275 0.158705
vt 0.122208 0.205692
vt 0.123136 0.223048
vt 0.124394 0.319278
vt 0.124473 0.335667
vt 0.094039 0.345321
vt 0.091575 0.336125
vt 0.124016 0.263348
vt 0.124518 0.280135
vt 0.090791 0.373249
vt 0.063041 0.365019
vt 0.093187 0.364097
vt 0.063050 0.344329
vt 0.025431 0.058675
vt 0.034882 0.082805
vt 0.124579 0.492912
vt 0.085944 0.477883
vt 0.120880 0.479912
vt 0.153167 0.366055
vt 0.153654 0.344209
vt 0.284971 0.491514
vt 0.338011 0.505703
vt 0.287163 0.521942
vt 0.116481 0.077424
vt 0.117514 0.099246
vt 0.119269 0.145264
vt 0.120497 0.163674
vt 0.093423 0.310040
vt 0.121824 0.309192
vt 0.080586 0.488869
vt 0.051830 0.469042
vt 0.288529 0.380899
vt 0.289873 0.363722
vt 0.284891 0.441480
vt 0.286154 0.422659
vt 0.091310 0.319398
vt 0.062713 0.312212
vt 0.044384 0.120545
vt 0.048767 0.144216
vt 0.293958 0.267009
vt 0.294468 0.250204
vt 0.291912 0.323620
vt 0.292899 0.306779
vt 0.122046 0.446629
vt 0.088026 0.455485
vt 0.086741 0.445265
vt 0.154532 0.310599
vt 0.154589 0.288215
vt 0.091636 0.235013
vt 0.088395 0.225482
vt 0.056788 0.448240
vt 0.127463 0.519765
vt 0.290543 0.092519
vt 0.289969 0.072326
vt 0.293109 0.153048
vt 0.292641 0.135540
vt 0.294368 0.210380
vt 0.294372 0.193449
vt 0.123454 0.374054
vt 0.123234 0.390341
vt 0.058784 0.236201
vt 0.121990 0.429225
vt 0.053480 0.179609
vt 0.056025 0.202191
vt 0.250092 0.064169
vt 0.286956 0.059755
vt 0.154724 0.253691
vt 0.154260 0.230697
vt 0.087978 0.427577
vt 0.088710 0.197639
vt 0.119002 0.195084
vt 0.249599 0.076052
vt 0.215524 0.076103
vt 0.090475 0.389861
vt 0.260283 0.193386
vt 0.260363 0.210602
vt 0.257423 0.136875
vt 0.258379 0.154564
vt 0.252556 0.095964
vt 0.073669 0.514976
vt 0.087042 0.207742
vt 0.060377 0.258030
vt 0.290913 0.015179
vt 0.242449 0.037870
vt 0.233582 0.024876
vt 0.153709 0.195132
vt 0.152942 0.171416
vt 0.151679 0.420572
vt 0.206209 0.055415
vt 0.198494 0.055508
vt 0.151994 0.398978
vt 0.120788 0.400249
vt 0.061882 0.291009
vt 0.259016 0.304525
vt 0.257893 0.321723
vt 0.260625 0.248994
vt 0.260078 0.266126
vt 0.259234 0.126821
vt 0.289845 0.124798
vt 0.152470 0.134410
vt 0.152454 0.109459
vt 0.226673 0.131285
vt 0.249583 0.418440
vt 0.246670 0.437584
vt 0.255515 0.360497
vt 0.253752 0.378056
vt 0.156992 0.476279
vt 0.256458 0.106076
vt 0.154813 0.069077
vt 0.160326 0.042484
vt 0.084004 0.167127
vt 0.081912 0.148324
vt 0.076492 0.104098
vt 0.072573 0.082226
vt 0.228403 0.513091
vt 0.237048 0.485294
vt 0.154006 0.454103
vt 0.119490 0.457566
vt 0.223724 0.109676
vt 0.325461 0.064592
vt 0.262623 0.183804
vt 0.291940 0.183036
vt 0.320481 0.475142
vt 0.318195 0.450976
vt 0.328964 0.039509
vt 0.286007 0.032051
vt 0.230527 0.185808
vt 0.324007 0.126238
vt 0.261221 0.164157
vt 0.319072 0.391933
vt 0.090849 0.281573
vt 0.090055 0.264429
vt 0.324113 0.102592
vt 0.288101 0.104167
vt 0.229639 0.164336
vt 0.122432 0.290433
vt 0.121263 0.233731
vt 0.121125 0.253054
vt 0.118734 0.174918
vt 0.115433 0.111831
vt 0.115812 0.133974
vt 0.114624 0.033729
vt 0.113107 0.063815
vt 0.281567 0.453098
vt 0.281768 0.477292
vt 0.284511 0.411384
vt 0.285166 0.391303
vt 0.322123 0.334359
vt 0.288321 0.353069
vt 0.288744 0.333824
vt 0.324378 0.277004
vt 0.291124 0.296305
vt 0.291055 0.277240
vt 0.325185 0.219577
vt 0.292381 0.239804
vt 0.291744 0.220726
vt 0.324675 0.161791
vt 0.290718 0.163688
vt 0.119608 0.418936
vt 0.122168 0.345666
vt 0.121138 0.364064
vt 0.061812 0.396549
vt 0.090939 0.418227
vt 0.060365 0.416966
vt 0.092547 0.399152
vt 0.262736 0.220137
vt 0.231244 0.240199
vt 0.231384 0.218722
vt 0.263338 0.239578
vt 0.262125 0.275717
vt 0.229832 0.294663
vt 0.230768 0.273137
vt 0.262067 0.295184
vt 0.259650 0.331438
vt 0.226341 0.349346
vt 0.228128 0.327705
vt 0.258942 0.351124
vt 0.255193 0.388103
vt 0.219866 0.404702
vt 0.223033 0.382717
vt 0.253669 0.408668
vt 0.213167 0.439072
vt 0.243700 0.473532
vt 0.206531 0.461756
vt 0.247497 0.448884
vt 0.072950 0.069125
vt 0.066559 0.039417
vt 0.083272 0.137458
vt 0.081278 0.114892
vt 0.087754 0.177017
vt 0.091945 0.254751
vt 0.093689 0.290894
vt 0.056664 0.025195
vt 0.119881 0.015179
vt 0.317968 0.414800
vt 0.320769 0.356954
vt 0.323472 0.299592
vt 0.324868 0.242232
vt 0.324821 0.184658
vt 0.009813 0.061933
vt 0.172648 0.504207
s 1
g off
g RoverModificado.003_SpacialRoverExploreralumWhite
usemtl SpacialRoverExploreralumWhite
f 134/1/1 136/2/1 62/3/1
s 2
f 51/4/2 147/5/2 149/6/2
f 60/7/2 61/8/2 144/9/2
s 3
f 59/10/3 62/11/4 54/12/4
s 4
f 55/13/5 235/14/6 234/15/5
f 57/16/6 63/17/7 235/14/6
s 3
f 63/17/8 54/12/4 62/11/4
s 5
f 195/18/9 60/19/10 58/20/9
f 66/21/10 61/22/11 60/19/10
s 3
f 65/23/12 59/10/3 61/22/12
s 6
f 51/24/13 178/25/14 53/26/13
s 7
f 170/27/15 179/28/16 172/29/16
s 1
f 53/26/1 239/30/1 176/31/1
s 8
f 52/32/17 169/33/18 50/34/17
s 2
f 50/35/2 238/36/2 173/37/2
s 8
f 176/38/18 171/39/19 169/33/18
s 7
f 177/40/20 170/27/15 171/39/20
f 179/28/16 174/41/21 172/29/16
s 6
f 180/42/22 173/37/14 174/41/22
s 9
f 185/43/23 49/44/23 182/45/23
s 10
f 188/46/24 184/47/24 183/48/24
s 11
f 182/45/25 186/49/25 185/43/25
s 12
f 187/50/26 181/51/26 184/47/26
s 13
f 187/52/2 154/53/2 186/54/2
s 14
f 192/55/27 189/56/28 190/57/27
f 183/48/29 191/58/28 188/46/29
s 15
f 49/44/30 192/55/30 190/57/30
s 16
f 49/59/1 189/60/1 183/48/1
f 49/59/1 181/61/1 182/62/1
f 184/63/1 49/59/1 183/48/1
f 181/61/1 49/59/1 184/63/1
s 13
f 186/54/2 154/53/2 185/64/2
f 154/53/2 187/52/2 188/46/2
f 191/58/2 154/53/2 188/46/2
s 2
f 150/65/2 54/66/2 56/67/2
f 56/67/2 57/68/2 150/65/2
f 55/13/2 150/65/2 57/68/2
f 59/69/2 150/65/2 146/70/2
f 144/9/2 58/71/2 60/7/2
f 144/9/2 61/8/2 59/69/2
s 1
f 62/3/1 140/72/1 63/73/1
f 63/73/1 140/72/1 235/74/1
f 232/75/1 64/76/1 65/77/1
f 66/78/1 195/79/1 232/75/1
f 65/77/1 66/78/1 232/75/1
f 140/72/1 234/15/1 235/74/1
s 2
f 173/37/2 238/36/2 174/80/2
f 174/80/2 238/36/2 172/81/2
f 172/81/2 238/36/2 170/82/2
f 171/83/2 238/36/2 169/84/2
f 170/82/2 238/36/2 171/83/2
s 1
f 176/31/1 239/30/1 177/85/1
f 179/86/1 239/30/1 180/87/1
f 180/87/1 239/30/1 178/25/1
f 177/85/1 239/30/1 175/88/1
f 175/88/1 239/30/1 179/86/1
s 4
f 50/89/31 156/90/32 52/91/31
s 2
f 51/4/2 155/92/2 50/93/2
s 4
f 155/92/32 234/15/5 156/90/32
s 5
f 58/94/9 53/26/33 195/95/9
s 1
f 53/96/1 137/97/1 135/98/1
f 156/90/1 53/96/1 52/99/1
s 17
f 260/100/1 262/101/1 254/102/1
s 18
f 243/103/2 273/104/2 275/105/2
f 252/106/2 253/107/2 270/108/2
s 19
f 251/109/3 254/110/4 246/111/4
s 20
f 247/112/5 300/113/6 299/114/5
f 249/115/6 255/116/7 300/113/6
s 19
f 255/116/8 246/111/4 254/110/4
s 21
f 296/117/9 252/118/10 250/119/9
f 258/120/10 253/121/11 252/118/10
s 19
f 257/122/12 251/109/3 253/121/12
s 22
f 243/123/13 291/124/14 245/125/13
s 23
f 283/126/15 292/127/16 285/128/16
s 17
f 245/125/1 304/129/1 289/130/1
s 24
f 244/131/17 282/132/18 242/133/17
s 18
f 242/134/2 303/135/2 286/136/2
s 24
f 289/137/18 284/138/19 282/132/18
s 23
f 290/139/20 283/126/15 284/138/20
f 292/127/16 287/140/21 285/128/16
s 22
f 293/141/22 286/136/14 287/140/22
s 18
f 276/142/2 246/143/2 248/144/2
f 248/144/2 249/145/2 276/142/2
f 247/112/2 276/142/2 249/145/2
f 251/146/2 276/142/2 272/147/2
f 270/108/2 250/148/2 252/106/2
f 270/108/2 253/107/2 251/146/2
s 17
f 254/102/1 266/149/1 255/150/1
f 255/150/1 266/149/1 300/151/1
f 297/152/1 256/153/1 257/154/1
f 258/155/1 296/156/1 297/152/1
f 257/154/1 258/155/1 297/152/1
f 266/149/1 299/114/1 300/151/1
s 18
f 286/136/2 303/135/2 287/157/2
f 287/157/2 303/135/2 285/158/2
f 285/158/2 303/135/2 283/159/2
f 284/160/2 303/135/2 282/161/2
f 283/159/2 303/135/2 284/160/2
s 17
f 289/130/1 304/129/1 290/162/1
f 292/163/1 304/129/1 293/164/1
f 293/164/1 304/129/1 291/124/1
f 290/162/1 304/129/1 288/165/1
f 288/165/1 304/129/1 292/163/1
s 20
f 242/166/31 281/167/32 244/168/31
s 18
f 243/103/2 280/169/2 242/170/2
s 20
f 280/169/32 299/114/5 281/167/32
s 21
f 250/171/9 245/125/33 296/172/9
s 17
f 245/173/1 263/174/1 261/175/1
f 281/167/1 245/173/1 244/176/1
s 25
f 315/177/34 328/178/35 314/179/35
f 308/180/36 323/181/37 322/182/38
f 308/180/36 309/183/39 323/181/37
f 315/177/34 316/184/40 329/185/41
f 309/183/39 324/186/42 323/181/37
f 316/184/40 330/187/43 329/185/41
f 309/183/39 325/188/44 324/186/42
f 316/184/40 317/189/45 330/187/43
f 317/189/45 331/190/46 330/187/43
f 311/191/47 325/188/44 310/192/48
f 317/189/45 318/193/49 331/190/46
f 305/194/15 321/195/50 320/196/15
f 311/191/47 312/197/51 326/198/52
f 305/194/15 306/199/53 321/195/50
f 318/193/49 332/200/54 331/190/46
f 312/197/51 327/201/55 326/198/52
f 312/197/51 313/202/56 327/201/55
f 307/203/57 321/195/50 306/199/53
f 305/194/15 332/204/54 319/205/58
f 314/179/35 327/201/55 313/202/56
f 307/203/57 308/180/36 322/182/38
s 26
f 321/206/1 325/207/1 329/208/1
s 27
f 315/209/2 311/210/2 307/211/2
s 1
f 62/3/1 64/76/1 232/75/1
f 62/3/1 232/75/1 134/1/1
f 136/2/1 140/72/1 62/3/1
s 2
f 151/212/2 150/65/2 55/13/2
f 58/71/2 144/9/2 141/213/2
f 58/71/2 141/213/2 142/214/2
f 152/215/2 151/212/2 55/13/2
f 152/215/2 55/13/2 155/92/2
f 51/4/2 58/71/2 142/214/2
f 51/4/2 142/214/2 143/216/2
f 152/215/2 155/92/2 51/4/2
f 153/217/2 152/215/2 51/4/2
f 51/4/2 143/216/2 148/218/2
f 51/4/2 148/218/2 147/5/2
f 149/6/2 153/217/2 51/4/2
s 3
f 59/10/3 64/219/3 62/11/4
s 4
f 55/13/5 57/16/6 235/14/6
f 57/16/6 56/220/7 63/17/7
s 3
f 63/17/8 56/220/8 54/12/4
s 5
f 195/18/9 66/21/10 60/19/10
f 66/21/10 65/23/11 61/22/11
s 3
f 65/23/12 64/219/3 59/10/3
s 6
f 51/24/13 173/37/14 178/25/14
s 7
f 170/27/15 175/221/15 179/28/16
s 1
f 176/31/1 52/222/1 53/26/1
f 53/26/1 178/25/1 239/30/1
s 8
f 52/32/17 176/38/18 169/33/18
s 2
f 173/37/2 51/24/2 50/35/2
f 50/35/2 169/84/2 238/36/2
s 8
f 176/38/18 177/40/19 171/39/19
s 7
f 177/40/20 175/221/15 170/27/15
f 179/28/16 180/42/21 174/41/21
s 6
f 180/42/22 178/25/14 173/37/14
s 9
f 185/43/23 154/223/23 49/44/23
s 10
f 188/46/24 187/50/24 184/47/24
s 11
f 182/45/25 181/51/25 186/49/25
s 12
f 187/50/26 186/49/26 181/51/26
s 14
f 192/55/27 191/224/28 189/56/28
f 183/48/29 189/60/28 191/58/28
s 15
f 49/44/30 154/223/30 192/55/30
s 16
f 49/59/1 190/225/1 189/60/1
s 13
f 191/58/2 192/226/2 154/53/2
s 2
f 145/227/2 144/9/2 59/69/2
f 59/69/2 54/66/2 150/65/2
f 146/70/2 145/227/2 59/69/2
s 4
f 50/89/31 155/92/32 156/90/32
f 155/92/32 55/13/5 234/15/5
s 5
f 58/94/9 51/24/33 53/26/33
s 1
f 194/228/1 232/75/1 195/79/1
f 234/15/1 140/72/1 138/229/1
f 234/15/1 138/229/1 237/230/1
f 236/231/1 194/228/1 195/79/1
f 133/232/1 236/231/1 195/79/1
f 156/90/1 234/15/1 237/230/1
f 156/90/1 237/230/1 139/233/1
f 133/232/1 195/79/1 53/96/1
f 193/234/1 133/232/1 53/96/1
f 53/96/1 156/90/1 139/233/1
f 53/96/1 139/233/1 233/235/1
f 135/98/1 193/234/1 53/96/1
f 53/96/1 233/235/1 137/97/1
s 17
f 254/102/1 256/153/1 297/152/1
f 254/102/1 297/152/1 260/100/1
f 262/101/1 266/149/1 254/102/1
s 18
f 277/236/2 276/142/2 247/112/2
f 250/148/2 270/108/2 267/237/2
f 250/148/2 267/237/2 268/238/2
f 278/239/2 277/236/2 247/112/2
f 278/239/2 247/112/2 280/169/2
f 243/103/2 250/148/2 268/238/2
f 243/103/2 268/238/2 269/240/2
f 278/239/2 280/169/2 243/103/2
f 279/241/2 278/239/2 243/103/2
f 243/103/2 269/240/2 274/242/2
f 243/103/2 274/242/2 273/104/2
f 275/105/2 279/241/2 243/103/2
s 19
f 251/109/3 256/243/3 254/110/4
s 20
f 247/112/5 249/115/6 300/113/6
f 249/115/6 248/244/7 255/116/7
s 19
f 255/116/8 248/244/8 246/111/4
s 21
f 296/117/9 258/120/10 252/118/10
f 258/120/10 257/122/11 253/121/11
s 19
f 257/122/12 256/243/3 251/109/3
s 22
f 243/123/13 286/136/14 291/124/14
s 23
f 283/126/15 288/245/15 292/127/16
s 17
f 289/130/1 244/246/1 245/125/1
f 245/125/1 291/124/1 304/129/1
s 24
f 244/131/17 289/137/18 282/132/18
s 18
f 286/136/2 243/123/2 242/134/2
f 242/134/2 282/161/2 303/135/2
s 24
f 289/137/18 290/139/19 284/138/19
s 23
f 290/139/20 288/245/15 283/126/15
f 292/127/16 293/141/21 287/140/21
s 22
f 293/141/22 291/124/14 286/136/14
s 18
f 271/247/2 270/108/2 251/146/2
f 251/146/2 246/143/2 276/142/2
f 272/147/2 271/247/2 251/146/2
s 20
f 242/166/31 280/169/32 281/167/32
f 280/169/32 247/112/5 299/114/5
s 21
f 250/171/9 243/123/33 245/125/33
s 17
f 295/248/1 297/152/1 296/156/1
f 299/114/1 266/149/1 264/249/1
f 299/114/1 264/249/1 302/250/1
f 301/251/1 295/248/1 296/156/1
f 259/252/1 301/251/1 296/156/1
f 281/167/1 299/114/1 302/250/1
f 281/167/1 302/250/1 265/253/1
f 259/252/1 296/156/1 245/173/1
f 294/254/1 259/252/1 245/173/1
f 245/173/1 281/167/1 265/253/1
f 245/173/1 265/253/1 298/255/1
f 261/175/1 294/254/1 245/173/1
f 245/173/1 298/255/1 263/174/1
s 25
f 315/177/34 329/185/41 328/178/35
f 309/183/39 310/192/48 325/188/44
f 311/191/47 326/198/52 325/188/44
f 318/193/49 319/256/58 332/200/54
f 307/203/57 322/182/38 321/195/50
f 305/194/15 320/196/15 332/204/54
f 314/179/35 328/178/35 327/201/55
s 26
f 332/257/1 320/258/1 321/206/1
f 321/206/1 322/259/1 323/260/1
f 323/260/1 324/261/1 325/207/1
f 325/207/1 326/262/1 327/263/1
f 327/263/1 328/264/1 329/208/1
f 329/208/1 330/265/1 331/266/1
f 331/266/1 332/257/1 321/206/1
f 321/206/1 323/260/1 325/207/1
f 325/207/1 327/263/1 329/208/1
f 329/208/1 331/266/1 321/206/1
s 27
f 306/267/2 305/268/2 319/269/2
f 319/269/2 318/270/2 317/271/2
f 317/271/2 316/272/2 315/209/2
f 315/209/2 314/273/2 313/274/2
f 313/274/2 312/275/2 311/210/2
f 311/210/2 310/276/2 309/277/2
f 309/277/2 308/278/2 307/211/2
f 307/211/2 306/267/2 319/269/2
f 319/269/2 317/271/2 315/209/2
f 315/209/2 313/274/2 311/210/2
f 311/210/2 309/277/2 307/211/2
f 307/211/2 319/269/2 315/209/2
s 28
g RoverModificado.003_SpacialRoverExploreralumGray
usemtl SpacialRoverExploreralumGray
f 3/279/59 2/280/59 1/281/59
s 29
f 5/282/35 4/283/35 3/279/35
s 30
f 7/284/60 6/285/60 5/282/60
s 31
f 9/286/61 8/287/61 7/284/61
s 32
f 11/288/48 10/289/48 9/286/48
s 33
f 13/290/62 12/291/62 11/288/62
s 34
f 15/292/63 14/293/63 13/290/63
s 35
f 17/294/25 16/295/25 15/292/25
s 36
f 19/296/64 18/297/64 17/294/64
s 37
f 21/298/65 20/299/65 19/296/65
s 38
f 23/300/66 22/301/66 21/298/66
s 39
f 1/281/67 24/302/67 23/303/67
s 40
f 7/304/1 3/305/1 19/306/1
s 41
f 3/279/59 4/283/59 2/280/59
s 42
f 5/282/35 6/285/35 4/283/35
s 43
f 7/284/60 8/287/60 6/285/60
s 44
f 9/286/61 10/289/61 8/287/61
s 45
f 11/288/48 12/291/48 10/289/48
s 46
f 13/290/62 14/293/62 12/291/62
s 47
f 15/292/63 16/295/63 14/293/63
s 48
f 17/294/25 18/297/25 16/295/25
s 49
f 19/296/64 20/299/64 18/297/64
s 50
f 21/298/65 22/301/65 20/299/65
s 51
f 23/300/66 24/307/66 22/301/66
s 52
f 1/281/67 2/280/67 24/302/67
s 40
f 3/305/1 1/281/1 23/303/1
f 23/303/1 21/308/1 3/305/1
f 21/308/1 19/306/1 3/305/1
f 19/306/1 17/309/1 11/310/1
f 17/309/1 15/311/1 11/310/1
f 15/311/1 13/312/1 11/310/1
f 11/310/1 9/313/1 7/304/1
f 7/304/1 5/314/1 3/305/1
f 11/310/1 7/304/1 19/306/1
s 53
f 34/315/68 166/316/69 165/317/70
s 54
f 26/318/71 163/319/72 157/320/73
s 55
f 27/321/74 160/322/75 163/319/76
s 53
f 29/323/77 161/324/78 166/316/69
s 54
f 30/325/79 158/326/80 161/324/81
s 56
f 164/327/82 33/328/83 159/329/84
s 57
f 159/329/85 31/330/86 167/331/87
s 58
f 162/332/88 36/333/89 168/334/90
s 53
f 168/334/91 34/315/68 165/317/70
s 54
f 28/335/92 157/320/73 158/326/80
s 57
f 35/336/93 167/331/87 31/330/86
s 55
f 32/337/94 160/322/75 25/338/95
s 53
f 34/315/68 29/323/77 166/316/69
s 54
f 26/318/71 27/321/96 163/319/72
s 55
f 27/321/74 25/338/95 160/322/75
s 53
f 29/323/77 30/325/97 161/324/78
s 54
f 30/325/79 28/335/92 158/326/80
s 55
f 164/327/98 32/337/94 33/328/99
s 57
f 159/329/85 33/328/100 31/330/86
f 162/332/101 35/339/93 36/333/102
s 53
f 168/334/91 36/333/103 34/315/68
s 54
f 28/335/92 26/318/71 157/320/73
s 57
f 35/336/93 162/340/101 167/331/87
s 55
f 32/337/94 164/327/98 160/322/75
s 59
f 391/341/23 357/342/23 390/343/104
f 357/342/23 391/341/23 392/344/105
f 357/342/23 356/345/104 390/343/104
f 392/344/105 358/346/105 357/342/23
f 356/345/104 389/347/42 390/343/104
f 392/344/105 393/348/106 358/346/105
f 356/345/104 355/349/42 389/347/42
f 393/348/106 359/350/106 358/346/105
f 393/348/106 394/351/107 359/350/106
f 394/351/107 360/352/107 359/350/106
f 355/349/42 388/353/108 389/347/42
f 388/353/108 355/349/42 354/354/108
f 394/351/107 395/355/25 360/352/107
f 395/355/25 361/356/25 360/352/107
f 388/353/108 354/354/108 387/357/48
f 354/354/108 353/358/48 387/357/48
f 353/358/48 386/359/109 387/357/48
f 395/355/25 396/360/53 361/356/25
f 353/358/48 352/361/109 386/359/109
f 396/360/53 362/362/53 361/356/25
f 396/360/53 397/363/110 362/362/53
f 386/359/109 352/361/109 385/364/111
f 352/361/109 351/365/111 385/364/111
f 362/362/53 397/363/110 363/366/110
f 351/365/111 384/367/112 385/364/111
f 363/366/110 397/363/110 364/368/15
f 351/365/111 350/369/112 384/367/112
f 364/368/15 397/363/110 398/370/15
f 350/369/112 383/371/113 384/367/112
f 383/371/113 350/369/112 349/372/113
f 364/368/15 398/370/15 367/373/114
f 367/373/114 333/374/114 364/368/15
f 367/373/114 368/375/58 333/374/114
f 383/371/113 349/372/113 382/376/115
f 382/376/115 349/372/113 348/377/115
f 333/374/114 368/375/58 334/378/58
f 334/378/58 368/375/58 369/379/116
f 334/378/58 369/379/116 335/380/116
f 382/376/115 348/377/115 381/381/56
f 348/382/115 347/383/56 381/384/56
f 347/383/56 380/385/117 381/384/56
f 335/380/116 369/379/116 370/386/118
f 347/383/56 346/387/117 380/385/117
f 335/380/116 370/386/118 336/388/118
f 380/385/117 346/387/117 379/389/35
f 336/388/118 370/386/118 371/390/66
f 336/388/118 371/390/66 337/391/66
f 379/389/35 346/387/117 345/392/35
f 337/391/66 371/390/66 372/393/119
f 379/389/35 345/392/35 378/394/120
f 337/391/66 372/393/119 338/395/119
f 378/394/120 345/392/35 344/396/120
f 338/395/119 372/393/119 373/397/121
f 378/394/120 344/396/120 377/398/34
f 338/395/119 373/397/121 339/399/121
f 377/398/34 344/396/120 343/400/34
f 339/399/121 373/397/121 374/401/122
f 377/398/34 343/400/34 376/402/123
f 376/402/123 343/400/34 342/403/123
f 339/399/121 374/401/122 340/404/122
f 376/402/123 342/403/123 375/405/124
f 340/404/122 374/401/122 375/405/124
f 375/405/124 342/403/123 341/406/124
f 340/404/122 375/405/124 341/406/124
s 60
f 833/407/125 856/408/126 857/409/125
f 839/410/127 864/411/128 840/412/128
f 830/413/129 843/414/130 854/415/129
f 836/416/131 861/417/132 837/418/132
f 833/407/125 858/419/133 834/420/133
f 829/421/130 864/411/128 843/414/130
f 830/422/129 855/423/134 831/424/134
f 837/418/132 862/425/135 838/426/135
f 835/427/136 858/419/133 859/428/136
f 831/429/134 856/408/126 832/430/126
f 838/426/135 863/431/127 839/410/127
f 835/427/136 860/432/131 836/416/131
s 61
f 503/433/137 481/434/138 504/435/137
f 499/436/139 502/437/140 500/438/139
f 495/439/141 498/440/142 496/441/141
s 62
f 499/442/143 959/443/144 497/444/143
s 61
f 491/445/145 494/446/146 492/447/145
f 487/448/147 490/449/148 488/450/147
f 483/451/149 486/452/150 484/453/149
s 63
f 525/454/35 528/455/151 526/456/151
s 64
f 521/457/61 524/458/152 522/459/152
s 65
f 517/460/62 520/461/153 518/462/153
s 66
f 514/463/154 515/464/25 516/465/154
s 67
f 509/466/65 512/467/155 510/468/155
s 68
f 505/469/156 507/470/67 508/471/156
s 66
f 823/472/157 516/473/154 826/474/157
s 64
f 807/475/158 524/476/152 810/477/158
s 69
f 501/478/159 948/479/160 951/480/160
s 70
f 955/481/59 524/476/59 523/482/59
s 71
f 495/483/161 967/484/162 493/485/161
s 72
f 487/486/163 941/487/164 485/488/163
s 66
f 492/489/165 822/490/166 827/491/166
s 64
f 498/492/167 811/493/168 500/494/167
s 73
f 944/495/59 510/496/59 795/497/59
s 74
f 931/498/60 781/499/60 782/500/60
f 930/501/60 782/500/60 783/502/60
s 72
f 937/503/169 509/466/170 944/504/169
s 75
f 932/505/171 507/470/172 506/506/172
s 68
f 481/507/173 787/508/174 484/509/173
f 783/502/175 785/510/176 788/511/175
s 76
f 937/503/63 512/512/63 511/513/63
f 938/514/63 792/515/63 937/516/63
s 73
f 943/517/59 795/497/59 796/518/59
s 69
f 945/519/177 525/454/178 950/520/177
s 72
f 939/521/179 943/522/180 942/523/179
s 67
f 795/497/181 512/512/155 792/515/181
f 488/524/182 794/525/183 789/526/183
f 790/527/184 796/518/185 791/528/185
s 77
f 950/529/48 526/530/48 803/531/48
f 951/532/48 801/533/48 802/534/48
s 78
f 948/535/66 798/536/66 947/537/66
f 946/538/66 800/539/66 945/540/66
s 69
f 952/541/186 946/542/187 949/543/187
s 63
f 803/531/188 528/544/151 800/539/188
f 502/545/189 797/546/190 504/547/189
f 801/533/191 799/548/192 798/536/191
s 62
f 953/549/193 957/550/194 960/551/193
s 64
f 805/552/195 809/553/196 812/554/195
s 70
f 956/555/59 810/477/59 955/556/59
s 62
f 955/481/197 521/457/198 958/557/197
s 71
f 961/558/199 517/460/200 966/559/199
s 79
f 957/560/63 807/475/63 808/561/63
s 80
f 966/562/64 518/563/64 819/564/64
f 965/565/64 819/564/64 820/566/64
s 81
f 961/558/60 520/567/60 519/568/60
f 962/569/60 816/570/60 961/571/60
s 71
f 963/572/201 965/573/202 968/574/201
s 65
f 819/564/203 520/567/153 816/570/203
f 496/575/204 818/576/205 813/577/205
f 814/578/206 820/566/207 815/579/207
s 82
f 972/580/66 514/581/66 823/472/66
f 971/582/66 823/472/66 824/583/66
s 66
f 821/584/208 825/585/209 828/586/208
s 83
f 972/587/210 515/464/211 513/588/211
f 491/589/212 969/590/213 489/591/212
f 970/592/214 976/593/215 971/594/215
s 61
f 640/595/216 482/596/138 503/433/137
f 639/597/216 617/598/124 640/599/216
f 638/600/217 503/433/137 501/601/140
f 637/602/217 640/599/216 638/603/217
f 636/604/218 501/601/140 499/436/139
s 84
f 627/605/65 646/606/65 628/607/65
s 61
f 634/608/219 499/436/139 497/609/142
f 633/610/219 636/611/218 634/612/219
f 632/613/220 497/609/142 495/439/141
f 631/614/220 634/612/219 632/615/220
f 630/616/221 495/439/141 493/617/146
f 629/618/221 632/615/220 630/619/221
f 628/620/222 493/617/146 491/445/145
s 85
f 621/621/2 641/622/2 619/623/2
s 61
f 489/624/148 628/620/222 491/445/145
f 626/625/223 627/626/222 628/627/222
f 624/628/114 489/624/148 487/448/147
f 624/629/114 625/630/223 626/625/223
f 622/631/224 487/448/147 485/632/150
f 621/633/224 624/629/114 622/634/224
f 620/635/225 485/632/150 483/451/149
s 86
f 638/636/67 651/637/67 637/638/67
s 61
f 617/639/124 483/640/149 482/596/138
f 618/641/124 620/642/225 617/639/124
s 87
f 649/643/60 652/644/60 650/645/60
s 88
f 645/646/63 648/647/63 646/648/63
s 89
f 641/622/66 644/649/66 642/650/66
s 90
f 638/636/1 650/651/1 652/652/1
s 91
f 622/653/25 643/654/25 621/655/25
s 92
f 635/656/2 651/657/2 649/643/2
s 93
f 630/658/1 646/606/1 648/659/1
s 94
f 635/656/62 650/651/62 636/660/62
s 95
f 630/658/61 647/661/61 629/662/61
s 96
f 629/662/2 645/646/2 627/663/2
s 97
f 619/623/35 642/664/35 620/665/35
s 98
f 620/665/1 644/666/1 622/653/1
s 74
f 929/667/60 783/502/60 784/668/60
s 76
f 939/521/63 791/528/63 938/669/63
f 940/670/63 790/527/63 939/671/63
s 73
f 942/672/59 796/518/59 793/673/59
f 941/674/59 793/673/59 794/675/59
s 78
f 947/676/66 799/548/66 946/542/66
s 77
f 952/677/48 804/678/48 801/533/48
f 949/679/48 803/531/48 804/678/48
s 79
f 960/680/63 808/561/63 805/552/63
f 959/681/63 805/552/63 806/682/63
s 70
f 953/549/59 809/553/59 956/683/59
f 954/684/59 812/554/59 953/685/59
s 81
f 963/572/60 815/579/60 962/686/60
f 964/687/60 814/578/60 963/688/60
s 80
f 968/689/64 820/566/64 817/690/64
f 967/691/64 817/690/64 818/576/64
s 82
f 970/692/66 824/583/66 821/584/66
f 969/693/66 821/584/66 822/490/66
s 68
f 783/502/175 787/508/174 784/668/174
f 786/694/226 782/500/176 781/499/226
s 67
f 790/527/184 794/675/183 793/673/184
f 792/515/181 796/518/185 795/497/181
s 63
f 798/536/191 802/534/190 801/533/191
f 800/539/188 804/678/192 803/531/188
s 64
f 812/554/195 806/682/168 805/552/195
f 810/477/158 808/561/196 807/475/158
s 65
f 814/578/206 818/576/205 817/690/206
f 819/564/203 815/579/207 820/566/207
s 66
f 828/586/208 822/490/166 821/584/208
f 826/474/157 824/583/209 823/472/157
s 68
f 781/499/226 508/695/156 786/694/226
s 61
f 840/696/216 618/641/124 639/697/216
f 839/698/227 639/697/216 637/699/217
f 838/700/113 637/699/217 635/701/218
f 837/702/219 635/701/218 633/703/219
f 836/704/220 633/703/219 631/705/220
f 835/706/23 631/705/220 629/707/221
f 834/708/228 629/707/221 627/709/222
f 625/710/223 834/708/228 627/709/222
f 832/711/114 625/710/223 623/712/114
f 831/424/229 623/712/114 621/713/224
f 830/422/230 621/713/224 619/714/225
f 829/715/124 619/716/225 618/641/124
s 99
f 341/717/1 867/718/1 896/719/1
f 355/720/1 895/721/1 354/722/1
f 340/723/1 896/719/1 894/724/1
f 354/722/1 893/725/1 353/726/1
f 339/727/1 894/724/1 892/728/1
f 353/726/1 891/729/1 352/730/1
f 338/731/1 892/728/1 890/732/1
f 351/733/1 891/729/1 889/734/1
f 364/735/1 877/736/1 888/737/1
f 337/738/1 890/732/1 887/739/1
f 351/733/1 886/740/1 350/741/1
f 363/742/1 888/737/1 885/743/1
f 336/744/1 887/739/1 884/745/1
f 350/741/1 883/746/1 349/747/1
f 363/742/1 882/748/1 362/749/1
f 335/750/1 884/745/1 881/751/1
f 349/747/1 880/752/1 348/753/1
f 362/749/1 879/754/1 361/755/1
f 334/756/1 881/751/1 878/757/1
f 348/753/1 876/758/1 347/759/1
f 361/755/1 875/760/1 360/761/1
f 334/756/1 877/736/1 333/762/1
f 346/763/1 876/758/1 874/764/1
f 360/761/1 873/765/1 359/766/1
f 345/767/1 874/764/1 872/768/1
f 359/766/1 871/769/1 358/770/1
f 344/771/1 872/768/1 870/772/1
f 358/770/1 869/773/1 357/774/1
f 343/775/1 870/772/1 868/776/1
f 357/774/1 866/777/1 356/778/1
f 342/779/1 868/776/1 867/718/1
f 356/778/1 865/780/1 355/720/1
s 100
f 368/781/2 928/782/2 897/783/2
f 369/784/2 897/783/2 898/785/2
f 369/784/2 899/786/2 370/787/2
f 370/787/2 900/788/2 371/789/2
f 371/789/2 901/790/2 372/791/2
f 372/791/2 902/792/2 373/793/2
f 373/793/2 903/794/2 374/795/2
f 374/795/2 904/796/2 375/797/2
f 375/797/2 905/798/2 376/799/2
f 376/799/2 906/800/2 377/801/2
f 377/801/2 907/802/2 378/803/2
f 378/803/2 908/804/2 379/805/2
f 379/805/2 909/806/2 380/807/2
f 380/807/2 910/808/2 381/809/2
f 381/809/2 911/810/2 382/811/2
f 382/811/2 912/812/2 383/813/2
f 383/813/2 913/814/2 384/815/2
f 384/815/2 914/816/2 385/817/2
f 385/817/2 915/818/2 386/819/2
f 387/820/2 915/818/2 916/821/2
f 388/822/2 916/821/2 917/823/2
f 389/824/2 917/823/2 918/825/2
f 390/826/2 918/825/2 919/827/2
f 391/828/2 919/827/2 920/829/2
f 392/830/2 920/829/2 921/831/2
f 393/832/2 921/831/2 922/833/2
f 394/834/2 922/833/2 923/835/2
f 395/836/2 923/835/2 924/837/2
f 396/838/2 924/837/2 925/839/2
f 397/840/2 925/839/2 926/841/2
f 398/842/2 926/841/2 927/843/2
f 367/844/2 927/843/2 928/782/2
s 74
f 929/667/60 481/507/60 482/845/60
s 101
f 484/509/64 934/846/64 483/847/64
s 76
f 488/848/63 940/849/63 487/486/63
s 73
f 486/850/59 941/851/59 794/675/59
s 74
f 932/852/60 505/853/60 781/499/60
s 78
f 504/547/66 948/479/66 503/854/66
s 77
f 502/545/48 951/855/48 802/534/48
s 70
f 500/494/59 954/856/59 499/442/59
s 79
f 498/492/63 959/857/63 806/682/63
s 81
f 496/575/60 964/858/60 495/483/60
s 80
f 494/859/64 967/860/64 818/576/64
s 82
f 490/861/66 969/862/66 822/490/66
s 102
f 492/489/48 974/863/48 491/589/48
s 75
f 932/864/171 936/865/231 935/866/171
s 72
f 942/867/179 940/670/164 939/671/179
f 944/868/169 938/514/180 937/516/169
s 69
f 952/869/186 948/535/160 947/537/186
f 950/870/177 946/538/187 945/540/177
s 62
f 953/685/193 959/871/144 954/684/144
f 958/872/197 956/555/232 955/556/197
s 71
f 968/873/201 964/687/162 963/688/201
f 961/571/199 965/874/202 962/569/202
s 83
f 973/875/214 969/876/213 974/877/213
f 975/878/210 971/879/215 976/880/215
s 75
f 483/847/233 929/881/234 482/882/233
s 78
f 945/519/66 528/544/66 527/883/66
s 101
f 934/884/64 788/511/64 933/885/64
f 933/886/64 785/510/64 936/887/64
f 936/865/64 786/694/64 935/866/64
f 935/888/64 508/695/64 507/470/64
s 79
f 958/889/63 522/890/63 807/475/63
s 75
f 934/884/234 930/891/235 929/892/234
f 931/893/231 933/886/236 936/887/231
s 102
f 974/877/48 828/586/48 973/875/48
f 973/894/48 825/585/48 976/593/48
f 976/880/48 826/474/48 975/878/48
f 975/895/48 516/473/48 515/464/48
s 60
f 833/407/125 832/430/126 856/408/126
f 839/410/127 863/431/127 864/411/128
f 830/413/129 829/421/130 843/414/130
f 836/416/131 860/432/131 861/417/132
f 833/407/125 857/409/125 858/419/133
f 829/421/130 840/412/128 864/411/128
f 830/422/129 854/896/129 855/423/134
f 837/418/132 861/417/132 862/425/135
f 835/427/136 834/420/133 858/419/133
f 831/429/134 855/897/134 856/408/126
f 838/426/135 862/425/135 863/431/127
f 835/427/136 859/428/136 860/432/131
s 61
f 503/433/137 482/596/138 481/434/138
f 499/436/139 501/601/140 502/437/140
f 495/439/141 497/609/142 498/440/142
s 62
f 499/442/143 954/856/144 959/443/144
s 61
f 491/445/145 493/617/146 494/446/146
f 487/448/147 489/624/148 490/449/148
f 483/451/149 485/632/150 486/452/150
s 63
f 525/454/35 527/883/35 528/455/151
s 64
f 521/457/61 523/482/61 524/458/152
s 65
f 517/460/62 519/568/62 520/461/153
s 66
f 514/463/154 513/588/25 515/464/25
s 67
f 509/466/65 511/513/65 512/467/155
s 68
f 505/469/156 506/506/67 507/470/67
s 66
f 823/472/157 514/581/154 516/473/154
s 64
f 807/475/158 522/890/152 524/476/152
s 69
f 501/478/159 503/854/159 948/479/160
s 70
f 955/481/59 810/477/59 524/476/59
s 71
f 495/483/161 964/858/162 967/484/162
s 72
f 487/486/163 940/849/164 941/487/164
s 66
f 492/489/165 490/861/165 822/490/166
s 64
f 498/492/167 806/682/168 811/493/168
s 73
f 944/495/59 509/898/59 510/496/59
s 74
f 931/498/60 932/899/60 781/499/60
f 930/501/60 931/900/60 782/500/60
s 72
f 937/503/169 511/513/170 509/466/170
s 75
f 932/505/171 935/888/171 507/470/172
s 68
f 481/507/173 784/668/174 787/508/174
f 783/502/175 782/500/176 785/510/176
s 76
f 937/503/63 792/515/63 512/512/63
f 938/514/63 791/528/63 792/515/63
s 73
f 943/517/59 944/901/59 795/497/59
s 69
f 945/519/177 527/883/178 525/454/178
s 72
f 939/521/179 938/669/180 943/522/180
s 67
f 795/497/181 510/496/155 512/512/155
f 488/524/182 486/902/182 794/525/183
f 790/527/184 793/673/184 796/518/185
s 77
f 950/529/48 525/903/48 526/530/48
f 951/532/48 952/904/48 801/533/48
s 78
f 948/535/66 797/546/66 798/536/66
f 946/538/66 799/548/66 800/539/66
s 69
f 952/541/186 947/676/186 946/542/187
s 63
f 803/531/188 526/530/151 528/544/151
f 502/545/189 802/534/190 797/546/190
f 801/533/191 804/678/192 799/548/192
s 62
f 953/549/193 956/683/232 957/550/194
s 64
f 805/552/195 808/561/196 809/553/196
s 70
f 956/555/59 809/553/59 810/477/59
s 62
f 955/481/197 523/482/198 521/457/198
s 71
f 961/558/199 519/568/200 517/460/200
s 79
f 957/560/63 958/905/63 807/475/63
s 80
f 966/562/64 517/906/64 518/563/64
f 965/565/64 966/907/64 819/564/64
s 81
f 961/558/60 816/570/60 520/567/60
f 962/569/60 815/579/60 816/570/60
s 71
f 963/572/201 962/686/202 965/573/202
s 65
f 819/564/203 518/563/153 520/567/153
f 496/575/204 494/859/204 818/576/205
f 814/578/206 817/690/206 820/566/207
s 82
f 972/580/66 513/908/66 514/581/66
f 971/582/66 972/909/66 823/472/66
s 66
f 821/584/208 824/583/209 825/585/209
s 83
f 972/587/210 975/895/210 515/464/211
f 491/589/212 974/863/213 969/590/213
f 970/592/214 973/894/214 976/593/215
s 61
f 640/595/216 617/639/124 482/596/138
f 639/597/216 618/910/124 617/598/124
f 638/600/217 640/595/216 503/433/137
f 637/602/217 639/597/216 640/599/216
f 636/604/218 638/600/217 501/601/140
s 84
f 627/605/65 645/911/65 646/606/65
s 61
f 634/608/219 636/604/218 499/436/139
f 633/610/219 635/912/218 636/611/218
f 632/613/220 634/608/219 497/609/142
f 631/614/220 633/610/219 634/612/219
f 630/616/221 632/613/220 495/439/141
f 629/618/221 631/614/220 632/615/220
f 628/620/222 630/616/221 493/617/146
s 85
f 621/621/2 643/913/2 641/622/2
s 61
f 489/624/148 626/914/223 628/620/222
f 626/625/223 625/630/223 627/626/222
f 624/628/114 626/914/223 489/624/148
f 624/629/114 623/915/114 625/630/223
f 622/631/224 624/628/114 487/448/147
f 621/633/224 623/915/114 624/629/114
f 620/635/225 622/631/224 485/632/150
s 86
f 638/636/67 652/652/67 651/637/67
s 61
f 617/639/124 620/642/225 483/640/149
f 618/641/124 619/716/225 620/642/225
s 87
f 649/643/60 651/657/60 652/644/60
s 88
f 645/646/63 647/661/63 648/647/63
s 89
f 641/622/66 643/913/66 644/649/66
s 90
f 638/636/1 636/660/1 650/651/1
s 91
f 622/653/25 644/666/25 643/654/25
s 92
f 635/656/2 637/916/2 651/657/2
s 93
f 630/658/1 628/607/1 646/606/1
s 94
f 635/656/62 649/643/62 650/651/62
s 95
f 630/658/61 648/659/61 647/661/61
s 96
f 629/662/2 647/661/2 645/646/2
s 97
f 619/623/35 641/622/35 642/664/35
s 98
f 620/665/1 642/664/1 644/666/1
s 74
f 929/667/60 930/917/60 783/502/60
s 76
f 939/521/63 790/527/63 791/528/63
f 940/670/63 789/918/63 790/527/63
s 73
f 942/672/59 943/919/59 796/518/59
f 941/674/59 942/920/59 793/673/59
s 78
f 947/676/66 798/536/66 799/548/66
s 77
f 952/677/48 949/921/48 804/678/48
f 949/679/48 950/922/48 803/531/48
s 79
f 960/680/63 957/923/63 808/561/63
f 959/681/63 960/924/63 805/552/63
s 70
f 953/549/59 812/554/59 809/553/59
f 954/684/59 811/493/59 812/554/59
s 81
f 963/572/60 814/578/60 815/579/60
f 964/687/60 813/577/60 814/578/60
s 80
f 968/689/64 965/925/64 820/566/64
f 967/691/64 968/926/64 817/690/64
s 82
f 970/692/66 971/927/66 824/583/66
f 969/693/66 970/928/66 821/584/66
s 68
f 783/502/175 788/511/175 787/508/174
f 786/694/226 785/510/176 782/500/176
s 67
f 790/527/184 789/918/183 794/675/183
f 792/515/181 791/528/185 796/518/185
s 63
f 798/536/191 797/546/190 802/534/190
f 800/539/188 799/548/192 804/678/192
s 64
f 812/554/195 811/493/168 806/682/168
f 810/477/158 809/553/196 808/561/196
s 65
f 814/578/206 813/577/205 818/576/205
f 819/564/203 816/570/203 815/579/207
s 66
f 828/586/208 827/491/166 822/490/166
f 826/474/157 825/585/209 824/583/209
s 68
f 781/499/226 505/853/156 508/695/156
s 61
f 840/696/216 829/715/124 618/641/124
f 839/698/227 840/696/216 639/697/216
f 838/700/113 839/698/227 637/699/217
f 837/702/219 838/700/113 635/701/218
f 836/704/220 837/702/219 633/703/219
f 835/706/23 836/704/220 631/705/220
f 834/708/228 835/706/23 629/707/221
f 625/710/223 833/929/223 834/708/228
f 832/711/114 833/929/223 625/710/223
f 831/424/229 832/711/114 623/712/114
f 830/422/230 831/424/229 621/713/224
f 829/715/124 830/930/230 619/716/225
s 99
f 341/717/1 342/779/1 867/718/1
f 355/720/1 865/780/1 895/721/1
f 340/723/1 341/717/1 896/719/1
f 354/722/1 895/721/1 893/725/1
f 339/727/1 340/723/1 894/724/1
f 353/726/1 893/725/1 891/729/1
f 338/731/1 339/727/1 892/728/1
f 351/733/1 352/730/1 891/729/1
f 364/735/1 333/762/1 877/736/1
f 337/738/1 338/731/1 890/732/1
f 351/733/1 889/734/1 886/740/1
f 363/742/1 364/735/1 888/737/1
f 336/744/1 337/738/1 887/739/1
f 350/741/1 886/740/1 883/746/1
f 363/742/1 885/743/1 882/748/1
f 335/750/1 336/744/1 884/745/1
f 349/747/1 883/746/1 880/752/1
f 362/749/1 882/748/1 879/754/1
f 334/756/1 335/750/1 881/751/1
f 348/753/1 880/752/1 876/758/1
f 361/755/1 879/754/1 875/760/1
f 334/756/1 878/757/1 877/736/1
f 346/763/1 347/759/1 876/758/1
f 360/761/1 875/760/1 873/765/1
f 345/767/1 346/763/1 874/764/1
f 359/766/1 873/765/1 871/769/1
f 344/771/1 345/767/1 872/768/1
f 358/770/1 871/769/1 869/773/1
f 343/775/1 344/771/1 870/772/1
f 357/774/1 869/773/1 866/777/1
f 342/779/1 343/775/1 868/776/1
f 356/778/1 866/777/1 865/780/1
s 100
f 368/781/2 367/844/2 928/782/2
f 369/784/2 368/781/2 897/783/2
f 369/784/2 898/785/2 899/786/2
f 370/787/2 899/786/2 900/788/2
f 371/789/2 900/788/2 901/790/2
f 372/791/2 901/790/2 902/792/2
f 373/793/2 902/792/2 903/794/2
f 374/795/2 903/794/2 904/796/2
f 375/797/2 904/796/2 905/798/2
f 376/799/2 905/798/2 906/800/2
f 377/801/2 906/800/2 907/802/2
f 378/803/2 907/802/2 908/804/2
f 379/805/2 908/804/2 909/806/2
f 380/807/2 909/806/2 910/808/2
f 381/809/2 910/808/2 911/810/2
f 382/811/2 911/810/2 912/812/2
f 383/813/2 912/812/2 913/814/2
f 384/815/2 913/814/2 914/816/2
f 385/817/2 914/816/2 915/818/2
f 387/820/2 386/819/2 915/818/2
f 388/822/2 387/820/2 916/821/2
f 389/824/2 388/822/2 917/823/2
f 390/826/2 389/824/2 918/825/2
f 391/828/2 390/826/2 919/827/2
f 392/830/2 391/828/2 920/829/2
f 393/832/2 392/830/2 921/831/2
f 394/834/2 393/832/2 922/833/2
f 395/836/2 394/834/2 923/835/2
f 396/838/2 395/836/2 924/837/2
f 397/840/2 396/838/2 925/839/2
f 398/842/2 397/840/2 926/841/2
f 367/844/2 398/842/2 927/843/2
s 74
f 929/667/60 784/668/60 481/507/60
s 101
f 484/509/64 787/508/64 934/846/64
s 76
f 488/848/63 789/918/63 940/849/63
s 73
f 486/850/59 485/931/59 941/851/59
s 74
f 932/852/60 506/932/60 505/853/60
s 78
f 504/547/66 797/546/66 948/479/66
s 77
f 502/545/48 501/933/48 951/855/48
s 70
f 500/494/59 811/493/59 954/856/59
s 79
f 498/492/63 497/934/63 959/857/63
s 81
f 496/575/60 813/577/60 964/858/60
s 80
f 494/859/64 493/935/64 967/860/64
s 82
f 490/861/66 489/936/66 969/862/66
s 102
f 492/489/48 827/491/48 974/863/48
s 75
f 932/864/171 931/937/231 936/865/231
s 72
f 942/867/179 941/938/164 940/670/164
f 944/868/169 943/939/180 938/514/180
s 69
f 952/869/186 951/940/160 948/535/160
f 950/870/177 949/941/187 946/538/187
s 62
f 953/685/193 960/942/193 959/871/144
f 958/872/197 957/943/194 956/555/232
s 71
f 968/873/201 967/944/162 964/687/162
f 961/571/199 966/945/199 965/874/202
s 83
f 973/875/214 970/946/214 969/876/213
f 975/878/210 972/947/210 971/879/215
s 75
f 483/847/233 934/846/234 929/881/234
s 78
f 945/519/66 800/539/66 528/544/66
s 101
f 934/884/64 787/508/64 788/511/64
f 933/886/64 788/511/64 785/510/64
f 936/865/64 785/510/64 786/694/64
f 935/888/64 786/694/64 508/695/64
s 79
f 958/889/63 521/948/63 522/890/63
s 75
f 934/884/234 933/885/236 930/891/235
f 931/893/231 930/949/235 933/886/236
s 102
f 974/877/48 827/491/48 828/586/48
f 973/894/48 828/586/48 825/585/48
f 976/880/48 825/585/48 826/474/48
f 975/895/48 826/474/48 516/473/48
s 103
g RoverModificado.003_SpacialRoverExploreralumBlack
usemtl SpacialRoverExploreralumBlack
f 164/950/237 200/951/238 160/952/239
f 168/953/240 208/954/241 162/955/242
f 161/956/243 211/957/244 198/958/245
f 167/959/246 208/960/241 204/961/247
s 104
f 201/962/248 215/963/249 197/964/248
f 203/965/250 216/966/251 202/967/252
s 105
f 204/968/253 214/969/254 203/965/254
s 106
f 210/970/255 197/964/256 196/971/257
s 107
f 199/972/258 219/973/259 213/974/260
s 106
f 198/975/261 205/976/262 217/977/261
s 108
f 208/978/263 212/979/264 204/968/265
s 109
f 213/974/266 207/980/267 209/981/267
s 107
f 199/972/258 217/977/268 218/982/269
s 106
f 211/983/270 196/971/257 205/976/262
s 104
f 202/967/252 215/963/249 200/984/271
s 108
f 209/981/272 206/985/273 208/986/263
s 103
f 159/987/274 202/988/275 164/950/237
f 159/987/274 204/961/247 203/989/276
f 163/990/277 210/991/278 157/992/279
f 161/956/243 199/993/280 166/994/281
f 165/995/282 199/993/280 213/996/283
f 168/953/240 213/996/283 209/997/284
f 157/992/279 211/957/244 158/998/285
f 163/990/277 200/951/238 201/999/286
f 164/950/237 202/988/275 200/951/238
f 168/953/240 209/997/284 208/954/241
f 161/956/243 158/998/285 211/957/244
f 167/959/246 162/1000/242 208/960/241
s 104
f 201/962/248 200/984/271 215/963/249
f 203/965/250 214/969/250 216/966/251
s 108
f 204/968/265 212/979/264 214/969/254
s 106
f 210/970/255 201/962/256 197/964/256
s 107
f 199/972/258 218/982/269 219/973/259
s 106
f 198/975/261 211/983/270 205/976/262
s 108
f 208/978/263 206/1001/273 212/979/264
s 107
f 213/974/260 219/973/259 207/980/267
f 199/972/258 198/975/268 217/977/268
s 106
f 211/983/270 210/970/255 196/971/257
s 104
f 202/967/252 216/966/251 215/963/249
s 108
f 209/981/272 207/980/272 206/985/273
s 103
f 159/987/274 203/989/276 202/988/275
f 159/987/274 167/959/246 204/961/247
f 163/990/277 201/999/286 210/991/278
f 161/956/243 198/958/245 199/993/280
f 165/995/282 166/994/281 199/993/280
f 168/953/240 165/995/282 213/996/283
f 157/992/279 210/991/278 211/957/244
f 163/990/277 160/952/239 200/951/238
s 110
g RoverModificado.003_SpacialRoverExploreralumGrayDeep
usemtl SpacialRoverExploreralumGrayDeep
f 230/1002/53 44/1003/107 46/1004/107
s 111
f 46/1005/1 47/1006/1 98/1007/1
s 112
f 47/1008/108 38/1009/109 40/1010/109
s 111
f 47/1006/1 93/1011/1 92/1012/1
s 113
f 37/1013/2 118/1014/2 132/1015/2
f 44/1016/2 226/1017/2 103/1018/2
s 112
f 38/1019/109 42/1020/111 40/1021/109
s 114
f 39/1022/56 41/1023/117 42/1020/56
s 112
f 47/1008/108 45/1024/42 43/1025/108
s 110
f 48/1026/106 44/1003/107 45/1024/106
s 115
f 224/1027/119 227/1028/118 229/1029/118
s 111
f 41/1030/1 223/1031/1 85/1032/1
f 42/1033/1 89/1034/1 40/1035/1
f 42/1033/1 88/1036/1 90/1037/1
s 115
f 224/1027/119 222/1038/121 220/1039/119
s 114
f 225/1040/34 221/1041/120 222/1038/34
s 110
f 230/1002/53 228/1042/110 226/1043/53
s 115
f 231/1044/116 227/1028/118 228/1042/116
s 114
f 221/1041/120 41/1023/117 37/1045/117
s 113
f 38/1046/2 120/1047/2 122/1048/2
f 38/1046/2 118/1014/2 39/1049/2
f 121/1050/2 43/1051/2 45/1052/2
f 44/1016/2 123/1053/2 124/1054/2
f 228/1055/2 131/1056/2 130/1057/2
f 228/1055/2 127/1058/2 226/1017/2
f 222/1059/2 109/1060/2 111/1061/2
s 111
f 230/1062/1 76/1063/1 75/1064/1
f 230/1062/1 72/1065/1 231/1066/1
f 72/1065/1 229/1067/1 231/1066/1
f 96/1068/1 225/1069/1 224/1070/1
f 229/1067/1 68/1071/1 67/1072/287
f 95/1073/1 225/1069/1 96/1068/1
s 110
f 230/1002/53 226/1043/53 44/1003/107
s 111
f 99/1074/1 81/1075/1 46/1005/1
f 46/1005/1 48/1076/1 47/1006/1
f 47/1006/1 97/1077/1 98/1007/1
f 98/1007/1 99/1074/1 46/1005/1
s 112
f 47/1008/108 43/1025/108 38/1009/109
s 111
f 91/1078/1 97/1077/1 47/1006/1
f 47/1006/1 40/1035/1 89/1034/1
f 47/1006/1 89/1034/1 93/1011/1
f 92/1012/1 91/1078/1 47/1006/1
s 113
f 129/1079/2 128/1080/2 37/1013/2
f 37/1013/2 39/1049/2 118/1014/2
f 132/1015/2 129/1079/2 37/1013/2
f 101/1081/2 100/1082/2 44/1016/2
f 226/1017/2 127/1058/2 126/1083/2
f 226/1017/2 126/1083/2 125/1084/2
f 104/1085/2 101/1081/2 44/1016/2
f 102/1086/2 104/1085/2 44/1016/2
f 226/1017/2 125/1084/2 103/1018/2
f 103/1018/2 102/1086/2 44/1016/2
s 112
f 38/1019/109 39/1022/111 42/1020/111
s 114
f 39/1022/56 37/1045/117 41/1023/117
s 112
f 47/1008/108 48/1026/42 45/1024/42
s 110
f 48/1026/106 46/1004/107 44/1003/107
s 115
f 224/1027/119 220/1039/119 227/1028/118
s 111
f 86/1087/1 88/1036/1 41/1030/1
f 223/1031/1 95/1073/1 94/1088/1
f 223/1031/1 94/1088/1 87/1089/1
f 84/1090/1 86/1087/1 41/1030/1
f 83/1091/1 84/1090/1 41/1030/1
f 223/1031/1 87/1089/1 85/1032/1
f 85/1032/1 83/1091/1 41/1030/1
f 90/1037/1 89/1034/1 42/1033/1
f 42/1033/1 41/1030/1 88/1036/1
s 115
f 224/1027/119 225/1040/121 222/1038/121
s 114
f 225/1040/34 223/1092/120 221/1041/120
s 110
f 230/1002/53 231/1044/110 228/1042/110
s 115
f 231/1044/116 229/1029/118 227/1028/118
s 114
f 221/1041/120 223/1092/120 41/1023/117
s 113
f 119/1093/2 118/1014/2 38/1046/2
f 38/1046/2 43/1051/2 121/1050/2
f 38/1046/2 121/1050/2 120/1047/2
f 122/1048/2 119/1093/2 38/1046/2
f 121/1050/2 45/1052/2 44/1016/2
f 44/1016/2 100/1082/2 123/1053/2
f 124/1054/2 121/1050/2 44/1016/2
f 130/1057/2 127/1058/2 228/1055/2
f 228/1055/2 227/1094/2 131/1056/2
f 116/1095/2 131/1056/2 227/1094/2
f 227/1094/2 220/1096/2 222/1059/2
f 222/1059/2 221/1097/2 37/1013/2
f 37/1013/2 128/1080/2 110/1098/2
f 37/1013/2 110/1098/2 108/1099/2
f 116/1095/2 227/1094/2 222/1059/2
f 115/1100/2 116/1095/2 222/1059/2
f 37/1013/2 108/1099/2 106/1101/2
f 37/1013/2 106/1101/2 105/1102/2
f 117/1103/2 115/1100/2 222/1059/2
f 113/1104/2 117/1103/2 222/1059/2
f 222/1059/2 37/1013/2 105/1102/2
f 222/1059/2 105/1102/2 107/1105/288
f 114/1106/2 113/1104/2 222/1059/2
f 112/1107/2 114/1106/2 222/1059/2
f 222/1059/2 107/1105/288 109/1060/2
f 111/1061/2 112/1107/2 222/1059/2
s 111
f 71/1108/1 72/1065/1 230/1062/1
f 46/1005/1 81/1075/1 78/1109/1
f 46/1005/1 78/1109/1 73/1110/1
f 82/1111/1 71/1108/1 230/1062/1
f 74/1112/1 82/1111/1 230/1062/1
f 46/1005/1 73/1110/1 79/1113/1
f 46/1005/1 79/1113/1 76/1063/1
f 80/1114/1 74/1112/1 230/1062/1
f 77/1115/1 80/1114/1 230/1062/1
f 230/1062/1 46/1005/1 76/1063/1
f 75/1064/1 77/1115/1 230/1062/1
f 96/1068/1 224/1070/1 229/1067/1
f 229/1067/1 72/1065/1 70/1116/1
f 229/1067/1 70/1116/1 69/1117/1
f 67/1072/287 96/1068/1 229/1067/1
f 229/1067/1 69/1117/1 68/1071/1
f 95/1073/1 223/1031/1 225/1069/1
s 116
f 476/1118/230 547/1119/124 475/1120/124
s 61
f 504/435/137 529/1121/124 540/1122/216
f 539/1123/227 504/435/137 540/1122/216
f 500/438/139 539/1123/227 538/1124/113
f 498/440/142 538/1124/113 537/1125/219
f 496/441/141 537/1125/219 536/1126/220
f 494/446/146 536/1126/220 535/1127/23
f 492/447/145 535/1127/23 534/1128/228
f 533/1129/223 492/447/145 534/1128/228
f 532/1130/114 490/449/148 533/1129/223
f 486/452/150 532/1130/114 531/1131/229
f 484/453/149 531/1131/229 530/1132/230
f 481/434/138 530/1133/230 529/1121/124
s 117
f 469/1134/1 530/1135/1 470/1136/1
f 470/1136/1 531/1137/1 471/1138/1
f 471/1138/1 532/1139/1 472/1140/1
f 473/1141/1 532/1139/1 533/1142/1
f 473/1141/1 534/1143/1 474/1144/1
f 475/1145/1 534/1143/1 535/1146/1
f 475/1145/1 536/1147/1 476/1148/1
f 477/1149/1 536/1147/1 537/1150/1
f 477/1149/1 538/1151/1 478/1152/1
f 478/1152/1 539/1153/1 479/1154/1
f 479/1154/1 540/1155/1 480/1156/1
f 469/1134/1 540/1155/1 529/1157/1
s 118
f 544/1158/1 548/1159/1 552/1160/1
s 116
f 473/1161/227 544/1162/113 472/1163/113
f 480/1164/228 551/1165/223 479/1166/223
f 470/1167/220 541/1168/23 469/1169/23
f 477/1170/229 548/1171/230 476/1118/230
f 473/1161/227 546/1172/216 545/1173/227
f 469/1169/23 552/1174/228 480/1164/228
f 471/1175/219 542/1176/220 470/1177/220
f 478/1178/114 549/1179/229 477/1170/229
f 475/1120/124 546/1172/216 474/1180/216
f 472/1163/113 543/1181/219 471/1175/219
f 479/1166/223 550/1182/114 478/1178/114
s 119
f 842/1183/124 854/1184/230 843/1185/124
f 841/1186/230 855/423/229 854/896/230
f 844/1187/229 856/1188/114 855/423/229
f 845/1189/114 857/1190/223 856/1188/114
f 857/1190/223 847/1191/228 858/1192/228
f 847/1191/228 859/1193/23 858/1192/228
f 848/1194/23 860/1195/220 859/1193/23
f 849/1196/220 861/1197/219 860/1195/220
f 850/1198/219 862/1199/113 861/1197/219
f 851/1200/113 863/1201/227 862/1199/113
s 120
f 852/1202/2 848/1203/2 844/1187/2
s 119
f 852/1204/227 864/1205/216 863/1201/227
f 853/1206/216 843/1185/124 864/1205/216
s 116
f 476/1118/230 548/1171/230 547/1119/124
s 61
f 504/435/137 481/434/138 529/1121/124
f 539/1123/227 502/437/140 504/435/137
f 500/438/139 502/437/140 539/1123/227
f 498/440/142 500/438/139 538/1124/113
f 496/441/141 498/440/142 537/1125/219
f 494/446/146 496/441/141 536/1126/220
f 492/447/145 494/446/146 535/1127/23
f 533/1129/223 490/449/148 492/447/145
f 532/1130/114 488/450/147 490/449/148
f 486/452/150 488/450/147 532/1130/114
f 484/453/149 486/452/150 531/1131/229
f 481/434/138 484/1207/149 530/1133/230
s 117
f 469/1134/1 529/1157/1 530/1135/1
f 470/1136/1 530/1135/1 531/1137/1
f 471/1138/1 531/1137/1 532/1139/1
f 473/1141/1 472/1140/1 532/1139/1
f 473/1141/1 533/1142/1 534/1143/1
f 475/1145/1 474/1144/1 534/1143/1
f 475/1145/1 535/1146/1 536/1147/1
f 477/1149/1 476/1148/1 536/1147/1
f 477/1149/1 537/1150/1 538/1151/1
f 478/1152/1 538/1151/1 539/1153/1
f 479/1154/1 539/1153/1 540/1155/1
f 469/1134/1 480/1156/1 540/1155/1
s 118
f 552/1160/1 541/1208/1 542/1209/1
f 542/1209/1 543/1210/1 544/1158/1
f 544/1158/1 545/1211/1 546/1212/1
f 546/1212/1 547/1213/1 548/1159/1
f 548/1159/1 549/1214/1 550/1215/1
f 550/1215/1 551/1216/1 552/1160/1
f 552/1160/1 542/1209/1 544/1158/1
f 544/1158/1 546/1212/1 548/1159/1
f 548/1159/1 550/1215/1 552/1160/1
s 116
f 473/1161/227 545/1173/227 544/1162/113
f 480/1164/228 552/1174/228 551/1165/223
f 470/1167/220 542/1217/220 541/1168/23
f 477/1170/229 549/1179/229 548/1171/230
f 473/1161/227 474/1180/216 546/1172/216
f 469/1169/23 541/1168/23 552/1174/228
f 471/1175/219 543/1181/219 542/1176/220
f 478/1178/114 550/1182/114 549/1179/229
f 475/1120/124 547/1119/124 546/1172/216
f 472/1163/113 544/1162/113 543/1181/219
f 479/1166/223 551/1165/223 550/1182/114
s 119
f 842/1183/124 841/1218/230 854/1184/230
f 841/1186/230 844/1187/229 855/423/229
f 844/1187/229 845/1189/114 856/1188/114
f 845/1189/114 846/1219/223 857/1190/223
f 857/1190/223 846/1219/223 847/1191/228
f 847/1191/228 848/1194/23 859/1193/23
f 848/1194/23 849/1196/220 860/1195/220
f 849/1196/220 850/1198/219 861/1197/219
f 850/1198/219 851/1200/113 862/1199/113
f 851/1200/113 852/1204/227 863/1201/227
s 120
f 844/1187/2 841/1186/2 842/1220/2
f 842/1220/2 853/1221/2 852/1202/2
f 852/1202/2 851/1222/2 850/1223/2
f 850/1223/2 849/1224/2 848/1203/2
f 848/1203/2 847/1225/2 846/1226/2
f 846/1226/2 845/1227/2 844/1187/2
f 844/1187/2 842/1220/2 852/1202/2
f 852/1202/2 850/1223/2 848/1203/2
f 848/1203/2 846/1226/2 844/1187/2
s 119
f 852/1204/227 853/1206/216 864/1205/216
f 853/1206/216 842/1183/124 843/1185/124
s 100
g RoverModificado.003_SpacialRoverExplorerwheels
usemtl SpacialRoverExplorerwheels
f 928/1228/2 436/1229/289 406/1230/290
f 927/1231/2 435/1232/291 436/1229/289
f 926/1233/2 434/1234/292 435/1232/291
f 925/1235/2 433/1236/293 434/1234/292
f 924/1237/2 432/1238/294 433/1236/293
f 923/1239/2 431/1240/295 432/1238/294
f 922/1241/2 430/1242/296 431/1240/295
f 921/1243/2 429/1244/296 430/1242/296
f 920/1245/2 428/1246/297 429/1244/296
f 919/1247/2 427/1248/297 428/1246/297
f 918/1249/2 426/1250/298 427/1248/297
f 917/1251/2 425/1252/299 426/1250/298
f 916/1253/2 424/1254/300 425/1255/299
f 914/1256/2 424/1254/300 915/1257/2
f 913/1258/2 423/1259/300 914/1256/2
f 912/1260/2 422/1261/301 913/1258/2
f 911/1262/2 421/1263/301 912/1260/2
f 910/1264/2 420/1265/302 911/1262/2
f 909/1266/2 419/1267/302 910/1264/2
f 908/1268/2 418/1269/303 909/1266/2
f 907/1270/2 417/1271/303 908/1268/2
f 906/1272/2 416/1273/304 907/1270/2
f 905/1274/2 415/1275/305 906/1272/2
f 904/1276/2 414/1277/306 905/1274/2
f 903/1278/2 413/1279/307 904/1276/2
f 902/1280/2 412/1281/308 903/1278/2
f 901/1282/2 411/1283/309 902/1280/2
f 900/1284/2 410/1285/310 901/1282/2
f 899/1286/2 409/1287/310 900/1288/2
f 899/1286/2 407/1289/311 408/1290/312
f 898/1291/2 405/1292/290 407/1289/311
f 897/1293/2 406/1230/290 405/1292/290
s 99
f 866/1294/1 459/1295/313 865/1296/1
f 867/1297/1 447/1298/314 446/1299/315
f 869/1300/1 460/1301/313 866/1294/1
f 868/1302/1 448/1303/316 447/1298/314
f 871/1304/1 461/1305/317 869/1300/1
f 870/1306/1 449/1307/318 448/1303/316
f 873/1308/1 462/1309/317 871/1304/1
f 872/1310/1 450/1311/319 449/1307/318
f 875/1312/1 463/1313/320 873/1308/1
f 874/1314/1 451/1315/321 450/1311/319
f 878/1316/1 437/1317/322 877/1318/1
f 879/1319/1 464/1320/323 875/1312/1
f 876/1321/1 452/1322/321 451/1315/321
f 881/1323/1 438/1324/322 878/1316/1
f 882/1325/1 465/1326/324 879/1319/1
f 883/1327/1 452/1322/321 880/1328/1
f 884/1329/1 439/1330/325 881/1323/1
f 885/1331/1 466/1332/326 882/1325/1
f 886/1333/1 453/1334/327 883/1327/1
f 887/1335/1 440/1336/325 884/1329/1
f 888/1337/1 467/1338/328 885/1331/1
f 889/1339/1 454/1340/329 886/1333/1
f 887/1341/1 442/1342/330 441/1343/330
f 877/1318/1 468/1344/331 888/1337/1
f 891/1345/1 455/1346/332 889/1339/1
f 890/1347/1 443/1348/333 442/1342/330
f 893/1349/1 456/1350/332 891/1345/1
f 892/1351/1 444/1352/334 443/1348/333
f 895/1353/1 457/1354/335 893/1355/1
f 894/1356/1 445/1357/336 444/1352/334
f 865/1296/1 458/1358/335 895/1353/1
f 896/1359/1 446/1299/315 445/1357/336
s 121
f 554/1360/337 463/1313/338 556/1361/339
s 122
f 558/1362/340 467/1338/341 560/1363/342
s 123
f 560/1363/343 752/1364/344 559/1365/345
s 124
f 564/1366/346 465/1326/347 562/1367/348
s 125
f 611/1368/349 654/1369/350 778/1370/351
s 123
f 559/1365/345 653/1371/352 435/1232/353
s 100
f 426/1250/298 663/1372/354 664/1373/355
s 126
f 610/1374/356 777/1375/357 745/1376/356
s 99
f 467/1338/328 715/1377/358 716/1378/358
s 127
f 578/1379/359 457/1380/360 572/1381/361
s 128
f 574/1382/362 459/1295/363 568/1383/364
s 129
f 570/1384/365 461/1305/366 566/1385/367
s 130
f 558/1362/368 751/1386/369 719/1387/370
s 126
f 609/1388/357 682/1389/371 777/1375/357
s 131
f 452/1322/372 580/1390/373 586/1391/374
s 132
f 454/1340/375 576/1392/376 582/1393/377
s 130
f 557/1394/378 656/1395/379 751/1386/369
s 100
f 428/1246/297 661/1396/380 662/1397/380
s 133
f 448/1303/381 588/1398/382 594/1399/383
s 134
f 450/1311/384 584/1400/385 590/1401/386
s 135
f 608/1402/387 776/1403/388 607/1404/389
s 99
f 465/1326/324 713/1405/390 714/1406/390
s 136
f 556/1361/391 750/1407/392 555/1408/393
s 135
f 607/1404/389 681/1409/394 407/1289/394
s 137
f 440/1336/395 604/1410/396 610/1374/397
s 138
f 442/1342/398 600/1411/399 606/1412/400
s 139
f 444/1352/401 596/1413/402 602/1414/403
s 140
f 446/1299/404 592/1415/405 598/1416/406
s 141
f 612/1417/407 437/1317/408 614/1418/409
s 136
f 555/1408/393 657/1419/410 431/1240/411
s 142
f 616/1420/412 439/1330/413 608/1402/414
s 100
f 430/1242/296 659/1421/415 660/1422/415
s 143
f 606/1412/416 775/1423/417 743/1424/418
s 99
f 463/1313/320 711/1425/419 712/1426/419
s 142
f 405/1292/420 607/1404/421 407/1289/420
f 615/1427/422 608/1402/414 607/1404/421
s 144
f 554/1360/423 749/1428/424 717/1429/425
s 143
f 605/1430/426 680/1431/427 775/1423/417
s 141
f 436/1229/428 613/1432/429 406/1230/428
f 611/1368/430 614/1418/409 613/1432/429
s 140
f 597/1433/431 415/1275/432 414/1277/432
f 598/1416/406 591/1434/433 597/1433/431
s 139
f 601/1435/434 413/1279/435 412/1281/435
f 602/1414/403 595/1436/436 601/1435/434
s 138
f 605/1430/437 411/1283/438 410/1285/438
f 606/1412/400 599/1437/439 605/1430/437
s 137
f 609/1388/440 409/1287/441 408/1290/441
f 610/1374/397 603/1438/442 609/1388/440
s 144
f 553/1439/443 660/1422/444 749/1428/424
s 100
f 432/1238/294 657/1419/445 658/1440/445
s 145
f 604/1441/446 774/1442/447 603/1443/448
s 99
f 461/1305/317 709/1444/449 710/1445/449
s 146
f 616/1420/450 685/1446/451 438/1324/452
s 145
f 603/1443/448 679/1447/453 409/1448/454
s 147
f 614/1418/455 686/1449/456 747/1450/455
s 100
f 434/1234/292 655/1451/457 656/1395/457
s 134
f 589/1452/458 419/1267/459 418/1269/459
f 590/1401/386 583/1453/460 589/1452/458
s 133
f 593/1454/461 417/1271/462 416/1273/462
f 594/1399/383 587/1455/463 593/1454/461
s 148
f 602/1414/464 773/1456/465 741/1457/464
s 99
f 459/1295/313 707/1458/466 708/1459/466
s 125
f 612/1417/467 715/1377/468 468/1344/469
s 148
f 601/1435/470 678/1460/471 773/1456/465
s 132
f 581/1461/472 423/1259/473 422/1261/473
f 582/1393/377 575/1462/474 581/1461/472
s 131
f 585/1463/475 421/1263/476 420/1265/476
f 586/1391/374 579/1464/477 585/1463/475
s 126
f 610/1374/356 687/1465/478 440/1336/478
s 100
f 436/1229/289 653/1371/479 654/1369/479
s 149
f 600/1411/480 772/1466/481 599/1437/482
s 99
f 457/1354/335 705/1467/483 706/1468/483
s 129
f 428/1246/484 565/1469/485 429/1244/484
f 569/1470/486 566/1385/367 565/1469/485
s 128
f 426/1250/487 567/1471/488 427/1248/489
f 573/1472/490 568/1383/364 567/1471/488
s 127
f 424/1254/491 571/1473/492 425/1255/491
f 577/1474/493 572/1381/361 571/1473/492
s 135
f 608/1402/387 688/1475/494 744/1476/387
s 149
f 599/1437/482 677/1477/495 411/1283/496
s 143
f 606/1412/416 689/1478/497 442/1342/498
s 150
f 598/1416/499 771/1479/500 739/1480/501
s 99
f 455/1346/332 703/1481/502 704/1482/502
s 145
f 604/1441/446 690/1483/503 742/1484/446
s 150
f 597/1433/504 676/1485/505 771/1479/500
s 148
f 602/1414/464 691/1486/506 444/1352/507
s 151
f 596/1413/508 770/1487/509 595/1436/510
s 99
f 454/1340/329 702/1488/511 453/1334/327
s 124
f 432/1238/512 561/1489/513 433/1236/512
f 563/1490/514 562/1367/348 561/1489/513
s 149
f 600/1411/480 692/1491/515 740/1492/480
s 151
f 595/1436/510 675/1493/516 413/1279/517
s 122
f 434/1234/518 559/1365/519 435/1232/518
f 557/1394/520 560/1363/342 559/1365/519
s 121
f 430/1242/521 555/1408/522 431/1240/521
f 553/1439/523 556/1361/339 555/1408/522
s 152
f 721/1494/524 713/1405/525 719/1387/526
s 153
f 718/1495/527 711/1425/528 722/1496/529
s 154
f 723/1497/530 709/1444/531 717/1429/532
s 155
f 724/1498/533 707/1458/534 725/1499/535
s 156
f 726/1500/536 705/1467/537 727/1501/538
s 157
f 728/1502/539 703/1481/540 729/1503/539
s 158
f 702/1488/541 731/1504/542 730/1505/543
s 159
f 700/1506/544 733/1507/545 732/1508/546
s 160
f 698/1509/547 735/1510/548 734/1511/549
s 161
f 696/1512/550 737/1513/551 736/1514/552
s 162
f 694/1515/553 739/1480/554 738/1516/555
s 163
f 692/1491/556 741/1457/557 740/1492/558
s 164
f 690/1483/559 743/1424/560 742/1484/561
s 165
f 688/1475/562 745/1376/563 744/1476/563
s 166
f 747/1450/564 685/1446/565 748/1517/566
s 167
f 720/1518/567 715/1377/568 746/1519/569
f 653/1371/570 778/1370/571 654/1369/570
f 752/1364/572 746/1519/569 778/1370/571
s 166
f 683/1520/573 780/1521/574 684/1522/573
f 779/1523/575 748/1517/566 780/1521/574
s 165
f 776/1403/576 682/1389/577 681/1409/577
f 744/1476/563 777/1375/576 776/1403/576
s 164
f 774/1442/578 680/1431/579 679/1447/579
f 742/1484/561 775/1423/580 774/1442/578
s 163
f 772/1466/581 678/1460/582 677/1477/582
f 740/1492/558 773/1456/583 772/1466/581
s 162
f 770/1487/584 676/1485/585 675/1493/585
f 738/1516/555 771/1479/586 770/1487/584
s 161
f 768/1524/587 674/1525/588 673/1526/589
f 736/1514/552 769/1527/590 768/1524/587
s 160
f 766/1528/591 672/1529/592 671/1530/592
f 734/1511/549 767/1531/593 766/1528/591
s 159
f 764/1532/594 670/1533/595 669/1534/595
f 732/1508/546 765/1535/596 764/1532/594
s 158
f 762/1536/597 668/1537/598 667/1538/598
f 730/1505/543 763/1539/599 762/1536/597
s 157
f 665/1540/600 761/1541/601 666/1542/600
f 728/1502/539 761/1541/601 760/1543/601
s 156
f 663/1372/602 759/1544/603 664/1373/602
f 758/1545/604 727/1501/538 759/1544/603
s 155
f 661/1396/605 757/1546/606 662/1397/605
f 756/1547/607 725/1499/535 757/1546/606
s 154
f 659/1421/608 749/1428/609 660/1422/608
f 755/1548/610 717/1429/532 749/1428/609
s 153
f 657/1419/611 754/1549/612 658/1440/611
f 750/1407/613 722/1496/529 754/1549/612
s 152
f 655/1451/614 751/1386/615 656/1395/614
f 753/1550/616 719/1387/526 751/1386/615
s 125
f 612/1417/467 778/1370/351 746/1519/467
s 100
f 423/1259/300 666/1542/617 424/1254/300
s 168
f 561/1489/618 655/1451/619 433/1236/620
s 147
f 613/1432/621 683/1520/622 406/1230/623
s 168
f 562/1367/624 753/1550/625 561/1489/618
s 147
f 614/1418/455 779/1523/626 613/1432/621
s 100
f 421/1263/301 668/1537/627 422/1261/301
s 169
f 563/1490/628 658/1440/629 754/1549/630
s 146
f 615/1427/631 684/1522/632 780/1521/633
s 169
f 564/1366/634 754/1549/630 722/1496/634
s 146
f 616/1420/450 780/1521/633 748/1517/450
s 100
f 419/1267/302 670/1533/635 420/1265/302
s 170
f 565/1469/636 659/1421/637 429/1244/638
f 566/1385/639 755/1548/640 565/1469/636
s 100
f 417/1271/303 672/1529/641 418/1269/303
s 171
f 567/1471/642 661/1396/643 427/1248/644
f 568/1383/645 756/1547/646 567/1471/642
s 100
f 415/1275/305 674/1525/647 416/1273/304
s 172
f 569/1470/648 662/1397/649 757/1546/650
f 570/1384/651 757/1546/650 725/1499/651
s 100
f 413/1279/307 676/1485/652 414/1277/306
s 173
f 571/1551/653 663/1372/654 425/1252/655
f 572/1552/656 758/1545/657 571/1551/653
s 144
f 554/1360/423 709/1444/658 462/1309/659
s 100
f 411/1283/309 678/1460/660 412/1281/308
s 174
f 573/1472/661 664/1373/662 759/1544/663
s 136
f 556/1361/391 712/1426/664 718/1495/665
s 174
f 574/1382/666 759/1544/663 727/1501/667
s 130
f 558/1362/368 713/1405/668 466/1332/669
s 100
f 409/1448/310 680/1431/670 410/1285/310
s 175
f 575/1462/671 665/1540/672 423/1259/673
s 123
f 560/1363/343 716/1378/674 720/1518/675
s 175
f 576/1392/676 760/1543/671 575/1462/671
s 168
f 562/1367/624 714/1406/677 721/1494/678
s 100
f 408/1290/312 681/1409/679 682/1389/679
s 176
f 577/1474/680 666/1542/681 761/1541/680
s 169
f 564/1366/634 711/1425/682 464/1320/683
s 176
f 578/1379/684 761/1541/680 729/1503/684
s 170
f 566/1385/639 710/1445/685 723/1497/639
s 100
f 405/1292/290 683/1520/686 684/1522/686
s 177
f 579/1464/687 667/1538/688 421/1263/689
s 171
f 568/1383/645 708/1459/690 724/1498/691
s 99
f 437/1317/322 685/1446/692 686/1449/693
s 177
f 580/1390/694 762/1536/695 579/1464/687
s 172
f 570/1384/651 707/1458/696 460/1301/697
s 178
f 581/1461/698 668/1537/699 763/1539/700
s 173
f 572/1552/656 706/1468/701 726/1500/702
s 99
f 440/1336/325 688/1475/703 439/1330/325
s 178
f 582/1393/704 763/1539/700 731/1504/705
s 174
f 574/1382/666 705/1467/706 458/1358/707
s 179
f 583/1453/708 669/1534/709 419/1267/710
s 175
f 576/1392/676 704/1482/711 728/1502/712
s 99
f 442/1342/330 690/1483/713 441/1343/330
s 179
f 584/1400/714 764/1532/715 583/1453/708
s 176
f 578/1379/684 703/1481/716 456/1350/717
s 180
f 585/1463/718 670/1533/719 765/1535/720
s 177
f 580/1390/694 702/1488/721 730/1505/694
s 99
f 444/1352/334 692/1491/722 443/1348/333
s 180
f 586/1391/723 765/1535/720 733/1507/723
s 178
f 582/1393/704 701/1553/724 454/1340/725
s 181
f 587/1455/726 671/1530/727 417/1271/728
s 179
f 584/1400/714 700/1506/729 732/1508/714
s 99
f 446/1299/315 694/1515/730 445/1357/336
s 181
f 588/1398/731 766/1528/732 587/1455/726
s 180
f 586/1391/723 699/1554/733 452/1322/734
s 182
f 589/1452/735 672/1529/736 767/1531/737
s 181
f 588/1398/731 698/1509/738 734/1511/739
s 99
f 448/1303/316 696/1512/740 447/1298/314
s 182
f 590/1401/741 767/1531/737 735/1510/742
f 590/1401/741 697/1555/743 450/1311/744
s 183
f 591/1434/745 673/1526/746 415/1275/747
f 592/1415/748 696/1512/749 736/1514/750
s 99
f 450/1311/319 698/1509/751 449/1307/318
s 183
f 592/1415/748 768/1524/752 591/1434/745
s 184
f 594/1399/753 695/1556/754 448/1303/755
f 593/1454/756 674/1525/757 769/1527/758
s 151
f 596/1413/508 694/1515/759 738/1516/508
s 99
f 452/1322/321 700/1506/760 451/1315/321
s 184
f 594/1399/753 769/1527/758 737/1513/761
s 150
f 598/1416/499 693/1557/762 446/1299/763
s 100
f 928/1228/2 927/1231/2 436/1229/289
f 927/1231/2 926/1233/2 435/1232/291
f 926/1233/2 925/1235/2 434/1234/292
f 925/1235/2 924/1237/2 433/1236/293
f 924/1237/2 923/1239/2 432/1238/294
f 923/1239/2 922/1241/2 431/1240/295
f 922/1241/2 921/1243/2 430/1242/296
f 921/1243/2 920/1245/2 429/1244/296
f 920/1245/2 919/1247/2 428/1246/297
f 919/1247/2 918/1249/2 427/1248/297
f 918/1249/2 917/1251/2 426/1250/298
f 917/1251/2 916/1558/2 425/1252/299
f 916/1253/2 915/1257/2 424/1254/300
f 914/1256/2 423/1259/300 424/1254/300
f 913/1258/2 422/1261/301 423/1259/300
f 912/1260/2 421/1263/301 422/1261/301
f 911/1262/2 420/1265/302 421/1263/301
f 910/1264/2 419/1267/302 420/1265/302
f 909/1266/2 418/1269/303 419/1267/302
f 908/1268/2 417/1271/303 418/1269/303
f 907/1270/2 416/1273/304 417/1271/303
f 906/1272/2 415/1275/305 416/1273/304
f 905/1274/2 414/1277/306 415/1275/305
f 904/1276/2 413/1279/307 414/1277/306
f 903/1278/2 412/1281/308 413/1279/307
f 902/1280/2 411/1283/309 412/1281/308
f 901/1282/2 410/1285/310 411/1283/309
f 900/1284/2 409/1448/310 410/1285/310
f 899/1286/2 408/1290/312 409/1287/310
f 899/1286/2 898/1291/2 407/1289/311
f 898/1291/2 897/1293/2 405/1292/290
f 897/1293/2 928/1228/2 406/1230/290
s 99
f 866/1294/1 460/1301/313 459/1295/313
f 867/1297/1 868/1302/1 447/1298/314
f 869/1300/1 461/1305/317 460/1301/313
f 868/1302/1 870/1306/1 448/1303/316
f 871/1304/1 462/1309/317 461/1305/317
f 870/1306/1 872/1310/1 449/1307/318
f 873/1308/1 463/1313/320 462/1309/317
f 872/1310/1 874/1314/1 450/1311/319
f 875/1312/1 464/1320/323 463/1313/320
f 874/1314/1 876/1321/1 451/1315/321
f 878/1316/1 438/1324/322 437/1317/322
f 879/1319/1 465/1326/324 464/1320/323
f 876/1321/1 880/1328/1 452/1322/321
f 881/1323/1 439/1330/325 438/1324/322
f 882/1325/1 466/1332/326 465/1326/324
f 883/1327/1 453/1334/327 452/1322/321
f 884/1329/1 440/1336/325 439/1330/325
f 885/1331/1 467/1338/328 466/1332/326
f 886/1333/1 454/1340/329 453/1334/327
f 887/1335/1 441/1559/330 440/1336/325
f 888/1337/1 468/1344/331 467/1338/328
f 889/1339/1 455/1346/332 454/1340/329
f 887/1341/1 890/1347/1 442/1342/330
f 877/1318/1 437/1317/322 468/1344/331
f 891/1345/1 456/1350/332 455/1346/332
f 890/1347/1 892/1351/1 443/1348/333
f 893/1349/1 457/1380/335 456/1350/332
f 892/1351/1 894/1356/1 444/1352/334
f 895/1353/1 458/1358/335 457/1354/335
f 894/1356/1 896/1359/1 445/1357/336
f 865/1296/1 459/1295/313 458/1358/335
f 896/1359/1 867/1297/1 446/1299/315
s 121
f 554/1360/337 462/1309/338 463/1313/338
s 122
f 558/1362/340 466/1332/341 467/1338/341
s 123
f 560/1363/343 720/1518/675 752/1364/344
s 124
f 564/1366/346 464/1320/347 465/1326/347
s 125
f 611/1368/349 436/1229/764 654/1369/350
s 123
f 559/1365/345 752/1364/344 653/1371/352
s 100
f 426/1250/298 425/1252/299 663/1372/354
s 126
f 610/1374/356 609/1388/357 777/1375/357
s 99
f 467/1338/328 468/1344/331 715/1377/358
s 127
f 578/1379/359 456/1350/360 457/1380/360
s 128
f 574/1382/362 458/1358/363 459/1295/363
s 129
f 570/1384/365 460/1301/366 461/1305/366
s 130
f 558/1362/368 557/1394/378 751/1386/369
s 126
f 609/1388/357 408/1290/765 682/1389/371
s 131
f 452/1322/372 453/1334/372 580/1390/373
s 132
f 454/1340/375 455/1346/375 576/1392/376
s 130
f 557/1394/378 434/1234/766 656/1395/379
s 100
f 428/1246/297 427/1248/297 661/1396/380
s 133
f 448/1303/381 449/1307/381 588/1398/382
s 134
f 450/1311/384 451/1315/384 584/1400/385
s 135
f 608/1402/387 744/1476/387 776/1403/388
s 99
f 465/1326/324 466/1332/326 713/1405/390
s 136
f 556/1361/391 718/1495/665 750/1407/392
s 135
f 607/1404/389 776/1403/388 681/1409/394
s 137
f 440/1336/395 441/1559/395 604/1410/396
s 138
f 442/1342/398 443/1348/398 600/1411/399
s 139
f 444/1352/401 445/1357/401 596/1413/402
s 140
f 446/1299/404 447/1298/404 592/1415/405
s 141
f 612/1417/407 468/1344/408 437/1317/408
s 136
f 555/1408/393 750/1407/392 657/1419/410
s 142
f 616/1420/412 438/1324/413 439/1330/413
s 100
f 430/1242/296 429/1244/296 659/1421/415
s 143
f 606/1412/416 605/1430/426 775/1423/417
s 99
f 463/1313/320 464/1320/323 711/1425/419
s 142
f 405/1292/420 615/1427/422 607/1404/421
f 615/1427/422 616/1420/412 608/1402/414
s 144
f 554/1360/423 553/1439/443 749/1428/424
s 143
f 605/1430/426 410/1285/767 680/1431/427
s 141
f 436/1229/428 611/1368/430 613/1432/429
f 611/1368/430 612/1417/407 614/1418/409
s 140
f 597/1433/431 591/1434/433 415/1275/432
f 598/1416/406 592/1415/405 591/1434/433
s 139
f 601/1435/434 595/1436/436 413/1279/435
f 602/1414/403 596/1413/402 595/1436/436
s 138
f 605/1430/437 599/1437/439 411/1283/438
f 606/1412/400 600/1411/399 599/1437/439
s 137
f 609/1388/440 603/1438/442 409/1287/441
f 610/1374/397 604/1410/396 603/1438/442
s 144
f 553/1439/443 430/1242/768 660/1422/444
s 100
f 432/1238/294 431/1240/295 657/1419/445
s 145
f 604/1441/446 742/1484/446 774/1442/447
s 99
f 461/1305/317 462/1309/317 709/1444/449
s 146
f 616/1420/450 748/1517/450 685/1446/451
s 145
f 603/1443/448 774/1442/447 679/1447/453
s 147
f 614/1418/455 437/1317/769 686/1449/456
s 100
f 434/1234/292 433/1236/293 655/1451/457
s 134
f 589/1452/458 583/1453/460 419/1267/459
f 590/1401/386 584/1400/385 583/1453/460
s 133
f 593/1454/461 587/1455/463 417/1271/462
f 594/1399/383 588/1398/382 587/1455/463
s 148
f 602/1414/464 601/1435/470 773/1456/465
s 99
f 459/1295/313 460/1301/313 707/1458/466
s 125
f 612/1417/467 746/1519/467 715/1377/468
s 148
f 601/1435/470 412/1281/770 678/1460/471
s 132
f 581/1461/472 575/1462/474 423/1259/473
f 582/1393/377 576/1392/376 575/1462/474
s 131
f 585/1463/475 579/1464/477 421/1263/476
f 586/1391/374 580/1390/373 579/1464/477
s 126
f 610/1374/356 745/1376/356 687/1465/478
s 100
f 436/1229/289 435/1232/291 653/1371/479
s 149
f 600/1411/480 740/1492/480 772/1466/481
s 99
f 457/1354/335 458/1358/335 705/1467/483
s 129
f 428/1246/484 569/1470/486 565/1469/485
f 569/1470/486 570/1384/365 566/1385/367
s 128
f 426/1250/487 573/1472/490 567/1471/488
f 573/1472/490 574/1382/362 568/1383/364
s 127
f 424/1254/491 577/1474/493 571/1473/492
f 577/1474/493 578/1379/359 572/1381/361
s 135
f 608/1402/387 439/1330/494 688/1475/494
s 149
f 599/1437/482 772/1466/481 677/1477/495
s 143
f 606/1412/416 743/1424/418 689/1478/497
s 150
f 598/1416/499 597/1433/504 771/1479/500
s 99
f 455/1346/332 456/1350/332 703/1481/502
s 145
f 604/1441/446 441/1343/771 690/1483/503
s 150
f 597/1433/504 414/1277/772 676/1485/505
s 148
f 602/1414/464 741/1457/464 691/1486/506
s 151
f 596/1413/508 738/1516/508 770/1487/509
s 99
f 454/1340/329 701/1553/511 702/1488/511
s 124
f 432/1238/512 563/1490/514 561/1489/513
f 563/1490/514 564/1366/346 562/1367/348
s 149
f 600/1411/480 443/1348/773 692/1491/515
s 151
f 595/1436/510 770/1487/509 675/1493/516
s 122
f 434/1234/518 557/1394/520 559/1365/519
f 557/1394/520 558/1362/340 560/1363/342
s 121
f 430/1242/521 553/1439/523 555/1408/522
f 553/1439/523 554/1360/337 556/1361/339
s 152
f 721/1494/524 714/1406/525 713/1405/525
s 153
f 718/1495/527 712/1426/528 711/1425/528
s 154
f 723/1497/530 710/1445/531 709/1444/531
s 155
f 724/1498/533 708/1459/534 707/1458/534
s 156
f 726/1500/536 706/1468/537 705/1467/537
s 157
f 728/1502/539 704/1482/540 703/1481/540
s 158
f 702/1488/541 701/1553/541 731/1504/542
s 159
f 700/1506/544 699/1554/544 733/1507/545
s 160
f 698/1509/547 697/1555/547 735/1510/548
s 161
f 696/1512/550 695/1556/550 737/1513/551
s 162
f 694/1515/553 693/1557/553 739/1480/554
s 163
f 692/1491/556 691/1486/556 741/1457/557
s 164
f 690/1483/559 689/1478/559 743/1424/560
s 165
f 688/1475/562 687/1465/562 745/1376/563
s 166
f 747/1450/564 686/1449/565 685/1446/565
s 167
f 720/1518/567 716/1378/568 715/1377/568
f 653/1371/570 752/1364/572 778/1370/571
f 752/1364/572 720/1518/567 746/1519/569
s 166
f 683/1520/573 779/1523/575 780/1521/574
f 779/1523/575 747/1450/564 748/1517/566
s 165
f 776/1403/576 777/1375/576 682/1389/577
f 744/1476/563 745/1376/563 777/1375/576
s 164
f 774/1442/578 775/1423/580 680/1431/579
f 742/1484/561 743/1424/560 775/1423/580
s 163
f 772/1466/581 773/1456/583 678/1460/582
f 740/1492/558 741/1457/557 773/1456/583
s 162
f 770/1487/584 771/1479/586 676/1485/585
f 738/1516/555 739/1480/554 771/1479/586
s 161
f 768/1524/587 769/1527/590 674/1525/588
f 736/1514/552 737/1513/551 769/1527/590
s 160
f 766/1528/591 767/1531/593 672/1529/592
f 734/1511/549 735/1510/548 767/1531/593
s 159
f 764/1532/594 765/1535/596 670/1533/595
f 732/1508/546 733/1507/545 765/1535/596
s 158
f 762/1536/597 763/1539/599 668/1537/598
f 730/1505/543 731/1504/542 763/1539/599
s 157
f 665/1540/600 760/1543/601 761/1541/601
f 728/1502/539 729/1503/539 761/1541/601
s 156
f 663/1372/602 758/1545/604 759/1544/603
f 758/1545/604 726/1500/536 727/1501/538
s 155
f 661/1396/605 756/1547/607 757/1546/606
f 756/1547/607 724/1498/533 725/1499/535
s 154
f 659/1421/608 755/1548/610 749/1428/609
f 755/1548/610 723/1497/530 717/1429/532
s 153
f 657/1419/611 750/1407/613 754/1549/612
f 750/1407/613 718/1495/527 722/1496/529
s 152
f 655/1451/614 753/1550/616 751/1386/615
f 753/1550/616 721/1494/524 719/1387/526
s 125
f 612/1417/467 611/1368/349 778/1370/351
s 100
f 423/1259/300 665/1540/617 666/1542/617
s 168
f 561/1489/618 753/1550/625 655/1451/619
s 147
f 613/1432/621 779/1523/626 683/1520/622
s 168
f 562/1367/624 721/1494/678 753/1550/625
s 147
f 614/1418/455 747/1450/455 779/1523/626
s 100
f 421/1263/301 667/1538/774 668/1537/627
s 169
f 563/1490/628 432/1238/775 658/1440/629
s 146
f 615/1427/631 405/1292/776 684/1522/632
s 169
f 564/1366/634 563/1490/628 754/1549/630
s 146
f 616/1420/450 615/1427/631 780/1521/633
s 100
f 419/1267/302 669/1534/635 670/1533/635
s 170
f 565/1469/636 755/1548/640 659/1421/637
f 566/1385/639 723/1497/639 755/1548/640
s 100
f 417/1271/303 671/1530/641 672/1529/641
s 171
f 567/1471/642 756/1547/646 661/1396/643
f 568/1383/645 724/1498/691 756/1547/646
s 100
f 415/1275/305 673/1526/647 674/1525/647
s 172
f 569/1470/648 428/1246/777 662/1397/649
f 570/1384/651 569/1470/648 757/1546/650
s 100
f 413/1279/307 675/1493/652 676/1485/652
s 173
f 571/1551/653 758/1545/657 663/1372/654
f 572/1552/656 726/1500/702 758/1545/657
s 144
f 554/1360/423 717/1429/425 709/1444/658
s 100
f 411/1283/309 677/1477/660 678/1460/660
s 174
f 573/1472/661 426/1250/778 664/1373/662
s 136
f 556/1361/391 463/1313/779 712/1426/664
s 174
f 574/1382/666 573/1472/661 759/1544/663
s 130
f 558/1362/368 719/1387/370 713/1405/668
s 100
f 409/1448/310 679/1447/670 680/1431/670
s 175
f 575/1462/671 760/1543/671 665/1540/672
s 123
f 560/1363/343 467/1338/780 716/1378/674
s 175
f 576/1392/676 728/1502/712 760/1543/671
s 168
f 562/1367/624 465/1326/781 714/1406/677
s 100
f 408/1290/312 407/1289/311 681/1409/679
s 176
f 577/1474/680 424/1254/681 666/1542/681
s 169
f 564/1366/634 722/1496/634 711/1425/682
s 176
f 578/1379/684 577/1474/680 761/1541/680
s 170
f 566/1385/639 461/1305/782 710/1445/685
s 100
f 405/1292/290 406/1230/290 683/1520/686
s 177
f 579/1464/687 762/1536/695 667/1538/688
s 171
f 568/1383/645 459/1295/783 708/1459/690
s 99
f 437/1317/322 438/1324/322 685/1446/692
s 177
f 580/1390/694 730/1505/694 762/1536/695
s 172
f 570/1384/651 725/1499/651 707/1458/696
s 178
f 581/1461/698 422/1261/784 668/1537/699
s 173
f 572/1552/656 457/1354/785 706/1468/701
s 99
f 440/1336/325 687/1465/703 688/1475/703
s 178
f 582/1393/704 581/1461/698 763/1539/700
s 174
f 574/1382/666 727/1501/667 705/1467/706
s 179
f 583/1453/708 764/1532/715 669/1534/709
s 175
f 576/1392/676 455/1346/711 704/1482/711
s 99
f 442/1342/330 689/1478/713 690/1483/713
s 179
f 584/1400/714 732/1508/714 764/1532/715
s 176
f 578/1379/684 729/1503/684 703/1481/716
s 180
f 585/1463/718 420/1265/786 670/1533/719
s 177
f 580/1390/694 453/1334/787 702/1488/721
s 99
f 444/1352/334 691/1486/722 692/1491/722
s 180
f 586/1391/723 585/1463/718 765/1535/720
s 178
f 582/1393/704 731/1504/705 701/1553/724
s 181
f 587/1455/726 766/1528/732 671/1530/727
s 179
f 584/1400/714 451/1315/788 700/1506/729
s 99
f 446/1299/315 693/1557/730 694/1515/730
s 181
f 588/1398/731 734/1511/739 766/1528/732
s 180
f 586/1391/723 733/1507/723 699/1554/733
s 182
f 589/1452/735 418/1269/789 672/1529/736
s 181
f 588/1398/731 449/1307/790 698/1509/738
s 99
f 448/1303/316 695/1556/740 696/1512/740
s 182
f 590/1401/741 589/1452/735 767/1531/737
f 590/1401/741 735/1510/742 697/1555/743
s 183
f 591/1434/745 768/1524/752 673/1526/746
f 592/1415/748 447/1298/791 696/1512/749
s 99
f 450/1311/319 697/1555/751 698/1509/751
s 183
f 592/1415/748 736/1514/750 768/1524/752
s 184
f 594/1399/753 737/1513/761 695/1556/754
f 593/1454/756 416/1273/792 674/1525/757
s 151
f 596/1413/508 445/1357/793 694/1515/759
s 99
f 452/1322/321 699/1554/760 700/1506/760
s 184
f 594/1399/753 593/1454/756 769/1527/758
s 150
f 598/1416/499 739/1480/501 693/1557/762
l 241 240
l 399 401
l 402 365
l 366 403
l 404 400
