# Blender 5.2.0 LTS
# www.blender.org
mtllib RuedaMediaDer.mtl
g RoverModificado.005_RoverModificado.011
v -0.311567 0.174249 0.290076
v -0.311567 0.174249 -0.409925
v -0.386566 0.154154 0.290076
v -0.386566 0.154154 -0.409925
v -0.441470 0.099250 0.290076
v -0.441470 0.099250 -0.409925
v -0.461567 0.024249 0.290076
v -0.461567 0.024249 -0.409925
v -0.441470 -0.050750 0.290076
v -0.441470 -0.050750 -0.409925
v -0.386566 -0.105654 0.290076
v -0.386566 -0.105654 -0.409925
v -0.311567 -0.125749 0.290076
v -0.311567 -0.125749 -0.409925
v -0.236566 -0.105654 0.290076
v -0.236566 -0.105654 -0.409925
v -0.181663 -0.050750 0.290076
v -0.181663 -0.050750 -0.409925
v -0.161567 0.024249 0.290076
v -0.161567 0.024249 -0.409925
v -0.181663 0.099250 0.290076
v -0.181663 0.099250 -0.409925
v -0.236566 0.154154 0.290076
v -0.236566 0.154154 -0.409925
v -1.514192 -1.935555 0.110677
v -1.588715 -1.857351 0.218677
v -1.536019 -1.912649 0.187044
v -1.618526 -1.826068 0.218677
v -1.693048 -1.747865 0.110677
v -1.671221 -1.770770 0.187045
v -1.588715 -1.857351 -0.040523
v -1.514192 -1.935555 0.067477
v -1.536019 -1.912649 -0.008890
v -1.693048 -1.747865 0.067477
v -1.618526 -1.826068 -0.040523
v -1.671221 -1.770770 -0.008890
v -2.326058 -2.070609 0.569077
v -2.326058 -2.353452 0.569077
v -2.384637 -2.212031 0.569077
v -2.326059 -2.353452 -0.390924
v -2.326058 -2.070609 -0.390923
v -2.384637 -2.212031 -0.390923
v -2.113926 -2.565584 0.569076
v -1.831083 -2.565584 0.569076
v -1.972505 -2.624164 0.569076
v -1.831084 -2.565584 -0.390924
v -2.113927 -2.565584 -0.390924
v -1.972505 -2.624163 -0.390924
v 0.205820 -0.560981 0.485076
v -0.354317 0.010197 0.485076
v 0.205820 -0.560981 0.293076
v -0.354317 0.010197 0.293076
v -2.182406 -2.695343 0.485077
v -1.899577 -2.698103 0.485077
v -2.093258 -2.747979 0.485077
v -1.989735 -2.748990 0.485077
v -2.459715 -2.126924 0.485077
v -2.462475 -2.409753 0.485077
v -2.512351 -2.216072 0.485077
v -2.513362 -2.319595 0.485077
v -2.182406 -2.695343 0.293077
v -2.093258 -2.747979 0.293076
v -2.462475 -2.409753 0.293077
v -2.513362 -2.319595 0.293077
v -2.512351 -2.216072 0.293077
v -1.791987 -1.862078 -0.390924
v -1.739959 -1.889887 -0.390924
v -1.694356 -1.927312 -0.390924
v -1.656931 -1.972915 -0.390924
v -1.611996 -2.081397 -0.390924
v -1.629121 -2.024943 -0.390924
v -1.848440 -2.435261 -0.390924
v -1.611996 -2.198817 -0.390924
v -1.694356 -2.352901 -0.390924
v -1.739959 -2.390327 -0.390924
v -1.656930 -2.307298 -0.390924
v -1.907150 -2.441043 -0.390924
v -1.791987 -2.418137 -0.390924
v -1.629121 -2.255270 -0.390924
v -1.911014 -2.440663 -0.390924
v -1.606213 -2.140106 -0.390924
v -2.119945 -1.927312 -0.390924
v -2.157370 -1.972915 -0.390924
v -2.074342 -1.889887 -0.390924
v -2.185180 -2.024943 -0.390924
v -2.022314 -1.862077 -0.390924
v -2.202305 -2.081397 -0.390924
v -2.202305 -2.198817 -0.390924
v -2.208087 -2.140107 -0.390924
v -2.119945 -2.352901 -0.390924
v -2.157370 -2.307298 -0.390924
v -2.185180 -2.255270 -0.390924
v -1.965860 -1.844952 -0.390924
v -1.907150 -1.839170 -0.390924
v -1.848440 -1.844953 -0.390924
v -2.074342 -2.390327 -0.390924
v -2.022314 -2.418137 -0.390924
v -1.965860 -2.435261 -0.390924
v -1.793243 -2.418518 0.569076
v -1.791986 -2.418137 0.569076
v -1.694355 -2.352901 0.569076
v -1.656930 -2.307298 0.569076
v -1.739959 -2.390327 0.569076
v -2.119944 -1.927312 0.569077
v -2.157370 -1.972915 0.569077
v -2.074342 -1.889887 0.569076
v -2.185179 -2.024943 0.569077
v -2.022313 -1.862077 0.569076
v -2.202304 -2.081397 0.569077
v -1.965860 -1.844952 0.569076
v -1.907150 -1.839170 0.569076
v -1.791986 -1.862078 0.569076
v -1.848440 -1.844953 0.569076
v -1.694355 -1.927312 0.569076
v -1.656930 -1.972915 0.569076
v -1.739958 -1.889887 0.569076
v -2.157370 -2.307298 0.569077
v -2.119944 -2.352901 0.569076
v -2.022314 -2.418137 0.569076
v -1.965860 -2.435261 0.569076
v -2.074342 -2.390327 0.569076
v -1.848440 -2.435261 0.569076
v -1.907150 -2.441043 0.569076
v -1.629120 -2.255270 0.569076
v -1.611996 -2.198817 0.569076
v -1.606213 -2.140106 0.569076
v -2.208087 -2.140107 0.569077
v -2.202305 -2.198817 0.569077
v -1.611996 -2.081397 0.569076
v -1.629120 -2.024943 0.569076
v -2.185179 -2.255270 0.569077
v -2.022313 -1.862077 0.293076
v -2.157370 -2.307298 0.293076
v -1.739958 -1.889887 0.293076
v -2.074342 -2.390327 0.293076
v -1.656930 -1.972915 0.293076
v -1.791986 -2.418137 0.293076
v -1.629120 -2.255270 0.293076
v -1.907150 -2.441043 0.293076
v -2.157370 -1.972915 0.485077
v -2.022313 -1.862077 0.485077
v -1.907150 -1.839170 0.485077
v -2.202304 -2.081397 0.485077
v -2.185179 -2.255270 0.485077
v -2.074342 -2.390327 0.485077
v -1.656930 -1.972915 0.485077
v -1.739958 -1.889887 0.485077
v -1.611996 -2.081397 0.485077
v -1.907150 -2.441043 0.485077
v -1.791986 -2.418137 0.485077
v -1.694355 -2.352901 0.485077
v -1.611996 -2.198817 0.485077
v -0.221534 -0.982124 0.485076
v -0.221535 -0.982124 0.293076
v -0.504091 -0.763701 0.218677
v -0.531738 -0.735538 0.218677
v -0.455220 -0.813483 -0.008891
v -0.434976 -0.834103 0.110677
v -0.580609 -0.685756 0.187044
v -0.531738 -0.735538 -0.040523
v -0.455220 -0.813483 0.187044
v -0.434976 -0.834103 0.067477
v -0.600852 -0.665136 0.067477
v -0.600852 -0.665136 0.110677
v -0.504091 -0.763701 -0.040523
v -0.580609 -0.685756 -0.008891
v 0.580378 -0.560950 0.485076
v 0.754137 -0.387120 0.485076
v 0.703244 -0.510006 0.485076
v 0.754137 -0.143458 0.485076
v 0.580432 0.025982 0.485076
v 0.703260 -0.021856 0.485076
v 0.754137 -0.387120 0.293076
v 0.580378 -0.560950 0.293076
v 0.703244 -0.510006 0.293076
v 0.580432 0.025982 0.293076
v 0.754137 -0.143458 0.293076
v 0.703260 -0.021856 0.293076
v -1.848440 -1.844953 0.293076
v -2.185179 -2.024943 0.293076
v -2.459715 -2.126924 0.293077
v -0.006690 -0.278300 0.274404
v 0.063254 -0.349429 0.229170
v -0.611179 -0.661907 0.229170
v -0.640151 -0.632444 0.119965
v -0.402748 -0.873866 0.119965
v -0.431720 -0.844404 0.229170
v -0.402748 -0.873866 0.058189
v -0.431721 -0.844404 -0.051017
v -0.501665 -0.773274 -0.096251
v -0.046259 -0.238061 0.274404
v -0.046260 -0.238061 -0.096251
v -0.116204 -0.166932 -0.051017
v -0.541234 -0.733036 -0.096251
v -0.611179 -0.661907 -0.051017
v -0.501665 -0.773274 0.274405
v -0.541234 -0.733036 0.274405
v -0.006690 -0.278300 -0.096251
v -0.640151 -0.632444 0.058189
v 0.063254 -0.349429 -0.051017
v 0.092227 -0.378891 0.119965
v 0.092227 -0.378891 0.058189
v -0.116204 -0.166932 0.229170
v -0.145176 -0.137470 0.119965
v -0.145176 -0.137470 0.058189
v -1.717573 -1.717429 0.569076
v -1.972878 -1.717429 0.569076
v -1.845225 -1.664553 0.569076
v -1.972878 -1.717429 -0.390924
v -1.717573 -1.717429 -0.390924
v -1.845226 -1.664553 -0.390924
v -1.477903 -2.212404 0.569076
v -1.477903 -1.957099 0.569076
v -1.425027 -2.084751 0.569076
v -1.477903 -1.957099 -0.390924
v -1.477903 -2.212404 -0.390924
v -1.425028 -2.084751 -0.390924
v -2.206461 -2.123601 0.293077
v -1.606213 -2.140106 0.293076
v -1.899577 -2.698103 0.293076
v -1.989735 -2.748990 0.293076
v -2.119944 -1.927312 0.293076
v -1.694355 -2.352901 0.293076
v 0.580405 -0.267484 0.485076
v 0.580405 -0.267484 0.293076
v 0.205820 -0.560981 -0.114924
v -0.354317 0.010197 -0.114924
v 0.205820 -0.560981 -0.306924
v -0.354317 0.010197 -0.306924
v -2.182406 -2.695343 -0.114924
v -1.899577 -2.698103 -0.114924
v -2.093258 -2.747979 -0.114924
v -1.989736 -2.748990 -0.114924
v -2.459715 -2.126924 -0.114923
v -2.462475 -2.409753 -0.114923
v -2.512351 -2.216072 -0.114923
v -2.513362 -2.319595 -0.114923
v -2.182406 -2.695343 -0.306924
v -2.093258 -2.747979 -0.306924
v -2.462475 -2.409753 -0.306924
v -2.513362 -2.319595 -0.306924
v -2.512351 -2.216072 -0.306924
v -2.022313 -1.862077 -0.306924
v -2.157370 -2.307298 -0.306924
v -1.739959 -1.889887 -0.306924
v -2.074342 -2.390327 -0.306924
v -1.656931 -1.972915 -0.306924
v -1.791987 -2.418137 -0.306924
v -1.629121 -2.255270 -0.306924
v -1.907150 -2.441043 -0.306924
v -2.157370 -1.972915 -0.114924
v -2.022313 -1.862077 -0.114924
v -1.907150 -1.839170 -0.114924
v -2.202305 -2.081397 -0.114924
v -2.185179 -2.255270 -0.114924
v -2.074342 -2.390327 -0.114924
v -1.656931 -1.972915 -0.114924
v -1.739959 -1.889887 -0.114924
v -1.611996 -2.081397 -0.114924
v -1.907150 -2.441043 -0.114924
v -1.791987 -2.418137 -0.114924
v -1.694356 -2.352901 -0.114924
v -1.611996 -2.198817 -0.114924
v -0.221535 -0.982124 -0.114924
v -0.221535 -0.982124 -0.306924
v 0.580378 -0.560950 -0.114924
v 0.754136 -0.387120 -0.114925
v 0.703244 -0.510006 -0.114924
v 0.754136 -0.143458 -0.114925
v 0.580432 0.025982 -0.114924
v 0.703260 -0.021856 -0.114924
v 0.754136 -0.387120 -0.306924
v 0.580378 -0.560950 -0.306924
v 0.703244 -0.510006 -0.306924
v 0.580432 0.025982 -0.306924
v 0.754136 -0.143458 -0.306924
v 0.703260 -0.021856 -0.306924
v -1.848440 -1.844953 -0.306924
v -2.185180 -2.024943 -0.306924
v -2.459715 -2.126924 -0.306924
v -2.206461 -2.123601 -0.306924
v -1.606213 -2.140106 -0.306924
v -1.899577 -2.698103 -0.306924
v -1.989736 -2.748990 -0.306924
v -2.119945 -1.927312 -0.306924
v -1.694356 -2.352901 -0.306924
v 0.580405 -0.267484 -0.114924
v 0.580405 -0.267484 -0.306924
v -1.606615 -2.198817 0.781075
v -1.651549 -2.307300 0.781076
v -1.734578 -2.390327 0.781075
v -1.843059 -2.435262 0.781076
v -2.016933 -2.418137 0.781076
v -2.114564 -2.352901 0.781076
v -2.179799 -2.255271 0.781076
v -2.202706 -2.140107 0.781076
v -2.179799 -2.024944 0.781076
v -2.114564 -1.927313 0.781076
v -2.016933 -1.862078 0.781076
v -1.901769 -1.839170 0.781076
v -1.734578 -1.889888 0.781076
v -1.651549 -1.972916 0.781075
v -1.606615 -2.081397 0.781076
v -1.606615 -2.198817 -0.474925
v -1.651549 -2.307300 -0.474925
v -1.786606 -2.418137 -0.474925
v -1.901769 -2.441044 -0.474925
v -2.016933 -2.418137 -0.474925
v -2.114564 -2.352902 -0.474925
v -2.196924 -2.198817 -0.474925
v -2.179799 -2.024944 -0.474925
v -2.114564 -1.927313 -0.474925
v -2.016933 -1.862078 -0.474925
v -1.843059 -1.844953 -0.474925
v -1.688975 -1.927313 -0.474925
v -1.606615 -2.081398 -0.474925
v -1.002255 -2.140106 1.760026
v -1.019539 -2.315594 1.760026
v -1.070727 -2.484336 1.760026
v -1.153851 -2.639852 1.760026
v -1.265717 -2.776161 1.760026
v -1.402027 -2.888027 1.760026
v -1.557541 -2.971151 1.760026
v -1.726284 -3.022339 1.760026
v -1.901771 -3.039624 1.760026
v -2.077258 -3.022339 1.760026
v -2.246001 -2.971151 1.760026
v -2.401515 -2.888027 1.760026
v -2.537825 -2.776161 1.760026
v -2.649691 -2.639852 1.760026
v -2.732816 -2.484337 1.760026
v -2.784003 -2.315594 1.760026
v -2.801287 -2.140106 1.760026
v -2.784003 -1.964620 1.760026
v -2.732816 -1.795878 1.760026
v -2.649691 -1.640363 1.760026
v -2.537825 -1.504054 1.760026
v -2.401516 -1.392187 1.760026
v -2.246001 -1.309062 1.760026
v -2.077258 -1.257875 1.760026
v -1.901771 -1.240590 1.760026
v -1.726284 -1.257875 1.760026
v -1.557541 -1.309062 1.760026
v -1.402027 -1.392187 1.760026
v -1.265717 -1.504054 1.760026
v -1.153851 -1.640363 1.760026
v -1.070727 -1.795878 1.760026
v -1.019539 -1.964620 1.760026
v -1.002255 -2.140106 0.720026
v -1.019539 -2.315593 0.720026
v -1.070727 -2.484336 0.720026
v -1.153851 -2.639852 0.720026
v -1.265717 -2.776160 0.720026
v -1.402027 -2.888027 0.720026
v -1.557541 -2.971151 0.720026
v -1.726284 -3.022338 0.720026
v -1.901771 -3.039623 0.720026
v -2.077258 -3.022339 0.720026
v -2.246001 -2.971151 0.720026
v -2.401515 -2.888027 0.720026
v -2.537825 -2.776160 0.720026
v -2.649692 -2.639852 0.720026
v -2.732816 -2.484336 0.720026
v -2.784003 -2.315593 0.720026
v -2.801287 -2.140106 0.720026
v -2.784003 -1.964620 0.720026
v -2.732816 -1.795877 0.720026
v -2.649691 -1.640362 0.720026
v -2.537825 -1.504053 0.720026
v -2.401516 -1.392186 0.720026
v -2.246001 -1.309062 0.720026
v -2.077258 -1.257875 0.720026
v -1.901771 -1.240591 0.720026
v -1.726284 -1.257875 0.720026
v -1.557541 -1.309062 0.720026
v -1.402027 -1.392186 0.720026
v -1.265717 -1.504052 0.720026
v -1.153851 -1.640362 0.720026
v -1.070727 -1.795877 0.720026
v -1.019539 -1.964620 0.720026
v -0.897525 -2.341249 0.720026
v -0.877931 -2.142314 0.720026
v -0.955552 -2.532540 0.720026
v -1.049783 -2.708834 0.720026
v -1.176597 -2.863358 0.720026
v -1.331121 -2.990172 0.720026
v -1.507415 -3.084403 0.720026
v -1.698705 -3.142430 0.720026
v -1.897641 -3.162024 0.720026
v -2.096577 -3.142430 0.720026
v -2.287867 -3.084403 0.720026
v -2.464161 -2.990172 0.720026
v -2.618684 -2.863358 0.720026
v -2.745498 -2.708834 0.720026
v -2.839730 -2.532540 0.720026
v -2.897757 -2.341250 0.720026
v -2.917350 -2.142314 0.720026
v -2.897757 -1.943379 0.720026
v -2.839730 -1.752088 0.720026
v -2.745498 -1.575794 0.720026
v -2.618685 -1.421271 0.720026
v -2.464161 -1.294457 0.720026
v -2.287867 -1.200225 0.720026
v -2.096577 -1.142198 0.720026
v -1.897641 -1.122605 0.720026
v -1.698705 -1.142198 0.720026
v -1.507415 -1.200225 0.720026
v -1.331121 -1.294457 0.720026
v -1.176598 -1.421270 0.720026
v -1.049783 -1.575794 0.720026
v -0.955552 -1.752088 0.720026
v -0.897525 -1.943379 0.720026
v -0.873220 -2.140106 1.760026
v -0.892983 -2.340767 1.760026
v -0.951513 -2.533716 1.760026
v -1.046562 -2.711540 1.760026
v -1.174475 -2.867403 1.760026
v -1.330338 -2.995317 1.760026
v -1.508161 -3.090365 1.760026
v -1.701111 -3.148896 1.760026
v -1.901771 -3.168659 1.760026
v -2.102431 -3.148896 1.760026
v -2.295381 -3.090365 1.760026
v -2.473204 -2.995317 1.760026
v -2.629067 -2.867403 1.760026
v -2.756980 -2.711540 1.760026
v -2.852029 -2.533716 1.760026
v -2.910559 -2.340767 1.760026
v -2.930323 -2.140106 1.760026
v -2.910559 -1.939446 1.760026
v -2.852029 -1.746497 1.760026
v -2.756980 -1.568675 1.760026
v -2.629067 -1.412811 1.760026
v -2.473204 -1.284897 1.760026
v -2.295381 -1.189849 1.760026
v -2.102432 -1.131318 1.760026
v -1.901771 -1.111556 1.760026
v -1.701110 -1.131318 1.760026
v -1.508161 -1.189849 1.760026
v -1.330338 -1.284897 1.760026
v -1.174475 -1.412811 1.760026
v -1.046562 -1.568675 1.760026
v -0.951513 -1.746497 1.760026
v -0.892983 -1.939446 1.760026
v -1.901771 -2.043634 1.700024
v -1.950008 -2.056560 1.700024
v -1.985319 -2.091872 1.700024
v -1.998244 -2.140107 1.700024
v -1.985319 -2.188343 1.700024
v -1.950008 -2.223655 1.700024
v -1.901771 -2.236579 1.700024
v -1.853535 -2.223655 1.700024
v -1.818224 -2.188343 1.700024
v -1.805299 -2.140107 1.700024
v -1.818224 -2.091872 1.700024
v -1.853535 -2.056560 1.700024
v -1.901771 -1.940107 1.576691
v -1.901771 -1.940107 1.423357
v -2.001771 -1.966903 1.423357
v -2.001771 -1.966903 1.576691
v -2.074977 -2.040108 1.423357
v -2.074977 -2.040108 1.576691
v -2.101771 -2.140107 1.423357
v -2.101771 -2.140107 1.576691
v -2.074977 -2.240107 1.423357
v -2.074977 -2.240107 1.576691
v -2.001771 -2.313313 1.423357
v -2.001771 -2.313313 1.576691
v -1.901771 -2.340107 1.423357
v -1.901771 -2.340107 1.576691
v -1.801771 -2.313313 1.423357
v -1.801771 -2.313313 1.576691
v -1.728566 -2.240107 1.423357
v -1.728566 -2.240107 1.576691
v -1.701771 -2.140107 1.423357
v -1.701771 -2.140107 1.576691
v -1.728566 -2.040108 1.423357
v -1.728566 -2.040108 1.576691
v -1.801771 -1.966903 1.423357
v -1.801771 -1.966903 1.576691
v -2.082945 -1.263959 1.076691
v -2.082945 -1.263959 0.823357
v -2.182945 -1.290754 0.823357
v -2.182945 -1.290754 1.076691
v -2.751124 -1.858933 0.823357
v -2.751124 -1.858933 1.076691
v -2.777919 -1.958933 0.823357
v -2.777919 -1.958933 1.076691
v -2.569951 -2.735081 0.823357
v -2.569951 -2.735081 1.076691
v -2.496746 -2.808286 0.823357
v -2.496746 -2.808286 1.076691
v -1.720598 -3.016255 0.823357
v -1.720598 -3.016255 1.076691
v -1.620598 -2.989460 0.823357
v -1.620598 -2.989460 1.076691
v -1.052418 -2.421280 0.823357
v -1.052418 -2.421280 1.076691
v -1.025623 -2.321280 0.823357
v -1.025623 -2.321281 1.076691
v -1.233592 -1.545132 0.823357
v -1.233592 -1.545134 1.076691
v -1.306797 -1.471927 0.823357
v -1.306797 -1.471928 1.076691
v -1.901771 -1.940107 1.700024
v -2.001771 -1.966903 1.700024
v -2.074977 -2.040108 1.700024
v -2.101771 -2.140107 1.700024
v -2.074977 -2.240107 1.700024
v -2.001771 -2.313313 1.700024
v -1.901771 -2.340107 1.700024
v -1.801771 -2.313313 1.700024
v -1.728566 -2.240107 1.700024
v -1.701771 -2.140107 1.700024
v -1.728566 -2.040108 1.700024
v -1.801771 -1.966903 1.700024
v -1.901771 -2.043634 1.600025
v -1.950008 -2.056560 1.600025
v -1.985319 -2.091872 1.600025
v -1.998244 -2.140107 1.600025
v -1.985319 -2.188343 1.600025
v -1.950008 -2.223655 1.600025
v -1.901771 -2.236579 1.600025
v -1.853535 -2.223655 1.600025
v -1.818224 -2.188343 1.600025
v -1.805299 -2.140107 1.600025
v -1.818224 -2.091872 1.600025
v -1.853535 -2.056560 1.600025
v -1.679487 -1.038307 1.049359
v -1.680369 -1.034318 1.430693
v -1.468459 -1.102322 1.049359
v -1.468733 -1.098517 1.430693
v -0.963610 -1.516641 1.049359
v -0.962429 -1.514031 1.430693
v -0.859656 -1.711126 1.049359
v -0.858175 -1.709076 1.430693
v -1.103509 -1.346175 1.049359
v -1.102730 -1.343073 1.430693
v -1.273975 -1.206276 1.049359
v -1.273689 -1.202771 1.430693
v -1.898949 -1.016692 1.049359
v -1.900463 -1.012641 1.430693
v -2.329438 -1.102322 1.049359
v -2.332193 -1.098517 1.430693
v -2.118410 -1.038307 1.049359
v -2.120557 -1.034318 1.430693
v -2.694389 -1.346175 1.049359
v -2.698196 -1.343073 1.430693
v -2.523923 -1.206276 1.049359
v -2.527238 -1.202771 1.430693
v -2.938242 -1.711126 1.049359
v -2.942751 -1.709076 1.430693
v -2.834288 -1.516641 1.049359
v -2.838498 -1.514031 1.430693
v -3.023871 -2.141615 1.049359
v -3.028628 -2.140806 1.430693
v -3.002256 -1.922154 1.049359
v -3.006950 -1.920713 1.430693
v -2.938242 -2.572104 1.049359
v -2.942751 -2.572536 1.430693
v -3.002256 -2.361077 1.049359
v -3.006950 -2.360900 1.430693
v -2.694389 -2.937056 1.049359
v -2.698196 -2.938539 1.430693
v -2.834288 -2.766588 1.049359
v -2.838498 -2.767580 1.430693
v -2.329438 -3.180908 1.049359
v -2.332193 -3.183095 1.430693
v -2.523922 -3.076954 1.049359
v -2.527238 -3.078841 1.430693
v -1.898949 -3.266538 1.049359
v -1.900463 -3.268971 1.430693
v -2.118410 -3.244924 1.049359
v -2.120557 -3.247293 1.430693
v -1.468460 -3.180908 1.049359
v -1.468733 -3.183095 1.430693
v -1.679487 -3.244924 1.049359
v -1.680369 -3.247293 1.430693
v -1.103508 -2.937056 1.049359
v -1.102730 -2.938539 1.430693
v -1.273975 -3.076954 1.049359
v -1.273688 -3.078841 1.430693
v -0.859656 -2.572104 1.049359
v -0.858175 -2.572536 1.430693
v -0.963610 -2.766589 1.049359
v -0.962429 -2.767580 1.430693
v -0.795641 -1.922154 1.049359
v -0.793976 -1.920713 1.430693
v -0.774026 -2.141615 1.049359
v -0.772299 -2.140806 1.430693
v -0.795641 -2.361077 1.049359
v -0.793976 -2.360900 1.430693
v -1.901771 -1.940107 0.985580
v -1.901771 -1.940107 0.887802
v -2.001771 -1.966902 0.887802
v -2.001771 -1.966902 0.985580
v -2.074977 -2.040107 0.887802
v -2.074977 -2.040107 0.985580
v -2.101771 -2.140107 0.887802
v -2.101771 -2.140107 0.985580
v -2.074977 -2.240107 0.887802
v -2.074977 -2.240107 0.985580
v -2.001771 -2.313312 0.887802
v -2.001771 -2.313312 0.985580
v -1.901771 -2.340107 0.887802
v -1.901771 -2.340107 0.985580
v -1.801771 -2.313312 0.887802
v -1.801771 -2.313312 0.985580
v -1.728566 -2.240107 0.887802
v -1.728566 -2.240107 0.985580
v -1.701771 -2.140107 0.887802
v -1.701771 -2.140107 0.985580
v -1.728566 -2.040107 0.887802
v -1.728566 -2.040107 0.985580
v -1.801771 -1.966902 0.887802
v -1.801771 -1.966902 0.985580
v -2.496746 -1.471927 0.887802
v -2.496746 -1.471927 0.985579
v -2.569951 -1.545132 0.887802
v -2.569951 -1.545132 0.985579
v -2.182945 -2.989460 0.887802
v -2.182945 -2.989460 0.985580
v -2.082945 -3.016255 0.887802
v -2.082945 -3.016255 0.985580
v -1.025623 -1.958933 0.887802
v -1.025623 -1.958933 0.985580
v -1.052418 -1.858933 0.887802
v -1.052418 -1.858933 0.985580
v -0.913066 -1.734578 0.725226
v -0.852427 -1.934476 0.725226
v -1.144058 -1.388873 0.725226
v -1.011537 -1.550350 0.725226
v -1.489762 -1.157881 0.725226
v -1.305535 -1.256353 0.725226
v -1.897548 -1.076768 0.725226
v -1.689661 -1.097243 0.725226
v -2.305334 -1.157881 0.725226
v -2.105436 -1.097243 0.725226
v -2.651038 -1.388874 0.725226
v -2.489562 -1.256353 0.725226
v -2.882031 -1.734578 0.725226
v -2.783559 -1.550350 0.725226
v -2.963144 -2.142364 0.725226
v -2.942669 -1.934476 0.725226
v -2.882031 -2.550150 0.725226
v -2.942669 -2.350251 0.725226
v -2.651038 -2.895854 0.725226
v -2.783559 -2.734377 0.725226
v -2.305334 -3.126846 0.725226
v -2.489562 -3.028376 0.725226
v -1.897548 -3.207960 0.725226
v -2.105436 -3.187485 0.725226
v -1.489762 -3.126846 0.725226
v -1.689661 -3.187485 0.725226
v -1.144058 -2.895854 0.725226
v -1.305535 -3.028376 0.725226
v -0.913066 -2.550150 0.725226
v -1.011537 -2.734377 0.725226
v -0.831952 -2.142364 0.725226
v -0.852427 -2.350251 0.725226
v -0.847681 -2.349747 1.754826
v -0.827028 -2.140058 1.754826
v -1.008171 -2.737205 1.754826
v -0.908845 -2.551379 1.754826
v -1.304717 -3.033751 1.754826
v -1.141840 -2.900081 1.754826
v -1.692174 -3.194241 1.754826
v -1.490542 -3.133076 1.754826
v -2.111554 -3.194241 1.754826
v -1.901864 -3.214893 1.754826
v -2.499011 -3.033752 1.754826
v -2.313186 -3.133076 1.754826
v -2.795558 -2.737205 1.754826
v -2.661888 -2.900081 1.754826
v -2.956047 -2.349747 1.754826
v -2.894883 -2.551379 1.754826
v -2.956048 -1.930368 1.754826
v -2.976700 -2.140058 1.754826
v -2.795558 -1.542911 1.754826
v -2.894883 -1.728735 1.754826
v -2.499011 -1.246364 1.754826
v -2.661888 -1.380033 1.754826
v -2.111554 -1.085874 1.754826
v -2.313186 -1.147038 1.754826
v -1.692174 -1.085874 1.754826
v -1.901864 -1.065221 1.754826
v -1.304717 -1.246364 1.754826
v -1.490542 -1.147038 1.754826
v -1.008171 -1.542911 1.754826
v -1.141840 -1.380033 1.754826
v -0.847681 -1.930368 1.754826
v -0.908845 -1.728735 1.754826
v -1.658436 -0.923630 1.428787
v -1.425636 -0.994248 1.428787
v -0.868701 -1.451313 1.428787
v -0.754022 -1.665863 1.428787
v -1.023033 -1.263259 1.428787
v -1.211087 -1.108927 1.428787
v -1.900539 -0.899784 1.428787
v -2.375442 -0.994248 1.428787
v -2.142643 -0.923630 1.428787
v -2.778045 -1.263259 1.428787
v -2.589991 -1.108928 1.428787
v -3.047056 -1.665863 1.428787
v -2.932377 -1.451313 1.428787
v -3.141520 -2.140765 1.428787
v -3.117675 -1.898663 1.428787
v -3.047056 -2.615668 1.428787
v -3.117675 -2.382868 1.428787
v -2.778045 -3.018271 1.428787
v -2.932377 -2.830217 1.428787
v -2.375442 -3.287282 1.428787
v -2.589991 -3.172603 1.428787
v -1.900539 -3.381747 1.428787
v -2.142642 -3.357902 1.428787
v -1.425636 -3.287282 1.428787
v -1.658436 -3.357902 1.428787
v -1.023033 -3.018271 1.428787
v -1.211087 -3.172603 1.428787
v -0.754022 -2.615668 1.428787
v -0.868701 -2.830217 1.428787
v -0.683403 -1.898663 1.428787
v -0.659558 -2.140765 1.428787
v -0.683403 -2.382868 1.428787
v -1.657466 -0.928017 1.051266
v -1.425335 -0.998434 1.051266
v -0.870001 -1.454185 1.051266
v -0.755651 -1.668119 1.051266
v -1.023889 -1.266672 1.051266
v -1.211403 -1.112783 1.051266
v -1.898873 -0.904241 1.051266
v -2.372412 -0.998434 1.051266
v -2.140281 -0.928017 1.051266
v -2.773858 -1.266672 1.051266
v -2.586344 -1.112783 1.051266
v -3.042095 -1.668119 1.051266
v -2.927746 -1.454185 1.051266
v -3.136288 -2.141655 1.051266
v -3.112511 -1.900249 1.051266
v -3.042095 -2.615194 1.051266
v -3.112511 -2.383063 1.051266
v -2.773857 -3.016640 1.051266
v -2.927746 -2.829126 1.051266
v -2.372411 -3.284878 1.051266
v -2.586344 -3.170528 1.051266
v -1.898873 -3.379071 1.051266
v -2.140281 -3.355293 1.051266
v -1.425335 -3.284878 1.051266
v -1.657466 -3.355293 1.051266
v -1.023889 -3.016640 1.051266
v -1.211403 -3.170528 1.051266
v -0.755651 -2.615194 1.051266
v -0.870001 -2.829126 1.051266
v -0.685235 -1.900249 1.051266
v -0.661459 -2.141655 1.051266
v -0.685235 -2.383063 1.051266
v -2.032295 -1.452989 1.396043
v -2.005065 -1.554611 1.534611
v -1.979652 -1.649454 1.618771
v -1.940991 -1.793740 1.641632
v -2.105064 -1.581406 1.534611
v -2.132295 -1.479783 1.396043
v -2.040991 -1.820535 1.641632
v -2.079652 -1.676250 1.618771
v -2.248139 -2.100889 1.641632
v -2.392424 -2.062228 1.618771
v -2.487267 -2.036814 1.534611
v -2.588890 -2.009584 1.396043
v -2.365629 -1.962227 1.618771
v -2.221344 -2.000888 1.641632
v -2.562095 -1.909585 1.396043
v -2.460472 -1.936815 1.534611
v -1.694623 -1.859753 1.641632
v -1.588999 -1.754129 1.618771
v -1.519569 -1.684701 1.534611
v -1.445175 -1.610307 1.396043
v -1.515794 -1.827334 1.618771
v -1.621418 -1.932958 1.641632
v -1.371970 -1.683512 1.396043
v -1.446364 -1.757906 1.534611
v -1.437913 -2.317987 1.618771
v -1.582199 -2.279326 1.641632
v -1.241447 -2.370631 1.396043
v -1.343071 -2.343401 1.534611
v -1.316276 -2.243400 1.534611
v -1.214652 -2.270630 1.396043
v -1.555404 -2.179326 1.641632
v -1.411119 -2.217987 1.618771
v -1.762552 -2.459680 1.641632
v -1.723891 -2.603965 1.618771
v -1.698478 -2.698808 1.534611
v -1.671248 -2.800431 1.396043
v -1.823891 -2.630760 1.618771
v -1.862552 -2.486475 1.641632
v -1.771248 -2.827226 1.396043
v -1.798478 -2.725603 1.534611
v -2.287749 -2.452879 1.618771
v -2.182125 -2.347256 1.641632
v -2.431572 -2.596704 1.396043
v -2.357179 -2.522309 1.534611
v -2.283974 -2.595514 1.534611
v -2.358367 -2.669909 1.396043
v -2.108920 -2.420461 1.641632
v -2.214544 -2.526084 1.618771
v -1.901771 -1.940107 0.367357
v -2.001771 -1.966902 0.367357
v -2.074977 -2.040107 0.367357
v -2.101771 -2.140107 0.367357
v -2.074977 -2.240107 0.367357
v -2.001771 -2.313312 0.367357
v -1.901771 -2.340107 0.367357
v -1.801771 -2.313312 0.367357
v -1.728566 -2.240107 0.367357
v -1.701771 -2.140107 0.367357
v -1.728566 -2.040107 0.367357
v -1.801771 -1.966902 0.367357
v -2.031771 -1.914940 0.085778
v -1.901771 -1.880107 0.085778
v -1.901771 -1.880107 0.367311
v -2.126938 -2.010107 0.085778
v -2.161771 -2.140107 0.085778
v -2.126938 -2.270107 0.085778
v -2.031771 -2.365273 0.085778
v -1.901771 -2.400107 0.085778
v -1.771771 -2.365273 0.085778
v -1.676605 -2.270107 0.085778
v -1.641771 -2.140107 0.085778
v -1.676605 -2.010107 0.085778
v -1.771771 -1.914940 0.085778
v -2.031771 -1.914940 0.367311
v -2.126938 -2.010107 0.367311
v -2.161771 -2.140107 0.367311
v -2.126938 -2.270107 0.367311
v -2.031771 -2.365273 0.367311
v -1.901771 -2.400107 0.367311
v -1.771771 -2.365273 0.367311
v -1.676605 -2.270107 0.367311
v -1.641771 -2.140107 0.367311
v -1.676605 -2.010107 0.367311
v -1.771771 -1.914940 0.367311
v -2.270691 -1.249455 1.760026
v -2.089845 -1.194596 1.760026
v -2.089845 -3.085618 1.760026
v -2.270691 -3.030758 1.760026
v -1.901771 -1.176073 1.760026
v -2.437360 -2.941671 1.760026
v -1.713697 -1.194596 1.760026
v -2.583446 -2.821781 1.760026
v -1.532851 -1.249455 1.760026
v -2.703336 -2.675695 1.760026
v -1.366183 -1.338542 1.760026
v -2.792422 -2.509027 1.760026
v -0.937737 -2.140106 1.760026
v -0.956261 -2.328180 1.760026
v -1.220096 -1.458432 1.760026
v -2.847281 -2.328180 1.760026
v -1.011120 -2.509027 1.760026
v -1.100206 -1.604518 1.760026
v -2.865805 -2.140106 1.760026
v -1.100206 -2.675695 1.760026
v -1.011120 -1.771188 1.760026
v -2.847281 -1.952034 1.760026
v -1.220096 -2.821781 1.760026
v -0.956261 -1.952034 1.760026
v -2.792422 -1.771188 1.760026
v -1.366183 -2.941671 1.760026
v -2.703336 -1.604518 1.760026
v -1.532851 -3.030758 1.760026
v -2.583446 -1.458432 1.760026
v -1.713697 -3.085618 1.760026
v -2.437360 -1.338542 1.760026
v -1.901771 -3.104140 1.760026
v -0.958532 -2.328422 0.720026
v -1.013139 -2.508439 0.720026
v -1.101817 -2.674344 0.720026
v -1.221157 -2.819759 0.720026
v -1.366574 -2.939099 0.720026
v -1.532478 -3.027777 0.720026
v -1.712495 -3.082385 0.720026
v -1.899706 -3.100823 0.720026
v -2.086917 -3.082385 0.720026
v -2.266934 -3.027777 0.720026
v -2.432838 -2.939099 0.720026
v -2.578255 -2.819759 0.720026
v -2.697595 -2.674342 0.720026
v -2.786273 -2.508439 0.720026
v -2.840880 -2.328422 0.720026
v -2.859319 -2.141210 0.720026
v -2.840880 -1.953999 0.720026
v -2.786273 -1.773983 0.720026
v -2.697595 -1.608078 0.720026
v -2.578255 -1.462662 0.720026
v -2.432838 -1.343322 0.720026
v -2.266934 -1.254644 0.720026
v -2.086917 -1.200036 0.720026
v -1.899706 -1.181597 0.720026
v -1.712495 -1.200036 0.720026
v -1.532478 -1.254644 0.720026
v -1.366574 -1.343321 0.720026
v -1.221158 -1.462662 0.720026
v -1.101817 -1.608078 0.720026
v -1.013139 -1.773982 0.720026
v -0.958532 -1.953999 0.720026
v -0.940093 -2.141210 0.720026
v -1.931773 -1.828141 1.473037
v -1.987266 -1.621038 1.440222
v -1.997450 -1.583030 1.406494
v -2.036536 -1.437160 1.207597
v -2.087266 -1.647832 1.440222
v -2.031773 -1.854935 1.473037
v -2.136535 -1.463955 1.207597
v -2.097450 -1.609824 1.406494
v -2.604718 -2.005343 1.207597
v -2.458849 -2.044428 1.406494
v -2.420841 -2.054612 1.440222
v -2.213738 -2.110106 1.473037
v -2.186943 -2.010105 1.473037
v -2.394046 -1.954613 1.440222
v -2.432055 -1.944428 1.406494
v -2.577923 -1.905344 1.207597
v -1.433589 -1.598719 1.207597
v -1.540372 -1.705503 1.406494
v -1.568196 -1.733326 1.440222
v -1.719806 -1.884938 1.473037
v -1.467167 -1.778708 1.406494
v -1.360384 -1.671924 1.207597
v -1.646601 -1.958143 1.473037
v -1.494991 -1.806531 1.440222
v -1.382702 -2.225601 1.440222
v -1.589805 -2.170108 1.473037
v -1.198825 -2.274871 1.207597
v -1.344693 -2.235786 1.406494
v -1.371488 -2.335786 1.406494
v -1.225620 -2.374872 1.207597
v -1.616600 -2.270109 1.473037
v -1.409497 -2.325602 1.440222
v -1.667007 -2.816258 1.207597
v -1.706092 -2.670391 1.406494
v -1.716277 -2.632382 1.440222
v -1.771770 -2.425278 1.473037
v -1.806092 -2.697186 1.406494
v -1.767007 -2.843053 1.207597
v -1.871770 -2.452074 1.473037
v -1.816277 -2.659176 1.440222
v -2.156942 -2.322073 1.473037
v -2.308552 -2.473682 1.440222
v -2.336376 -2.501506 1.406494
v -2.443159 -2.608289 1.207597
v -2.235347 -2.546887 1.440222
v -2.083736 -2.395278 1.473037
v -2.369954 -2.681494 1.207597
v -2.263171 -2.574711 1.406494
vn -0.0000 -0.0000 -1.0000
vn -0.0000 -0.0000 1.0000
vn -0.7993 -0.6010 -0.0000
vn -0.6165 -0.7874 -0.0000
vn 0.6093 -0.7929 -0.0000
vn 0.2494 -0.9684 -0.0000
vn -0.0098 -1.0000 -0.0000
vn -0.5084 -0.8611 -0.0000
vn -0.7927 0.6097 -0.0000
vn -0.9634 0.2682 -0.0000
vn -1.0000 0.0098 -0.0000
vn -0.8709 -0.4915 -0.0000
vn -0.0169 0.9999 -0.0000
vn 0.1763 0.9843 -0.0000
vn 0.9808 -0.1951 -0.0000
vn 0.9804 0.1968 -0.0000
vn 0.0001 -1.0000 -0.0000
vn 0.1953 -0.9807 -0.0000
vn 0.3830 -0.9237 -0.0000
vn 0.9239 -0.3826 -0.0000
vn 0.9225 0.3860 -0.0000
vn 0.3629 0.9318 -0.0000
vn 0.7019 -0.7123 -0.0000
vn 0.7085 -0.7057 -0.0000
vn -0.7124 0.7018 -0.0000
vn -0.3827 0.9239 -0.0000
vn -0.7071 0.7071 -0.0000
vn 0.1482 -0.9889 0.0067
vn -0.0015 -1.0000 -0.0019
vn 0.4262 -0.9046 -0.0067
vn -0.3396 -0.9406 0.0044
vn 0.0461 0.9989 0.0042
vn -0.3396 0.9406 -0.0044
vn -0.3827 -0.9239 -0.0000
vn 0.1951 0.9807 -0.0087
vn -0.7390 -0.6737 -0.0044
vn 0.5153 0.8570 0.0063
vn 0.7071 0.7071 -0.0091
vn -0.9233 -0.3840 0.0019
vn -0.7071 -0.7071 -0.0000
vn 0.8323 0.5543 0.0019
vn 0.8049 -0.5934 -0.0044
vn -1.0000 0.0015 0.0019
vn -0.9807 -0.1951 -0.0091
vn 0.8315 -0.5556 -0.0000
vn 0.9707 0.2402 -0.0044
vn -0.9406 0.3396 -0.0044
vn -0.9239 0.3827 -0.0000
vn 0.5568 -0.8307 0.0019
vn 0.9808 0.1951 -0.0000
vn -0.2588 0.9659 -0.0000
vn -0.9659 0.2588 -0.0000
vn -0.9659 -0.2588 -0.0000
vn -0.2588 -0.9659 -0.0000
vn 0.2588 -0.9659 -0.0000
vn 0.7071 -0.7071 -0.0000
vn 0.9659 -0.2588 -0.0000
vn 0.9659 0.2588 -0.0000
vn 0.7071 0.7071 -0.0000
vn 0.2588 0.9659 -0.0000
vn -0.6911 0.6960 -0.1950
vn -0.6926 0.6986 0.1798
vn -0.6926 0.6986 -0.1798
vn 0.1419 -0.1396 0.9800
vn 0.2926 -0.2901 0.9112
vn 0.1488 -0.1476 0.9778
vn 0.6602 -0.6469 0.3816
vn 0.7019 -0.6889 0.1808
vn 0.6669 -0.6558 0.3539
vn -0.6911 0.6960 0.1950
vn -0.6582 0.6639 0.3549
vn -0.2717 0.2709 0.9235
vn -0.1496 0.1504 0.9772
vn -0.2913 0.2928 0.9107
vn 0.7019 -0.6889 -0.1812
vn 0.6602 -0.6469 -0.3816
vn 0.6669 -0.6558 -0.3538
vn 0.2926 -0.2901 -0.9112
vn 0.1419 -0.1396 -0.9800
vn 0.1488 -0.1476 -0.9778
vn -0.1501 0.1508 -0.9771
vn -0.2717 0.2709 -0.9235
vn -0.2913 0.2928 -0.9107
vn -0.6582 0.6639 -0.3549
vn -0.1360 0.1355 0.9814
vn -0.1360 0.1356 -0.9814
vn 0.7007 -0.6865 -0.1942
vn 0.7007 -0.6865 0.1942
vn 0.2729 -0.2684 0.9238
vn -0.6516 0.6550 0.3827
vn 0.7020 -0.6889 -0.1803
vn 0.6603 -0.6470 -0.3814
vn 0.2729 -0.2684 -0.9238
vn -0.1492 0.1500 -0.9774
vn -0.2716 0.2707 -0.9235
vn -0.6516 0.6550 -0.3827
vn -0.0000 -1.0000 -0.0000
vn 0.1951 -0.9808 -0.0000
vn -0.1951 -0.9808 -0.0000
vn 0.3827 -0.9239 -0.0000
vn -0.5556 -0.8315 -0.0000
vn 0.5556 -0.8315 -0.0000
vn -0.8315 -0.5556 -0.0000
vn -0.9239 -0.3827 -0.0000
vn 0.9239 -0.3827 -0.0000
vn -0.9808 -0.1951 -0.0000
vn 1.0000 -0.0000 -0.0000
vn -1.0000 -0.0000 -0.0000
vn -0.9808 0.1951 -0.0000
vn 0.9239 0.3827 -0.0000
vn 0.8315 0.5556 -0.0000
vn -0.8315 0.5556 -0.0000
vn -0.5556 0.8315 -0.0000
vn 0.5556 0.8315 -0.0000
vn 0.3827 0.9239 -0.0000
vn -0.1951 0.9808 -0.0000
vn 0.1951 0.9808 -0.0000
vn -0.0000 1.0000 -0.0000
vn -0.0007 -0.0004 1.0000
vn -0.0008 -0.0000 1.0000
vn 0.0007 0.0004 1.0000
vn 0.0004 0.0007 1.0000
vn -0.0004 0.0007 1.0000
vn -0.0000 0.0008 1.0000
vn 0.0004 -0.0007 1.0000
vn 0.0007 -0.0004 1.0000
vn -0.0004 -0.0007 1.0000
vn -0.0007 0.0004 1.0000
vn 0.0008 -0.0000 1.0000
vn -0.0000 -0.0008 1.0000
vn 0.4210 0.9071 -0.0000
vn 0.0890 0.9960 -0.0000
vn 0.9960 0.0890 -0.0000
vn 0.9071 0.4210 -0.0000
vn 0.5751 -0.8181 -0.0000
vn 0.8181 -0.5751 -0.0000
vn 0.3805 -0.1020 -0.9191
vn 0.1219 -0.0327 -0.9920
vn -0.4210 -0.9071 -0.0000
vn -0.0890 -0.9960 -0.0000
vn -0.9960 -0.0890 -0.0000
vn -0.9071 -0.4210 -0.0000
vn -0.5751 0.8181 -0.0000
vn -0.8181 0.5751 -0.0000
vn 0.6806 0.6806 0.2714
vn 0.9297 -0.2491 0.2714
vn 0.2491 -0.9297 0.2714
vn -0.6806 -0.6806 0.2714
vn -0.9297 0.2491 0.2714
vn -0.2491 0.9297 0.2714
vn -0.5838 -0.5838 0.5643
vn 0.7974 -0.2137 0.5643
vn 0.2786 0.2786 -0.9191
vn 0.0892 0.0892 -0.9920
vn 0.1020 -0.3805 -0.9191
vn 0.0327 -0.1219 -0.9920
vn -0.3805 0.1020 -0.9191
vn -0.1219 0.0327 -0.9920
vn 0.2785 0.2785 0.9191
vn 0.0892 0.0892 0.9920
vn -0.3805 0.1020 0.9191
vn -0.1219 0.0327 0.9920
vn 0.8270 -0.2216 -0.5167
vn 0.8753 -0.2345 -0.4229
vn 0.2216 -0.8270 -0.5167
vn 0.2345 -0.8753 -0.4229
vn 0.1020 -0.3805 0.9191
vn 0.0327 -0.1219 0.9920
vn -0.1080 0.4029 0.9089
vn -0.1884 0.7029 0.6859
vn -0.6054 -0.6054 -0.5167
vn -0.6408 -0.6408 -0.4229
vn 0.4029 -0.1080 -0.9089
vn 0.7029 -0.1884 -0.6859
vn -0.7974 0.2137 0.5643
vn 0.3805 -0.1020 0.9191
vn 0.1219 -0.0327 0.9920
vn -0.4029 0.1080 0.9089
vn -0.7029 0.1884 0.6859
vn -0.2949 -0.2949 -0.9089
vn -0.5146 -0.5146 -0.6859
vn 0.5838 0.5838 0.5643
vn -0.2785 -0.2785 0.9191
vn -0.0892 -0.0892 0.9920
vn 0.2949 0.2949 0.9089
vn 0.5146 0.5146 0.6859
vn -0.4029 0.1080 -0.9089
vn -0.7029 0.1884 -0.6859
vn 0.4029 -0.1080 0.9089
vn 0.7029 -0.1883 0.6859
vn 0.4029 -0.1079 0.9089
vn -0.8270 0.2216 -0.5167
vn -0.8753 0.2345 -0.4229
vn -0.2216 0.8270 -0.5167
vn -0.2345 0.8753 -0.4229
vn -0.1079 0.4029 -0.9089
vn -0.1883 0.7029 -0.6859
vn 0.2137 -0.7974 0.5643
vn -0.1020 0.3805 0.9191
vn -0.0327 0.1219 0.9920
vn 0.1080 -0.4029 0.9089
vn 0.1884 -0.7029 0.6859
vn -0.2949 -0.2949 0.9089
vn -0.5146 -0.5146 0.6859
vn 0.6054 0.6054 -0.5167
vn 0.6408 0.6408 -0.4229
vn -0.2786 -0.2786 -0.9191
vn -0.0892 -0.0892 -0.9920
vn 0.2949 0.2949 -0.9089
vn 0.5146 0.5146 -0.6859
vn 0.5000 0.8660 -0.0000
vn 0.8181 0.5751 -0.0000
vn 0.9960 -0.0890 -0.0000
vn 0.8660 -0.5000 -0.0000
vn 0.5000 -0.8660 -0.0000
vn 0.0890 -0.9960 -0.0000
vn -0.5751 -0.8181 -0.0000
vn -0.8660 -0.5000 -0.0000
vn -0.9071 0.4210 -0.0000
vn -0.4210 0.9071 -0.0000
vn -0.2137 0.7974 0.5643
vn 0.8660 0.5000 -0.0000
vn -0.5000 -0.8660 -0.0000
vn -0.8660 0.5000 -0.0000
vn -0.5000 0.8660 -0.0000
vn 0.1883 -0.7029 -0.6859
vn 0.7029 -0.1883 -0.6859
vn -0.1884 0.7029 -0.6859
vn -0.1020 0.3805 -0.9191
vn -0.0327 0.1219 -0.9920
vn 0.1079 -0.4029 -0.9089
vn 0.3805 -0.1019 0.9191
vn -0.1019 0.3805 0.9191
vn -0.7748 -0.6319 0.0168
vn -0.7749 -0.6319 -0.0169
vn -0.7748 -0.6319 -0.0168
vn -0.6634 -0.7459 0.0590
vn -0.6977 -0.7111 0.0870
vn -0.6970 -0.7118 0.0868
vn -0.6634 -0.7459 -0.0590
vn -0.6977 -0.7111 -0.0870
vn -0.6654 -0.7440 -0.0617
vn -0.7243 -0.6840 0.0862
vn -0.7230 -0.6855 0.0861
vn 0.6614 -0.6614 0.3539
vn 0.6956 -0.6956 0.1800
vn 0.6613 -0.6613 0.3539
vn 0.6614 -0.6614 -0.3539
vn 0.6956 -0.6956 -0.1800
vn 0.6956 -0.6956 -0.1797
vn 0.1505 -0.1505 -0.9771
vn 0.2920 -0.2920 -0.9107
vn 0.1501 -0.1501 0.9772
vn 0.2920 -0.2920 0.9107
vn 0.1486 -0.1486 0.9777
vn -0.6956 0.6956 0.1800
vn -0.6956 0.6956 -0.1797
vn -0.6957 0.6956 -0.1795
vn -0.2920 0.2920 0.9107
vn -0.1501 0.1501 0.9772
vn -0.1486 0.1486 -0.9777
vn 0.1486 -0.1486 -0.9777
vn 0.1498 -0.1497 -0.9773
vn -0.6955 0.6955 -0.1805
vn -0.6614 0.6614 -0.3539
vn -0.6613 0.6614 0.3539
vn -0.6956 0.6956 0.1797
vn -0.1486 0.1486 0.9777
vn 0.6956 -0.6956 0.1797
vn -0.2920 0.2920 -0.9107
vn -0.1501 0.1501 -0.9772
vn -0.7558 -0.6523 0.0573
vn -0.7749 -0.6319 0.0169
vn -0.7538 -0.6543 0.0598
vn -0.7558 -0.6523 -0.0573
vn -0.7230 -0.6855 -0.0861
vn -0.7243 -0.6840 -0.0862
vn -0.6420 -0.7665 -0.0177
vn -0.6419 -0.7666 -0.0178
vn -0.6419 -0.7666 0.0178
vn -0.6420 -0.7665 0.0177
vn -0.6654 -0.7440 0.0617
vn -0.6970 -0.7118 -0.0868
vn -0.7538 -0.6543 -0.0598
vn -0.6613 0.6613 0.3539
vn 0.0009 0.0014 -1.0000
vn 0.0014 -0.0000 1.0000
vn 0.0002 -0.0001 1.0000
vn 0.0392 0.0119 -0.9992
vn 0.0407 -0.0040 -0.9992
vn 0.0391 0.0119 -0.9992
vn 0.0317 0.0260 -0.9992
vn 0.0316 0.0259 -0.9992
vn 0.0193 0.0362 -0.9992
vn 0.0193 0.0361 -0.9992
vn 0.0040 0.0408 -0.9992
vn -0.0119 0.0393 -0.9992
vn -0.0261 0.0318 -0.9992
vn -0.0260 0.0317 -0.9992
vn -0.0362 0.0194 -0.9992
vn -0.0409 0.0040 -0.9992
vn -0.0393 -0.0119 -0.9992
vn -0.0317 -0.0260 -0.9992
vn -0.0193 -0.0361 -0.9992
vn -0.0193 -0.0362 -0.9992
vn -0.0040 -0.0407 -0.9992
vn -0.0040 -0.0408 -0.9992
vn 0.0119 -0.0391 -0.9992
vn 0.0119 -0.0392 -0.9992
vn 0.0259 -0.0316 -0.9992
vn 0.0360 -0.0193 -0.9992
vn -0.0118 0.0388 0.9992
vn -0.0191 -0.0358 0.9992
vn -0.0040 -0.0405 0.9992
vn -0.0192 -0.0359 0.9992
vn 0.0040 0.0404 0.9992
vn -0.0314 -0.0257 0.9992
vn -0.0314 -0.0258 0.9992
vn 0.0192 0.0359 0.9992
vn -0.0388 -0.0118 0.9992
vn 0.0405 -0.0040 0.9992
vn 0.0191 0.0358 0.9992
vn 0.0315 0.0258 0.9992
vn 0.0359 -0.0192 0.9992
vn 0.0314 0.0258 0.9992
vn -0.0403 0.0040 0.9992
vn 0.0390 0.0118 0.9992
vn -0.0404 0.0040 0.9992
vn 0.0258 -0.0315 0.9992
vn 0.0389 0.0118 0.9992
vn -0.0357 0.0191 0.9992
vn 0.0118 -0.0389 0.9992
vn 0.0118 -0.0390 0.9992
vn -0.0257 0.0313 0.9992
vn -0.0040 -0.0404 0.9992
vn 0.2874 0.9476 0.1397
vn 0.2780 0.9165 0.2875
vn 0.2875 0.9477 0.1389
vn 0.8729 0.4666 0.1429
vn 0.8439 0.4511 0.2904
vn 0.8730 0.4666 0.1422
vn -0.3832 0.9236 -0.0039
vn -0.3822 0.9241 -0.0037
vn -0.3820 0.9241 -0.0037
vn 0.6280 0.7652 0.1414
vn 0.6073 0.7400 0.2890
vn 0.6281 0.7653 0.1406
vn 0.1945 -0.9809 0.0031
vn 0.1935 -0.9811 0.0034
vn 0.1947 -0.9809 0.0030
vn -0.3808 0.9246 -0.0042
vn -0.3806 0.9247 -0.0042
vn -0.0719 0.0876 -0.9936
vn -0.5556 -0.8314 -0.0005
vn -0.5555 -0.8315 -0.0005
vn 0.1075 0.0326 0.9937
vn -0.7658 0.6285 0.1360
vn -0.7411 0.6082 0.2844
vn -0.7658 0.6285 0.1359
vn -0.4670 0.8736 0.1368
vn -0.4519 0.8454 0.2849
vn -0.4670 0.8737 0.1364
vn -0.0971 0.9856 0.1381
vn -0.0939 0.9536 0.2860
vn -0.0971 0.9857 0.1374
vn 0.5561 -0.8311 0.0044
vn 0.5551 -0.8318 0.0042
vn 0.5562 -0.8310 0.0044
vn -0.5554 -0.8316 -0.0005
vn -0.9539 -0.0940 0.2849
vn -0.9858 -0.0971 0.1368
vn -0.9859 -0.0971 0.1364
vn -0.9174 0.2783 0.2844
vn -0.9480 0.2876 0.1360
vn -0.9481 0.2876 0.1359
vn 0.5549 -0.8319 0.0043
vn 0.5536 -0.8327 0.0047
vn -0.0329 0.1084 -0.9936
vn -0.6076 -0.7404 0.2875
vn -0.6282 -0.7654 0.1397
vn -0.6282 -0.7655 0.1389
vn -0.8451 -0.4517 0.2860
vn -0.8735 -0.4669 0.1381
vn -0.8736 -0.4669 0.1374
vn 0.3826 0.9239 -0.0005
vn 0.3827 0.9239 -0.0005
vn 0.3828 0.9238 -0.0005
vn 0.0868 0.0712 0.9937
vn -0.9242 0.3820 -0.0050
vn -0.9236 0.3833 -0.0048
vn -0.9235 0.3835 -0.0048
vn 0.3829 0.9238 -0.0005
vn 0.3830 0.9238 -0.0005
vn 0.7393 -0.6067 0.2921
vn 0.7649 -0.6277 0.1444
vn 0.7649 -0.6278 0.1443
vn 0.4509 -0.8436 0.2915
vn 0.4665 -0.8727 0.1439
vn 0.4665 -0.8728 0.1435
vn 0.0938 -0.9523 0.2904
vn 0.0970 -0.9850 0.1429
vn 0.0970 -0.9851 0.1422
vn -0.2779 -0.9161 0.2890
vn -0.2874 -0.9473 0.1414
vn -0.2874 -0.9474 0.1406
vn 0.9848 0.0970 0.1439
vn 0.9520 0.0938 0.2915
vn 0.9849 0.0970 0.1435
vn -0.9229 0.3851 -0.0054
vn -0.9228 0.3854 -0.0054
vn 0.9469 -0.2872 0.1444
vn 0.9152 -0.2776 0.2921
vn 0.9469 -0.2872 0.1443
vn 0.0111 0.1127 -0.9936
vn -0.8317 -0.5553 -0.0024
vn -0.8313 -0.5558 -0.0023
vn -0.8317 -0.5552 -0.0024
vn 0.0529 0.0989 0.9937
vn 0.9131 -0.2770 -0.2992
vn 0.9458 -0.2869 -0.1519
vn 0.9459 -0.2869 -0.1518
vn 0.9809 -0.1943 0.0048
vn 0.9807 -0.1957 0.0046
vn -0.8312 -0.5559 -0.0023
vn -0.8308 -0.5566 -0.0025
vn 0.9494 0.0935 -0.2997
vn 0.9835 0.0969 -0.1527
vn 0.9836 0.0969 -0.1523
vn -0.2868 -0.9453 -0.1556
vn -0.2767 -0.9122 -0.3022
vn -0.2868 -0.9454 -0.1548
vn 0.0968 -0.9833 -0.1540
vn 0.0935 -0.9491 -0.3008
vn 0.0969 -0.9834 -0.1533
vn 0.4659 -0.8716 -0.1527
vn 0.4497 -0.8414 -0.2997
vn 0.4659 -0.8716 -0.1523
vn 0.7640 -0.6270 -0.1519
vn 0.7376 -0.6053 -0.2992
vn 0.7641 -0.6270 -0.1518
vn 0.9806 -0.1959 0.0046
vn 0.9803 -0.1975 0.0051
vn 0.0533 0.0998 -0.9936
vn 0.7073 0.7069 0.0015
vn 0.7070 0.7072 0.0014
vn 0.7069 0.7073 0.0014
vn 0.0110 0.1115 0.9937
vn -0.1949 -0.9808 0.0015
vn -0.1943 -0.9809 0.0016
vn 0.7066 0.7076 0.0016
vn 0.7065 0.7077 0.0016
vn -0.0004 1.0000 -0.0024
vn -0.0012 1.0000 -0.0025
vn 0.0874 0.0717 -0.9936
vn -0.8707 -0.4654 -0.1587
vn -0.8399 -0.4489 -0.3052
vn -0.8708 -0.4655 -0.1580
vn -0.6265 -0.7634 -0.1573
vn -0.6044 -0.7365 -0.3037
vn -0.6266 -0.7635 -0.1564
vn -0.9809 -0.1945 -0.0039
vn -0.9807 -0.1956 -0.0037
vn -0.9809 -0.1944 -0.0039
vn -0.0325 0.1072 0.9937
vn 0.1956 -0.9807 0.0032
vn 0.1967 -0.9805 0.0034
vn 0.1969 -0.9804 0.0034
vn -0.9806 -0.1958 -0.0037
vn -0.9804 -0.1971 -0.0041
vn -0.9446 0.2865 -0.1603
vn -0.9108 0.2763 -0.3068
vn -0.9446 0.2865 -0.1601
vn -0.9824 -0.0968 -0.1598
vn -0.9474 -0.0933 -0.3062
vn -0.9825 -0.0968 -0.1593
vn -0.5558 -0.8313 -0.0005
vn 0.1081 0.0328 -0.9936
vn 0.9241 0.3822 0.0032
vn 0.9237 0.3831 0.0030
vn 0.9237 0.3832 0.0031
vn -0.0710 0.0865 0.9937
vn -0.0933 0.9477 -0.3052
vn -0.0968 0.9826 -0.1587
vn -0.0968 0.9827 -0.1580
vn -0.4488 0.8396 -0.3062
vn -0.4653 0.8706 -0.1598
vn -0.4654 0.8707 -0.1593
vn -0.7357 0.6038 -0.3068
vn -0.7630 0.6262 -0.1603
vn -0.7630 0.6262 -0.1601
vn 0.3825 0.9240 -0.0005
vn 0.9232 0.3842 0.0034
vn 0.9232 0.3844 0.0034
vn -0.8321 -0.5545 -0.0025
vn -0.8322 -0.5544 -0.0025
vn -0.9806 0.1958 -0.0048
vn -0.9809 0.1945 -0.0046
vn -0.9806 0.1959 -0.0048
vn -0.0987 0.0528 0.9937
vn 0.7076 0.7066 0.0015
vn -0.9809 0.1942 -0.0046
vn -0.9813 0.1926 -0.0051
vn -0.9812 -0.1931 -0.0041
vn -0.9812 -0.1929 -0.0042
vn 1.0000 -0.0007 0.0044
vn 1.0000 0.0006 0.0042
vn 1.0000 0.0008 0.0043
vn -0.1114 0.0110 0.9937
vn 0.6047 0.7369 -0.3022
vn 0.6267 0.7636 -0.1556
vn 0.6268 0.7637 -0.1548
vn 0.9245 0.3812 0.0034
vn 1.0000 0.0023 0.0047
vn 1.0000 0.0026 0.0048
vn 0.8411 0.4496 -0.3008
vn 0.8714 0.4658 -0.1540
vn 0.8715 0.4658 -0.1533
vn 0.2766 0.9117 -0.3038
vn 0.2867 0.9450 -0.1573
vn 0.2766 0.9117 -0.3037
vn 0.2867 0.9452 -0.1564
vn 0.7529 0.6179 0.2269
vn 0.6889 0.5654 0.4535
vn 0.7531 0.6180 0.2256
vn 0.4593 0.8592 0.2253
vn 0.4204 0.7866 0.4523
vn 0.4594 0.8595 0.2239
vn 0.0955 0.9700 0.2236
vn 0.0875 0.8882 0.4510
vn 0.0956 0.9703 0.2223
vn -0.2830 0.9330 0.2221
vn -0.2592 0.8546 0.4500
vn -0.2831 0.9333 0.2211
vn -0.6187 0.7539 0.2209
vn -0.5668 0.6906 0.4493
vn -0.6188 0.7540 0.2204
vn -0.8602 0.4598 0.2204
vn -0.7880 0.4212 0.4490
vn -0.8891 0.0876 0.4493
vn -0.9706 0.0956 0.2209
vn -0.9707 0.0956 0.2204
vn -0.8546 -0.2592 0.4500
vn -0.9330 -0.2830 0.2221
vn -0.9333 -0.2831 0.2211
vn -0.6899 -0.5662 0.4510
vn -0.7534 -0.6183 0.2236
vn -0.7537 -0.6185 0.2223
vn -0.4204 -0.7866 0.4523
vn -0.4593 -0.8592 0.2253
vn -0.4594 -0.8595 0.2239
vn -0.0874 -0.8869 0.4535
vn -0.0955 -0.9692 0.2269
vn -0.0955 -0.9695 0.2256
vn 0.2586 -0.8523 0.4546
vn 0.2826 -0.9317 0.2281
vn 0.2827 -0.9319 0.2271
vn 0.5648 -0.6882 0.4553
vn 0.6176 -0.7525 0.2288
vn 0.6176 -0.7526 0.2282
vn 0.7851 -0.4196 0.4556
vn 0.8585 -0.4589 0.2288
vn 0.9688 -0.0954 0.2288
vn 0.8860 -0.0873 0.4553
vn 0.9689 -0.0954 0.2282
vn 0.9317 0.2826 0.2281
vn 0.8523 0.2586 0.4546
vn 0.9319 0.2827 0.2271
vn 0.8486 0.2574 -0.4622
vn 0.9295 0.2820 -0.2377
vn 0.9297 0.2820 -0.2367
vn 0.8829 -0.0870 -0.4615
vn 0.9669 -0.0952 -0.2366
vn 0.9671 -0.0952 -0.2361
vn 0.8570 -0.4581 -0.2360
vn 0.7825 -0.4183 -0.4612
vn 0.6164 -0.7511 -0.2366
vn 0.5628 -0.6858 -0.4615
vn 0.6165 -0.7512 -0.2361
vn 0.2820 -0.9295 -0.2377
vn 0.2574 -0.8486 -0.4622
vn 0.2820 -0.9297 -0.2367
vn -0.0952 -0.9663 -0.2392
vn -0.0869 -0.8820 -0.4632
vn -0.0952 -0.9666 -0.2380
vn -0.4575 -0.8560 -0.2409
vn -0.4175 -0.7810 -0.4645
vn -0.4577 -0.8563 -0.2395
vn -0.7499 -0.6155 -0.2424
vn -0.6841 -0.5614 -0.4657
vn -0.7502 -0.6157 -0.2412
vn -0.9281 -0.2815 -0.2436
vn -0.8463 -0.2567 -0.4667
vn -0.9283 -0.2816 -0.2427
vn -0.9650 0.0950 -0.2443
vn -0.8798 0.0867 -0.4674
vn -0.9652 0.0951 -0.2438
vn -0.7795 0.4167 -0.4676
vn -0.8552 0.4571 -0.2444
vn -0.5608 0.6834 -0.4674
vn -0.6152 0.7496 -0.2443
vn -0.6152 0.7497 -0.2438
vn -0.2567 0.8463 -0.4667
vn -0.2815 0.9281 -0.2436
vn -0.2816 0.9283 -0.2427
vn 0.0867 0.8807 -0.4657
vn 0.0951 0.9655 -0.2424
vn 0.0951 0.9658 -0.2412
vn 0.4175 0.7810 -0.4644
vn 0.4575 0.8560 -0.2409
vn 0.4175 0.7810 -0.4645
vn 0.4577 0.8563 -0.2395
vn 0.6851 0.5622 -0.4632
vn 0.7506 0.6160 -0.2392
vn 0.7508 0.6162 -0.2380
vn -0.1000 0.0535 -0.9936
vn -0.7065 0.7077 -0.0046
vn -0.7053 0.7089 -0.0051
vn -0.7051 0.7091 -0.0052
vn 0.0004 1.0000 -0.0023
vn 0.0012 1.0000 -0.0025
vn 0.0014 1.0000 -0.0026
vn -0.7076 0.7066 -0.0048
vn -0.7067 0.7075 -0.0046
vn 0.0003 1.0000 -0.0023
vn -0.1128 0.0111 -0.9936
vn 0.8310 -0.5563 0.0048
vn 0.8300 -0.5577 0.0053
vn 0.8311 -0.5561 0.0048
vn -0.1953 -0.9807 0.0014
vn -0.1958 -0.9806 0.0016
vn 0.8319 -0.5549 0.0050
vn -0.1948 -0.9808 0.0015
vn -0.1084 -0.0329 -0.9936
vn -1.0000 0.0008 -0.0043
vn -1.0000 0.0023 -0.0048
vn -1.0000 0.0026 -0.0048
vn -1.0000 -0.0007 -0.0044
vn -1.0000 0.0006 -0.0042
vn -0.0875 -0.0718 -0.9936
vn -0.9241 -0.3822 -0.0031
vn -0.9245 -0.3811 -0.0034
vn -0.9246 -0.3810 -0.0035
vn -0.9237 -0.3831 -0.0032
vn -0.9240 -0.3823 -0.0030
vn -0.0533 -0.0998 -0.9936
vn 0.9809 0.1944 0.0037
vn 0.9812 0.1931 0.0042
vn 0.9809 0.1946 0.0037
vn 0.9807 0.1957 0.0039
vn 0.9806 0.1957 0.0039
vn -0.0111 -0.1125 -0.9936
vn -0.7073 -0.7069 -0.0014
vn -0.7077 -0.7066 -0.0016
vn -0.7077 -0.7065 -0.0016
vn -0.7069 -0.7073 -0.0014
vn -0.7072 -0.7070 -0.0014
vn 0.9813 -0.1926 0.0051
vn 0.9813 -0.1924 0.0051
vn 0.0328 -0.1081 -0.9936
vn 0.8317 0.5552 0.0023
vn 0.8321 0.5545 0.0025
vn 0.8316 0.5553 0.0023
vn -0.9249 0.3803 -0.0053
vn -0.9242 0.3819 -0.0050
vn 0.8313 0.5559 0.0024
vn 0.8312 0.5559 0.0024
vn 0.5575 -0.8302 0.0047
vn 0.5577 -0.8300 0.0047
vn 0.0716 -0.0873 -0.9936
vn -0.3826 -0.9239 0.0005
vn -0.3824 -0.9240 0.0005
vn -0.3845 0.9231 -0.0041
vn -0.3833 0.9236 -0.0039
vn -0.3827 -0.9239 0.0005
vn -0.7089 0.7053 -0.0051
vn -0.7077 0.7065 -0.0048
vn 0.0996 -0.0532 -0.9936
vn 0.5556 0.8314 0.0005
vn 0.5558 0.8313 0.0005
vn 0.8329 -0.5534 0.0053
vn 0.8330 -0.5532 0.0053
vn 0.5555 0.8315 0.0005
vn -1.0000 -0.0023 -0.0047
vn 0.1124 -0.0111 -0.9936
vn 0.0004 -1.0000 0.0023
vn 0.0012 -1.0000 0.0025
vn 0.0014 -1.0000 0.0026
vn -0.9233 -0.3842 -0.0034
vn -0.9237 -0.3832 -0.0032
vn 0.1119 -0.0110 0.9937
vn -0.0004 -1.0000 0.0023
vn 0.0003 -1.0000 0.0023
vn 0.9804 0.1970 0.0041
vn 0.9803 0.1973 0.0041
vn 0.1948 0.9808 -0.0014
vn 0.1944 0.9809 -0.0016
vn 0.1949 0.9808 -0.0014
vn -0.7066 -0.7076 -0.0015
vn -0.7069 -0.7073 -0.0015
vn 0.0992 -0.0530 0.9937
vn 0.1953 0.9807 -0.0014
vn 0.1953 0.9807 -0.0015
vn 0.8308 0.5566 0.0025
vn 0.8307 0.5567 0.0025
vn 0.3833 -0.9236 0.0037
vn 0.3846 -0.9231 0.0042
vn 0.3848 -0.9230 0.0042
vn -0.3829 -0.9238 0.0005
vn -0.3828 -0.9239 0.0005
vn 0.0713 -0.0869 0.9937
vn 0.3821 -0.9241 0.0039
vn 0.3832 -0.9237 0.0037
vn 0.5554 0.8316 0.0005
vn 0.5553 0.8316 0.0005
vn -0.1957 0.9807 -0.0031
vn -0.1967 0.9805 -0.0034
vn -0.1955 0.9807 -0.0030
vn -0.0012 -1.0000 0.0025
vn -0.0004 -1.0000 0.0024
vn 0.0326 -0.1075 0.9937
vn -0.1946 0.9809 -0.0032
vn 0.1958 0.9806 -0.0015
vn 0.1959 0.9806 -0.0016
vn 0.7077 -0.7065 0.0046
vn 0.7089 -0.7053 0.0051
vn 0.7091 -0.7051 0.0052
vn 0.3808 -0.9246 0.0041
vn -0.0110 -0.1117 0.9937
vn 0.7066 -0.7076 0.0048
vn 0.7075 -0.7067 0.0046
vn -0.1935 0.9811 -0.0034
vn -0.1933 0.9811 -0.0034
vn -0.5562 0.8310 -0.0043
vn -0.5575 0.8302 -0.0048
vn -0.5561 0.8311 -0.0042
vn 0.7053 -0.7088 0.0051
vn 0.7065 -0.7077 0.0048
vn -0.0529 -0.0989 0.9937
vn -0.5550 0.8318 -0.0044
vn -0.5549 0.8319 -0.0044
vn -0.5537 0.8327 -0.0047
vn -0.5534 0.8329 -0.0047
vn 0.9242 -0.3818 0.0048
vn 0.9249 -0.3803 0.0054
vn 0.9250 -0.3800 0.0054
vn 0.9236 -0.3834 0.0050
vn 0.9229 -0.3851 0.0053
vn 0.9235 -0.3835 0.0050
vn -0.0866 -0.0711 0.9937
vn 0.9241 -0.3821 0.0048
vn -0.8310 0.5562 -0.0050
vn -0.8300 0.5577 -0.0053
vn -0.8299 0.5579 -0.0053
vn -0.8320 0.5548 -0.0048
vn -0.8329 0.5534 -0.0054
vn -0.8318 0.5550 -0.0048
vn 1.0000 -0.0023 0.0047
vn -0.1072 -0.0325 0.9937
vn -0.8310 0.5563 -0.0050
vn -0.9803 0.1975 -0.0051
vn -0.9802 0.1978 -0.0051
vn 0.1933 -0.9811 0.0034
vn -0.5553 -0.8316 -0.0005
vn 0.5534 -0.8329 0.0048
vn -0.8307 -0.5567 -0.0025
vn 0.9802 -0.1978 0.0052
vn -0.0013 1.0000 -0.0025
vn -0.9803 -0.1973 -0.0042
vn 0.3824 0.9240 -0.0005
vn 0.7077 0.7065 0.0016
vn -0.9813 0.1923 -0.0052
vn 0.9246 0.3810 0.0034
vn -0.1000 0.0535 -0.9935
vn 0.8298 -0.5580 0.0054
vn -0.1959 -0.9806 0.0016
vn 0.9812 0.1929 0.0042
vn 0.8322 0.5544 0.0026
vn -0.9250 0.3800 -0.0053
vn -0.3847 0.9230 -0.0042
vn -0.7091 0.7051 -0.0051
vn -1.0000 -0.0025 -0.0047
vn -0.9232 -0.3843 -0.0034
vn 0.1943 0.9809 -0.0016
vn -0.7065 -0.7077 -0.0016
vn -0.1969 0.9804 -0.0034
vn -0.0013 -1.0000 0.0025
vn 0.3806 -0.9247 0.0041
vn -0.5577 0.8300 -0.0048
vn 0.7051 -0.7090 0.0051
vn 0.9228 -0.3853 0.0054
vn -0.8331 0.5532 -0.0054
vn 1.0000 -0.0025 0.0047
vt 0.241622 0.510735
vt 0.262199 0.510897
vt 0.286090 0.562227
vt 0.489608 0.005306
vt 0.412377 0.408469
vt 0.393727 0.416523
vt 0.489280 0.541730
vt 0.476932 0.554704
vt 0.467015 0.487651
vt 0.355586 0.650679
vt 0.322106 0.581599
vt 0.355325 0.581474
vt 0.355122 0.527739
vt 0.321971 0.545776
vt 0.321904 0.527865
vt 0.355189 0.545651
vt 0.322039 0.563688
vt 0.322571 0.704539
vt 0.355721 0.686502
vt 0.355789 0.704413
vt 0.322503 0.686627
vt 0.355654 0.668590
vt 0.322435 0.668716
vt 0.359014 0.718922
vt 0.466215 0.740939
vt 0.359014 0.740939
vt 0.524386 0.718922
vt 0.496445 0.740938
vt 0.496445 0.718922
vt 0.465644 0.774585
vt 0.465073 0.808231
vt 0.597839 0.740938
vt 0.554889 0.718922
vt 0.597839 0.718922
vt 0.422129 0.652351
vt 0.465644 0.685276
vt 0.466215 0.718922
vt 0.554889 0.740938
vt 0.539637 0.718922
vt 0.539637 0.740938
vt 0.481330 0.718922
vt 0.481330 0.740938
vt 0.387036 0.496738
vt 0.390568 0.561476
vt 0.373158 0.557269
vt 0.360184 0.544921
vt 0.459751 0.559766
vt 0.413904 0.510586
vt 0.493487 0.524320
vt 0.289409 0.496661
vt 0.303742 0.557895
vt 0.316852 0.545313
vt 0.213057 0.493957
vt 0.216178 0.560147
vt 0.199008 0.555032
vt 0.186683 0.541999
vt 0.182530 0.524541
vt 0.480205 0.713200
vt 0.485803 0.699160
vt 0.485331 0.671223
vt 0.479258 0.657233
vt 0.465073 0.651630
vt 0.479258 0.802628
vt 0.485803 0.760701
vt 0.480205 0.746661
vt 0.485331 0.788638
vt 0.353162 0.008700
vt 0.320336 0.112629
vt 0.319944 0.008825
vt 0.353554 0.112504
vt 0.351243 0.008725
vt 0.015007 0.718923
vt 0.015007 0.740939
vt 0.182530 0.004687
vt 0.263125 0.406809
vt 0.242722 0.406644
vt 0.322372 0.007743
vt 0.069176 0.510735
vt 0.089753 0.510897
vt 0.113644 0.562227
vt 0.317162 0.005306
vt 0.239931 0.408469
vt 0.221281 0.416523
vt 0.316834 0.541730
vt 0.304486 0.554704
vt 0.294569 0.487651
vt 0.183140 0.650679
vt 0.149661 0.581599
vt 0.182879 0.581474
vt 0.182676 0.527740
vt 0.149525 0.545776
vt 0.149458 0.527865
vt 0.182744 0.545651
vt 0.149593 0.563688
vt 0.150125 0.704539
vt 0.183276 0.686502
vt 0.183343 0.704413
vt 0.150057 0.686627
vt 0.183208 0.668590
vt 0.149990 0.668716
vt 0.358473 0.718923
vt 0.465674 0.740939
vt 0.358473 0.740939
vt 0.523845 0.718922
vt 0.495904 0.740938
vt 0.495904 0.718922
vt 0.465103 0.774585
vt 0.464532 0.808231
vt 0.597298 0.740938
vt 0.554348 0.718922
vt 0.597298 0.718922
vt 0.421588 0.652351
vt 0.465103 0.685276
vt 0.465674 0.718922
vt 0.554348 0.740938
vt 0.539097 0.718922
vt 0.539097 0.740938
vt 0.480789 0.718922
vt 0.480790 0.740939
vt 0.214590 0.496738
vt 0.218122 0.561476
vt 0.200712 0.557269
vt 0.187738 0.544921
vt 0.287305 0.559766
vt 0.241458 0.510587
vt 0.321041 0.524320
vt 0.116963 0.496661
vt 0.131296 0.557895
vt 0.144407 0.545313
vt 0.040612 0.493957
vt 0.043732 0.560147
vt 0.026563 0.555032
vt 0.014238 0.541999
vt 0.010084 0.524541
vt 0.479664 0.713200
vt 0.485262 0.699160
vt 0.484790 0.671223
vt 0.478717 0.657233
vt 0.464532 0.651630
vt 0.478718 0.802628
vt 0.485262 0.760701
vt 0.479664 0.746661
vt 0.484790 0.788638
vt 0.180716 0.008700
vt 0.147890 0.112629
vt 0.147498 0.008825
vt 0.181108 0.112504
vt 0.178797 0.008725
vt 0.014467 0.718923
vt 0.014467 0.740940
vt 0.010084 0.004687
vt 0.090679 0.406809
vt 0.070276 0.406644
vt 0.149926 0.007743
vt 0.041319 0.640085
vt 0.048123 0.567897
vt 0.048068 0.640090
vt 0.091856 0.640067
vt 0.088455 0.567875
vt 0.095205 0.567872
vt 0.081814 0.640078
vt 0.034570 0.640080
vt 0.041374 0.567892
vt 0.081706 0.567885
vt 0.031332 0.567879
vt 0.074957 0.567895
vt 0.024528 0.640068
vt 0.021290 0.567867
vt 0.068316 0.640098
vt 0.075065 0.640088
vt 0.017778 0.640055
vt 0.112104 0.640045
vt 0.105247 0.567862
vt 0.111996 0.567852
vt 0.061567 0.640100
vt 0.064915 0.567905
vt 0.105355 0.640055
vt 0.011247 0.567842
vt 0.054872 0.567902
vt 0.054817 0.640095
vt 0.098605 0.640065
vt 0.118745 0.567842
vt 0.118853 0.640035
vt 0.203386 0.653880
vt 0.252675 0.674297
vt 0.216271 0.718655
vt 0.247843 0.705742
vt 0.199276 0.710525
vt 0.199276 0.657175
vt 0.375498 0.480017
vt 0.474507 0.468769
vt 0.471095 0.438735
vt 0.371238 0.460154
vt 0.459557 0.422014
vt 0.379579 0.431101
vt 0.432689 0.408165
vt 0.322368 0.650804
vt 0.355257 0.563563
vt 0.524386 0.740938
vt 0.422129 0.807510
vt 0.443938 0.507174
vt 0.203707 0.479271
vt 0.301010 0.479645
vt 0.305221 0.459500
vt 0.199888 0.459461
vt 0.204282 0.437423
vt 0.300863 0.438172
vt 0.223782 0.414267
vt 0.289721 0.421211
vt 0.203053 0.480017
vt 0.302061 0.468769
vt 0.298649 0.438735
vt 0.198792 0.460154
vt 0.287111 0.422014
vt 0.207133 0.431101
vt 0.260243 0.408165
vt 0.149922 0.650804
vt 0.182811 0.563562
vt 0.523845 0.740938
vt 0.421588 0.807510
vt 0.271492 0.507174
vt 0.031261 0.479271
vt 0.128564 0.479645
vt 0.132775 0.459500
vt 0.027442 0.459461
vt 0.031836 0.437423
vt 0.128417 0.438171
vt 0.051336 0.414267
vt 0.117276 0.421211
vt 0.011029 0.640034
vt 0.186631 0.674296
vt 0.192978 0.662422
vt 0.223036 0.649972
vt 0.235920 0.653880
vt 0.246328 0.662422
vt 0.252675 0.694331
vt 0.241545 0.710989
vt 0.229670 0.717336
vt 0.197762 0.710989
vt 0.186631 0.694331
vt 0.211151 0.650828
vt 0.224551 0.649509
vt 0.237435 0.653417
vt 0.247843 0.661959
vt 0.254190 0.673833
vt 0.254190 0.693868
vt 0.237435 0.714284
vt 0.224550 0.718192
vt 0.211151 0.716872
vt 0.190735 0.700117
vt 0.186826 0.687233
vt 0.190735 0.667583
vt 0.696945 0.724178
vt 0.703062 0.779316
vt 0.696946 0.779316
vt 0.703061 0.724178
vt 0.709178 0.779316
vt 0.709177 0.724178
vt 0.715294 0.779316
vt 0.715294 0.724178
vt 0.721410 0.779316
vt 0.721410 0.724178
vt 0.727526 0.779316
vt 0.727526 0.724178
vt 0.733642 0.779316
vt 0.733642 0.724178
vt 0.739758 0.779316
vt 0.739758 0.724178
vt 0.745874 0.779316
vt 0.745874 0.724178
vt 0.751990 0.779316
vt 0.751990 0.724178
vt 0.758106 0.779316
vt 0.758106 0.724178
vt 0.764222 0.779316
vt 0.690829 0.724178
vt 0.690830 0.779316
vt 0.705300 0.793787
vt 0.685533 0.799084
vt 0.764222 0.724178
vt 0.702242 0.782374
vt 0.705300 0.787671
vt 0.702242 0.799084
vt 0.696946 0.802142
vt 0.690830 0.802142
vt 0.682475 0.793787
vt 0.682475 0.787671
vt 0.685533 0.782375
vt 0.566835 0.188397
vt 0.972358 0.174418
vt 0.972430 0.185814
vt 0.565584 0.122015
vt 0.971579 0.102075
vt 0.971813 0.122275
vt 0.565029 0.100217
vt 0.971543 0.080541
vt 0.566762 0.177004
vt 0.972183 0.152884
vt 0.566458 0.155205
vt 0.971945 0.132683
vt 0.971603 0.069150
vt 0.565316 0.045226
vt 0.971864 0.047617
vt 0.566100 0.023436
vt 0.972308 0.027420
vt 0.972549 0.227551
vt 0.566808 0.210198
vt 0.972530 0.207349
vt 0.565899 0.133407
vt 0.566533 0.012048
vt 0.564916 0.067024
vt 0.564857 0.078417
vt 0.566527 0.232001
vt 0.972549 0.017014
vt 0.463198 0.188097
vt 0.370971 0.188097
vt 0.463198 0.172459
vt 0.463198 0.203734
vt 0.370971 0.172460
vt 0.370971 0.203734
vt 0.463198 0.156822
vt 0.463198 0.219372
vt 0.370971 0.156822
vt 0.370971 0.219372
vt 0.463198 0.235009
vt 0.370971 0.235009
vt 0.463198 0.141185
vt 0.370971 0.141185
vt 0.463198 0.250647
vt 0.370971 0.250647
vt 0.463198 0.125547
vt 0.370971 0.125547
vt 0.463198 0.109910
vt 0.463198 0.266284
vt 0.370971 0.109910
vt 0.370971 0.266284
vt 0.463198 0.281921
vt 0.463197 0.094272
vt 0.370971 0.094272
vt 0.370971 0.281921
vt 0.463198 0.078635
vt 0.370971 0.297559
vt 0.370971 0.078635
vt 0.463198 0.297559
vt 0.463197 0.062998
vt 0.370971 0.062998
vt 0.463198 0.313196
vt 0.370971 0.313196
vt 0.463198 0.328834
vt 0.463197 0.047360
vt 0.370971 0.047360
vt 0.370971 0.328834
vt 0.463198 0.344471
vt 0.370971 0.344471
vt 0.463197 0.031723
vt 0.370971 0.547757
vt 0.370971 0.532120
vt 0.463197 0.532120
vt 0.463197 0.516482
vt 0.463198 0.360108
vt 0.370971 0.516482
vt 0.370971 0.360108
vt 0.463197 0.500845
vt 0.463198 0.375746
vt 0.370971 0.375746
vt 0.370971 0.500845
vt 0.463198 0.391383
vt 0.463198 0.485208
vt 0.370971 0.391383
vt 0.370971 0.485208
vt 0.463198 0.407021
vt 0.463198 0.469570
vt 0.370971 0.407021
vt 0.370971 0.469570
vt 0.463198 0.422658
vt 0.463198 0.453933
vt 0.370971 0.453933
vt 0.370971 0.422658
vt 0.463198 0.438295
vt 0.370971 0.438295
vt 0.053261 0.802122
vt 0.035664 0.793556
vt 0.055556 0.793556
vt 0.037959 0.859227
vt 0.018438 0.857847
vt 0.024708 0.851577
vt 0.017057 0.823024
vt 0.008492 0.840620
vt 0.008492 0.820729
vt 0.074163 0.838325
vt 0.072783 0.857847
vt 0.066512 0.851576
vt 0.072783 0.803502
vt 0.066512 0.809773
vt 0.017057 0.838325
vt 0.759651 0.236742
vt 0.751085 0.219145
vt 0.759651 0.221440
vt 0.055556 0.867793
vt 0.053261 0.859227
vt 0.074163 0.823024
vt 0.082729 0.820729
vt 0.024708 0.809773
vt 0.037959 0.802122
vt 0.035664 0.867793
vt 0.082729 0.840620
vt 0.915727 0.083729
vt 0.938390 0.068427
vt 0.938390 0.083729
vt 0.915727 0.114331
vt 0.938390 0.099030
vt 0.938390 0.114331
vt 0.915727 0.144934
vt 0.938390 0.129633
vt 0.938390 0.144934
vt 0.385927 0.944544
vt 0.411633 0.913230
vt 0.411633 0.944544
vt 0.915727 0.175537
vt 0.938390 0.160235
vt 0.938390 0.175537
vt 0.915727 0.206139
vt 0.938390 0.190838
vt 0.938390 0.206139
vt 0.915727 0.236742
vt 0.938390 0.221440
vt 0.938390 0.236742
vt 0.392729 0.626002
vt 0.367023 0.587929
vt 0.392729 0.587929
vt 0.392739 0.626370
vt 0.367033 0.588297
vt 0.392739 0.588297
vt 0.392570 0.626370
vt 0.366864 0.588297
vt 0.392570 0.588297
vt 0.392065 0.586984
vt 0.366359 0.625057
vt 0.366358 0.586984
vt 0.392475 0.625222
vt 0.366769 0.587149
vt 0.392475 0.587149
vt 0.098480 0.984914
vt 0.128781 0.934861
vt 0.131181 0.983294
vt 0.324552 0.774464
vt 0.350258 0.659558
vt 0.350258 0.774464
vt 0.325226 0.775777
vt 0.350932 0.660871
vt 0.350932 0.775777
vt 0.411623 0.944176
vt 0.385917 0.912862
vt 0.411623 0.912862
vt 0.367033 0.731655
vt 0.367033 0.626370
vt 0.385758 0.944544
vt 0.411464 0.913230
vt 0.411464 0.944544
vt 0.385663 0.943396
vt 0.411369 0.912082
vt 0.411369 0.943396
vt 0.350258 0.928233
vt 0.324552 0.887298
vt 0.350258 0.887298
vt 0.325226 0.929546
vt 0.350932 0.888611
vt 0.350932 0.929546
vt 0.308861 0.730507
vt 0.324962 0.659723
vt 0.324962 0.774630
vt 0.203015 0.712239
vt 0.172547 0.742163
vt 0.169824 0.687207
vt 0.206741 0.688296
vt 0.167800 0.646359
vt 0.366769 0.730507
vt 0.392475 0.730507
vt 0.089444 0.802547
vt 0.096080 0.936481
vt 0.173330 0.559910
vt 0.134555 0.601420
vt 0.143669 0.554187
vt 0.137123 0.688827
vt 0.135099 0.647979
vt 0.350668 0.659723
vt 0.366769 0.625222
vt 0.375723 0.796911
vt 0.350668 0.774630
vt 0.375723 0.734902
vt 0.299907 0.796911
vt 0.324962 0.817830
vt 0.367023 0.731287
vt 0.392729 0.731287
vt 0.379575 0.815542
vt 0.405282 0.802674
vt 0.405282 0.815542
vt 0.352735 0.927365
vt 0.327029 0.886430
vt 0.352735 0.886430
vt 0.350668 0.849941
vt 0.350668 0.817830
vt 0.309115 0.731287
vt 0.325216 0.660503
vt 0.325216 0.775409
vt 0.282497 0.890651
vt 0.325216 0.850721
vt 0.325216 0.888243
vt 0.393641 0.890651
vt 0.350922 0.850721
vt 0.393641 0.836793
vt 0.375977 0.797691
vt 0.350922 0.775409
vt 0.375977 0.735682
vt 0.405536 0.816322
vt 0.379829 0.803453
vt 0.405536 0.803453
vt 0.350922 0.660503
vt 0.325216 0.929178
vt 0.350922 0.888243
vt 0.350922 0.929178
vt 0.350922 0.818610
vt 0.379839 0.816690
vt 0.405545 0.803821
vt 0.405545 0.816690
vt 0.325226 0.851088
vt 0.350932 0.818978
vt 0.350932 0.851088
vt 0.375987 0.798059
vt 0.375987 0.736050
vt 0.392739 0.731655
vt 0.366864 0.731655
vt 0.392570 0.731655
vt 0.300171 0.798059
vt 0.325226 0.818978
vt 0.308957 0.731655
vt 0.325057 0.660871
vt 0.325057 0.775777
vt 0.300003 0.798059
vt 0.325057 0.818978
vt 0.350764 0.660871
vt 0.366864 0.626370
vt 0.375818 0.798059
vt 0.350764 0.775777
vt 0.375818 0.736050
vt 0.379671 0.816690
vt 0.405377 0.803821
vt 0.405377 0.816690
vt 0.350764 0.929546
vt 0.325057 0.888611
vt 0.350764 0.888611
vt 0.350764 0.851089
vt 0.350764 0.818978
vt 0.308451 0.730342
vt 0.324552 0.659558
vt 0.299497 0.796746
vt 0.324552 0.817665
vt 0.324552 0.849775
vt 0.350258 0.817665
vt 0.350258 0.849775
vt 0.392065 0.730342
vt 0.392065 0.625057
vt 0.385253 0.943231
vt 0.410959 0.911917
vt 0.410959 0.943231
vt 0.404872 0.815377
vt 0.379166 0.802508
vt 0.404872 0.802508
vt 0.851024 0.083729
vt 0.915727 0.068427
vt 0.052560 0.968036
vt 0.067012 0.952734
vt 0.067012 0.968036
vt 0.851024 0.099030
vt 0.915727 0.099030
vt 0.052560 0.983337
vt 0.067012 0.983337
vt 0.851024 0.114331
vt 0.948007 0.533596
vt 0.557964 0.479113
vt 0.948007 0.479114
vt 0.851024 0.129633
vt 0.915727 0.129633
vt 0.021310 0.952709
vt 0.035762 0.937407
vt 0.035762 0.952709
vt 0.851024 0.144934
vt 0.021310 0.968010
vt 0.035762 0.968010
vt 0.851024 0.160235
vt 0.915727 0.160235
vt 0.021310 0.983311
vt 0.035762 0.983311
vt 0.851024 0.175537
vt 0.488059 0.282086
vt 0.520375 0.063579
vt 0.520375 0.282086
vt 0.915727 0.190838
vt 0.051522 0.897372
vt 0.066823 0.882920
vt 0.066823 0.897372
vt 0.851024 0.206139
vt 0.036221 0.897372
vt 0.051522 0.882920
vt 0.851024 0.221440
vt 0.915727 0.221440
vt 0.020919 0.882920
vt 0.020919 0.897372
vt 0.851024 0.236742
vt 0.589753 0.276734
vt 0.620275 0.058228
vt 0.620275 0.276734
vt 0.851024 0.068427
vt 0.915727 0.053126
vt 0.836572 0.068427
vt 0.851024 0.053126
vt 0.526915 0.058228
vt 0.494599 0.027706
vt 0.526916 0.027706
vt 0.557964 0.309259
vt 0.503482 0.366945
vt 0.503482 0.309259
vt 0.488059 0.033057
vt 0.520375 0.033058
vt 0.557437 0.058228
vt 0.589753 0.058228
vt 0.583213 0.282086
vt 0.613735 0.063579
vt 0.613735 0.282086
vt 0.526915 0.276734
vt 0.494599 0.058228
vt 0.948007 0.421428
vt 0.557964 0.421427
vt 0.557437 0.276734
vt 0.557964 0.366945
vt 0.948007 0.366945
vt 0.948007 0.309259
vt 0.550897 0.063579
vt 0.550897 0.282086
vt 0.583213 0.063579
vt 0.209319 0.591439
vt 0.163364 0.604294
vt 0.379575 0.802674
vt 0.393387 0.889871
vt 0.393387 0.836013
vt 0.296055 0.815542
vt 0.324962 0.849941
vt 0.282243 0.889871
vt 0.324962 0.887463
vt 0.379829 0.816322
vt 0.296309 0.816322
vt 0.325216 0.818610
vt 0.300161 0.797691
vt 0.296319 0.816690
vt 0.282507 0.891019
vt 0.325226 0.888611
vt 0.379839 0.803821
vt 0.393651 0.891019
vt 0.393651 0.837161
vt 0.379671 0.803821
vt 0.393483 0.891019
vt 0.393483 0.837161
vt 0.296150 0.816690
vt 0.325057 0.851089
vt 0.282338 0.891019
vt 0.295645 0.815377
vt 0.281833 0.889706
vt 0.139846 0.743783
vt 0.147088 0.889956
vt 0.759651 0.083729
vt 0.836572 0.083729
vt 0.759651 0.099030
vt 0.836572 0.099030
vt 0.759651 0.114331
vt 0.836572 0.114331
vt 0.759651 0.129633
vt 0.836572 0.129633
vt 0.759651 0.144934
vt 0.836572 0.144934
vt 0.759651 0.160235
vt 0.836572 0.160235
vt 0.759651 0.175536
vt 0.836572 0.175537
vt 0.836572 0.190838
vt 0.759651 0.206139
vt 0.836572 0.206139
vt 0.836572 0.221441
vt 0.836572 0.236742
vt 0.759651 0.068427
vt 0.836573 0.053126
vt 0.904258 0.728522
vt 0.918833 0.703896
vt 0.913384 0.731290
vt 0.674265 0.605589
vt 0.686645 0.579788
vt 0.692694 0.587160
vt 0.894285 0.752601
vt 0.902695 0.757096
vt 0.709869 0.564270
vt 0.714364 0.572680
vt 0.879805 0.774271
vt 0.887177 0.780320
vt 0.735674 0.553581
vt 0.738442 0.562707
vt 0.861377 0.792700
vt 0.867426 0.800071
vt 0.764004 0.557622
vt 0.763069 0.548132
vt 0.714364 0.807179
vt 0.735675 0.826278
vt 0.709869 0.815589
vt 0.839707 0.807179
vt 0.844202 0.815589
vt 0.791001 0.548132
vt 0.790067 0.557622
vt 0.692694 0.792700
vt 0.686645 0.800071
vt 0.815628 0.817153
vt 0.818396 0.826278
vt 0.818396 0.553581
vt 0.815628 0.562706
vt 0.666894 0.780321
vt 0.674265 0.774271
vt 0.790066 0.822237
vt 0.791001 0.831727
vt 0.844202 0.564270
vt 0.839706 0.572680
vt 0.651376 0.757096
vt 0.659786 0.752601
vt 0.764004 0.822237
vt 0.763070 0.831727
vt 0.867426 0.579788
vt 0.861377 0.587160
vt 0.640687 0.731291
vt 0.649812 0.728523
vt 0.738443 0.817153
vt 0.879805 0.605589
vt 0.887177 0.599539
vt 0.635238 0.703896
vt 0.644728 0.702961
vt 0.894285 0.627259
vt 0.902695 0.622764
vt 0.635238 0.675964
vt 0.644728 0.676899
vt 0.904258 0.651337
vt 0.913384 0.648569
vt 0.640687 0.648569
vt 0.649812 0.651337
vt 0.909343 0.676899
vt 0.918833 0.675964
vt 0.651376 0.622764
vt 0.659786 0.627259
vt 0.909343 0.702961
vt 0.666894 0.599539
vt 0.838989 0.809207
vt 0.866361 0.801933
vt 0.843243 0.817380
vt 0.814910 0.819181
vt 0.817556 0.828020
vt 0.790287 0.833444
vt 0.789349 0.824265
vt 0.762483 0.833444
vt 0.763286 0.824265
vt 0.735214 0.828020
vt 0.737725 0.819181
vt 0.709527 0.817380
vt 0.713646 0.809207
vt 0.686409 0.801933
vt 0.691976 0.794728
vt 0.666749 0.782273
vt 0.673547 0.776299
vt 0.651302 0.759155
vt 0.659068 0.754629
vt 0.640662 0.733468
vt 0.649094 0.730550
vt 0.635238 0.706199
vt 0.644010 0.704989
vt 0.635238 0.678395
vt 0.644010 0.678926
vt 0.640662 0.651126
vt 0.649094 0.653365
vt 0.651302 0.625439
vt 0.659068 0.629286
vt 0.666749 0.602321
vt 0.673547 0.607616
vt 0.686409 0.582661
vt 0.691976 0.589188
vt 0.709527 0.567214
vt 0.713646 0.574708
vt 0.735214 0.556574
vt 0.737725 0.564735
vt 0.762483 0.551150
vt 0.763286 0.559650
vt 0.789349 0.559650
vt 0.790287 0.551150
vt 0.814910 0.564735
vt 0.817556 0.556574
vt 0.838989 0.574708
vt 0.843243 0.567214
vt 0.860659 0.589188
vt 0.866361 0.582661
vt 0.879088 0.607616
vt 0.886021 0.602321
vt 0.893567 0.629287
vt 0.901468 0.625439
vt 0.903541 0.653365
vt 0.912108 0.651126
vt 0.908625 0.678927
vt 0.917532 0.678395
vt 0.908625 0.704989
vt 0.917532 0.706199
vt 0.903541 0.730551
vt 0.912108 0.733468
vt 0.893567 0.754629
vt 0.901468 0.759155
vt 0.879087 0.776299
vt 0.886021 0.782273
vt 0.860659 0.794728
vt 0.220160 0.554180
vt 0.099658 0.565221
vt 0.106630 0.529090
vt 0.350668 0.928398
vt 0.385663 0.912082
vt 0.324962 0.928398
vt 0.289967 0.912082
vt 0.195810 0.797276
vt 0.179790 0.888336
vt 0.385917 0.944176
vt 0.290221 0.912862
vt 0.385927 0.913230
vt 0.290231 0.913230
vt 0.385758 0.913230
vt 0.325057 0.929546
vt 0.290063 0.913230
vt 0.324552 0.928233
vt 0.289557 0.911916
vt 0.385253 0.911917
vt 0.077776 0.797520
vt 0.106569 0.717018
vt 0.110477 0.795900
vt 0.419094 0.836013
vt 0.401429 0.734902
vt 0.419347 0.836793
vt 0.401683 0.735682
vt 0.419357 0.891019
vt 0.401693 0.736050
vt 0.419189 0.837161
vt 0.401525 0.798059
vt 0.392977 0.835848
vt 0.418684 0.889706
vt 0.392977 0.889706
vt 0.375313 0.734737
vt 0.401019 0.796746
vt 0.375313 0.796746
vt 0.069997 0.559498
vt 0.076970 0.523366
vt 0.367023 0.626002
vt 0.081512 0.599051
vt 0.082293 0.665881
vt 0.100494 0.693560
vt 0.101305 0.709930
vt 0.122145 0.800926
vt 0.309125 0.731655
vt 0.325226 0.660871
vt 0.050395 0.666254
vt 0.049614 0.599424
vt 0.068604 0.711550
vt 0.379166 0.815377
vt 0.366359 0.730342
vt 0.751085 0.239037
vt 0.018437 0.803502
vt 0.308861 0.625222
vt 0.206923 0.791121
vt 0.207553 0.704666
vt 0.299907 0.734902
vt 0.327029 0.927365
vt 0.309116 0.626002
vt 0.282497 0.836793
vt 0.300171 0.736050
vt 0.308957 0.626370
vt 0.300002 0.736050
vt 0.308451 0.625057
vt 0.299497 0.734737
vt 0.052560 0.952734
vt 0.557964 0.533595
vt 0.021310 0.937407
vt 0.488059 0.063579
vt 0.851024 0.190838
vt 0.036221 0.882920
vt 0.494599 0.276734
vt 0.220160 0.653917
vt 0.350668 0.887463
vt 0.296055 0.802674
vt 0.282243 0.836013
vt 0.296309 0.803453
vt 0.300161 0.735682
vt 0.296319 0.803821
vt 0.282507 0.837160
vt 0.296150 0.803821
vt 0.282338 0.837161
vt 0.295645 0.802508
vt 0.281833 0.835848
vt 0.759651 0.190838
vt 0.759651 0.053126
vt 0.289967 0.943396
vt 0.202446 0.931211
vt 0.290221 0.944176
vt 0.290231 0.944544
vt 0.290063 0.944544
vt 0.289557 0.943231
vt 0.073868 0.718638
vt 0.419094 0.889871
vt 0.401429 0.796911
vt 0.419347 0.890651
vt 0.401683 0.797691
vt 0.419357 0.837161
vt 0.401693 0.798059
vt 0.419189 0.891019
vt 0.401525 0.736050
vt 0.418684 0.835848
vt 0.401019 0.734737
vt 0.309125 0.626370
vt 0.067793 0.695180
vt 0.232807 0.594563
vt 0.240762 0.603562
vt 0.232461 0.601632
vt 0.198973 0.580562
vt 0.209438 0.566528
vt 0.210555 0.575731
vt 0.197826 0.612659
vt 0.207263 0.627403
vt 0.191235 0.619333
vt 0.217574 0.576043
vt 0.210243 0.566457
vt 0.219474 0.566967
vt 0.057949 0.714444
vt 0.046703 0.646475
vt 0.058043 0.646457
vt 0.029269 0.714404
vt 0.040703 0.646467
vt 0.040609 0.714454
vt 0.018631 0.714308
vt 0.029363 0.646417
vt 0.068587 0.714377
vt 0.068682 0.646391
vt 0.096047 0.714255
vt 0.102141 0.646276
vt 0.102047 0.714263
vt 0.084706 0.714272
vt 0.074163 0.646352
vt 0.084801 0.646286
vt 0.013150 0.714255
vt 0.018725 0.646321
vt 0.113481 0.646325
vt 0.113387 0.714312
vt 0.096141 0.646268
vt 0.074068 0.714339
vt 0.046609 0.714462
vt 0.124119 0.646422
vt 0.124025 0.714408
vt 0.228709 0.581829
vt 0.241256 0.593453
vt 0.235398 0.575242
vt 0.227141 0.613906
vt 0.216500 0.627796
vt 0.215494 0.618578
vt 0.185140 0.601200
vt 0.193564 0.599979
vt 0.193817 0.592905
vt 0.185502 0.591086
vt 0.192875 0.573434
vt 0.209034 0.618303
vt 0.233155 0.621113
vt 0.211118 0.575686
vt 0.013244 0.646268
vt 0.210617 0.819606
vt 0.118606 0.996451
vt 0.118606 0.819606
vt 0.316598 0.638264
vt 0.295815 0.658845
vt 0.291751 0.641371
vt 0.062210 0.819606
vt 0.006945 0.996451
vt 0.006945 0.819605
vt 0.267978 0.641369
vt 0.273802 0.643137
vt 0.315475 0.638254
vt 0.285919 0.643221
vt 0.291742 0.641452
vt 0.243029 0.638456
vt 0.243338 0.586724
vt 0.249404 0.606719
vt 0.523274 0.996451
vt 0.495075 0.819605
vt 0.523274 0.819605
vt 0.495075 0.996451
vt 0.466877 0.819605
vt 0.090408 0.996451
vt 0.062210 0.996451
vt 0.090408 0.819606
vt 0.323961 0.819606
vt 0.261522 0.996451
vt 0.261522 0.819606
vt 0.244234 0.638171
vt 0.244241 0.586658
vt 0.249416 0.606634
vt 0.250272 0.652759
vt 0.262611 0.638499
vt 0.264856 0.658808
vt 0.254048 0.629934
vt 0.257908 0.634638
vt 0.349414 0.996451
vt 0.323961 0.996451
vt 0.349414 0.819605
vt 0.374867 0.996451
vt 0.236070 0.996451
vt 0.210617 0.996451
vt 0.236069 0.819606
vt 0.466877 0.996451
vt 0.294873 0.658884
vt 0.267968 0.641461
vt 0.273800 0.643230
vt 0.309443 0.652836
vt 0.262585 0.638580
vt 0.263919 0.658955
vt 0.249275 0.653010
vt 0.253970 0.629908
vt 0.257859 0.634689
vt 0.248790 0.573597
vt 0.267994 0.584120
vt 0.262630 0.586983
vt 0.257926 0.590834
vt 0.310013 0.573608
vt 0.308528 0.600913
vt 0.305660 0.595550
vt 0.316413 0.586632
vt 0.310337 0.618753
vt 0.310925 0.612692
vt 0.291735 0.584013
vt 0.310960 0.573486
vt 0.297807 0.568042
vt 0.262615 0.586884
vt 0.249695 0.573494
vt 0.262859 0.568042
vt 0.273803 0.582250
vt 0.267981 0.584016
vt 0.257911 0.590744
vt 0.297127 0.638494
vt 0.301533 0.634870
vt 0.310444 0.652850
vt 0.285921 0.643141
vt 0.279861 0.643735
vt 0.297106 0.638584
vt 0.301808 0.634724
vt 0.250949 0.624158
vt 0.251132 0.624484
vt 0.254062 0.595528
vt 0.251184 0.600892
vt 0.249389 0.618838
vt 0.248796 0.612795
vt 0.251180 0.624567
vt 0.254051 0.595447
vt 0.251183 0.600812
vt 0.249414 0.618744
vt 0.248819 0.612689
vt 0.374867 0.819605
vt 0.279861 0.643821
vt 0.261929 0.568160
vt 0.273814 0.582357
vt 0.296856 0.568160
vt 0.315465 0.586765
vt 0.305666 0.630021
vt 0.308532 0.624657
vt 0.279865 0.581764
vt 0.310296 0.618837
vt 0.310891 0.612784
vt 0.285917 0.582360
vt 0.291737 0.584125
vt 0.310294 0.606732
vt 0.297100 0.586992
vt 0.301801 0.590850
vt 0.297102 0.586875
vt 0.301886 0.634594
vt 0.305612 0.630063
vt 0.301807 0.590729
vt 0.305671 0.595429
vt 0.308548 0.624621
vt 0.308545 0.600796
vt 0.310320 0.606625
vt 0.285913 0.582248
vt 0.279858 0.581653
vt 0.228492 0.766132
vt 0.243272 0.773513
vt 0.228492 0.773513
vt 0.956618 0.068427
vt 0.956618 0.083729
vt 0.956618 0.099030
vt 0.956618 0.114331
vt 0.956618 0.129633
vt 0.956618 0.144934
vt 0.956618 0.160235
vt 0.956618 0.175537
vt 0.956618 0.190838
vt 0.956618 0.206139
vt 0.956618 0.221440
vt 0.956618 0.236742
vt 0.956618 0.053126
vt 0.256616 0.587695
vt 0.249486 0.570483
vt 0.260306 0.581303
vt 0.262738 0.562833
vt 0.266698 0.577613
vt 0.278039 0.562833
vt 0.274079 0.577613
vt 0.280471 0.581303
vt 0.291290 0.570483
vt 0.298941 0.583735
vt 0.284161 0.587695
vt 0.284161 0.595076
vt 0.298941 0.599036
vt 0.291290 0.612287
vt 0.280471 0.601468
vt 0.274079 0.605158
vt 0.278039 0.619938
vt 0.262738 0.619938
vt 0.266698 0.605158
vt 0.249486 0.612287
vt 0.260306 0.601468
vt 0.241836 0.599036
vt 0.256616 0.595076
vt 0.241836 0.583735
vt 0.150003 0.911632
vt 0.173858 0.918024
vt 0.156395 0.935487
vt 0.228492 0.788274
vt 0.243272 0.795655
vt 0.228492 0.795655
vt 0.228492 0.736609
vt 0.243272 0.743989
vt 0.228492 0.743989
vt 0.228492 0.721847
vt 0.243272 0.729228
vt 0.228492 0.729228
vt 0.228492 0.758751
vt 0.243272 0.766132
vt 0.243272 0.780893
vt 0.243272 0.788274
vt 0.243272 0.736609
vt 0.228492 0.803036
vt 0.243272 0.810416
vt 0.228492 0.810416
vt 0.228492 0.751370
vt 0.243272 0.758751
vt 0.228492 0.780893
vt 0.243272 0.803036
vt 0.243272 0.751370
vt 0.709475 0.020228
vt 0.751086 0.000337
vt 0.751086 0.020228
vt 0.709475 0.239037
vt 0.709475 0.219145
vt 0.751085 0.199254
vt 0.709475 0.199253
vt 0.751085 0.179362
vt 0.709475 0.159470
vt 0.751085 0.159470
vt 0.751085 0.139578
vt 0.709475 0.139578
vt 0.751085 0.119687
vt 0.709475 0.119687
vt 0.751085 0.099795
vt 0.709475 0.099795
vt 0.751085 0.079903
vt 0.709475 0.079903
vt 0.751085 0.060012
vt 0.662410 0.266209
vt 0.645184 0.201918
vt 0.709475 0.060012
vt 0.751085 0.040120
vt 0.709475 0.040120
vt 0.938390 0.053126
vt 0.150003 0.931796
vt 0.146312 0.925404
vt 0.146312 0.918024
vt 0.156395 0.907941
vt 0.163775 0.907941
vt 0.170167 0.911632
vt 0.173858 0.925404
vt 0.170167 0.931796
vt 0.163775 0.935487
vt 0.243272 0.721847
vt 0.709475 0.000336
vt 0.709475 0.179362
vt 0.699529 0.256264
vt 0.682302 0.266209
vt 0.645184 0.256264
vt 0.635238 0.239037
vt 0.635238 0.219145
vt 0.662410 0.191973
vt 0.682302 0.191973
vt 0.699529 0.201918
vt 0.049333 0.393103
vt 0.056719 0.367919
vt 0.057243 0.393467
vt 0.049014 0.367742
vt 0.058216 0.341468
vt 0.050214 0.341489
vt 0.056363 0.315434
vt 0.048549 0.315527
vt 0.056812 0.288256
vt 0.048704 0.288517
vt 0.053956 0.261559
vt 0.046032 0.261886
vt 0.053463 0.233539
vt 0.045241 0.234071
vt 0.049528 0.206077
vt 0.041484 0.206725
vt 0.047846 0.177070
vt 0.039481 0.178037
vt 0.042244 0.148682
vt 0.034042 0.149940
vt 0.038224 0.118329
vt 0.029619 0.120286
vt 0.028899 0.088586
vt 0.020130 0.091446
vt 0.018582 0.057989
vt 0.180339 0.484432
vt 0.200389 0.463003
vt 0.186607 0.488547
vt 0.199605 0.432092
vt 0.192339 0.459952
vt 0.206428 0.405494
vt 0.207244 0.434157
vt 0.209195 0.377809
vt 0.214289 0.406953
vt 0.213208 0.351192
vt 0.216807 0.378743
vt 0.214126 0.323709
vt 0.221057 0.351885
vt 0.216784 0.297118
vt 0.221776 0.324113
vt 0.216582 0.269747
vt 0.224696 0.297386
vt 0.218218 0.243158
vt 0.224315 0.269797
vt 0.216997 0.215890
vt 0.226228 0.243098
vt 0.217544 0.189326
vt 0.224825 0.215629
vt 0.215034 0.162241
vt 0.225652 0.188924
vt 0.213874 0.135800
vt 0.222937 0.161574
vt 0.208829 0.109207
vt 0.222050 0.134794
vt 0.203469 0.083531
vt 0.216702 0.107579
vt 0.191969 0.059762
vt 0.211380 0.080836
vt 0.038478 0.467473
vt 0.033685 0.493445
vt 0.026911 0.489005
vt 0.051199 0.444065
vt 0.046291 0.470494
vt 0.044019 0.442955
vt 0.053886 0.419402
vt 0.046359 0.418638
vt 0.167973 0.137966
vt 0.160215 0.105757
vt 0.169987 0.106548
vt 0.340828 0.188084
vt 0.330506 0.216454
vt 0.331876 0.187947
vt 0.169529 0.167784
vt 0.158204 0.137724
vt 0.339704 0.216743
vt 0.331817 0.245671
vt 0.168727 0.198273
vt 0.160191 0.167626
vt 0.340723 0.245998
vt 0.329767 0.274029
vt 0.170397 0.227292
vt 0.159283 0.198221
vt 0.338930 0.274543
vt 0.330324 0.303213
vt 0.169276 0.256968
vt 0.161321 0.227102
vt 0.339206 0.303762
vt 0.327577 0.331501
vt 0.165183 0.423701
vt 0.158650 0.395956
vt 0.167011 0.396460
vt 0.170358 0.285248
vt 0.160090 0.256773
vt 0.336719 0.332214
vt 0.327561 0.360707
vt 0.167260 0.449749
vt 0.156610 0.423578
vt 0.168619 0.314106
vt 0.161530 0.284878
vt 0.333693 0.389740
vt 0.336426 0.361379
vt 0.172467 0.476584
vt 0.158775 0.450670
vt 0.169061 0.341645
vt 0.159683 0.313716
vt 0.333784 0.418815
vt 0.324539 0.389054
vt 0.179868 0.501131
vt 0.164290 0.478478
vt 0.166835 0.369685
vt 0.160476 0.341108
vt 0.332774 0.447174
vt 0.324877 0.418477
vt 0.345704 0.039273
vt 0.332481 0.068820
vt 0.335382 0.037141
vt 0.158135 0.369184
vt 0.337202 0.475910
vt 0.323464 0.447492
vt 0.342453 0.069975
vt 0.329673 0.099297
vt 0.345704 0.502226
vt 0.328339 0.477886
vt 0.339303 0.099868
vt 0.331184 0.129587
vt 0.171549 0.075379
vt 0.169558 0.040345
vt 0.179868 0.044214
vt 0.340279 0.129776
vt 0.329987 0.158530
vt 0.160811 0.073588
vt 0.339275 0.158705
vt 0.122208 0.205692
vt 0.123136 0.223048
vt 0.124394 0.319278
vt 0.124473 0.335667
vt 0.094039 0.345321
vt 0.091575 0.336125
vt 0.124016 0.263348
vt 0.124518 0.280135
vt 0.090791 0.373249
vt 0.063041 0.365019
vt 0.093187 0.364097
vt 0.063050 0.344329
vt 0.025431 0.058675
vt 0.034882 0.082805
vt 0.124579 0.492912
vt 0.085944 0.477883
vt 0.120880 0.479912
vt 0.153167 0.366055
vt 0.153654 0.344209
vt 0.284971 0.491514
vt 0.338011 0.505703
vt 0.287163 0.521942
vt 0.116481 0.077424
vt 0.117514 0.099246
vt 0.119269 0.145264
vt 0.120497 0.163674
vt 0.093423 0.310040
vt 0.121824 0.309192
vt 0.080586 0.488869
vt 0.051830 0.469042
vt 0.288529 0.380899
vt 0.289873 0.363722
vt 0.284891 0.441480
vt 0.286154 0.422659
vt 0.091310 0.319398
vt 0.062713 0.312212
vt 0.044384 0.120545
vt 0.048767 0.144216
vt 0.293958 0.267009
vt 0.294468 0.250204
vt 0.291912 0.323620
vt 0.292899 0.306779
vt 0.122046 0.446629
vt 0.088026 0.455485
vt 0.086741 0.445265
vt 0.154532 0.310599
vt 0.154589 0.288215
vt 0.091636 0.235013
vt 0.088395 0.225482
vt 0.056788 0.448240
vt 0.127463 0.519765
vt 0.290543 0.092519
vt 0.289969 0.072326
vt 0.293109 0.153048
vt 0.292641 0.135540
vt 0.294368 0.210380
vt 0.294372 0.193449
vt 0.123454 0.374054
vt 0.123234 0.390341
vt 0.058784 0.236201
vt 0.121990 0.429225
vt 0.053480 0.179609
vt 0.056025 0.202191
vt 0.250092 0.064169
vt 0.286956 0.059755
vt 0.154724 0.253691
vt 0.154260 0.230697
vt 0.087978 0.427577
vt 0.088710 0.197639
vt 0.119002 0.195084
vt 0.249599 0.076052
vt 0.215524 0.076103
vt 0.090475 0.389861
vt 0.260283 0.193386
vt 0.260363 0.210602
vt 0.257423 0.136875
vt 0.258379 0.154564
vt 0.252556 0.095964
vt 0.073669 0.514976
vt 0.087042 0.207742
vt 0.060377 0.258030
vt 0.290913 0.015179
vt 0.242449 0.037870
vt 0.233582 0.024876
vt 0.153709 0.195132
vt 0.152942 0.171416
vt 0.151679 0.420572
vt 0.206209 0.055415
vt 0.198494 0.055508
vt 0.151994 0.398978
vt 0.120788 0.400249
vt 0.061882 0.291009
vt 0.259016 0.304525
vt 0.257893 0.321723
vt 0.260625 0.248994
vt 0.260078 0.266126
vt 0.259234 0.126821
vt 0.289845 0.124798
vt 0.152470 0.134410
vt 0.152454 0.109459
vt 0.226673 0.131285
vt 0.249583 0.418440
vt 0.246670 0.437584
vt 0.255515 0.360497
vt 0.253752 0.378056
vt 0.156992 0.476279
vt 0.256458 0.106076
vt 0.154813 0.069077
vt 0.160326 0.042484
vt 0.084004 0.167127
vt 0.081912 0.148324
vt 0.076492 0.104098
vt 0.072573 0.082226
vt 0.228403 0.513091
vt 0.237048 0.485294
vt 0.154006 0.454103
vt 0.119490 0.457566
vt 0.223724 0.109676
vt 0.325461 0.064592
vt 0.262623 0.183804
vt 0.291940 0.183036
vt 0.320481 0.475142
vt 0.318195 0.450976
vt 0.328964 0.039509
vt 0.286007 0.032051
vt 0.230527 0.185808
vt 0.324007 0.126238
vt 0.261221 0.164157
vt 0.319072 0.391933
vt 0.090849 0.281573
vt 0.090055 0.264429
vt 0.324113 0.102592
vt 0.288101 0.104167
vt 0.229639 0.164336
vt 0.122432 0.290433
vt 0.121263 0.233731
vt 0.121125 0.253054
vt 0.118734 0.174918
vt 0.115433 0.111831
vt 0.115812 0.133974
vt 0.114624 0.033729
vt 0.113107 0.063815
vt 0.281567 0.453098
vt 0.281768 0.477292
vt 0.284511 0.411384
vt 0.285166 0.391303
vt 0.322123 0.334359
vt 0.288321 0.353069
vt 0.288744 0.333824
vt 0.324378 0.277004
vt 0.291124 0.296305
vt 0.291055 0.277240
vt 0.325185 0.219577
vt 0.292381 0.239804
vt 0.291744 0.220726
vt 0.324675 0.161791
vt 0.290718 0.163688
vt 0.119608 0.418936
vt 0.122168 0.345666
vt 0.121138 0.364064
vt 0.061812 0.396549
vt 0.090939 0.418227
vt 0.060365 0.416966
vt 0.092547 0.399152
vt 0.262736 0.220137
vt 0.231244 0.240199
vt 0.231384 0.218722
vt 0.263338 0.239578
vt 0.262125 0.275717
vt 0.229832 0.294663
vt 0.230768 0.273137
vt 0.262067 0.295184
vt 0.259650 0.331438
vt 0.226341 0.349346
vt 0.228128 0.327705
vt 0.258942 0.351124
vt 0.255193 0.388103
vt 0.219866 0.404702
vt 0.223033 0.382717
vt 0.253669 0.408668
vt 0.213167 0.439072
vt 0.243700 0.473532
vt 0.206531 0.461756
vt 0.247497 0.448884
vt 0.072950 0.069125
vt 0.066559 0.039417
vt 0.083272 0.137458
vt 0.081278 0.114892
vt 0.087754 0.177017
vt 0.091945 0.254751
vt 0.093689 0.290894
vt 0.056664 0.025195
vt 0.119881 0.015179
vt 0.317968 0.414800
vt 0.320769 0.356954
vt 0.323472 0.299592
vt 0.324868 0.242232
vt 0.324821 0.184658
vt 0.009813 0.061933
vt 0.172648 0.504207
s 1
g off
g RoverModificado.005_SpacialRoverExploreralumWhite
usemtl SpacialRoverExploreralumWhite
f 133/1/1 135/2/1 61/3/1
s 2
f 50/4/2 146/5/2 148/6/2
f 59/7/2 60/8/2 143/9/2
s 3
f 58/10/3 61/11/4 53/12/4
s 4
f 54/13/5 221/14/6 220/15/5
f 56/16/6 62/17/7 221/14/6
s 3
f 62/17/8 53/12/4 61/11/4
s 5
f 181/18/9 59/19/10 57/20/9
f 65/21/10 60/22/11 59/19/10
s 3
f 64/23/12 58/10/3 60/22/12
s 6
f 50/24/13 176/25/14 52/26/13
s 7
f 168/27/15 177/28/16 170/29/16
s 1
f 52/26/1 225/30/1 174/31/1
s 8
f 51/32/17 167/33/18 49/34/17
s 2
f 49/35/2 224/36/2 171/37/2
s 8
f 174/38/18 169/39/19 167/33/18
s 7
f 175/40/20 168/27/15 169/39/20
f 177/28/16 172/41/21 170/29/16
s 6
f 178/42/22 171/37/14 172/41/22
s 2
f 149/43/2 53/44/2 55/45/2
f 55/45/2 56/46/2 149/43/2
f 54/13/2 149/43/2 56/46/2
f 58/47/2 149/43/2 145/48/2
f 143/9/2 57/49/2 59/7/2
f 143/9/2 60/8/2 58/47/2
s 1
f 61/3/1 139/50/1 62/51/1
f 62/51/1 139/50/1 221/52/1
f 218/53/1 63/54/1 64/55/1
f 65/56/1 181/57/1 218/53/1
f 64/55/1 65/56/1 218/53/1
f 139/50/1 220/15/1 221/52/1
s 2
f 171/37/2 224/36/2 172/58/2
f 172/58/2 224/36/2 170/59/2
f 170/59/2 224/36/2 168/60/2
f 169/61/2 224/36/2 167/62/2
f 168/60/2 224/36/2 169/61/2
s 1
f 174/31/1 225/30/1 175/63/1
f 177/64/1 225/30/1 178/65/1
f 178/65/1 225/30/1 176/25/1
f 175/63/1 225/30/1 173/66/1
f 173/66/1 225/30/1 177/64/1
s 4
f 49/67/23 154/68/24 51/69/23
s 2
f 50/4/2 153/70/2 49/71/2
s 4
f 153/70/24 220/15/5 154/68/24
s 5
f 57/72/9 52/26/25 181/73/9
s 1
f 52/74/1 136/75/1 134/76/1
f 154/68/1 52/74/1 51/77/1
s 9
f 244/78/1 246/79/1 238/80/1
s 10
f 227/81/2 257/82/2 259/83/2
f 236/84/2 237/85/2 254/86/2
s 11
f 235/87/3 238/88/4 230/89/4
s 12
f 231/90/5 284/91/6 283/92/5
f 233/93/6 239/94/7 284/91/6
s 11
f 239/94/8 230/89/4 238/88/4
s 13
f 280/95/9 236/96/10 234/97/9
f 242/98/10 237/99/11 236/96/10
s 11
f 241/100/12 235/87/3 237/99/12
s 14
f 227/101/13 275/102/14 229/103/13
s 15
f 267/104/15 276/105/16 269/106/16
s 9
f 229/103/1 288/107/1 273/108/1
s 16
f 228/109/17 266/110/18 226/111/17
s 10
f 226/112/2 287/113/2 270/114/2
s 16
f 273/115/18 268/116/19 266/110/18
s 15
f 274/117/20 267/104/15 268/116/20
f 276/105/16 271/118/21 269/106/16
s 14
f 277/119/22 270/114/14 271/118/22
s 10
f 260/120/2 230/121/2 232/122/2
f 232/122/2 233/123/2 260/120/2
f 231/90/2 260/120/2 233/123/2
f 235/124/2 260/120/2 256/125/2
f 254/86/2 234/126/2 236/84/2
f 254/86/2 237/85/2 235/124/2
s 9
f 238/80/1 250/127/1 239/128/1
f 239/128/1 250/127/1 284/129/1
f 281/130/1 240/131/1 241/132/1
f 242/133/1 280/134/1 281/130/1
f 241/132/1 242/133/1 281/130/1
f 250/127/1 283/92/1 284/129/1
s 10
f 270/114/2 287/113/2 271/135/2
f 271/135/2 287/113/2 269/136/2
f 269/136/2 287/113/2 267/137/2
f 268/138/2 287/113/2 266/139/2
f 267/137/2 287/113/2 268/138/2
s 9
f 273/108/1 288/107/1 274/140/1
f 276/141/1 288/107/1 277/142/1
f 277/142/1 288/107/1 275/102/1
f 274/140/1 288/107/1 272/143/1
f 272/143/1 288/107/1 276/141/1
s 12
f 226/144/23 265/145/24 228/146/23
s 10
f 227/81/2 264/147/2 226/148/2
s 12
f 264/147/24 283/92/5 265/145/24
s 13
f 234/149/9 229/103/25 280/150/9
s 9
f 229/151/1 247/152/1 245/153/1
f 265/145/1 229/151/1 228/154/1
s 17
f 299/155/26 312/156/27 298/157/27
f 292/158/28 307/159/29 306/160/30
f 292/158/28 293/161/31 307/159/29
f 299/155/26 300/162/32 313/163/33
f 293/161/31 308/164/34 307/159/29
f 300/162/32 314/165/35 313/163/33
f 293/161/31 309/166/36 308/164/34
f 300/162/32 301/167/37 314/165/35
f 301/167/37 315/168/38 314/165/35
f 295/169/39 309/166/36 294/170/40
f 301/167/37 302/171/41 315/168/38
f 289/172/15 305/173/42 304/174/15
f 295/169/39 296/175/43 310/176/44
f 289/172/15 290/177/45 305/173/42
f 302/171/41 316/178/46 315/168/38
f 296/175/43 311/179/47 310/176/44
f 296/175/43 297/180/48 311/179/47
f 291/181/49 305/173/42 290/177/45
f 289/172/15 316/182/46 303/183/50
f 298/157/27 311/179/47 297/180/48
f 291/181/49 292/158/28 306/160/30
s 18
f 305/184/1 309/185/1 313/186/1
s 19
f 299/187/2 295/188/2 291/189/2
s 1
f 61/3/1 63/54/1 218/53/1
f 61/3/1 218/53/1 133/1/1
f 135/2/1 139/50/1 61/3/1
s 2
f 150/190/2 149/43/2 54/13/2
f 57/49/2 143/9/2 140/191/2
f 57/49/2 140/191/2 141/192/2
f 151/193/2 150/190/2 54/13/2
f 151/193/2 54/13/2 153/70/2
f 50/4/2 57/49/2 141/192/2
f 50/4/2 141/192/2 142/194/2
f 151/193/2 153/70/2 50/4/2
f 152/195/2 151/193/2 50/4/2
f 50/4/2 142/194/2 147/196/2
f 50/4/2 147/196/2 146/5/2
f 148/6/2 152/195/2 50/4/2
s 3
f 58/10/3 63/197/3 61/11/4
s 4
f 54/13/5 56/16/6 221/14/6
f 56/16/6 55/198/7 62/17/7
s 3
f 62/17/8 55/198/8 53/12/4
s 5
f 181/18/9 65/21/10 59/19/10
f 65/21/10 64/23/11 60/22/11
s 3
f 64/23/12 63/197/3 58/10/3
s 6
f 50/24/13 171/37/14 176/25/14
s 7
f 168/27/15 173/199/15 177/28/16
s 1
f 174/31/1 51/200/1 52/26/1
f 52/26/1 176/25/1 225/30/1
s 8
f 51/32/17 174/38/18 167/33/18
s 2
f 171/37/2 50/24/2 49/35/2
f 49/35/2 167/62/2 224/36/2
s 8
f 174/38/18 175/40/19 169/39/19
s 7
f 175/40/20 173/199/15 168/27/15
f 177/28/16 178/42/21 172/41/21
s 6
f 178/42/22 176/25/14 171/37/14
s 2
f 144/201/2 143/9/2 58/47/2
f 58/47/2 53/44/2 149/43/2
f 145/48/2 144/201/2 58/47/2
s 4
f 49/67/23 153/70/24 154/68/24
f 153/70/24 54/13/5 220/15/5
s 5
f 57/72/9 50/24/25 52/26/25
s 1
f 180/202/1 218/53/1 181/57/1
f 220/15/1 139/50/1 137/203/1
f 220/15/1 137/203/1 223/204/1
f 222/205/1 180/202/1 181/57/1
f 132/206/1 222/205/1 181/57/1
f 154/68/1 220/15/1 223/204/1
f 154/68/1 223/204/1 138/207/1
f 132/206/1 181/57/1 52/74/1
f 179/208/1 132/206/1 52/74/1
f 52/74/1 154/68/1 138/207/1
f 52/74/1 138/207/1 219/209/1
f 134/76/1 179/208/1 52/74/1
f 52/74/1 219/209/1 136/75/1
s 9
f 238/80/1 240/131/1 281/130/1
f 238/80/1 281/130/1 244/78/1
f 246/79/1 250/127/1 238/80/1
s 10
f 261/210/2 260/120/2 231/90/2
f 234/126/2 254/86/2 251/211/2
f 234/126/2 251/211/2 252/212/2
f 262/213/2 261/210/2 231/90/2
f 262/213/2 231/90/2 264/147/2
f 227/81/2 234/126/2 252/212/2
f 227/81/2 252/212/2 253/214/2
f 262/213/2 264/147/2 227/81/2
f 263/215/2 262/213/2 227/81/2
f 227/81/2 253/214/2 258/216/2
f 227/81/2 258/216/2 257/82/2
f 259/83/2 263/215/2 227/81/2
s 11
f 235/87/3 240/217/3 238/88/4
s 12
f 231/90/5 233/93/6 284/91/6
f 233/93/6 232/218/7 239/94/7
s 11
f 239/94/8 232/218/8 230/89/4
s 13
f 280/95/9 242/98/10 236/96/10
f 242/98/10 241/100/11 237/99/11
s 11
f 241/100/12 240/217/3 235/87/3
s 14
f 227/101/13 270/114/14 275/102/14
s 15
f 267/104/15 272/219/15 276/105/16
s 9
f 273/108/1 228/220/1 229/103/1
f 229/103/1 275/102/1 288/107/1
s 16
f 228/109/17 273/115/18 266/110/18
s 10
f 270/114/2 227/101/2 226/112/2
f 226/112/2 266/139/2 287/113/2
s 16
f 273/115/18 274/117/19 268/116/19
s 15
f 274/117/20 272/219/15 267/104/15
f 276/105/16 277/119/21 271/118/21
s 14
f 277/119/22 275/102/14 270/114/14
s 10
f 255/221/2 254/86/2 235/124/2
f 235/124/2 230/121/2 260/120/2
f 256/125/2 255/221/2 235/124/2
s 12
f 226/144/23 264/147/24 265/145/24
f 264/147/24 231/90/5 283/92/5
s 13
f 234/149/9 227/101/25 229/103/25
s 9
f 279/222/1 281/130/1 280/134/1
f 283/92/1 250/127/1 248/223/1
f 283/92/1 248/223/1 286/224/1
f 285/225/1 279/222/1 280/134/1
f 243/226/1 285/225/1 280/134/1
f 265/145/1 283/92/1 286/224/1
f 265/145/1 286/224/1 249/227/1
f 243/226/1 280/134/1 229/151/1
f 278/228/1 243/226/1 229/151/1
f 229/151/1 265/145/1 249/227/1
f 229/151/1 249/227/1 282/229/1
f 245/153/1 278/228/1 229/151/1
f 229/151/1 282/229/1 247/152/1
s 17
f 299/155/26 313/163/33 312/156/27
f 293/161/31 294/170/40 309/166/36
f 295/169/39 310/176/44 309/166/36
f 302/171/41 303/230/50 316/178/46
f 291/181/49 306/160/30 305/173/42
f 289/172/15 304/174/15 316/182/46
f 298/157/27 312/156/27 311/179/47
s 18
f 316/231/1 304/232/1 305/184/1
f 305/184/1 306/233/1 307/234/1
f 307/234/1 308/235/1 309/185/1
f 309/185/1 310/236/1 311/237/1
f 311/237/1 312/238/1 313/186/1
f 313/186/1 314/239/1 315/240/1
f 315/240/1 316/231/1 305/184/1
f 305/184/1 307/234/1 309/185/1
f 309/185/1 311/237/1 313/186/1
f 313/186/1 315/240/1 305/184/1
s 19
f 290/241/2 289/242/2 303/243/2
f 303/243/2 302/244/2 301/245/2
f 301/245/2 300/246/2 299/187/2
f 299/187/2 298/247/2 297/248/2
f 297/248/2 296/249/2 295/188/2
f 295/188/2 294/250/2 293/251/2
f 293/251/2 292/252/2 291/189/2
f 291/189/2 290/241/2 303/243/2
f 303/243/2 301/245/2 299/187/2
f 299/187/2 297/248/2 295/188/2
f 295/188/2 293/251/2 291/189/2
f 291/189/2 303/243/2 299/187/2
s 20
g RoverModificado.005_SpacialRoverExploreralumGray
usemtl SpacialRoverExploreralumGray
f 2/253/51 3/254/51 1/255/51
s 21
f 4/256/27 5/257/27 3/254/27
s 22
f 6/258/52 7/259/52 5/257/52
s 23
f 8/260/53 9/261/53 7/259/53
s 24
f 10/262/40 11/263/40 9/261/40
s 25
f 12/264/54 13/265/54 11/263/54
s 26
f 14/266/55 15/267/55 13/265/55
s 27
f 16/268/56 17/269/56 15/267/56
s 28
f 18/270/57 19/271/57 17/269/57
s 29
f 20/272/58 21/273/58 19/271/58
s 30
f 22/274/59 23/275/59 21/273/59
s 31
f 24/276/60 1/255/60 23/277/60
s 32
f 7/278/2 15/279/2 23/277/2
s 20
f 2/253/51 4/256/51 3/254/51
s 21
f 4/256/27 6/258/27 5/257/27
s 22
f 6/258/52 8/260/52 7/259/52
s 23
f 8/260/53 10/262/53 9/261/53
s 24
f 10/262/40 12/264/40 11/263/40
s 25
f 12/264/54 14/266/54 13/265/54
s 26
f 14/266/55 16/268/55 15/267/55
s 27
f 16/268/56 18/270/56 17/269/56
s 28
f 18/270/57 20/272/57 19/271/57
s 29
f 20/272/58 22/274/58 21/273/58
s 30
f 22/274/59 24/280/59 23/275/59
s 31
f 24/276/60 2/253/60 1/255/60
s 32
f 23/277/2 1/255/2 3/281/2
f 3/281/2 5/282/2 7/278/2
f 7/278/2 9/283/2 11/284/2
f 11/284/2 13/285/2 15/279/2
f 15/279/2 17/286/2 19/287/2
f 19/287/2 21/288/2 15/279/2
f 21/288/2 23/277/2 15/279/2
f 23/277/2 3/281/2 7/278/2
f 7/278/2 11/284/2 15/279/2
s 33
f 34/289/61 164/290/62 163/291/63
s 34
f 26/292/64 161/293/65 155/294/66
s 35
f 27/295/67 158/296/68 161/293/69
s 33
f 29/297/70 159/298/71 164/290/62
s 34
f 30/299/72 156/300/73 159/298/74
s 36
f 162/301/75 33/302/76 157/303/77
s 37
f 157/303/78 31/304/79 165/305/80
s 38
f 160/306/81 36/307/82 166/308/83
s 33
f 166/308/84 34/289/61 163/291/63
s 34
f 28/309/85 155/294/66 156/300/73
s 37
f 35/310/86 165/305/80 31/304/79
s 35
f 32/311/87 158/296/68 25/312/88
s 33
f 34/289/61 29/297/70 164/290/62
s 34
f 26/292/64 27/295/89 161/293/65
s 35
f 27/295/67 25/312/88 158/296/68
s 33
f 29/297/70 30/299/90 159/298/71
s 34
f 30/299/72 28/309/85 156/300/73
s 35
f 162/301/91 32/311/87 33/302/92
s 37
f 157/303/78 33/302/93 31/304/79
f 160/306/94 35/313/86 36/307/95
s 33
f 166/308/84 36/307/96 34/289/61
s 34
f 28/309/85 26/292/64 155/294/66
s 37
f 35/310/86 160/314/94 165/305/80
s 35
f 32/311/87 162/301/91 158/296/68
s 39
f 373/315/97 341/316/97 372/317/98
f 341/316/97 373/315/97 374/318/99
f 341/316/97 340/319/98 372/317/98
f 374/318/99 342/320/99 341/316/97
f 340/319/98 371/321/100 372/317/98
f 374/318/99 375/322/34 342/320/99
f 340/319/98 339/323/100 371/321/100
f 375/322/34 343/324/34 342/320/99
f 375/322/34 376/325/101 343/324/34
f 376/325/101 344/326/101 343/324/34
f 339/323/100 370/327/102 371/321/100
f 370/327/102 339/323/100 338/328/102
f 376/325/101 377/329/40 344/326/101
f 377/329/40 345/330/40 344/326/101
f 370/327/102 338/328/102 369/331/56
f 338/328/102 337/332/56 369/331/56
f 337/332/56 368/333/45 369/331/56
f 377/329/40 378/334/103 345/330/40
f 337/332/56 336/335/45 368/333/45
f 378/334/103 346/336/103 345/330/40
f 378/334/103 379/337/104 346/336/103
f 368/333/45 336/335/45 367/338/105
f 336/335/45 335/339/105 367/338/105
f 346/336/103 379/337/104 347/340/104
f 335/339/105 366/341/15 367/338/105
f 347/340/104 379/337/104 348/342/106
f 335/339/105 334/343/15 366/341/15
f 348/342/106 379/337/104 380/344/106
f 334/343/15 365/345/107 366/341/15
f 365/345/107 334/343/15 333/346/107
f 348/342/106 380/344/106 349/347/108
f 349/347/108 317/348/108 348/342/106
f 349/347/108 350/349/109 317/348/108
f 365/345/107 333/346/107 364/350/50
f 364/350/50 333/346/107 332/351/50
f 317/348/108 350/349/109 318/352/109
f 318/352/109 350/349/109 351/353/48
f 318/352/109 351/353/48 319/354/48
f 364/350/50 332/351/50 363/355/110
f 332/356/50 331/357/110 363/358/110
f 331/357/110 362/359/111 363/358/110
f 319/354/48 351/353/48 352/360/112
f 331/357/110 330/361/111 362/359/111
f 319/354/48 352/360/112 320/362/112
f 362/359/111 330/361/111 361/363/59
f 320/362/112 352/360/112 353/364/27
f 320/362/112 353/364/27 321/365/27
f 361/363/59 330/361/111 329/366/59
f 321/365/27 353/364/27 354/367/113
f 361/363/59 329/366/59 360/368/114
f 321/365/27 354/367/113 322/369/113
f 360/368/114 329/366/59 328/370/114
f 322/369/113 354/367/113 355/371/26
f 360/368/114 328/370/114 359/372/115
f 322/369/113 355/371/26 323/373/26
f 359/372/115 328/370/114 327/374/115
f 323/373/26 355/371/26 356/375/116
f 359/372/115 327/374/115 358/376/117
f 358/376/117 327/374/115 326/377/117
f 323/373/26 356/375/116 324/378/116
f 358/376/117 326/377/117 357/379/118
f 324/378/116 356/375/116 357/379/118
f 357/379/118 326/377/117 325/380/118
f 324/378/116 357/379/118 325/380/118
s 40
f 809/381/119 832/382/120 833/383/119
f 815/384/121 840/385/122 816/386/122
f 806/387/123 819/388/124 830/389/123
f 812/390/125 837/391/126 813/392/126
f 809/381/119 834/393/127 810/394/127
f 805/395/124 840/385/122 819/388/124
f 806/396/123 831/397/128 807/398/128
f 813/392/126 838/399/129 814/400/129
f 811/401/130 834/393/127 835/402/130
f 807/403/128 832/382/120 808/404/120
f 814/400/129 839/405/121 815/384/121
f 811/401/130 836/406/125 812/390/125
s 41
f 479/407/131 457/408/132 480/409/131
f 475/410/133 478/411/134 476/412/133
f 471/413/135 474/414/136 472/415/135
s 42
f 475/416/137 935/417/138 473/418/137
s 41
f 467/419/139 470/420/140 468/421/139
f 463/422/141 466/423/142 464/424/141
f 459/425/143 462/426/144 460/427/143
s 43
f 501/428/59 504/429/145 502/430/145
s 44
f 497/431/57 500/432/146 498/433/146
s 45
f 493/434/55 496/435/147 494/436/147
s 46
f 490/437/148 491/438/40 492/439/148
s 47
f 485/440/52 488/441/149 486/442/149
s 48
f 481/443/150 483/444/51 484/445/150
s 46
f 799/446/151 492/447/148 802/448/151
s 44
f 783/449/152 500/450/146 786/451/152
s 49
f 477/452/153 924/453/154 927/454/154
s 50
f 931/455/60 500/450/60 499/456/60
s 51
f 471/457/155 943/458/156 469/459/155
s 52
f 463/460/157 917/461/158 461/462/157
s 46
f 468/463/159 798/464/160 803/465/160
s 44
f 474/466/161 787/467/162 476/468/161
s 53
f 920/469/60 486/470/60 771/471/60
s 54
f 907/472/58 757/473/58 758/474/58
f 906/475/58 758/474/58 759/476/58
s 52
f 913/477/163 485/440/164 920/478/163
s 55
f 908/479/165 483/444/166 482/480/166
s 48
f 457/481/167 763/482/168 460/483/167
f 759/476/169 761/484/170 764/485/169
s 56
f 913/477/54 488/486/54 487/487/54
f 914/488/54 768/489/54 913/490/54
s 53
f 919/491/60 771/471/60 772/492/60
s 49
f 921/493/171 501/428/172 926/494/171
s 52
f 915/495/173 919/496/174 918/497/173
s 47
f 771/471/175 488/486/149 768/489/175
f 464/498/176 770/499/177 765/500/177
f 766/501/178 772/492/179 767/502/179
s 57
f 926/503/56 502/504/56 779/505/56
f 927/506/56 777/507/56 778/508/56
s 58
f 924/509/27 774/510/27 923/511/27
f 922/512/27 776/513/27 921/514/27
s 49
f 928/515/180 922/516/181 925/517/181
s 43
f 779/505/182 504/518/145 776/513/182
f 478/519/183 773/520/184 480/521/183
f 777/507/185 775/522/186 774/510/185
s 42
f 929/523/187 933/524/188 936/525/187
s 44
f 781/526/189 785/527/190 788/528/191
s 50
f 932/529/60 786/451/60 931/530/60
s 42
f 931/455/192 497/431/193 934/531/192
s 51
f 937/532/194 493/434/195 942/533/194
s 59
f 933/534/54 783/449/54 784/535/54
s 60
f 942/536/53 494/537/53 795/538/53
f 941/539/53 795/538/53 796/540/53
s 61
f 937/532/58 496/541/58 495/542/58
f 938/543/58 792/544/58 937/545/58
s 51
f 939/546/196 941/547/197 944/548/196
s 45
f 795/538/198 496/541/147 792/544/198
f 472/549/199 794/550/200 789/551/200
f 790/552/201 796/540/202 791/553/202
s 62
f 948/554/27 490/555/27 799/446/27
f 947/556/27 799/446/27 800/557/27
s 46
f 797/558/203 801/559/204 804/560/203
s 63
f 948/561/205 491/438/206 489/562/206
f 467/563/207 945/564/208 465/565/207
f 946/566/209 952/567/210 947/568/210
s 41
f 616/569/211 458/570/132 479/407/131
f 615/571/211 593/572/118 616/573/211
f 614/574/212 479/407/131 477/575/134
f 613/576/212 616/573/211 614/577/212
f 612/578/213 477/575/134 475/410/133
s 64
f 603/579/52 622/580/52 604/581/52
s 41
f 610/582/214 475/410/133 473/583/136
f 609/584/214 612/585/213 610/586/214
f 608/587/215 473/583/136 471/413/135
f 607/588/215 610/586/214 608/589/215
f 606/590/216 471/413/135 469/591/140
f 605/592/216 608/589/215 606/593/216
f 604/594/217 469/591/140 467/419/139
s 65
f 597/595/1 617/596/1 595/597/1
s 41
f 465/598/142 604/594/217 467/419/139
f 602/599/218 603/600/217 604/601/217
f 600/602/108 465/598/142 463/422/141
f 600/603/108 601/604/218 602/599/218
f 598/605/219 463/422/141 461/606/144
f 597/607/219 600/603/108 598/608/219
f 596/609/220 461/606/144 459/425/143
s 66
f 614/610/51 627/611/51 613/612/51
s 41
f 593/613/118 459/614/143 458/570/132
f 594/615/118 596/616/220 593/613/118
s 67
f 625/617/58 628/618/58 626/619/58
s 68
f 621/620/54 624/621/54 622/622/54
s 69
f 617/596/27 620/623/27 618/624/27
s 70
f 614/610/2 626/625/2 628/626/2
s 71
f 598/627/40 619/628/40 597/629/40
s 72
f 611/630/1 627/631/1 625/617/1
s 73
f 606/632/2 622/580/2 624/633/2
s 74
f 611/630/55 626/625/55 612/634/55
s 75
f 606/632/57 623/635/57 605/636/57
s 76
f 605/636/1 621/620/1 603/637/1
s 77
f 595/597/59 618/638/59 596/639/59
s 78
f 596/639/2 620/640/2 598/627/2
s 54
f 905/641/58 759/476/58 760/642/58
s 56
f 915/495/54 767/502/54 914/643/54
f 916/644/54 766/501/54 915/645/54
s 53
f 918/646/60 772/492/60 769/647/60
f 917/648/60 769/647/60 770/649/60
s 58
f 923/650/27 775/522/27 922/516/27
s 57
f 928/651/56 780/652/56 777/507/56
f 925/653/56 779/505/56 780/652/56
s 59
f 936/654/54 784/535/54 781/526/54
f 935/655/54 781/526/54 782/656/54
s 50
f 929/523/60 785/527/60 932/657/60
f 930/658/60 788/528/60 929/659/60
s 61
f 939/546/58 791/553/58 938/660/58
f 940/661/58 790/552/58 939/662/58
s 60
f 944/663/53 796/540/53 793/664/53
f 943/665/53 793/664/53 794/550/53
s 62
f 946/666/27 800/557/27 797/558/27
f 945/667/27 797/558/27 798/464/27
s 48
f 759/476/169 763/482/168 760/642/168
f 762/668/221 758/474/170 757/473/221
s 47
f 766/501/178 770/649/177 769/647/178
f 768/489/175 772/492/179 771/471/175
s 43
f 774/510/185 778/508/184 777/507/185
f 776/513/182 780/652/186 779/505/182
s 44
f 788/528/191 782/656/162 781/526/189
f 786/451/152 784/535/190 783/449/152
s 45
f 790/552/201 794/550/200 793/664/201
f 795/538/198 791/553/202 796/540/202
s 46
f 804/560/203 798/464/160 797/558/203
f 802/448/151 800/557/204 799/446/151
s 48
f 757/473/221 484/669/150 762/668/221
s 41
f 816/670/211 594/615/118 615/671/211
f 815/672/222 615/671/211 613/673/212
f 814/674/107 613/673/212 611/675/213
f 813/676/214 611/675/213 609/677/214
f 812/678/215 609/677/214 607/679/215
f 811/680/97 607/679/215 605/681/216
f 810/682/223 605/681/216 603/683/217
f 601/684/218 810/682/223 603/683/217
f 808/685/108 601/684/218 599/686/108
f 807/398/224 599/686/108 597/687/219
f 806/396/225 597/687/219 595/688/220
f 805/689/118 595/690/220 594/615/118
s 79
f 325/691/2 843/692/2 872/693/2
f 339/694/2 871/695/2 338/696/2
f 324/697/2 872/693/2 870/698/2
f 338/696/2 869/699/2 337/700/2
f 323/701/2 870/698/2 868/702/2
f 337/700/2 867/703/2 336/704/2
f 322/705/2 868/702/2 866/706/2
f 335/707/2 867/703/2 865/708/2
f 348/709/2 853/710/2 864/711/2
f 321/712/2 866/706/2 863/713/2
f 335/707/2 862/714/2 334/715/2
f 347/716/2 864/711/2 861/717/2
f 320/718/2 863/713/2 860/719/2
f 334/715/2 859/720/2 333/721/2
f 347/716/2 858/722/2 346/723/2
f 319/724/2 860/719/2 857/725/2
f 333/721/2 856/726/2 332/727/2
f 346/723/2 855/728/2 345/729/2
f 318/730/2 857/725/2 854/731/2
f 332/727/2 852/732/2 331/733/2
f 345/729/2 851/734/2 344/735/2
f 318/730/2 853/710/2 317/736/2
f 330/737/2 852/732/2 850/738/2
f 344/735/2 849/739/2 343/740/2
f 329/741/2 850/738/2 848/742/2
f 343/740/2 847/743/2 342/744/2
f 328/745/2 848/742/2 846/746/2
f 342/744/2 845/747/2 341/748/2
f 327/749/2 846/746/2 844/750/2
f 341/748/2 842/751/2 340/752/2
f 326/753/2 844/750/2 843/692/2
f 340/752/2 841/754/2 339/694/2
s 80
f 350/755/1 904/756/1 873/757/1
f 351/758/1 873/757/1 874/759/1
f 351/758/1 875/760/1 352/761/1
f 352/761/1 876/762/1 353/763/1
f 353/763/1 877/764/1 354/765/1
f 354/765/1 878/766/1 355/767/1
f 355/767/1 879/768/1 356/769/1
f 356/769/1 880/770/1 357/771/1
f 357/771/1 881/772/1 358/773/1
f 358/773/1 882/774/1 359/775/1
f 359/775/1 883/776/1 360/777/1
f 360/777/1 884/778/1 361/779/1
f 361/779/1 885/780/1 362/781/1
f 362/781/1 886/782/1 363/783/1
f 363/783/1 887/784/1 364/785/1
f 364/785/1 888/786/1 365/787/1
f 365/787/1 889/788/1 366/789/1
f 366/789/1 890/790/1 367/791/1
f 367/791/1 891/792/1 368/793/1
f 369/794/1 891/792/1 892/795/1
f 370/796/1 892/795/1 893/797/1
f 371/798/1 893/797/1 894/799/1
f 372/800/1 894/799/1 895/801/1
f 373/802/1 895/801/1 896/803/1
f 374/804/1 896/803/1 897/805/1
f 375/806/1 897/805/1 898/807/1
f 376/808/1 898/807/1 899/809/1
f 377/810/1 899/809/1 900/811/1
f 378/812/1 900/811/1 901/813/1
f 379/814/1 901/813/1 902/815/1
f 380/816/1 902/815/1 903/817/1
f 349/818/1 903/817/1 904/756/1
s 54
f 905/641/58 457/481/58 458/819/58
s 81
f 460/483/53 910/820/53 459/821/53
s 56
f 464/822/54 916/823/54 463/460/54
s 53
f 462/824/60 917/825/60 770/649/60
s 54
f 908/826/58 481/827/58 757/473/58
s 58
f 480/521/27 924/453/27 479/828/27
s 57
f 478/519/56 927/829/56 778/508/56
s 50
f 476/468/60 930/830/60 475/416/60
s 59
f 474/466/54 935/831/54 782/656/54
s 61
f 472/549/58 940/832/58 471/457/58
s 60
f 470/833/53 943/834/53 794/550/53
s 62
f 466/835/27 945/836/27 798/464/27
s 82
f 468/463/56 950/837/56 467/563/56
s 55
f 908/838/165 912/839/226 911/840/165
s 52
f 918/841/173 916/644/158 915/645/173
f 920/842/163 914/488/227 913/490/163
s 49
f 928/843/180 924/509/154 923/511/180
f 926/844/171 922/512/181 921/514/171
s 42
f 929/659/187 935/845/138 930/658/138
f 934/846/192 932/529/188 931/530/192
s 51
f 944/847/196 940/661/156 939/662/196
f 937/545/194 941/848/197 938/543/228
s 63
f 949/849/209 945/850/208 950/851/208
f 951/852/205 947/853/210 952/854/210
s 55
f 459/821/229 905/855/230 458/856/229
s 58
f 921/493/27 504/518/27 503/857/27
s 81
f 910/858/53 764/485/53 909/859/53
f 909/860/53 761/484/53 912/861/53
f 912/839/53 762/668/53 911/840/53
f 911/862/53 484/669/53 483/444/53
s 59
f 934/863/54 498/864/54 783/449/54
s 55
f 910/858/230 906/865/231 905/866/230
f 907/867/226 909/860/231 912/861/226
s 82
f 950/851/56 804/560/56 949/849/56
f 949/868/56 801/559/56 952/567/56
f 952/854/56 802/448/56 951/852/56
f 951/869/56 492/447/56 491/438/56
s 40
f 809/381/119 808/404/120 832/382/120
f 815/384/121 839/405/121 840/385/122
f 806/387/123 805/395/124 819/388/124
f 812/390/125 836/406/125 837/391/126
f 809/381/119 833/383/119 834/393/127
f 805/395/124 816/386/122 840/385/122
f 806/396/123 830/870/123 831/397/128
f 813/392/126 837/391/126 838/399/129
f 811/401/130 810/394/127 834/393/127
f 807/403/128 831/871/128 832/382/120
f 814/400/129 838/399/129 839/405/121
f 811/401/130 835/402/130 836/406/125
s 41
f 479/407/131 458/570/132 457/408/132
f 475/410/133 477/575/134 478/411/134
f 471/413/135 473/583/136 474/414/136
s 42
f 475/416/137 930/830/138 935/417/138
s 41
f 467/419/139 469/591/140 470/420/140
f 463/422/141 465/598/142 466/423/142
f 459/425/143 461/606/144 462/426/144
s 43
f 501/428/59 503/857/59 504/429/145
s 44
f 497/431/57 499/456/57 500/432/146
s 45
f 493/434/55 495/542/55 496/435/147
s 46
f 490/437/148 489/562/40 491/438/40
s 47
f 485/440/52 487/487/52 488/441/149
s 48
f 481/443/150 482/480/51 483/444/51
s 46
f 799/446/151 490/555/148 492/447/148
s 44
f 783/449/152 498/864/146 500/450/146
s 49
f 477/452/153 479/828/153 924/453/154
s 50
f 931/455/60 786/451/60 500/450/60
s 51
f 471/457/155 940/832/156 943/458/156
s 52
f 463/460/157 916/823/158 917/461/158
s 46
f 468/463/159 466/835/159 798/464/160
s 44
f 474/466/161 782/656/162 787/467/162
s 53
f 920/469/60 485/872/60 486/470/60
s 54
f 907/472/58 908/873/58 757/473/58
f 906/475/58 907/874/58 758/474/58
s 52
f 913/477/163 487/487/164 485/440/164
s 55
f 908/479/165 911/862/165 483/444/166
s 48
f 457/481/167 760/642/168 763/482/168
f 759/476/169 758/474/170 761/484/170
s 56
f 913/477/54 768/489/54 488/486/54
f 914/488/54 767/502/54 768/489/54
s 53
f 919/491/60 920/875/60 771/471/60
s 49
f 921/493/171 503/857/172 501/428/172
s 52
f 915/495/173 914/643/227 919/496/174
s 47
f 771/471/175 486/470/149 488/486/149
f 464/498/176 462/876/232 770/499/177
f 766/501/178 769/647/178 772/492/179
s 57
f 926/503/56 501/877/56 502/504/56
f 927/506/56 928/878/56 777/507/56
s 58
f 924/509/27 773/520/27 774/510/27
f 922/512/27 775/522/27 776/513/27
s 49
f 928/515/180 923/650/180 922/516/181
s 43
f 779/505/182 502/504/145 504/518/145
f 478/519/183 778/508/184 773/520/184
f 777/507/185 780/652/186 775/522/186
s 42
f 929/523/187 932/657/188 933/524/188
s 44
f 781/526/189 784/535/190 785/527/190
s 50
f 932/529/60 785/527/60 786/451/60
s 42
f 931/455/192 499/456/193 497/431/193
s 51
f 937/532/194 495/542/195 493/434/195
s 59
f 933/534/54 934/879/54 783/449/54
s 60
f 942/536/53 493/880/53 494/537/53
f 941/539/53 942/881/53 795/538/53
s 61
f 937/532/58 792/544/58 496/541/58
f 938/543/58 791/553/58 792/544/58
s 51
f 939/546/196 938/660/228 941/547/197
s 45
f 795/538/198 494/537/147 496/541/147
f 472/549/199 470/833/233 794/550/200
f 790/552/201 793/664/201 796/540/202
s 62
f 948/554/27 489/882/27 490/555/27
f 947/556/27 948/883/27 799/446/27
s 46
f 797/558/203 800/557/204 801/559/204
s 63
f 948/561/205 951/869/205 491/438/206
f 467/563/207 950/837/208 945/564/208
f 946/566/209 949/868/209 952/567/210
s 41
f 616/569/211 593/613/118 458/570/132
f 615/571/211 594/884/118 593/572/118
f 614/574/212 616/569/211 479/407/131
f 613/576/212 615/571/211 616/573/211
f 612/578/213 614/574/212 477/575/134
s 64
f 603/579/52 621/885/52 622/580/52
s 41
f 610/582/214 612/578/213 475/410/133
f 609/584/214 611/886/213 612/585/213
f 608/587/215 610/582/214 473/583/136
f 607/588/215 609/584/214 610/586/214
f 606/590/216 608/587/215 471/413/135
f 605/592/216 607/588/215 608/589/215
f 604/594/217 606/590/216 469/591/140
s 65
f 597/595/1 619/887/1 617/596/1
s 41
f 465/598/142 602/888/218 604/594/217
f 602/599/218 601/604/218 603/600/217
f 600/602/108 602/888/218 465/598/142
f 600/603/108 599/889/108 601/604/218
f 598/605/219 600/602/108 463/422/141
f 597/607/219 599/889/108 600/603/108
f 596/609/220 598/605/219 461/606/144
s 66
f 614/610/51 628/626/51 627/611/51
s 41
f 593/613/118 596/616/220 459/614/143
f 594/615/118 595/690/220 596/616/220
s 67
f 625/617/58 627/631/58 628/618/58
s 68
f 621/620/54 623/635/54 624/621/54
s 69
f 617/596/27 619/887/27 620/623/27
s 70
f 614/610/2 612/634/2 626/625/2
s 71
f 598/627/40 620/640/40 619/628/40
s 72
f 611/630/1 613/890/1 627/631/1
s 73
f 606/632/2 604/581/2 622/580/2
s 74
f 611/630/55 625/617/55 626/625/55
s 75
f 606/632/57 624/633/57 623/635/57
s 76
f 605/636/1 623/635/1 621/620/1
s 77
f 595/597/59 617/596/59 618/638/59
s 78
f 596/639/2 618/638/2 620/640/2
s 54
f 905/641/58 906/891/58 759/476/58
s 56
f 915/495/54 766/501/54 767/502/54
f 916/644/54 765/892/54 766/501/54
s 53
f 918/646/60 919/893/60 772/492/60
f 917/648/60 918/894/60 769/647/60
s 58
f 923/650/27 774/510/27 775/522/27
s 57
f 928/651/56 925/895/56 780/652/56
f 925/653/56 926/896/56 779/505/56
s 59
f 936/654/54 933/897/54 784/535/54
f 935/655/54 936/898/54 781/526/54
s 50
f 929/523/60 788/528/60 785/527/60
f 930/658/60 787/467/60 788/528/60
s 61
f 939/546/58 790/552/58 791/553/58
f 940/661/58 789/551/58 790/552/58
s 60
f 944/663/53 941/899/53 796/540/53
f 943/665/53 944/900/53 793/664/53
s 62
f 946/666/27 947/901/27 800/557/27
f 945/667/27 946/902/27 797/558/27
s 48
f 759/476/169 764/485/169 763/482/168
f 762/668/221 761/484/170 758/474/170
s 47
f 766/501/178 765/892/177 770/649/177
f 768/489/175 767/502/179 772/492/179
s 43
f 774/510/185 773/520/184 778/508/184
f 776/513/182 775/522/186 780/652/186
s 44
f 788/528/191 787/467/162 782/656/162
f 786/451/152 785/527/190 784/535/190
s 45
f 790/552/201 789/551/200 794/550/200
f 795/538/198 792/544/198 791/553/202
s 46
f 804/560/203 803/465/160 798/464/160
f 802/448/151 801/559/204 800/557/204
s 48
f 757/473/221 481/827/150 484/669/150
s 41
f 816/670/211 805/689/118 594/615/118
f 815/672/222 816/670/211 615/671/211
f 814/674/107 815/672/222 613/673/212
f 813/676/214 814/674/107 611/675/213
f 812/678/215 813/676/214 609/677/214
f 811/680/97 812/678/215 607/679/215
f 810/682/223 811/680/97 605/681/216
f 601/684/218 809/903/218 810/682/223
f 808/685/108 809/903/218 601/684/218
f 807/398/224 808/685/108 599/686/108
f 806/396/225 807/398/224 597/687/219
f 805/689/118 806/904/225 595/690/220
s 79
f 325/691/2 326/753/2 843/692/2
f 339/694/2 841/754/2 871/695/2
f 324/697/2 325/691/2 872/693/2
f 338/696/2 871/695/2 869/699/2
f 323/701/2 324/697/2 870/698/2
f 337/700/2 869/699/2 867/703/2
f 322/705/2 323/701/2 868/702/2
f 335/707/2 336/704/2 867/703/2
f 348/709/2 317/736/2 853/710/2
f 321/712/2 322/705/2 866/706/2
f 335/707/2 865/708/2 862/714/2
f 347/716/2 348/709/2 864/711/2
f 320/718/2 321/712/2 863/713/2
f 334/715/2 862/714/2 859/720/2
f 347/716/2 861/717/2 858/722/2
f 319/724/2 320/718/2 860/719/2
f 333/721/2 859/720/2 856/726/2
f 346/723/2 858/722/2 855/728/2
f 318/730/2 319/724/2 857/725/2
f 332/727/2 856/726/2 852/732/2
f 345/729/2 855/728/2 851/734/2
f 318/730/2 854/731/2 853/710/2
f 330/737/2 331/733/2 852/732/2
f 344/735/2 851/734/2 849/739/2
f 329/741/2 330/737/2 850/738/2
f 343/740/2 849/739/2 847/743/2
f 328/745/2 329/741/2 848/742/2
f 342/744/2 847/743/2 845/747/2
f 327/749/2 328/745/2 846/746/2
f 341/748/2 845/747/2 842/751/2
f 326/753/2 327/749/2 844/750/2
f 340/752/2 842/751/2 841/754/2
s 80
f 350/755/1 349/818/1 904/756/1
f 351/758/1 350/755/1 873/757/1
f 351/758/1 874/759/1 875/760/1
f 352/761/1 875/760/1 876/762/1
f 353/763/1 876/762/1 877/764/1
f 354/765/1 877/764/1 878/766/1
f 355/767/1 878/766/1 879/768/1
f 356/769/1 879/768/1 880/770/1
f 357/771/1 880/770/1 881/772/1
f 358/773/1 881/772/1 882/774/1
f 359/775/1 882/774/1 883/776/1
f 360/777/1 883/776/1 884/778/1
f 361/779/1 884/778/1 885/780/1
f 362/781/1 885/780/1 886/782/1
f 363/783/1 886/782/1 887/784/1
f 364/785/1 887/784/1 888/786/1
f 365/787/1 888/786/1 889/788/1
f 366/789/1 889/788/1 890/790/1
f 367/791/1 890/790/1 891/792/1
f 369/794/1 368/793/1 891/792/1
f 370/796/1 369/794/1 892/795/1
f 371/798/1 370/796/1 893/797/1
f 372/800/1 371/798/1 894/799/1
f 373/802/1 372/800/1 895/801/1
f 374/804/1 373/802/1 896/803/1
f 375/806/1 374/804/1 897/805/1
f 376/808/1 375/806/1 898/807/1
f 377/810/1 376/808/1 899/809/1
f 378/812/1 377/810/1 900/811/1
f 379/814/1 378/812/1 901/813/1
f 380/816/1 379/814/1 902/815/1
f 349/818/1 380/816/1 903/817/1
s 54
f 905/641/58 760/642/58 457/481/58
s 81
f 460/483/53 763/482/53 910/820/53
s 56
f 464/822/54 765/892/54 916/823/54
s 53
f 462/824/60 461/905/60 917/825/60
s 54
f 908/826/58 482/906/58 481/827/58
s 58
f 480/521/27 773/520/27 924/453/27
s 57
f 478/519/56 477/907/56 927/829/56
s 50
f 476/468/60 787/467/60 930/830/60
s 59
f 474/466/54 473/908/54 935/831/54
s 61
f 472/549/58 789/551/58 940/832/58
s 60
f 470/833/53 469/909/53 943/834/53
s 62
f 466/835/27 465/910/27 945/836/27
s 82
f 468/463/56 803/465/56 950/837/56
s 55
f 908/838/165 907/911/226 912/839/226
s 52
f 918/841/173 917/912/158 916/644/158
f 920/842/163 919/913/174 914/488/227
s 49
f 928/843/180 927/914/154 924/509/154
f 926/844/171 925/915/181 922/512/181
s 42
f 929/659/187 936/916/187 935/845/138
f 934/846/192 933/917/188 932/529/188
s 51
f 944/847/196 943/918/156 940/661/156
f 937/545/194 942/919/194 941/848/197
s 63
f 949/849/209 946/920/209 945/850/208
f 951/852/205 948/921/205 947/853/210
s 55
f 459/821/229 910/820/230 905/855/230
s 58
f 921/493/27 776/513/27 504/518/27
s 81
f 910/858/53 763/482/53 764/485/53
f 909/860/53 764/485/53 761/484/53
f 912/839/53 761/484/53 762/668/53
f 911/862/53 762/668/53 484/669/53
s 59
f 934/863/54 497/922/54 498/864/54
s 55
f 910/858/230 909/859/231 906/865/231
f 907/867/226 906/923/231 909/860/231
s 82
f 950/851/56 803/465/56 804/560/56
f 949/868/56 804/560/56 801/559/56
f 952/854/56 801/559/56 802/448/56
f 951/869/56 802/448/56 492/447/56
s 83
g RoverModificado.005_SpacialRoverExploreralumBlack
usemtl SpacialRoverExploreralumBlack
f 162/924/234 186/925/235 158/926/236
f 166/927/237 194/928/238 160/929/239
f 159/930/240 197/931/241 184/932/242
f 165/933/243 194/934/238 190/935/244
s 84
f 187/936/245 201/937/246 183/938/247
f 189/939/248 202/940/249 188/941/250
s 85
f 190/942/251 200/943/252 189/939/252
s 86
f 196/944/253 183/938/254 182/945/255
s 87
f 185/946/256 205/947/257 199/948/258
s 86
f 184/949/259 191/950/260 203/951/259
s 88
f 194/952/261 198/953/262 190/942/263
s 89
f 199/948/264 193/954/265 195/955/265
s 87
f 185/946/256 203/951/266 204/956/267
s 86
f 197/957/268 182/945/255 191/950/260
s 84
f 188/941/250 201/937/246 186/958/269
s 88
f 195/955/270 192/959/271 194/960/261
s 83
f 157/961/272 188/962/273 162/924/234
f 157/961/272 190/935/244 189/963/274
f 161/964/275 196/965/276 155/966/277
f 159/930/240 185/967/278 164/968/279
f 163/969/280 185/967/278 199/970/281
f 166/927/237 199/970/281 195/971/282
f 155/966/277 197/931/241 156/972/283
f 161/964/275 186/925/235 187/973/284
f 162/924/234 188/962/273 186/925/235
f 166/927/237 195/971/282 194/928/238
f 159/930/240 156/972/283 197/931/241
f 165/933/243 160/974/239 194/934/238
s 84
f 187/936/245 186/958/269 201/937/246
f 189/939/248 200/943/248 202/940/249
s 88
f 190/942/263 198/953/262 200/943/252
s 86
f 196/944/253 187/936/254 183/938/254
s 87
f 185/946/256 204/956/267 205/947/257
s 86
f 184/949/259 197/957/268 191/950/260
s 88
f 194/952/261 192/975/271 198/953/262
s 87
f 199/948/258 205/947/257 193/954/265
f 185/946/256 184/949/285 203/951/266
s 86
f 197/957/268 196/944/253 182/945/255
s 84
f 188/941/250 202/940/249 201/937/246
s 88
f 195/955/270 193/954/270 192/959/271
s 83
f 157/961/272 189/963/274 188/962/273
f 157/961/272 165/933/243 190/935/244
f 161/964/275 187/973/284 196/965/276
f 159/930/240 184/932/242 185/967/278
f 163/969/280 164/968/279 185/967/278
f 166/927/237 163/969/280 199/970/281
f 155/966/277 196/965/276 197/931/241
f 161/964/275 158/926/236 186/925/235
s 90
g RoverModificado.005_SpacialRoverExploreralumGrayDeep
usemtl SpacialRoverExploreralumGrayDeep
f 216/976/45 44/977/102 46/978/102
s 91
f 46/979/1 47/980/1 97/981/1
s 92
f 47/982/101 38/983/103 40/984/103
s 91
f 47/980/1 92/985/1 91/986/1
s 93
f 37/987/2 117/988/2 131/989/2
f 44/990/2 212/991/2 102/992/2
s 92
f 38/993/103 42/994/104 40/995/103
s 94
f 39/996/48 41/997/112 42/994/48
s 92
f 47/982/101 45/998/34 43/999/101
s 90
f 48/1000/100 44/977/102 45/998/100
s 95
f 210/1001/114 213/1002/111 215/1003/111
s 91
f 41/1004/1 209/1005/1 84/1006/1
f 42/1007/1 88/1008/1 40/1009/1
f 42/1007/1 87/1010/1 89/1011/1
s 95
f 210/1001/114 208/1012/115 206/1013/114
s 94
f 211/1014/26 207/1015/113 208/1012/26
s 90
f 216/976/45 214/1016/105 212/1017/45
s 95
f 217/1018/110 213/1002/111 214/1016/110
s 94
f 207/1015/113 41/997/112 37/1019/112
s 93
f 38/1020/2 119/1021/2 121/1022/2
f 38/1020/2 117/988/2 39/1023/2
f 120/1024/2 43/1025/2 45/1026/2
f 44/990/2 122/1027/2 123/1028/2
f 214/1029/2 130/1030/2 129/1031/2
f 214/1029/2 126/1032/2 212/991/2
f 208/1033/2 108/1034/2 110/1035/2
s 91
f 216/1036/1 75/1037/1 74/1038/1
f 216/1036/1 71/1039/1 217/1040/1
f 71/1039/1 215/1041/1 217/1040/1
f 95/1042/1 211/1043/1 210/1044/1
f 215/1041/1 67/1045/1 66/1046/286
f 94/1047/1 211/1043/1 95/1042/1
s 90
f 216/976/45 212/1017/45 44/977/102
s 91
f 98/1048/1 80/1049/1 46/979/1
f 46/979/1 48/1050/1 47/980/1
f 47/980/1 96/1051/1 97/981/1
f 97/981/1 98/1048/1 46/979/1
s 92
f 47/982/101 43/999/101 38/983/103
s 91
f 90/1052/1 96/1051/1 47/980/1
f 47/980/1 40/1009/1 88/1008/1
f 47/980/1 88/1008/1 92/985/1
f 91/986/1 90/1052/1 47/980/1
s 93
f 128/1053/2 127/1054/2 37/987/2
f 37/987/2 39/1023/2 117/988/2
f 131/989/2 128/1053/2 37/987/2
f 100/1055/129 99/1056/287 44/990/2
f 212/991/2 126/1032/2 125/1057/2
f 212/991/2 125/1057/2 124/1058/2
f 103/1059/2 100/1055/129 44/990/2
f 101/1060/2 103/1059/2 44/990/2
f 212/991/2 124/1058/2 102/992/2
f 102/992/2 101/1060/2 44/990/2
s 92
f 38/993/103 39/996/104 42/994/104
s 94
f 39/996/48 37/1019/112 41/997/112
s 92
f 47/982/101 48/1000/34 45/998/34
s 90
f 48/1000/100 46/978/102 44/977/102
s 95
f 210/1001/114 206/1013/114 213/1002/111
s 91
f 85/1061/1 87/1010/1 41/1004/1
f 209/1005/1 94/1047/1 93/1062/1
f 209/1005/1 93/1062/1 86/1063/1
f 83/1064/1 85/1061/1 41/1004/1
f 82/1065/1 83/1064/1 41/1004/1
f 209/1005/1 86/1063/1 84/1006/1
f 84/1006/1 82/1065/1 41/1004/1
f 89/1011/1 88/1008/1 42/1007/1
f 42/1007/1 41/1004/1 87/1010/1
s 95
f 210/1001/114 211/1014/115 208/1012/115
s 94
f 211/1014/26 209/1066/113 207/1015/113
s 90
f 216/976/45 217/1018/105 214/1016/105
s 95
f 217/1018/110 215/1003/111 213/1002/111
s 94
f 207/1015/113 209/1066/113 41/997/112
s 93
f 118/1067/2 117/988/2 38/1020/2
f 38/1020/2 43/1025/2 120/1024/2
f 38/1020/2 120/1024/2 119/1021/2
f 121/1022/2 118/1067/2 38/1020/2
f 120/1024/2 45/1026/2 44/990/2
f 44/990/2 99/1056/287 122/1027/2
f 123/1028/2 120/1024/2 44/990/2
f 129/1031/2 126/1032/2 214/1029/2
f 214/1029/2 213/1068/2 130/1030/2
f 115/1069/2 130/1030/2 213/1068/2
f 213/1068/2 206/1070/2 208/1033/2
f 208/1033/2 207/1071/2 37/987/2
f 37/987/2 127/1054/2 109/1072/2
f 37/987/2 109/1072/2 107/1073/2
f 115/1069/2 213/1068/2 208/1033/2
f 114/1074/2 115/1069/2 208/1033/2
f 37/987/2 107/1073/2 105/1075/2
f 37/987/2 105/1075/2 104/1076/2
f 116/1077/2 114/1074/2 208/1033/2
f 112/1078/2 116/1077/2 208/1033/2
f 208/1033/2 37/987/2 104/1076/2
f 208/1033/2 104/1076/2 106/1079/288
f 113/1080/2 112/1078/2 208/1033/2
f 111/1081/2 113/1080/2 208/1033/2
f 208/1033/2 106/1079/288 108/1034/2
f 110/1035/2 111/1081/2 208/1033/2
s 91
f 70/1082/1 71/1039/1 216/1036/1
f 46/979/1 80/1049/1 77/1083/1
f 46/979/1 77/1083/1 72/1084/1
f 81/1085/1 70/1082/1 216/1036/1
f 73/1086/1 81/1085/1 216/1036/1
f 46/979/1 72/1084/1 78/1087/1
f 46/979/1 78/1087/1 75/1037/1
f 79/1088/1 73/1086/1 216/1036/1
f 76/1089/1 79/1088/1 216/1036/1
f 216/1036/1 46/979/1 75/1037/1
f 74/1038/1 76/1089/1 216/1036/1
f 95/1042/1 210/1044/1 215/1041/1
f 215/1041/1 71/1039/1 69/1090/1
f 215/1041/1 69/1090/1 68/1091/1
f 66/1046/286 95/1042/1 215/1041/1
f 215/1041/1 68/1091/1 67/1045/1
f 94/1047/1 209/1005/1 211/1043/1
s 96
f 452/1092/225 523/1093/118 451/1094/118
s 41
f 480/409/131 505/1095/118 516/1096/211
f 515/1097/222 480/409/131 516/1096/211
f 476/412/133 515/1097/222 514/1098/107
f 474/414/136 514/1098/107 513/1099/214
f 472/415/135 513/1099/214 512/1100/215
f 470/420/140 512/1100/215 511/1101/97
f 468/421/139 511/1101/97 510/1102/223
f 509/1103/218 468/421/139 510/1102/223
f 508/1104/108 466/423/142 509/1103/218
f 462/426/144 508/1104/108 507/1105/224
f 460/427/143 507/1105/224 506/1106/225
f 457/408/132 506/1107/225 505/1095/118
s 97
f 445/1108/2 506/1109/2 446/1110/2
f 446/1110/2 507/1111/2 447/1112/2
f 447/1112/2 508/1113/2 448/1114/2
f 449/1115/2 508/1113/2 509/1116/2
f 449/1115/2 510/1117/2 450/1118/2
f 451/1119/2 510/1117/2 511/1120/2
f 451/1119/2 512/1121/2 452/1122/2
f 453/1123/2 512/1121/2 513/1124/2
f 453/1123/2 514/1125/2 454/1126/2
f 454/1126/2 515/1127/2 455/1128/2
f 455/1128/2 516/1129/2 456/1130/2
f 445/1108/2 516/1129/2 505/1131/2
s 98
f 520/1132/2 524/1133/2 528/1134/2
s 96
f 449/1135/222 520/1136/107 448/1137/107
f 456/1138/223 527/1139/218 455/1140/218
f 446/1141/215 517/1142/97 445/1143/97
f 453/1144/224 524/1145/225 452/1092/225
f 449/1135/222 522/1146/211 521/1147/222
f 445/1143/97 528/1148/223 456/1138/223
f 447/1149/214 518/1150/215 446/1151/215
f 454/1152/108 525/1153/224 453/1144/224
f 451/1094/118 522/1146/211 450/1154/211
f 448/1137/107 519/1155/214 447/1149/214
f 455/1140/218 526/1156/108 454/1152/108
s 99
f 818/1157/118 830/1158/225 819/1159/118
f 817/1160/225 831/397/224 830/870/225
f 820/1161/224 832/1162/108 831/397/224
f 821/1163/108 833/1164/218 832/1162/108
f 833/1164/218 823/1165/223 834/1166/223
f 823/1165/223 835/1167/97 834/1166/223
f 824/1168/97 836/1169/215 835/1167/97
f 825/1170/215 837/1171/214 836/1169/215
f 826/1172/214 838/1173/107 837/1171/214
f 827/1174/107 839/1175/222 838/1173/107
s 100
f 828/1176/1 824/1177/1 820/1161/1
s 99
f 828/1178/222 840/1179/211 839/1175/222
f 829/1180/211 819/1159/118 840/1179/211
s 96
f 452/1092/225 524/1145/225 523/1093/118
s 41
f 480/409/131 457/408/132 505/1095/118
f 515/1097/222 478/411/134 480/409/131
f 476/412/133 478/411/134 515/1097/222
f 474/414/136 476/412/133 514/1098/107
f 472/415/135 474/414/136 513/1099/214
f 470/420/140 472/415/135 512/1100/215
f 468/421/139 470/420/140 511/1101/97
f 509/1103/218 466/423/142 468/421/139
f 508/1104/108 464/424/141 466/423/142
f 462/426/144 464/424/141 508/1104/108
f 460/427/143 462/426/144 507/1105/224
f 457/408/132 460/1181/143 506/1107/225
s 97
f 445/1108/2 505/1131/2 506/1109/2
f 446/1110/2 506/1109/2 507/1111/2
f 447/1112/2 507/1111/2 508/1113/2
f 449/1115/2 448/1114/2 508/1113/2
f 449/1115/2 509/1116/2 510/1117/2
f 451/1119/2 450/1118/2 510/1117/2
f 451/1119/2 511/1120/2 512/1121/2
f 453/1123/2 452/1122/2 512/1121/2
f 453/1123/2 513/1124/2 514/1125/2
f 454/1126/2 514/1125/2 515/1127/2
f 455/1128/2 515/1127/2 516/1129/2
f 445/1108/2 456/1130/2 516/1129/2
s 98
f 528/1134/2 517/1182/2 518/1183/2
f 518/1183/2 519/1184/2 520/1132/2
f 520/1132/2 521/1185/2 522/1186/2
f 522/1186/2 523/1187/2 524/1133/2
f 524/1133/2 525/1188/2 526/1189/2
f 526/1189/2 527/1190/2 528/1134/2
f 528/1134/2 518/1183/2 520/1132/2
f 520/1132/2 522/1186/2 524/1133/2
f 524/1133/2 526/1189/2 528/1134/2
s 96
f 449/1135/222 521/1147/222 520/1136/107
f 456/1138/223 528/1148/223 527/1139/218
f 446/1141/215 518/1191/215 517/1142/97
f 453/1144/224 525/1153/224 524/1145/225
f 449/1135/222 450/1154/211 522/1146/211
f 445/1143/97 517/1142/97 528/1148/223
f 447/1149/214 519/1155/214 518/1150/215
f 454/1152/108 526/1156/108 525/1153/224
f 451/1094/118 523/1093/118 522/1146/211
f 448/1137/107 520/1136/107 519/1155/214
f 455/1140/218 527/1139/218 526/1156/108
s 99
f 818/1157/118 817/1192/225 830/1158/225
f 817/1160/225 820/1161/224 831/397/224
f 820/1161/224 821/1163/108 832/1162/108
f 821/1163/108 822/1193/218 833/1164/218
f 833/1164/218 822/1193/218 823/1165/223
f 823/1165/223 824/1168/97 835/1167/97
f 824/1168/97 825/1170/215 836/1169/215
f 825/1170/215 826/1172/214 837/1171/214
f 826/1172/214 827/1174/107 838/1173/107
f 827/1174/107 828/1178/222 839/1175/222
s 100
f 820/1161/1 817/1160/1 818/1194/1
f 818/1194/1 829/1195/1 828/1176/1
f 828/1176/1 827/1196/1 826/1197/1
f 826/1197/1 825/1198/1 824/1177/1
f 824/1177/1 823/1199/1 822/1200/1
f 822/1200/1 821/1201/1 820/1161/1
f 820/1161/1 818/1194/1 828/1176/1
f 828/1176/1 826/1197/1 824/1177/1
f 824/1177/1 822/1200/1 820/1161/1
s 99
f 828/1178/222 829/1180/211 840/1179/211
f 829/1180/211 818/1157/118 819/1159/118
s 80
g RoverModificado.005_SpacialRoverExplorerwheels
usemtl SpacialRoverExplorerwheels
f 904/1202/1 412/1203/289 382/1204/290
f 903/1205/1 411/1206/291 412/1203/289
f 902/1207/1 410/1208/292 411/1206/291
f 901/1209/1 409/1210/293 410/1208/292
f 900/1211/1 408/1212/294 409/1210/293
f 899/1213/1 407/1214/295 408/1212/294
f 898/1215/1 406/1216/296 407/1214/295
f 897/1217/1 405/1218/296 406/1216/296
f 896/1219/1 404/1220/297 405/1218/296
f 895/1221/1 403/1222/297 404/1220/297
f 894/1223/1 402/1224/298 403/1222/297
f 893/1225/1 401/1226/299 402/1224/298
f 892/1227/1 400/1228/300 401/1229/299
f 890/1230/1 400/1228/300 891/1231/1
f 889/1232/1 399/1233/300 890/1230/1
f 888/1234/1 398/1235/301 889/1232/1
f 887/1236/1 397/1237/301 888/1234/1
f 886/1238/1 396/1239/302 887/1236/1
f 885/1240/1 395/1241/302 886/1238/1
f 884/1242/1 394/1243/303 885/1240/1
f 883/1244/1 393/1245/303 884/1242/1
f 882/1246/1 392/1247/304 883/1244/1
f 881/1248/1 391/1249/305 882/1246/1
f 880/1250/1 390/1251/306 881/1248/1
f 879/1252/1 389/1253/307 880/1250/1
f 878/1254/1 388/1255/308 879/1252/1
f 877/1256/1 387/1257/309 878/1254/1
f 876/1258/1 386/1259/310 877/1256/1
f 875/1260/1 385/1261/310 876/1262/1
f 875/1260/1 383/1263/311 384/1264/311
f 874/1265/1 381/1266/290 383/1263/311
f 873/1267/1 382/1204/290 381/1266/290
s 79
f 842/1268/2 435/1269/312 841/1270/2
f 843/1271/2 423/1272/313 422/1273/314
f 845/1274/2 436/1275/312 842/1268/2
f 844/1276/2 424/1277/315 423/1272/313
f 847/1278/2 437/1279/316 845/1274/2
f 846/1280/2 425/1281/317 424/1277/315
f 849/1282/2 438/1283/316 847/1278/2
f 848/1284/2 426/1285/318 425/1281/317
f 851/1286/2 439/1287/319 849/1282/2
f 850/1288/2 427/1289/320 426/1285/318
f 854/1290/2 413/1291/321 853/1292/2
f 855/1293/2 440/1294/322 851/1286/2
f 852/1295/2 428/1296/320 427/1289/320
f 857/1297/2 414/1298/321 854/1290/2
f 858/1299/2 441/1300/323 855/1293/2
f 859/1301/2 428/1296/320 856/1302/2
f 860/1303/2 415/1304/324 857/1297/2
f 861/1305/2 442/1306/325 858/1299/2
f 862/1307/2 429/1308/326 859/1301/2
f 863/1309/2 416/1310/324 860/1303/2
f 864/1311/2 443/1312/327 861/1305/2
f 865/1313/2 430/1314/328 862/1307/2
f 863/1315/2 418/1316/329 417/1317/329
f 853/1292/2 444/1318/330 864/1311/2
f 867/1319/2 431/1320/331 865/1313/2
f 866/1321/2 419/1322/332 418/1316/329
f 869/1323/2 432/1324/331 867/1319/2
f 868/1325/2 420/1326/333 419/1322/332
f 871/1327/2 433/1328/334 869/1329/2
f 870/1330/2 421/1331/335 420/1326/333
f 841/1270/2 434/1332/334 871/1327/2
f 872/1333/2 422/1273/314 421/1331/335
s 101
f 530/1334/336 439/1287/337 532/1335/338
s 102
f 534/1336/339 443/1312/340 536/1337/341
s 103
f 536/1337/342 728/1338/343 535/1339/344
s 104
f 540/1340/345 441/1300/346 538/1341/347
s 105
f 587/1342/348 630/1343/349 754/1344/350
s 103
f 535/1339/344 629/1345/351 411/1206/352
s 80
f 402/1224/298 639/1346/353 640/1347/353
s 106
f 586/1348/354 753/1349/355 721/1350/354
s 79
f 443/1312/327 691/1351/356 692/1352/356
s 107
f 554/1353/357 433/1354/358 548/1355/359
s 108
f 550/1356/360 435/1269/361 544/1357/362
s 109
f 546/1358/363 437/1279/364 542/1359/365
s 110
f 534/1336/366 727/1360/367 695/1361/368
s 106
f 585/1362/355 658/1363/369 753/1349/355
s 111
f 428/1296/370 556/1364/371 562/1365/372
s 112
f 430/1314/373 552/1366/374 558/1367/375
s 110
f 533/1368/376 632/1369/377 727/1360/367
s 80
f 404/1220/297 637/1370/378 638/1371/378
s 113
f 424/1277/379 564/1372/380 570/1373/381
s 114
f 426/1285/382 560/1374/383 566/1375/384
s 115
f 584/1376/385 752/1377/386 583/1378/387
s 79
f 441/1300/323 689/1379/388 690/1380/388
s 116
f 532/1335/389 726/1381/390 531/1382/391
s 115
f 583/1378/387 657/1383/392 383/1263/393
s 117
f 416/1310/394 580/1384/395 586/1348/396
s 118
f 418/1316/397 576/1385/398 582/1386/399
s 119
f 420/1326/400 572/1387/401 578/1388/402
s 120
f 422/1273/403 568/1389/404 574/1390/405
s 121
f 588/1391/406 413/1291/407 590/1392/408
s 116
f 531/1382/391 633/1393/409 407/1214/410
s 122
f 592/1394/411 415/1304/412 584/1376/413
s 80
f 406/1216/296 635/1395/414 636/1396/414
s 123
f 582/1386/415 751/1397/416 719/1398/417
s 79
f 439/1287/319 687/1399/418 688/1400/418
s 122
f 381/1266/419 583/1378/420 383/1263/419
f 591/1401/421 584/1376/413 583/1378/420
s 124
f 530/1334/422 725/1402/423 693/1403/422
s 123
f 581/1404/424 656/1405/425 751/1397/416
s 121
f 412/1203/426 589/1406/427 382/1204/426
f 587/1342/428 590/1392/408 589/1406/427
s 120
f 573/1407/429 391/1249/430 390/1251/430
f 574/1390/405 567/1408/431 573/1407/429
s 119
f 577/1409/432 389/1253/433 388/1255/433
f 578/1388/402 571/1410/434 577/1409/432
s 118
f 581/1404/435 387/1257/436 386/1259/436
f 582/1386/399 575/1411/437 581/1404/435
s 117
f 585/1362/438 385/1261/439 384/1264/439
f 586/1348/396 579/1412/440 585/1362/438
s 124
f 529/1413/441 636/1396/442 725/1402/423
s 80
f 408/1212/294 633/1393/443 634/1414/443
s 125
f 580/1415/444 750/1416/445 579/1417/446
s 79
f 437/1279/316 685/1418/447 686/1419/447
s 126
f 592/1394/448 661/1420/449 414/1298/449
s 125
f 579/1417/446 655/1421/450 385/1422/451
s 127
f 590/1392/452 662/1423/453 723/1424/452
s 80
f 410/1208/292 631/1425/454 632/1369/454
s 114
f 565/1426/455 395/1241/456 394/1243/456
f 566/1375/384 559/1427/457 565/1426/455
s 113
f 569/1428/458 393/1245/459 392/1247/459
f 570/1373/381 563/1429/460 569/1428/458
s 128
f 578/1388/461 749/1430/462 717/1431/463
s 79
f 435/1269/312 683/1432/464 684/1433/464
s 105
f 588/1391/465 691/1351/466 444/1318/467
s 128
f 577/1409/468 654/1434/469 749/1430/462
s 112
f 557/1435/470 399/1233/471 398/1235/471
f 558/1367/375 551/1436/472 557/1435/470
s 111
f 561/1437/473 397/1237/474 396/1239/474
f 562/1365/372 555/1438/475 561/1437/473
s 106
f 586/1348/354 663/1439/476 416/1310/476
s 80
f 412/1203/289 629/1345/477 630/1343/477
s 129
f 576/1385/478 748/1440/479 575/1411/480
s 79
f 433/1328/334 681/1441/481 682/1442/481
s 109
f 404/1220/482 541/1443/483 405/1218/482
f 545/1444/484 542/1359/365 541/1443/483
s 108
f 402/1224/485 543/1445/486 403/1222/485
f 549/1446/487 544/1357/362 543/1445/486
s 107
f 400/1228/488 547/1447/489 401/1229/488
f 553/1448/490 548/1355/359 547/1447/489
s 115
f 584/1376/385 664/1449/491 720/1450/385
s 129
f 575/1411/480 653/1451/492 387/1257/493
s 123
f 582/1386/415 665/1452/494 418/1316/495
s 130
f 574/1390/496 747/1453/497 715/1454/498
s 79
f 431/1320/331 679/1455/499 680/1456/499
s 125
f 580/1415/444 666/1457/500 718/1458/444
s 130
f 573/1407/501 652/1459/502 747/1453/497
s 128
f 578/1388/461 667/1460/503 420/1326/504
s 131
f 572/1387/505 746/1461/506 571/1410/507
s 79
f 430/1314/328 678/1462/508 429/1308/326
s 104
f 408/1212/509 537/1463/510 409/1210/509
f 539/1464/511 538/1341/347 537/1463/510
s 129
f 576/1385/478 668/1465/512 716/1466/478
s 131
f 571/1410/507 651/1467/513 389/1253/514
s 102
f 410/1208/515 535/1339/516 411/1206/515
f 533/1368/517 536/1337/341 535/1339/516
s 101
f 406/1216/518 531/1382/519 407/1214/520
f 529/1413/521 532/1335/338 531/1382/519
s 132
f 697/1468/522 689/1379/523 695/1361/524
s 133
f 694/1469/525 687/1399/526 698/1470/527
s 134
f 699/1471/528 685/1418/529 693/1403/530
s 135
f 700/1472/531 683/1432/532 701/1473/533
s 136
f 702/1474/534 681/1441/535 703/1475/536
s 137
f 704/1476/537 679/1455/538 705/1477/537
s 138
f 678/1462/539 707/1478/540 706/1479/541
s 139
f 676/1480/542 709/1481/543 708/1482/544
s 140
f 674/1483/545 711/1484/546 710/1485/547
s 141
f 672/1486/548 713/1487/549 712/1488/550
s 142
f 670/1489/551 715/1454/552 714/1490/553
s 143
f 668/1465/554 717/1431/555 716/1466/556
s 144
f 666/1457/557 719/1398/558 718/1458/559
s 145
f 664/1449/560 721/1350/561 720/1450/561
s 146
f 723/1424/562 661/1420/563 724/1491/564
s 147
f 696/1492/565 691/1351/566 722/1493/567
f 629/1345/568 754/1344/569 630/1343/568
f 728/1338/570 722/1493/567 754/1344/569
s 146
f 659/1494/571 756/1495/572 660/1496/571
f 755/1497/573 724/1491/564 756/1495/572
s 145
f 752/1377/574 658/1363/575 657/1383/575
f 720/1450/561 753/1349/574 752/1377/574
s 144
f 750/1416/576 656/1405/577 655/1421/577
f 718/1458/559 751/1397/578 750/1416/576
s 143
f 748/1440/579 654/1434/580 653/1451/580
f 716/1466/556 749/1430/581 748/1440/579
s 142
f 746/1461/582 652/1459/583 651/1467/583
f 714/1490/553 747/1453/584 746/1461/582
s 141
f 744/1498/585 650/1499/586 649/1500/586
f 712/1488/550 745/1501/587 744/1498/585
s 140
f 742/1502/588 648/1503/589 647/1504/589
f 710/1485/547 743/1505/590 742/1502/588
s 139
f 740/1506/591 646/1507/592 645/1508/592
f 708/1482/544 741/1509/593 740/1506/591
s 138
f 738/1510/594 644/1511/595 643/1512/595
f 706/1479/541 739/1513/596 738/1510/594
s 137
f 641/1514/597 737/1515/598 642/1516/597
f 704/1476/537 737/1515/598 736/1517/598
s 136
f 639/1346/599 735/1518/600 640/1347/599
f 734/1519/601 703/1475/536 735/1518/600
s 135
f 637/1370/602 733/1520/603 638/1371/602
f 732/1521/604 701/1473/533 733/1520/603
s 134
f 635/1395/605 725/1402/606 636/1396/605
f 731/1522/607 693/1403/530 725/1402/606
s 133
f 633/1393/608 730/1523/609 634/1414/610
f 726/1381/611 698/1470/527 730/1523/609
s 132
f 631/1425/612 727/1360/613 632/1369/612
f 729/1524/614 695/1361/524 727/1360/613
s 105
f 588/1391/465 754/1344/350 722/1493/465
s 80
f 399/1233/300 642/1516/615 400/1228/300
s 148
f 537/1463/616 631/1425/617 409/1210/618
s 127
f 589/1406/619 659/1494/620 382/1204/621
s 148
f 538/1341/622 729/1524/623 537/1463/616
s 127
f 590/1392/452 755/1497/624 589/1406/619
s 80
f 397/1237/301 644/1511/625 398/1235/301
s 149
f 539/1464/626 634/1414/627 730/1523/628
s 126
f 591/1401/629 660/1496/630 756/1495/629
s 149
f 540/1340/631 730/1523/628 698/1470/631
s 126
f 592/1394/448 756/1495/629 724/1491/632
s 80
f 395/1241/302 646/1507/633 396/1239/302
s 150
f 541/1443/634 635/1395/635 405/1218/636
f 542/1359/637 731/1522/638 541/1443/634
s 80
f 393/1245/303 648/1503/639 394/1243/303
s 151
f 543/1445/640 637/1370/641 403/1222/642
f 544/1357/643 732/1521/644 543/1445/640
s 80
f 391/1249/305 650/1499/645 392/1247/304
s 152
f 545/1444/646 638/1371/647 733/1520/648
f 546/1358/649 733/1520/648 701/1473/650
s 80
f 389/1253/307 652/1459/651 390/1251/306
s 153
f 547/1525/652 639/1346/653 401/1226/654
f 548/1526/655 734/1519/656 547/1525/652
s 124
f 530/1334/422 685/1418/657 438/1283/658
s 80
f 387/1257/309 654/1434/659 388/1255/308
s 154
f 549/1446/660 640/1347/661 735/1518/662
s 116
f 532/1335/389 688/1400/663 694/1469/664
s 154
f 550/1356/665 735/1518/662 703/1475/666
s 110
f 534/1336/366 689/1379/667 442/1306/668
s 80
f 385/1422/310 656/1405/669 386/1259/310
s 155
f 551/1436/670 641/1514/671 399/1233/671
s 103
f 536/1337/342 692/1352/672 696/1492/673
s 155
f 552/1366/674 736/1517/670 551/1436/670
s 148
f 538/1341/622 690/1380/675 697/1468/676
s 80
f 384/1264/311 657/1383/677 658/1363/677
s 156
f 553/1448/678 642/1516/679 737/1515/678
s 149
f 540/1340/631 687/1399/680 440/1294/681
s 156
f 554/1353/682 737/1515/678 705/1477/682
s 150
f 542/1359/637 686/1419/683 699/1471/637
s 80
f 381/1266/290 659/1494/684 660/1496/684
s 157
f 555/1438/685 643/1512/686 397/1237/687
s 151
f 544/1357/643 684/1433/688 700/1472/689
s 79
f 413/1291/321 661/1420/690 662/1423/690
s 157
f 556/1364/691 738/1510/692 555/1438/685
s 152
f 546/1358/649 683/1432/693 436/1275/694
s 158
f 557/1435/695 644/1511/696 739/1513/697
s 153
f 548/1526/655 682/1442/698 702/1474/699
s 79
f 416/1310/324 664/1449/700 415/1304/324
s 158
f 558/1367/701 739/1513/697 707/1478/702
s 154
f 550/1356/665 681/1441/703 434/1332/704
s 159
f 559/1427/705 645/1508/706 395/1241/707
s 155
f 552/1366/674 680/1456/708 704/1476/709
s 79
f 418/1316/329 666/1457/710 417/1317/329
s 159
f 560/1374/711 740/1506/712 559/1427/705
s 156
f 554/1353/682 679/1455/713 432/1324/714
s 160
f 561/1437/715 646/1507/716 741/1509/717
s 157
f 556/1364/691 678/1462/718 706/1479/719
s 79
f 420/1326/333 668/1465/720 419/1322/332
s 160
f 562/1365/721 741/1509/717 709/1481/721
s 158
f 558/1367/701 677/1527/722 430/1314/723
s 161
f 563/1429/724 647/1504/725 393/1245/726
s 159
f 560/1374/711 676/1480/727 708/1482/711
s 79
f 422/1273/314 670/1489/728 421/1331/335
s 161
f 564/1372/729 742/1502/730 563/1429/724
s 160
f 562/1365/721 675/1528/731 428/1296/732
s 162
f 565/1426/733 648/1503/734 743/1505/735
s 161
f 564/1372/729 674/1483/736 710/1485/737
s 79
f 424/1277/315 672/1486/738 423/1272/313
s 162
f 566/1375/739 743/1505/735 711/1484/740
f 566/1375/739 673/1529/741 426/1285/742
s 163
f 567/1408/743 649/1500/744 391/1249/745
f 568/1389/746 672/1486/747 712/1488/748
s 79
f 426/1285/318 674/1483/749 425/1281/317
s 163
f 568/1389/746 744/1498/750 567/1408/743
s 164
f 570/1373/751 671/1530/752 424/1277/753
f 569/1428/754 650/1499/755 745/1501/756
s 131
f 572/1387/505 670/1489/757 714/1490/505
s 79
f 428/1296/320 676/1480/758 427/1289/320
s 164
f 570/1373/751 745/1501/756 713/1487/759
s 130
f 574/1390/496 669/1531/760 422/1273/761
s 80
f 904/1202/1 903/1205/1 412/1203/289
f 903/1205/1 902/1207/1 411/1206/291
f 902/1207/1 901/1209/1 410/1208/292
f 901/1209/1 900/1211/1 409/1210/293
f 900/1211/1 899/1213/1 408/1212/294
f 899/1213/1 898/1215/1 407/1214/295
f 898/1215/1 897/1217/1 406/1216/296
f 897/1217/1 896/1219/1 405/1218/296
f 896/1219/1 895/1221/1 404/1220/297
f 895/1221/1 894/1223/1 403/1222/297
f 894/1223/1 893/1225/1 402/1224/298
f 893/1225/1 892/1532/1 401/1226/299
f 892/1227/1 891/1231/1 400/1228/300
f 890/1230/1 399/1233/300 400/1228/300
f 889/1232/1 398/1235/301 399/1233/300
f 888/1234/1 397/1237/301 398/1235/301
f 887/1236/1 396/1239/302 397/1237/301
f 886/1238/1 395/1241/302 396/1239/302
f 885/1240/1 394/1243/303 395/1241/302
f 884/1242/1 393/1245/303 394/1243/303
f 883/1244/1 392/1247/304 393/1245/303
f 882/1246/1 391/1249/305 392/1247/304
f 881/1248/1 390/1251/306 391/1249/305
f 880/1250/1 389/1253/307 390/1251/306
f 879/1252/1 388/1255/308 389/1253/307
f 878/1254/1 387/1257/309 388/1255/308
f 877/1256/1 386/1259/310 387/1257/309
f 876/1258/1 385/1422/310 386/1259/310
f 875/1260/1 384/1264/311 385/1261/310
f 875/1260/1 874/1265/1 383/1263/311
f 874/1265/1 873/1267/1 381/1266/290
f 873/1267/1 904/1202/1 382/1204/290
s 79
f 842/1268/2 436/1275/312 435/1269/312
f 843/1271/2 844/1276/2 423/1272/313
f 845/1274/2 437/1279/316 436/1275/312
f 844/1276/2 846/1280/2 424/1277/315
f 847/1278/2 438/1283/316 437/1279/316
f 846/1280/2 848/1284/2 425/1281/317
f 849/1282/2 439/1287/319 438/1283/316
f 848/1284/2 850/1288/2 426/1285/318
f 851/1286/2 440/1294/322 439/1287/319
f 850/1288/2 852/1295/2 427/1289/320
f 854/1290/2 414/1298/321 413/1291/321
f 855/1293/2 441/1300/323 440/1294/322
f 852/1295/2 856/1302/2 428/1296/320
f 857/1297/2 415/1304/324 414/1298/321
f 858/1299/2 442/1306/325 441/1300/323
f 859/1301/2 429/1308/326 428/1296/320
f 860/1303/2 416/1310/324 415/1304/324
f 861/1305/2 443/1312/327 442/1306/325
f 862/1307/2 430/1314/328 429/1308/326
f 863/1309/2 417/1533/329 416/1310/324
f 864/1311/2 444/1318/330 443/1312/327
f 865/1313/2 431/1320/331 430/1314/328
f 863/1315/2 866/1321/2 418/1316/329
f 853/1292/2 413/1291/321 444/1318/330
f 867/1319/2 432/1324/331 431/1320/331
f 866/1321/2 868/1325/2 419/1322/332
f 869/1323/2 433/1354/334 432/1324/331
f 868/1325/2 870/1330/2 420/1326/333
f 871/1327/2 434/1332/334 433/1328/334
f 870/1330/2 872/1333/2 421/1331/335
f 841/1270/2 435/1269/312 434/1332/334
f 872/1333/2 843/1271/2 422/1273/314
s 101
f 530/1334/336 438/1283/337 439/1287/337
s 102
f 534/1336/339 442/1306/340 443/1312/340
s 103
f 536/1337/342 696/1492/673 728/1338/343
s 104
f 540/1340/345 440/1294/346 441/1300/346
s 105
f 587/1342/348 412/1203/762 630/1343/349
s 103
f 535/1339/344 728/1338/343 629/1345/351
s 80
f 402/1224/298 401/1226/299 639/1346/353
s 106
f 586/1348/354 585/1362/355 753/1349/355
s 79
f 443/1312/327 444/1318/330 691/1351/356
s 107
f 554/1353/357 432/1324/358 433/1354/358
s 108
f 550/1356/360 434/1332/361 435/1269/361
s 109
f 546/1358/363 436/1275/364 437/1279/364
s 110
f 534/1336/366 533/1368/376 727/1360/367
s 106
f 585/1362/355 384/1264/763 658/1363/369
s 111
f 428/1296/370 429/1308/370 556/1364/371
s 112
f 430/1314/373 431/1320/373 552/1366/374
s 110
f 533/1368/376 410/1208/764 632/1369/377
s 80
f 404/1220/297 403/1222/297 637/1370/378
s 113
f 424/1277/379 425/1281/379 564/1372/380
s 114
f 426/1285/382 427/1289/382 560/1374/383
s 115
f 584/1376/385 720/1450/385 752/1377/386
s 79
f 441/1300/323 442/1306/325 689/1379/388
s 116
f 532/1335/389 694/1469/664 726/1381/390
s 115
f 583/1378/387 752/1377/386 657/1383/392
s 117
f 416/1310/394 417/1533/394 580/1384/395
s 118
f 418/1316/397 419/1322/397 576/1385/398
s 119
f 420/1326/400 421/1331/400 572/1387/401
s 120
f 422/1273/403 423/1272/403 568/1389/404
s 121
f 588/1391/406 444/1318/407 413/1291/407
s 116
f 531/1382/391 726/1381/390 633/1393/409
s 122
f 592/1394/411 414/1298/412 415/1304/412
s 80
f 406/1216/296 405/1218/296 635/1395/414
s 123
f 582/1386/415 581/1404/424 751/1397/416
s 79
f 439/1287/319 440/1294/322 687/1399/418
s 122
f 381/1266/419 591/1401/421 583/1378/420
f 591/1401/421 592/1394/411 584/1376/413
s 124
f 530/1334/422 529/1413/441 725/1402/423
s 123
f 581/1404/424 386/1259/765 656/1405/425
s 121
f 412/1203/426 587/1342/428 589/1406/427
f 587/1342/428 588/1391/406 590/1392/408
s 120
f 573/1407/429 567/1408/431 391/1249/430
f 574/1390/405 568/1389/404 567/1408/431
s 119
f 577/1409/432 571/1410/434 389/1253/433
f 578/1388/402 572/1387/401 571/1410/434
s 118
f 581/1404/435 575/1411/437 387/1257/436
f 582/1386/399 576/1385/398 575/1411/437
s 117
f 585/1362/438 579/1412/440 385/1261/439
f 586/1348/396 580/1384/395 579/1412/440
s 124
f 529/1413/441 406/1216/766 636/1396/442
s 80
f 408/1212/294 407/1214/295 633/1393/443
s 125
f 580/1415/444 718/1458/444 750/1416/445
s 79
f 437/1279/316 438/1283/316 685/1418/447
s 126
f 592/1394/448 724/1491/632 661/1420/449
s 125
f 579/1417/446 750/1416/445 655/1421/450
s 127
f 590/1392/452 413/1291/767 662/1423/453
s 80
f 410/1208/292 409/1210/293 631/1425/454
s 114
f 565/1426/455 559/1427/457 395/1241/456
f 566/1375/384 560/1374/383 559/1427/457
s 113
f 569/1428/458 563/1429/460 393/1245/459
f 570/1373/381 564/1372/380 563/1429/460
s 128
f 578/1388/461 577/1409/468 749/1430/462
s 79
f 435/1269/312 436/1275/312 683/1432/464
s 105
f 588/1391/465 722/1493/465 691/1351/466
s 128
f 577/1409/468 388/1255/768 654/1434/469
s 112
f 557/1435/470 551/1436/472 399/1233/471
f 558/1367/375 552/1366/374 551/1436/472
s 111
f 561/1437/473 555/1438/475 397/1237/474
f 562/1365/372 556/1364/371 555/1438/475
s 106
f 586/1348/354 721/1350/354 663/1439/476
s 80
f 412/1203/289 411/1206/291 629/1345/477
s 129
f 576/1385/478 716/1466/478 748/1440/479
s 79
f 433/1328/334 434/1332/334 681/1441/481
s 109
f 404/1220/482 545/1444/484 541/1443/483
f 545/1444/484 546/1358/363 542/1359/365
s 108
f 402/1224/485 549/1446/487 543/1445/486
f 549/1446/487 550/1356/360 544/1357/362
s 107
f 400/1228/488 553/1448/490 547/1447/489
f 553/1448/490 554/1353/357 548/1355/359
s 115
f 584/1376/385 415/1304/769 664/1449/491
s 129
f 575/1411/480 748/1440/479 653/1451/492
s 123
f 582/1386/415 719/1398/417 665/1452/494
s 130
f 574/1390/496 573/1407/501 747/1453/497
s 79
f 431/1320/331 432/1324/331 679/1455/499
s 125
f 580/1415/444 417/1317/770 666/1457/500
s 130
f 573/1407/501 390/1251/771 652/1459/502
s 128
f 578/1388/461 717/1431/463 667/1460/503
s 131
f 572/1387/505 714/1490/505 746/1461/506
s 79
f 430/1314/328 677/1527/508 678/1462/508
s 104
f 408/1212/509 539/1464/511 537/1463/510
f 539/1464/511 540/1340/345 538/1341/347
s 129
f 576/1385/478 419/1322/772 668/1465/512
s 131
f 571/1410/507 746/1461/506 651/1467/513
s 102
f 410/1208/515 533/1368/517 535/1339/516
f 533/1368/517 534/1336/339 536/1337/341
s 101
f 406/1216/518 529/1413/521 531/1382/519
f 529/1413/521 530/1334/336 532/1335/338
s 132
f 697/1468/522 690/1380/523 689/1379/523
s 133
f 694/1469/525 688/1400/526 687/1399/526
s 134
f 699/1471/528 686/1419/529 685/1418/529
s 135
f 700/1472/531 684/1433/532 683/1432/532
s 136
f 702/1474/534 682/1442/535 681/1441/535
s 137
f 704/1476/537 680/1456/538 679/1455/538
s 138
f 678/1462/539 677/1527/539 707/1478/540
s 139
f 676/1480/542 675/1528/542 709/1481/543
s 140
f 674/1483/545 673/1529/545 711/1484/546
s 141
f 672/1486/548 671/1530/548 713/1487/549
s 142
f 670/1489/551 669/1531/551 715/1454/552
s 143
f 668/1465/554 667/1460/554 717/1431/555
s 144
f 666/1457/557 665/1452/557 719/1398/558
s 145
f 664/1449/560 663/1439/560 721/1350/561
s 146
f 723/1424/562 662/1423/563 661/1420/563
s 147
f 696/1492/565 692/1352/566 691/1351/566
f 629/1345/568 728/1338/570 754/1344/569
f 728/1338/570 696/1492/565 722/1493/567
s 146
f 659/1494/571 755/1497/573 756/1495/572
f 755/1497/573 723/1424/562 724/1491/564
s 145
f 752/1377/574 753/1349/574 658/1363/575
f 720/1450/561 721/1350/561 753/1349/574
s 144
f 750/1416/576 751/1397/578 656/1405/577
f 718/1458/559 719/1398/558 751/1397/578
s 143
f 748/1440/579 749/1430/581 654/1434/580
f 716/1466/556 717/1431/555 749/1430/581
s 142
f 746/1461/582 747/1453/584 652/1459/583
f 714/1490/553 715/1454/552 747/1453/584
s 141
f 744/1498/585 745/1501/587 650/1499/586
f 712/1488/550 713/1487/549 745/1501/587
s 140
f 742/1502/588 743/1505/590 648/1503/589
f 710/1485/547 711/1484/546 743/1505/590
s 139
f 740/1506/591 741/1509/593 646/1507/592
f 708/1482/544 709/1481/543 741/1509/593
s 138
f 738/1510/594 739/1513/596 644/1511/595
f 706/1479/541 707/1478/540 739/1513/596
s 137
f 641/1514/597 736/1517/598 737/1515/598
f 704/1476/537 705/1477/537 737/1515/598
s 136
f 639/1346/599 734/1519/601 735/1518/600
f 734/1519/601 702/1474/534 703/1475/536
s 135
f 637/1370/602 732/1521/604 733/1520/603
f 732/1521/604 700/1472/531 701/1473/533
s 134
f 635/1395/605 731/1522/607 725/1402/606
f 731/1522/607 699/1471/528 693/1403/530
s 133
f 633/1393/608 726/1381/611 730/1523/609
f 726/1381/611 694/1469/525 698/1470/527
s 132
f 631/1425/612 729/1524/614 727/1360/613
f 729/1524/614 697/1468/522 695/1361/524
s 105
f 588/1391/465 587/1342/348 754/1344/350
s 80
f 399/1233/300 641/1514/773 642/1516/615
s 148
f 537/1463/616 729/1524/623 631/1425/617
s 127
f 589/1406/619 755/1497/624 659/1494/620
s 148
f 538/1341/622 697/1468/676 729/1524/623
s 127
f 590/1392/452 723/1424/452 755/1497/624
s 80
f 397/1237/301 643/1512/625 644/1511/625
s 149
f 539/1464/626 408/1212/774 634/1414/627
s 126
f 591/1401/629 381/1266/775 660/1496/630
s 149
f 540/1340/631 539/1464/626 730/1523/628
s 126
f 592/1394/448 591/1401/629 756/1495/629
s 80
f 395/1241/302 645/1508/633 646/1507/633
s 150
f 541/1443/634 731/1522/638 635/1395/635
f 542/1359/637 699/1471/637 731/1522/638
s 80
f 393/1245/303 647/1504/639 648/1503/639
s 151
f 543/1445/640 732/1521/644 637/1370/641
f 544/1357/643 700/1472/689 732/1521/644
s 80
f 391/1249/305 649/1500/645 650/1499/645
s 152
f 545/1444/646 404/1220/776 638/1371/647
f 546/1358/649 545/1444/646 733/1520/648
s 80
f 389/1253/307 651/1467/651 652/1459/651
s 153
f 547/1525/652 734/1519/656 639/1346/653
f 548/1526/655 702/1474/699 734/1519/656
s 124
f 530/1334/422 693/1403/422 685/1418/657
s 80
f 387/1257/309 653/1451/659 654/1434/659
s 154
f 549/1446/660 402/1224/777 640/1347/661
s 116
f 532/1335/389 439/1287/778 688/1400/663
s 154
f 550/1356/665 549/1446/660 735/1518/662
s 110
f 534/1336/366 695/1361/368 689/1379/667
s 80
f 385/1422/310 655/1421/669 656/1405/669
s 155
f 551/1436/670 736/1517/670 641/1514/671
s 103
f 536/1337/342 443/1312/779 692/1352/672
s 155
f 552/1366/674 704/1476/709 736/1517/670
s 148
f 538/1341/622 441/1300/780 690/1380/675
s 80
f 384/1264/311 383/1263/311 657/1383/677
s 156
f 553/1448/678 400/1228/679 642/1516/679
s 149
f 540/1340/631 698/1470/631 687/1399/680
s 156
f 554/1353/682 553/1448/678 737/1515/678
s 150
f 542/1359/637 437/1279/781 686/1419/683
s 80
f 381/1266/290 382/1204/290 659/1494/684
s 157
f 555/1438/685 738/1510/692 643/1512/686
s 151
f 544/1357/643 435/1269/782 684/1433/688
s 79
f 413/1291/321 414/1298/321 661/1420/690
s 157
f 556/1364/691 706/1479/719 738/1510/692
s 152
f 546/1358/649 701/1473/650 683/1432/693
s 158
f 557/1435/695 398/1235/783 644/1511/696
s 153
f 548/1526/655 433/1328/784 682/1442/698
s 79
f 416/1310/324 663/1439/700 664/1449/700
s 158
f 558/1367/701 557/1435/695 739/1513/697
s 154
f 550/1356/665 703/1475/666 681/1441/703
s 159
f 559/1427/705 740/1506/712 645/1508/706
s 155
f 552/1366/674 431/1320/708 680/1456/708
s 79
f 418/1316/329 665/1452/710 666/1457/710
s 159
f 560/1374/711 708/1482/711 740/1506/712
s 156
f 554/1353/682 705/1477/682 679/1455/713
s 160
f 561/1437/715 396/1239/785 646/1507/716
s 157
f 556/1364/691 429/1308/786 678/1462/718
s 79
f 420/1326/333 667/1460/720 668/1465/720
s 160
f 562/1365/721 561/1437/715 741/1509/717
s 158
f 558/1367/701 707/1478/702 677/1527/722
s 161
f 563/1429/724 742/1502/730 647/1504/725
s 159
f 560/1374/711 427/1289/787 676/1480/727
s 79
f 422/1273/314 669/1531/728 670/1489/728
s 161
f 564/1372/729 710/1485/737 742/1502/730
s 160
f 562/1365/721 709/1481/721 675/1528/731
s 162
f 565/1426/733 394/1243/788 648/1503/734
s 161
f 564/1372/729 425/1281/789 674/1483/736
s 79
f 424/1277/315 671/1530/738 672/1486/738
s 162
f 566/1375/739 565/1426/733 743/1505/735
f 566/1375/739 711/1484/740 673/1529/741
s 163
f 567/1408/743 744/1498/750 649/1500/744
f 568/1389/746 423/1272/790 672/1486/747
s 79
f 426/1285/318 673/1529/749 674/1483/749
s 163
f 568/1389/746 712/1488/748 744/1498/750
s 164
f 570/1373/751 713/1487/759 671/1530/752
f 569/1428/754 392/1247/791 650/1499/755
s 131
f 572/1387/505 421/1331/792 670/1489/757
s 79
f 428/1296/320 675/1528/758 676/1480/758
s 164
f 570/1373/751 569/1428/754 745/1501/756
s 130
f 574/1390/496 715/1454/498 669/1531/760
