# Blender 5.2.0 LTS
# www.blender.org
mtllib RuedaDelanteraDer.mtl
g RuedaDelanteraDerecha_RoverModificado.006
v -3.126559 -0.986649 0.096998
v -3.150466 -0.925127 0.068881
v -3.160368 -0.899643 0.000998
v -3.150466 -0.925127 -0.066884
v -3.126559 -0.986649 -0.095002
v -3.102652 -1.048171 -0.066884
v -3.092749 -1.073654 0.000998
v -3.102652 -1.048171 0.068881
v -3.199478 -1.038784 0.116199
v -3.199479 -0.935103 0.082457
v -3.155174 -0.912781 0.082457
v -3.199479 -0.892158 0.000998
v -3.167057 -0.882201 0.000998
v -3.199479 -0.935103 -0.080461
v -3.155174 -0.912781 -0.080461
v -3.199478 -1.038784 -0.114202
v -3.126486 -0.986608 -0.114202
v -3.199479 -1.142464 -0.080461
v -3.097798 -1.060435 -0.080461
v -3.199479 -1.185409 0.000998
v -3.085914 -1.091014 0.000998
v -3.199479 -1.142464 0.082457
v -3.097798 -1.060435 0.082457
v -3.126486 -0.986608 0.116199
v -3.423252 -1.323960 0.340352
v -3.423252 -1.126522 0.239489
v -3.510940 -1.323960 0.328807
v -3.484835 -1.126522 0.231381
v -3.592652 -1.323960 0.294961
v -3.542221 -1.126522 0.207611
v -3.662820 -1.323960 0.241120
v -3.591499 -1.126522 0.169799
v -3.716662 -1.323960 0.170952
v -3.629312 -1.126522 0.120520
v -3.750508 -1.323960 0.089239
v -3.653082 -1.126522 0.063134
v -3.762052 -1.323960 0.001551
v -3.661189 -1.126522 0.001551
v -3.750508 -1.323960 -0.086136
v -3.653082 -1.126522 -0.060031
v -3.716662 -1.323960 -0.167848
v -3.629312 -1.126522 -0.117417
v -3.662820 -1.323960 -0.238016
v -3.591499 -1.126522 -0.166695
v -3.592652 -1.323960 -0.291858
v -3.542221 -1.126522 -0.204508
v -3.510940 -1.323960 -0.325704
v -3.484835 -1.126522 -0.228278
v -3.423252 -1.323960 -0.337248
v -3.423252 -1.126522 -0.236386
v -3.335564 -1.323960 -0.325704
v -3.361670 -1.126522 -0.228278
v -3.253853 -1.323960 -0.291858
v -3.304284 -1.126522 -0.204508
v -3.183685 -1.323960 -0.238016
v -3.255006 -1.126522 -0.166695
v -3.129843 -1.323960 -0.167848
v -3.197338 -1.126522 -0.141211
v -3.095997 -1.323960 -0.086136
v -3.197338 -1.126522 -0.072348
v -3.084453 -1.323960 0.001552
v -3.197338 -1.126522 0.001552
v -3.095997 -1.323960 0.089239
v -3.197338 -1.126522 0.075451
v -3.129843 -1.323960 0.170952
v -3.197338 -1.126522 0.144314
v -3.183685 -1.323960 0.241119
v -3.255006 -1.126522 0.169799
v -3.253852 -1.323960 0.294961
v -3.304284 -1.126522 0.207611
v -3.335564 -1.323960 0.328808
v -3.361670 -1.126522 0.231381
v -3.423253 -1.413960 0.238712
v -3.484634 -1.413960 0.230631
v -3.541833 -1.413960 0.206939
v -3.590950 -1.413960 0.169249
v -3.628639 -1.413960 0.120132
v -3.652332 -1.413960 0.062933
v -3.660413 -1.413960 0.001552
v -3.652332 -1.413960 -0.059830
v -3.628639 -1.413960 -0.117028
v -3.590950 -1.413960 -0.166146
v -3.541833 -1.413960 -0.203835
v -3.484634 -1.413960 -0.227527
v -3.423253 -1.413960 -0.235608
v -3.361871 -1.413960 -0.227527
v -3.304673 -1.413960 -0.203835
v -3.255555 -1.413960 -0.166146
v -3.217866 -1.413960 -0.117028
v -3.194174 -1.413960 -0.059830
v -3.186093 -1.413960 0.001552
v -3.194174 -1.413960 0.062933
v -3.217866 -1.413960 0.120132
v -3.255555 -1.413960 0.169249
v -3.304673 -1.413960 0.206939
v -3.361871 -1.413960 0.230631
v -3.510940 -1.126522 0.328807
v -3.423252 -1.126522 0.340352
v -3.592652 -1.126522 0.294961
v -3.662820 -1.126522 0.241120
v -3.716662 -1.126522 0.170952
v -3.750508 -1.126522 0.089239
v -3.762052 -1.126522 0.001551
v -3.750508 -1.126522 -0.086136
v -3.716662 -1.126522 -0.167848
v -3.662820 -1.126522 -0.238016
v -3.592652 -1.126522 -0.291858
v -3.510940 -1.126522 -0.325704
v -3.423252 -1.126522 -0.337248
v -3.335564 -1.126522 -0.325704
v -3.253853 -1.126522 -0.291858
v -3.183685 -1.126522 -0.238016
v -3.129843 -1.126522 -0.167848
v -3.095997 -1.126522 -0.086136
v -3.084453 -1.126522 0.001552
v -3.095997 -1.126522 0.089239
v -3.129843 -1.126522 0.170952
v -3.183685 -1.126522 0.241119
v -3.253852 -1.126522 0.294961
v -3.335564 -1.126522 0.328808
v -3.467592 -0.796523 0.167029
v -3.423252 -0.796523 0.172867
v -3.508910 -0.796523 0.149915
v -3.544391 -0.796523 0.122690
v -3.571616 -0.796523 0.087209
v -3.588730 -0.796523 0.045891
v -3.594567 -0.796523 0.001552
v -3.588730 -0.796523 -0.042788
v -3.571616 -0.796523 -0.084106
v -3.544391 -0.796523 -0.119586
v -3.508910 -0.796523 -0.146811
v -3.467592 -0.796523 -0.163926
v -3.423252 -0.796523 -0.169763
v -3.378913 -0.796523 -0.163926
v -3.337595 -0.796523 -0.146811
v -3.302115 -0.796523 -0.119586
v -3.200594 -0.796523 -0.101237
v -3.200594 -0.796523 -0.051656
v -3.200594 -0.796523 0.001552
v -3.200594 -0.796523 0.054759
v -3.200594 -0.796523 0.104340
v -3.302115 -0.796523 0.122690
v -3.337595 -0.796523 0.149915
v -3.378913 -0.796523 0.167029
v -3.423252 -0.926522 0.340352
v -3.423252 -0.926522 -0.337248
v -3.335564 -0.926522 -0.325704
v -3.253853 -0.926522 -0.291858
v -3.335564 -0.926522 0.328808
v -3.253852 -0.926522 0.294961
v -3.423252 -0.926522 0.239489
v -3.423252 -0.926522 -0.236386
v -3.361670 -0.926522 -0.228278
v -3.304284 -0.926522 -0.204508
v -3.361670 -0.926522 0.231381
v -3.304284 -0.926522 0.207611
v -0.308050 -0.226522 -0.291858
v -0.308050 0.173478 -0.291858
v -0.308050 -0.226525 0.207611
v -0.308050 -0.226525 0.294961
v -0.308050 0.173477 0.207611
v -0.308050 0.173477 0.294961
v -1.881865 -0.646522 0.294961
v -1.881865 -0.446522 0.294961
v -1.881865 -0.646522 0.207611
v -1.881865 -0.446522 0.207611
v -1.881865 -0.643522 -0.204508
v -1.881865 -0.443522 -0.204508
v -1.881865 -0.443522 -0.291858
v -1.881865 -0.643522 -0.291858
v -1.882024 -0.736522 -0.204508
v -1.882024 -0.386522 -0.291858
v -1.882024 -0.386522 -0.204508
v -1.882024 -0.736522 -0.291858
v -1.882024 -0.736522 0.294961
v -1.882024 -0.736522 0.207611
v -1.882024 -0.386522 0.294961
v -1.882024 -0.386522 0.207611
v -0.706697 -0.095776 0.096998
v -0.726044 -0.031987 0.068881
v -0.734058 -0.005565 0.000998
v -0.726044 -0.031987 -0.066884
v -0.706697 -0.095776 -0.095002
v -0.687350 -0.159564 -0.066884
v -0.679336 -0.185987 0.000998
v -0.687350 -0.159564 0.068881
v -0.256330 0.206710 0.105537
v -0.226536 0.108476 0.148838
v -0.786723 -0.129820 0.148838
v -0.268672 0.247401 0.000998
v -0.256330 0.206710 -0.103540
v -0.226536 0.108476 -0.146842
v -0.196740 0.010241 -0.103540
v -0.184398 -0.030448 0.000998
v -0.196740 0.010240 0.105537
v -0.816519 -0.031584 0.105537
v -0.828861 0.009106 0.000998
v -0.816519 -0.031584 -0.103540
v -0.786723 -0.129818 -0.146842
v -0.756928 -0.228052 -0.103540
v -0.744587 -0.268742 0.000998
v -0.756928 -0.228052 0.105537
v -0.308050 0.173478 -0.204508
v -0.308050 -0.226523 -0.204508
v -0.544147 -0.303022 -0.291858
v -0.544147 0.089477 -0.204508
v -0.544146 0.089477 -0.291858
v -0.544146 -0.303023 -0.204508
v -0.544146 -0.303024 0.294961
v -0.544146 -0.303024 0.207611
v -0.544147 0.089475 0.294961
v -0.544147 0.089475 0.207611
v -0.310410 -0.229144 -0.409222
v -0.310410 0.177416 -0.409222
v -0.310410 0.177415 0.412324
v -0.310410 -0.229146 0.412324
v -0.541785 -0.306901 0.412324
v -0.541785 0.092039 -0.409222
v -0.541785 -0.306899 -0.409222
v -0.541785 0.092037 0.412324
v -0.310410 0.145113 0.412324
v -0.308050 0.141251 0.294961
v -0.308050 -0.194748 0.294961
v -0.310410 -0.196397 0.412324
v -0.308050 0.141253 -0.291858
v -0.310410 0.145115 -0.409222
v -0.310410 -0.196395 -0.409222
v -0.308050 -0.194746 -0.291858
v 0.191930 0.141251 0.294961
v 0.291950 0.041200 0.294961
v 0.262655 0.111947 0.294961
v 0.291950 -0.094738 0.294961
v 0.191930 -0.194748 0.294961
v 0.262655 -0.165455 0.294961
v 0.289590 0.045059 0.412324
v 0.189569 0.145113 0.412324
v 0.260293 0.115807 0.412324
v 0.189569 -0.196397 0.412324
v 0.289590 -0.096388 0.412324
v 0.260293 -0.167104 0.412324
v 0.291950 0.041200 -0.291858
v 0.191930 0.141253 -0.291858
v 0.262655 0.111949 -0.291858
v 0.191930 -0.194746 -0.291858
v 0.291950 -0.094736 -0.291858
v 0.262655 -0.165453 -0.291858
v 0.189569 0.145115 -0.409222
v 0.289590 0.045061 -0.409222
v 0.260293 0.115810 -0.409222
v 0.289590 -0.096386 -0.409222
v 0.189569 -0.196395 -0.409222
v 0.260293 -0.167103 -0.409222
v 0.191930 -0.026747 0.294961
v 0.189569 -0.025643 0.412324
v -3.302115 -0.796523 0.001552
v -0.273253 0.128746 -0.204508
v 0.307217 0.128746 -0.204508
v -0.270562 0.128744 0.207500
v 0.309909 0.128744 0.207500
v 0.307217 -0.121790 -0.204508
v -0.173254 -0.121790 -0.204508
v 0.309909 -0.121792 0.207500
v -0.170563 -0.121792 0.207500
v 0.034254 -0.121790 -0.109427
v -0.035747 -0.121790 -0.039427
v 0.183851 -0.121790 -0.039427
v 0.113852 -0.121790 -0.109427
v -0.035747 -0.121790 0.030411
v 0.034254 -0.121791 0.100411
v 0.113852 -0.121791 0.100411
v 0.183851 -0.121790 0.030411
v 0.113852 -0.521790 -0.109427
v 0.183851 -0.521790 -0.039427
v -0.035747 -0.521790 -0.039427
v 0.034254 -0.521790 -0.109427
v 0.183851 -0.521790 0.030411
v 0.113852 -0.521790 0.100411
v 0.034254 -0.521790 0.100411
v -0.035747 -0.521790 0.030411
v -0.308050 -0.226522 -0.291858
v -0.308050 0.173478 -0.291858
v -0.308050 -0.226525 0.207611
v -0.308050 -0.226525 0.294961
v -0.308050 0.173477 0.207611
v -0.308050 0.173477 0.294961
v -0.308050 0.173478 -0.204508
v -0.308050 -0.226523 -0.204508
v 0.391950 -0.166522 -0.291858
v 0.331949 -0.226522 -0.291858
v 0.374376 -0.208948 -0.291858
v 0.331949 0.173478 -0.291858
v 0.391950 0.113478 -0.291858
v 0.374376 0.155906 -0.291858
v 0.391950 -0.166524 0.207611
v 0.331949 -0.226525 0.207611
v 0.374376 -0.208949 0.207611
v 0.331949 -0.226525 0.294961
v 0.391950 -0.166524 0.294961
v 0.374376 -0.208949 0.294961
v 0.331949 0.173477 0.207611
v 0.391950 0.113478 0.207611
v 0.374376 0.155905 0.207611
v 0.391950 0.113478 0.294961
v 0.331949 0.173477 0.294961
v 0.374376 0.155905 0.294961
v 0.391950 0.113478 -0.204508
v 0.331949 0.173478 -0.204508
v 0.374376 0.155906 -0.204508
v 0.331949 -0.226523 -0.204508
v 0.391950 -0.166522 -0.204508
v 0.374376 -0.208948 -0.204508
v 0.331949 -0.026522 -0.204508
v 0.331949 -0.026522 -0.291858
v 0.331949 -0.026523 0.207611
v 0.331949 -0.026523 0.294961
v -3.528650 -2.958348 -0.866270
v -3.663434 -2.958358 -0.866270
v -3.578519 -2.981815 -0.866270
v -3.627853 -2.981819 -0.866270
v -3.315791 -2.701921 -0.866270
v -3.354829 -2.830129 -0.866270
v -3.303499 -2.742559 -0.866270
v -3.317787 -2.789486 -0.866270
v -3.663434 -2.958358 -0.674270
v -3.528650 -2.958348 -0.674270
v -3.627853 -2.981819 -0.674270
v -3.578519 -2.981815 -0.674270
v -3.354829 -2.830129 -0.674270
v -3.315791 -2.701921 -0.674270
v -3.317787 -2.789486 -0.674270
v -3.303499 -2.742559 -0.674270
v -3.309295 -1.122124 -0.950644
v -3.406204 -1.062739 -0.950644
v -3.516720 -1.089272 -0.950644
v -3.576106 -1.186180 -0.950644
v -3.549573 -1.296696 -0.950644
v -3.452665 -1.356082 -0.950644
v -3.342148 -1.329549 -0.950644
v -3.282762 -1.232641 -0.950644
v -3.930532 -1.863065 -0.866270
v -3.930532 -1.863065 -0.674270
v -4.278174 -2.119503 -0.674270
v -4.278174 -2.119503 -0.866270
v -4.208513 -1.484088 -0.866270
v -4.208513 -1.484088 -0.674270
v -3.531996 -0.989551 -0.866270
v -3.330396 -0.990498 -0.866270
v -3.194364 -1.175952 -0.866270
v -3.254015 -1.368527 -0.866270
v -3.176377 -1.237169 -0.866270
v -3.198211 -1.307656 -0.866270
v -3.330396 -0.990498 -0.674270
v -3.531996 -0.989551 -0.674270
v -3.254015 -1.368527 -0.674270
v -3.194364 -1.175952 -0.674270
v -3.198211 -1.307656 -0.674270
v -3.176377 -1.237169 -0.674270
v -4.338879 -1.580253 -0.674270
v -4.437864 -1.901795 -0.674270
v -4.431669 -1.681995 -0.674270
v -4.467901 -1.799688 -0.674270
v -4.437864 -1.901795 -0.866270
v -4.338879 -1.580253 -0.866270
v -4.467901 -1.799688 -0.866270
v -4.431669 -1.681995 -0.866270
v -3.309295 -1.122124 -0.509845
v -3.406204 -1.062739 -0.509845
v -3.516720 -1.089272 -0.509845
v -3.576106 -1.186180 -0.509845
v -3.549573 -1.296696 -0.509845
v -3.452665 -1.356082 -0.509845
v -3.342148 -1.329549 -0.509845
v -3.282762 -1.232641 -0.509845
v -3.423254 -1.297445 0.425652
v -3.423254 -1.123030 0.425652
v -3.532864 -1.297445 0.411221
v -3.532864 -1.123030 0.411221
v -3.635004 -1.297445 0.368913
v -3.635004 -1.123030 0.368913
v -3.722714 -1.297445 0.301612
v -3.722714 -1.123030 0.301612
v -3.790016 -1.297445 0.213902
v -3.790016 -1.123030 0.213902
v -3.832323 -1.297445 0.111762
v -3.832323 -1.123030 0.111762
v -3.846754 -1.297445 0.002152
v -3.846754 -1.123030 0.002152
v -3.832323 -1.297445 -0.107458
v -3.832323 -1.123030 -0.107458
v -3.790016 -1.297445 -0.209598
v -3.790016 -1.123030 -0.209598
v -3.722714 -1.297445 -0.297308
v -3.722714 -1.123030 -0.297308
v -3.635004 -1.297445 -0.364610
v -3.635004 -1.123030 -0.364610
v -3.532864 -1.297445 -0.406918
v -3.532864 -1.123030 -0.406918
v -3.423254 -1.297445 -0.421348
v -3.423254 -1.123030 -0.421348
v -3.313644 -1.297445 -0.406918
v -3.313644 -1.123030 -0.406918
v -3.211504 -1.297445 -0.364610
v -3.211504 -1.123030 -0.364610
v -3.123794 -1.297445 -0.297308
v -3.123794 -1.123030 -0.297308
v -3.056492 -1.297445 -0.209598
v -3.056492 -1.123030 -0.209598
v -3.014185 -1.297445 -0.107458
v -3.014185 -1.123030 -0.107458
v -2.999754 -1.297445 0.002152
v -2.999754 -1.123030 0.002152
v -3.014185 -1.297445 0.111762
v -3.014185 -1.123030 0.111762
v -3.056492 -1.297445 0.213902
v -3.056492 -1.123030 0.213902
v -3.123794 -1.297445 0.301611
v -3.123794 -1.123030 0.301611
v -3.211504 -1.297445 0.368913
v -3.211504 -1.123030 0.368913
v -3.313644 -1.297445 0.411221
v -3.313644 -1.123030 0.411221
v -3.095999 -1.123030 0.089840
v -3.183687 -1.123030 0.241720
v -3.129845 -1.123030 0.171552
v -3.335566 -1.123030 0.329408
v -3.253854 -1.123030 0.295561
v -3.510942 -1.123030 0.329408
v -3.423254 -1.123030 0.340952
v -3.095999 -1.123030 -0.085536
v -3.183687 -1.123030 -0.237416
v -3.129845 -1.123030 -0.167248
v -3.335566 -1.123030 -0.325104
v -3.510942 -1.123030 -0.325104
v -3.423254 -1.123030 -0.336648
v -3.253854 -1.123030 -0.291257
v -3.662822 -1.123030 0.241720
v -3.662822 -1.123030 -0.237416
v -3.762054 -1.123030 0.002152
v -3.750510 -1.123030 0.089840
v -3.716664 -1.123030 -0.167248
v -3.750510 -1.123030 -0.085536
v -3.716664 -1.123030 0.171552
v -3.084454 -1.123030 0.002152
v -3.592655 -1.123030 -0.291257
v -3.592655 -1.123030 0.295562
v -3.423254 -1.297445 0.340952
v -3.592655 -1.297445 0.295562
v -3.510942 -1.297445 0.329408
v -3.750510 -1.297445 0.089840
v -3.716664 -1.297445 0.171552
v -3.762054 -1.297445 0.002152
v -3.662822 -1.297445 0.241720
v -3.253854 -1.297445 -0.291257
v -3.423254 -1.297445 -0.336648
v -3.335566 -1.297445 -0.325104
v -3.592655 -1.297445 -0.291257
v -3.510942 -1.297445 -0.325104
v -3.716664 -1.297445 -0.167248
v -3.662822 -1.297445 -0.237416
v -3.084454 -1.297445 0.002152
v -3.095999 -1.297445 -0.085536
v -3.095999 -1.297445 0.089840
v -3.253854 -1.297445 0.295561
v -3.183687 -1.297445 0.241720
v -3.129845 -1.297445 -0.167248
v -3.129845 -1.297445 0.171552
v -3.183687 -1.297445 -0.237416
v -3.750510 -1.297445 -0.085536
v -3.335566 -1.297445 0.329408
v -3.532864 -1.297445 -0.511728
v -3.532864 -1.123030 -0.511728
v -3.423254 -1.297445 -0.511728
v -3.423254 -1.123030 -0.511728
v -3.313644 -1.297445 -0.511728
v -3.313644 -1.123030 -0.511728
v -3.693035 -2.872507 -0.674270
v -3.766240 -2.799302 -0.674270
v -3.793035 -2.699302 -0.674270
v -3.766240 -2.599302 -0.674270
v -3.393035 -2.699302 -0.674270
v -3.419830 -2.599302 -0.674270
v -3.493035 -2.526097 -0.674270
v -3.419830 -2.799302 -0.674270
v -3.493035 -2.872507 -0.674270
v -3.693035 -2.526097 -0.674270
v -3.637199 -2.887469 -0.674270
v -3.593035 -2.499302 -0.674270
v -3.593035 -2.899303 -0.674270
v -3.766240 -2.799302 -0.866270
v -3.419830 -2.599302 -0.866270
v -3.593035 -2.499302 -0.866270
v -3.493035 -2.526097 -0.866270
v -3.593035 -2.899303 -0.866270
v -3.693035 -2.872507 -0.866270
v -3.608871 -2.895059 -0.866270
v -3.793035 -2.699302 -0.866270
v -3.393035 -2.699302 -0.866270
v -3.693035 -2.526097 -0.866270
v -3.419830 -2.799302 -0.866270
v -3.493035 -2.872507 -0.866270
v -3.508871 -2.876751 -0.866270
v -3.766240 -2.599302 -0.866270
v -3.393006 -1.179039 -0.866270
v -3.393006 -1.179039 -0.674270
v -2.693521 -2.699306 0.525795
v -2.710805 -2.874793 0.525795
v -2.761992 -3.043536 0.525795
v -2.845116 -3.199050 0.525795
v -2.956983 -3.335360 0.525795
v -3.093293 -3.447226 0.525795
v -3.248807 -3.530350 0.525795
v -3.417550 -3.581538 0.525795
v -3.593037 -3.598822 0.525795
v -3.768524 -3.581538 0.525795
v -3.937267 -3.530350 0.525795
v -4.092781 -3.447226 0.525795
v -4.229090 -3.335360 0.525795
v -4.340958 -3.199050 0.525795
v -4.424082 -3.043536 0.525795
v -4.475269 -2.874793 0.525795
v -4.492553 -2.699306 0.525795
v -4.475269 -2.523819 0.525795
v -4.424082 -2.355076 0.525795
v -4.340958 -2.199561 0.525795
v -4.229090 -2.063252 0.525795
v -4.092781 -1.951386 0.525795
v -3.937267 -1.868261 0.525795
v -3.768524 -1.817074 0.525795
v -3.593037 -1.799789 0.525795
v -3.417550 -1.817074 0.525795
v -3.248807 -1.868261 0.525795
v -3.093293 -1.951385 0.525795
v -2.956983 -2.063252 0.525795
v -2.845117 -2.199561 0.525795
v -2.761992 -2.355076 0.525795
v -2.710805 -2.523819 0.525795
v -4.691367 -2.245605 -0.614205
v -4.580475 -2.038141 -0.614205
v -2.693521 -2.699306 -0.514205
v -2.710805 -2.874792 -0.514205
v -2.761992 -3.043536 -0.514205
v -2.845116 -3.199050 -0.514205
v -2.956983 -3.335359 -0.514205
v -3.093293 -3.447226 -0.514205
v -3.248807 -3.530350 -0.514205
v -3.417550 -3.581538 -0.514205
v -3.593037 -3.598822 -0.514205
v -3.768524 -3.581538 -0.514205
v -3.937267 -3.530350 -0.514205
v -4.092781 -3.447226 -0.514205
v -4.229090 -3.335359 -0.514205
v -4.340958 -3.199050 -0.514205
v -4.424082 -3.043536 -0.514205
v -4.475269 -2.874792 -0.514205
v -4.492553 -2.699305 -0.514205
v -4.475269 -2.523819 -0.514205
v -4.424082 -2.355076 -0.514205
v -4.340958 -2.199561 -0.514205
v -4.229090 -2.063252 -0.514205
v -4.092781 -1.951386 -0.514205
v -3.937267 -1.868261 -0.514205
v -3.768524 -1.817074 -0.514205
v -3.593037 -1.799790 -0.514205
v -3.417550 -1.817074 -0.514205
v -3.248807 -1.868261 -0.514205
v -3.093293 -1.951385 -0.514205
v -2.956983 -2.063252 -0.514205
v -2.845116 -2.199561 -0.514205
v -2.761992 -2.355076 -0.514205
v -2.710805 -2.523819 -0.514205
v -4.691367 -2.245605 0.585795
v -4.580475 -2.038141 0.585795
v -4.691367 -2.245605 0.585795
v -4.691367 -2.245605 -0.614205
v -4.580475 -2.038141 -0.614205
v -4.580475 -2.038141 0.585795
v -2.588791 -2.900449 -0.514205
v -2.569197 -2.701513 -0.514205
v -2.646818 -3.091739 -0.514205
v -2.741049 -3.268034 -0.514205
v -2.867863 -3.422557 -0.514205
v -3.022386 -3.549371 -0.514205
v -3.198681 -3.643602 -0.514205
v -3.389971 -3.701629 -0.514205
v -3.588907 -3.721223 -0.514205
v -3.787842 -3.701629 -0.514205
v -3.979132 -3.643602 -0.514205
v -4.155427 -3.549371 -0.514205
v -4.309950 -3.422557 -0.514205
v -4.436764 -3.268033 -0.514205
v -4.530995 -3.091739 -0.514205
v -4.589023 -2.900449 -0.514205
v -4.608616 -2.701513 -0.514205
v -4.589023 -2.502578 -0.514205
v -4.530995 -2.311287 -0.514205
v -4.436764 -2.134993 -0.514205
v -4.309951 -1.980470 -0.514205
v -4.155427 -1.853656 -0.514205
v -3.979132 -1.759424 -0.514205
v -3.787842 -1.701397 -0.514205
v -3.588907 -1.681804 -0.514205
v -3.389971 -1.701397 -0.514205
v -3.198681 -1.759424 -0.514205
v -3.022386 -1.853656 -0.514205
v -2.867864 -1.980470 -0.514205
v -2.741049 -2.134993 -0.514205
v -2.646818 -2.311287 -0.514205
v -2.588791 -2.502578 -0.514205
v -2.564485 -2.699306 0.525795
v -2.584248 -2.899966 0.525795
v -2.642779 -3.092915 0.525795
v -2.737827 -3.270738 0.525795
v -2.865741 -3.426601 0.525795
v -3.021604 -3.554516 0.525795
v -3.199427 -3.649564 0.525795
v -3.392376 -3.708094 0.525795
v -3.593037 -3.727857 0.525795
v -3.793697 -3.708094 0.525795
v -3.986646 -3.649565 0.525795
v -4.164469 -3.554516 0.525795
v -4.320332 -3.426603 0.525795
v -4.448246 -3.270738 0.525795
v -4.543295 -3.092915 0.525795
v -4.601825 -2.899966 0.525795
v -4.621588 -2.699306 0.525795
v -4.601825 -2.498645 0.525795
v -4.543295 -2.305696 0.525795
v -4.448246 -2.127873 0.525795
v -4.320332 -1.972010 0.525795
v -4.164469 -1.844096 0.525795
v -3.986646 -1.749048 0.525795
v -3.793697 -1.690517 0.525795
v -3.593037 -1.670754 0.525795
v -3.392376 -1.690517 0.525795
v -3.199427 -1.749048 0.525795
v -3.021604 -1.844096 0.525795
v -2.865741 -1.972010 0.525795
v -2.737828 -2.127873 0.525795
v -2.642779 -2.305696 0.525795
v -2.584248 -2.498645 0.525795
v -3.593037 -2.602833 0.465793
v -3.641273 -2.615758 0.465793
v -3.676585 -2.651070 0.465793
v -3.689510 -2.699306 0.465793
v -3.676585 -2.747542 0.465793
v -3.641273 -2.782853 0.465793
v -3.593037 -2.795778 0.465793
v -3.544801 -2.782853 0.465793
v -3.509490 -2.747542 0.465793
v -3.496565 -2.699306 0.465793
v -3.509490 -2.651070 0.465793
v -3.544801 -2.615758 0.465793
v -3.593037 -2.499306 0.342460
v -3.593037 -2.499306 0.189126
v -3.693037 -2.526101 0.189127
v -3.693037 -2.526101 0.342460
v -3.766242 -2.599306 0.189127
v -3.766242 -2.599306 0.342460
v -3.793037 -2.699306 0.189127
v -3.793037 -2.699306 0.342460
v -3.766242 -2.799306 0.189127
v -3.766242 -2.799306 0.342460
v -3.693037 -2.872511 0.189127
v -3.693037 -2.872511 0.342460
v -3.593037 -2.899306 0.189127
v -3.593037 -2.899306 0.342460
v -3.493037 -2.872511 0.189127
v -3.493037 -2.872511 0.342460
v -3.419832 -2.799306 0.189127
v -3.419832 -2.799306 0.342460
v -3.393037 -2.699306 0.189127
v -3.393037 -2.699306 0.342460
v -3.419832 -2.599306 0.189127
v -3.419832 -2.599306 0.342460
v -3.493037 -2.526101 0.189127
v -3.493037 -2.526101 0.342460
v -3.774210 -1.823158 -0.157540
v -3.774210 -1.823158 -0.410874
v -3.874210 -1.849953 -0.410874
v -3.874210 -1.849953 -0.157540
v -4.442390 -2.418133 -0.410874
v -4.442390 -2.418133 -0.157540
v -4.469185 -2.518132 -0.410874
v -4.469185 -2.518132 -0.157540
v -4.261217 -3.294281 -0.410873
v -4.261217 -3.294281 -0.157540
v -4.188012 -3.367486 -0.410873
v -4.188012 -3.367486 -0.157540
v -3.411864 -3.575454 -0.410873
v -3.411864 -3.575454 -0.157540
v -3.311864 -3.548659 -0.410873
v -3.311864 -3.548660 -0.157540
v -2.743684 -2.980479 -0.410874
v -2.743684 -2.980479 -0.157540
v -2.716889 -2.880479 -0.410874
v -2.716889 -2.880479 -0.157540
v -2.924857 -2.104331 -0.410874
v -2.924857 -2.104331 -0.157540
v -2.998062 -2.031126 -0.410874
v -2.998062 -2.031126 -0.157540
v -3.593037 -2.499306 0.465793
v -3.693037 -2.526101 0.465793
v -3.766242 -2.599306 0.465793
v -3.793037 -2.699306 0.465793
v -3.766242 -2.799306 0.465793
v -3.693037 -2.872511 0.465793
v -3.593037 -2.899306 0.465793
v -3.493037 -2.872511 0.465793
v -3.419832 -2.799306 0.465793
v -3.393037 -2.699306 0.465793
v -3.419832 -2.599306 0.465793
v -3.493037 -2.526101 0.465793
v -3.593037 -2.602833 0.365793
v -3.641273 -2.615758 0.365793
v -3.676585 -2.651070 0.365793
v -3.689510 -2.699306 0.365793
v -3.676585 -2.747542 0.365793
v -3.641273 -2.782853 0.365793
v -3.593037 -2.795778 0.365793
v -3.544801 -2.782853 0.365793
v -3.509490 -2.747542 0.365793
v -3.496565 -2.699306 0.365793
v -3.509490 -2.651070 0.365793
v -3.544801 -2.615758 0.365793
v -3.370753 -1.597507 -0.184872
v -3.371635 -1.593517 0.196462
v -3.159725 -1.661521 -0.184872
v -3.159999 -1.657717 0.196462
v -2.654876 -2.075841 -0.184872
v -2.653695 -2.073230 0.196462
v -2.550922 -2.270325 -0.184872
v -2.549441 -2.268275 0.196462
v -2.794774 -1.905374 -0.184872
v -2.793996 -1.902272 0.196462
v -2.965241 -1.765475 -0.184872
v -2.964954 -1.761970 0.196462
v -3.590215 -1.575892 -0.184872
v -3.591729 -1.571840 0.196462
v -4.020704 -1.661521 -0.184872
v -4.023459 -1.657717 0.196462
v -3.809676 -1.597507 -0.184872
v -3.811823 -1.593517 0.196462
v -4.385655 -1.905374 -0.184871
v -4.389462 -1.902272 0.196462
v -4.215188 -1.765475 -0.184872
v -4.218504 -1.761970 0.196462
v -4.629508 -2.270325 -0.184871
v -4.634018 -2.268275 0.196462
v -4.525553 -2.075841 -0.184872
v -4.529763 -2.073230 0.196462
v -4.715137 -2.700814 -0.184872
v -4.719893 -2.700005 0.196462
v -4.693522 -2.481353 -0.184872
v -4.698216 -2.479911 0.196462
v -4.629508 -3.131304 -0.184871
v -4.634017 -3.131736 0.196462
v -4.693522 -2.920276 -0.184872
v -4.698216 -2.920099 0.196462
v -4.385655 -3.496254 -0.184872
v -4.389461 -3.497739 0.196462
v -4.525553 -3.325788 -0.184872
v -4.529764 -3.326780 0.196462
v -4.020704 -3.740107 -0.184872
v -4.023459 -3.742294 0.196462
v -4.215188 -3.636153 -0.184872
v -4.218504 -3.638040 0.196462
v -3.590215 -3.825737 -0.184872
v -3.591729 -3.828170 0.196462
v -3.809676 -3.804122 -0.184872
v -3.811823 -3.806493 0.196462
v -3.159725 -3.740107 -0.184872
v -3.159999 -3.742294 0.196462
v -3.370753 -3.804122 -0.184872
v -3.371635 -3.806493 0.196462
v -2.794774 -3.496254 -0.184872
v -2.793996 -3.497739 0.196462
v -2.965241 -3.636153 -0.184872
v -2.964954 -3.638039 0.196462
v -2.550922 -3.131303 -0.184872
v -2.549441 -3.131736 0.196462
v -2.654876 -3.325788 -0.184872
v -2.653694 -3.326781 0.196462
v -2.486907 -2.481353 -0.184872
v -2.485242 -2.479911 0.196462
v -2.465292 -2.700814 -0.184872
v -2.463564 -2.700005 0.196462
v -2.486907 -2.920276 -0.184872
v -2.485242 -2.920099 0.196462
v -3.593037 -2.499306 -0.248651
v -3.593037 -2.499306 -0.346429
v -3.693037 -2.526101 -0.346429
v -3.693037 -2.526101 -0.248651
v -3.766242 -2.599306 -0.346429
v -3.766242 -2.599306 -0.248651
v -3.793037 -2.699306 -0.346429
v -3.793037 -2.699306 -0.248651
v -3.766242 -2.799306 -0.346429
v -3.766242 -2.799306 -0.248651
v -3.693037 -2.872511 -0.346429
v -3.693037 -2.872511 -0.248651
v -3.593037 -2.899306 -0.346429
v -3.593037 -2.899306 -0.248651
v -3.493037 -2.872511 -0.346429
v -3.493037 -2.872511 -0.248651
v -3.419832 -2.799306 -0.346429
v -3.419832 -2.799306 -0.248651
v -3.393037 -2.699306 -0.346429
v -3.393037 -2.699306 -0.248651
v -3.419832 -2.599306 -0.346429
v -3.419832 -2.599306 -0.248651
v -3.493037 -2.526101 -0.346429
v -3.493037 -2.526101 -0.248651
v -4.188012 -2.031126 -0.346429
v -4.188012 -2.031126 -0.248651
v -4.261217 -2.104331 -0.346429
v -4.261217 -2.104331 -0.248651
v -3.874211 -3.548659 -0.346429
v -3.874211 -3.548660 -0.248651
v -3.774211 -3.575454 -0.346429
v -3.774211 -3.575454 -0.248651
v -2.716889 -2.518132 -0.346429
v -2.716889 -2.518132 -0.248651
v -2.743684 -2.418133 -0.346429
v -2.743684 -2.418133 -0.248651
v -2.604331 -2.293777 -0.509005
v -2.543693 -2.493676 -0.509005
v -2.835324 -1.948072 -0.509005
v -2.702803 -2.109550 -0.509005
v -3.181028 -1.717080 -0.509005
v -2.996801 -1.815552 -0.509005
v -3.588814 -1.635967 -0.509005
v -3.380926 -1.656442 -0.509005
v -3.996600 -1.717080 -0.509005
v -3.796702 -1.656442 -0.509005
v -4.342304 -1.948073 -0.509005
v -4.180828 -1.815552 -0.509005
v -4.573296 -2.293777 -0.509005
v -4.474825 -2.109550 -0.509005
v -4.654410 -2.701563 -0.509005
v -4.633935 -2.493676 -0.509005
v -4.573296 -3.109349 -0.509005
v -4.633935 -2.909450 -0.509005
v -4.342304 -3.455053 -0.509005
v -4.474825 -3.293576 -0.509005
v -3.996600 -3.686045 -0.509005
v -4.180827 -3.587574 -0.509005
v -3.588814 -3.767159 -0.509005
v -3.796701 -3.746684 -0.509005
v -3.181028 -3.686045 -0.509005
v -3.380926 -3.746684 -0.509005
v -2.835324 -3.455053 -0.509005
v -2.996800 -3.587574 -0.509005
v -2.604331 -3.109349 -0.509005
v -2.702803 -3.293576 -0.509005
v -2.523218 -2.701563 -0.509005
v -2.543693 -2.909450 -0.509005
v -2.538947 -2.908946 0.520595
v -2.518294 -2.699256 0.520595
v -2.699437 -3.296403 0.520595
v -2.600111 -3.110578 0.520595
v -2.995983 -3.592949 0.520595
v -2.833106 -3.459280 0.520595
v -3.383440 -3.753439 0.520595
v -3.181808 -3.692275 0.520595
v -3.802820 -3.753439 0.520595
v -3.593130 -3.774092 0.520595
v -4.190277 -3.592951 0.520595
v -4.004452 -3.692275 0.520595
v -4.486824 -3.296403 0.520596
v -4.353154 -3.459280 0.520595
v -4.647313 -2.908946 0.520595
v -4.586149 -3.110578 0.520596
v -4.647313 -2.489566 0.520595
v -4.667966 -2.699256 0.520596
v -4.486823 -2.102109 0.520595
v -4.586149 -2.287934 0.520596
v -4.190277 -1.805563 0.520595
v -4.353154 -1.939232 0.520596
v -3.802820 -1.645073 0.520595
v -4.004452 -1.706237 0.520595
v -3.383440 -1.645073 0.520595
v -3.593130 -1.624420 0.520595
v -2.995983 -1.805562 0.520595
v -3.181808 -1.706237 0.520596
v -2.699437 -2.102109 0.520595
v -2.833106 -1.939232 0.520595
v -2.538947 -2.489566 0.520595
v -2.600111 -2.287934 0.520595
v -3.349701 -1.482829 0.194556
v -3.116902 -1.553448 0.194556
v -2.559967 -2.010512 0.194555
v -2.445288 -2.225061 0.194555
v -2.714299 -1.822458 0.194556
v -2.902353 -1.668126 0.194555
v -3.591805 -1.458983 0.194555
v -4.066706 -1.553448 0.194556
v -3.833908 -1.482829 0.194556
v -4.469311 -1.822458 0.194556
v -4.281258 -1.668127 0.194555
v -4.738322 -2.225061 0.194556
v -4.623643 -2.010512 0.194555
v -4.832784 -2.699964 0.194556
v -4.808941 -2.457861 0.194556
v -4.738321 -3.174867 0.194556
v -4.808941 -2.942068 0.194556
v -4.469311 -3.577470 0.194556
v -4.623643 -3.389416 0.194556
v -4.066706 -3.846482 0.194555
v -4.281256 -3.731802 0.194555
v -3.591805 -3.940945 0.194555
v -3.833908 -3.917100 0.194555
v -3.116902 -3.846482 0.194555
v -3.349701 -3.917100 0.194555
v -2.714299 -3.577470 0.194555
v -2.902353 -3.731802 0.194555
v -2.445288 -3.174867 0.194555
v -2.559967 -3.389416 0.194555
v -2.374669 -2.457861 0.194555
v -2.350824 -2.699964 0.194555
v -2.374669 -2.942068 0.194555
v -3.348731 -1.487217 -0.182965
v -3.116601 -1.557633 -0.182965
v -2.561267 -2.013384 -0.182965
v -2.446917 -2.227317 -0.182965
v -2.715155 -1.825870 -0.182965
v -2.902668 -1.671982 -0.182965
v -3.590139 -1.463440 -0.182965
v -4.063678 -1.557633 -0.182965
v -3.831547 -1.487217 -0.182965
v -4.465123 -1.825870 -0.182965
v -4.277610 -1.671982 -0.182965
v -4.733361 -2.227317 -0.182965
v -4.619012 -2.013384 -0.182965
v -4.827554 -2.700855 -0.182965
v -4.803777 -2.459447 -0.182965
v -4.733361 -3.174393 -0.182965
v -4.803777 -2.942262 -0.182965
v -4.465123 -3.575839 -0.182965
v -4.619012 -3.388325 -0.182965
v -4.063677 -3.844077 -0.182965
v -4.277610 -3.729727 -0.182965
v -3.590139 -3.938269 -0.182965
v -3.831547 -3.914493 -0.182965
v -3.116601 -3.844077 -0.182965
v -3.348731 -3.914493 -0.182965
v -2.715155 -3.575839 -0.182965
v -2.902668 -3.729727 -0.182965
v -2.446917 -3.174393 -0.182965
v -2.561267 -3.388325 -0.182965
v -2.376501 -2.459447 -0.182965
v -2.352724 -2.700855 -0.182965
v -2.376501 -2.942262 -0.182965
v -3.723560 -2.012187 0.161811
v -3.696330 -2.113811 0.300379
v -3.670917 -2.208653 0.384540
v -3.632256 -2.352938 0.407401
v -3.796330 -2.140605 0.300379
v -3.823560 -2.038982 0.161811
v -3.732256 -2.379733 0.407402
v -3.770917 -2.235448 0.384540
v -3.939405 -2.660087 0.407402
v -4.083689 -2.621426 0.384540
v -4.178532 -2.596013 0.300379
v -4.280156 -2.568783 0.161811
v -4.056895 -2.521426 0.384540
v -3.912610 -2.560087 0.407402
v -4.253361 -2.468783 0.161811
v -4.151737 -2.496013 0.300379
v -3.385888 -2.418952 0.407402
v -3.280265 -2.313328 0.384540
v -3.210835 -2.243899 0.300379
v -3.136441 -2.169505 0.161811
v -3.207059 -2.386533 0.384540
v -3.312683 -2.492157 0.407402
v -3.063236 -2.242710 0.161811
v -3.137630 -2.317104 0.300379
v -3.129179 -2.877186 0.384540
v -3.273465 -2.838525 0.407402
v -2.932713 -2.929829 0.161811
v -3.034337 -2.902599 0.300379
v -3.007542 -2.802599 0.300379
v -2.905918 -2.829829 0.161811
v -3.246670 -2.738525 0.407402
v -3.102384 -2.777186 0.384540
v -3.453818 -3.018878 0.407402
v -3.415157 -3.163164 0.384540
v -3.389744 -3.258006 0.300379
v -3.362514 -3.359630 0.161811
v -3.515157 -3.189959 0.384540
v -3.553818 -3.045673 0.407402
v -3.462514 -3.386425 0.161811
v -3.489744 -3.284801 0.300379
v -3.979015 -3.012078 0.384540
v -3.873391 -2.906454 0.407402
v -4.122838 -3.155902 0.161811
v -4.048445 -3.081508 0.300379
v -3.975240 -3.154713 0.300379
v -4.049633 -3.229107 0.161811
v -3.800186 -2.979659 0.407402
v -3.905810 -3.085284 0.384540
v -3.593037 -2.499306 -0.866874
v -3.693037 -2.526101 -0.866874
v -3.766242 -2.599306 -0.866874
v -3.793037 -2.699306 -0.866874
v -3.766242 -2.799306 -0.866874
v -3.693037 -2.872511 -0.866873
v -3.593037 -2.899306 -0.866873
v -3.493037 -2.872511 -0.866873
v -3.419832 -2.799306 -0.866874
v -3.393037 -2.699306 -0.866874
v -3.419832 -2.599306 -0.866874
v -3.493037 -2.526101 -0.866874
v -3.723037 -2.474139 -1.148453
v -3.593037 -2.439306 -1.148453
v -3.593037 -2.439306 -0.866920
v -3.818204 -2.569306 -1.148453
v -3.853037 -2.699306 -1.148453
v -3.818204 -2.829306 -1.148453
v -3.723037 -2.924472 -1.148453
v -3.593037 -2.959306 -1.148453
v -3.463037 -2.924472 -1.148453
v -3.367871 -2.829306 -1.148453
v -3.333037 -2.699306 -1.148453
v -3.367871 -2.569306 -1.148453
v -3.463037 -2.474139 -1.148453
v -3.723037 -2.474139 -0.866920
v -3.818204 -2.569306 -0.866920
v -3.853037 -2.699306 -0.866920
v -3.818204 -2.829306 -0.866920
v -3.723037 -2.924472 -0.866919
v -3.593037 -2.959306 -0.866919
v -3.463037 -2.924472 -0.866919
v -3.367871 -2.829306 -0.866920
v -3.333037 -2.699306 -0.866920
v -3.367871 -2.569306 -0.866920
v -3.463037 -2.474139 -0.866920
v -3.961957 -1.808655 0.525795
v -3.781111 -1.753795 0.525795
v -3.781111 -3.644816 0.525795
v -3.961957 -3.589957 0.525795
v -3.593037 -1.735272 0.525795
v -4.128626 -3.500871 0.525795
v -3.404963 -1.753795 0.525795
v -4.274710 -3.380981 0.525795
v -3.224117 -1.808655 0.525795
v -4.394602 -3.234894 0.525795
v -3.057448 -1.897741 0.525795
v -4.483688 -3.068226 0.525795
v -2.629003 -2.699306 0.525795
v -2.647527 -2.887379 0.525795
v -2.911362 -2.017631 0.525795
v -4.538547 -2.887379 0.525795
v -2.702386 -3.068225 0.525795
v -2.791472 -2.163717 0.525795
v -4.557070 -2.699306 0.525795
v -2.791472 -3.234894 0.525795
v -2.702386 -2.330386 0.525795
v -4.538547 -2.511232 0.525795
v -2.911362 -3.380981 0.525795
v -2.647527 -2.511232 0.525795
v -4.483688 -2.330386 0.525795
v -3.057448 -3.500871 0.525795
v -4.394602 -2.163717 0.525795
v -3.224117 -3.589957 0.525795
v -4.274710 -2.017631 0.525795
v -3.404963 -3.644816 0.525795
v -4.128626 -1.897741 0.525795
v -3.593037 -3.663340 0.525795
v -2.649798 -2.887620 -0.514205
v -2.704405 -3.067637 -0.514205
v -2.793083 -3.233542 -0.514205
v -2.912423 -3.378958 -0.514205
v -3.057840 -3.498298 -0.514205
v -3.223744 -3.586976 -0.514205
v -3.403761 -3.641583 -0.514205
v -3.590972 -3.660022 -0.514205
v -3.778183 -3.641583 -0.514205
v -3.958199 -3.586976 -0.514205
v -4.124104 -3.498298 -0.514205
v -4.269521 -3.378958 -0.514205
v -4.388860 -3.233542 -0.514205
v -4.477539 -3.067637 -0.514205
v -4.532146 -2.887620 -0.514205
v -4.550585 -2.700409 -0.514205
v -4.532146 -2.513198 -0.514205
v -4.477539 -2.333182 -0.514205
v -4.388860 -2.167277 -0.514205
v -4.269521 -2.021861 -0.514205
v -4.124104 -1.902521 -0.514205
v -3.958200 -1.813843 -0.514205
v -3.778183 -1.759235 -0.514205
v -3.590972 -1.740797 -0.514205
v -3.403761 -1.759235 -0.514205
v -3.223744 -1.813843 -0.514205
v -3.057840 -1.902520 -0.514205
v -2.912423 -2.021861 -0.514205
v -2.793083 -2.167277 -0.514205
v -2.704405 -2.333181 -0.514205
v -2.649798 -2.513198 -0.514205
v -2.631359 -2.700409 -0.514205
v -3.623039 -2.387339 0.238805
v -3.678532 -2.180236 0.205990
v -3.688716 -2.142228 0.172262
v -3.727801 -1.996359 -0.026635
v -3.778532 -2.207031 0.205990
v -3.723039 -2.414134 0.238805
v -3.827801 -2.023154 -0.026635
v -3.788716 -2.169023 0.172262
v -4.295984 -2.564542 -0.026635
v -4.150115 -2.603627 0.172262
v -4.112107 -2.613811 0.205990
v -3.905003 -2.669304 0.238805
v -3.878209 -2.569305 0.238805
v -4.085312 -2.513811 0.205990
v -4.123320 -2.503627 0.172262
v -4.269189 -2.464542 -0.026635
v -3.124855 -2.157918 -0.026635
v -3.231638 -2.264701 0.172262
v -3.259462 -2.292525 0.205990
v -3.411072 -2.444136 0.238805
v -3.158433 -2.337906 0.172262
v -3.051650 -2.231123 -0.026635
v -3.337867 -2.517341 0.238805
v -3.186257 -2.365731 0.205990
v -3.073967 -2.784800 0.205990
v -3.281071 -2.729307 0.238805
v -2.890091 -2.834070 -0.026635
v -3.035959 -2.794985 0.172262
v -3.062754 -2.894985 0.172262
v -2.916886 -2.934070 -0.026635
v -3.307866 -2.829307 0.238805
v -3.100762 -2.884800 0.205990
v -3.358273 -3.375457 -0.026635
v -3.397358 -3.229589 0.172263
v -3.407543 -3.191581 0.205991
v -3.463036 -2.984477 0.238805
v -3.497358 -3.256384 0.172263
v -3.458273 -3.402252 -0.026635
v -3.563036 -3.011272 0.238805
v -3.507542 -3.218376 0.205991
v -3.848207 -2.881271 0.238805
v -3.999818 -3.032881 0.205990
v -4.027641 -3.060705 0.172262
v -4.134425 -3.167488 -0.026635
v -3.926613 -3.106086 0.205991
v -3.775002 -2.954476 0.238805
v -4.061220 -3.240693 -0.026635
v -3.954436 -3.133910 0.172263
vn 0.4804 0.1605 -0.8622
vn 0.2029 0.1582 -0.9663
vn 0.4016 0.1140 -0.9087
vn -0.1716 -0.7487 0.6403
vn -0.0000 -0.7487 0.6629
vn -0.0000 -1.0000 -0.0000
vn -0.0000 -0.7487 -0.6629
vn 0.1716 -0.7487 -0.6403
vn 0.6629 -0.7487 -0.0000
vn 0.6403 -0.7487 -0.1716
vn 0.1716 -0.7487 0.6403
vn 0.3315 -0.7487 0.5741
vn -0.6404 -0.7487 0.1716
vn -0.6629 -0.7487 -0.0000
vn -0.6403 -0.7487 0.1716
vn -0.3315 -0.7487 -0.5741
vn -0.1716 -0.7487 -0.6403
vn 0.5741 -0.7487 -0.3315
vn 0.4688 -0.7487 -0.4688
vn 0.4688 -0.7487 0.4688
vn 0.5741 -0.7487 0.3315
vn -0.5741 -0.7487 0.3315
vn -0.4688 -0.7487 0.4688
vn -0.4688 -0.7487 -0.4688
vn -0.5741 -0.7487 -0.3315
vn 0.3315 -0.7487 -0.5741
vn 0.6403 -0.7487 0.1716
vn -0.3315 -0.7487 0.5741
vn -0.6403 -0.7487 -0.1716
vn 0.2588 -0.0000 0.9659
vn 0.1305 -0.0000 0.9914
vn 0.0438 -0.0000 0.9990
vn -0.0000 1.0000 -0.0000
vn 0.2588 -0.0000 -0.9659
vn 0.1761 -0.0000 -0.9844
vn 0.3723 -0.0000 -0.9281
vn -0.1305 -0.0000 -0.9914
vn -0.2588 -0.0000 -0.9659
vn -0.8489 0.1979 -0.4901
vn -0.6931 0.1979 -0.6931
vn 0.2537 0.1979 0.9468
vn -0.0000 0.1979 0.9802
vn -0.4901 0.1979 0.8489
vn -0.2537 0.1979 0.9468
vn 1.0000 0.0099 -0.0000
vn -0.4901 0.1979 -0.8489
vn -0.6931 0.1979 0.6931
vn -0.2537 0.1979 -0.9468
vn -0.8489 0.1979 0.4901
vn -0.0000 0.1979 -0.9802
vn -0.9468 0.1979 0.2537
vn 0.2537 0.1979 -0.9468
vn -0.9802 0.1979 -0.0000
vn 0.4804 0.1605 0.8622
vn 0.2030 0.1582 0.9663
vn 0.4069 0.1858 0.8944
vn 0.4901 0.1979 -0.8489
vn -0.9468 0.1979 -0.2537
vn 0.4901 0.1979 0.8489
vn 0.4069 0.1858 -0.8944
vn -0.1246 0.9896 -0.0720
vn -0.1239 0.9897 0.0715
vn -0.1886 0.9764 0.1056
vn -0.2588 -0.0000 0.9659
vn -0.1305 -0.0000 0.9914
vn -0.2177 -0.0000 0.9760
vn 0.0438 -0.0000 -0.9990
vn -0.1767 -0.0000 -0.9843
vn -0.2176 -0.0000 -0.9760
vn 0.3722 -0.0000 0.9282
vn -1.0000 -0.0000 -0.0000
vn -0.9998 -0.0000 -0.0201
vn -0.0000 -0.0000 1.0000
vn 0.3082 -0.9513 -0.0000
vn 0.3082 -0.9513 -0.0075
vn 0.3107 -0.9505 -0.0104
vn -0.3352 0.9421 -0.0000
vn -0.3391 0.9406 -0.0157
vn -0.3391 0.9406 0.0157
vn -0.3382 0.9409 0.0206
vn -0.3352 0.9421 0.0046
vn 0.3082 -0.9513 0.0075
vn -0.0000 -0.0000 -1.0000
vn -0.3298 0.9440 0.0073
vn 0.3150 -0.9326 -0.1763
vn 0.3298 -0.9440 -0.0071
vn 0.3302 -0.9439 -0.0000
vn 0.1762 -0.0000 0.9844
vn -0.1897 0.9761 -0.1062
vn -0.3317 0.9434 -0.0071
vn -0.3321 0.9433 -0.0000
vn 0.3167 -0.9318 0.1772
vn 0.3317 -0.9434 0.0074
vn 0.3161 -0.9310 0.1825
vn -0.1767 -0.0000 0.9843
vn 0.3107 -0.9505 0.0104
vn -0.3382 0.9409 -0.0206
vn -0.3459 0.9375 -0.0384
vn 0.3111 -0.9502 -0.0214
vn 0.3183 -0.9472 -0.0377
vn -0.9998 -0.0000 0.0201
vn 0.3111 -0.9502 0.0214
vn 0.9998 -0.0000 -0.0201
vn 0.9998 -0.0000 0.0201
vn -0.0000 0.9995 0.0329
vn 0.1919 0.9810 0.0284
vn -0.0000 0.9995 -0.0329
vn 0.1919 0.9810 -0.0284
vn 0.1983 0.9797 -0.0282
vn -0.0000 -0.9999 -0.0140
vn 0.1923 -0.9813 -0.0099
vn -0.0000 -0.9999 0.0140
vn 0.1923 -0.9813 0.0099
vn 0.1978 -0.9802 0.0098
vn 0.9802 -0.1972 -0.0169
vn 0.9816 0.1906 -0.0135
vn 0.9811 -0.1929 -0.0170
vn 0.9816 0.1906 0.0135
vn 0.9802 -0.1972 0.0169
vn 0.9811 -0.1929 0.0170
vn 0.3827 0.9236 -0.0227
vn 0.9239 0.3826 0.0060
vn 0.9798 0.1994 0.0131
vn 0.9238 -0.3827 0.0132
vn 0.3827 -0.9239 -0.0053
vn 0.1978 -0.9802 -0.0098
vn 0.9798 0.1994 -0.0131
vn 0.9239 0.3826 -0.0060
vn 0.3827 0.9236 0.0227
vn 0.1983 0.9797 0.0283
vn 0.3826 -0.9239 0.0053
vn 0.3827 -0.9239 0.0053
vn 0.9238 -0.3827 -0.0132
vn 0.4016 0.1140 0.9087
vn 0.1305 -0.0000 -0.9914
vn -0.3352 0.9421 -0.0046
vn -0.3459 0.9375 0.0384
vn -0.1762 -0.0000 -0.9844
vn -0.1888 0.9763 0.1054
vn -0.3302 0.9439 -0.0000
vn -0.3298 0.9440 0.0071
vn 0.3144 -0.9318 -0.1815
vn 0.3167 -0.9318 0.1771
vn 0.3321 -0.9433 -0.0000
vn 0.3317 -0.9434 0.0071
vn 0.1759 -0.0000 -0.9844
vn 0.3183 -0.9472 0.0377
vn 0.1345 -0.3653 0.9211
vn 0.1353 -0.3678 0.9200
vn 0.1353 -0.3679 0.9200
vn 0.3199 -0.8696 0.3762
vn 0.3202 -0.8706 0.3736
vn 0.3202 -0.8706 0.3735
vn 0.3202 -0.8706 -0.3736
vn 0.3199 -0.8696 -0.3762
vn 0.3202 -0.8706 -0.3735
vn 0.1353 -0.3678 -0.9200
vn 0.1345 -0.3653 -0.9211
vn 0.1353 -0.3679 -0.9200
vn -0.1354 0.3678 -0.9200
vn -0.1346 0.3653 -0.9211
vn -0.3207 0.8704 -0.3736
vn -0.3204 0.8694 -0.3762
vn -0.3207 0.8704 -0.3735
vn -0.3204 0.8694 0.3762
vn -0.3207 0.8704 0.3736
vn -0.3207 0.8704 0.3735
vn -0.1346 0.3653 0.9211
vn -0.1354 0.3678 0.9200
vn 1.0000 -0.0000 -0.0065
vn -0.9287 -0.3707 0.0061
vn 1.0000 -0.0000 -0.0000
vn 0.7071 -0.0000 0.7071
vn 0.7071 -0.0000 -0.7071
vn -0.7071 -0.0000 -0.7071
vn -0.7071 -0.0000 0.7071
vn 0.9239 -0.3827 -0.0000
vn 0.3827 -0.9239 -0.0000
vn 0.9239 0.3827 -0.0000
vn 0.3827 0.9239 -0.0000
vn 0.1345 -0.3652 0.9211
vn 0.3199 -0.8695 0.3762
vn 0.3199 -0.8695 -0.3762
vn -0.1345 0.3652 -0.9211
vn -0.1345 0.3652 0.9211
vn -0.5000 -0.0000 0.8660
vn -0.8660 -0.0000 0.5000
vn -0.9659 -0.0000 0.2588
vn -0.9659 -0.0000 -0.2588
vn -0.8660 -0.0000 -0.5000
vn -0.5000 -0.0000 -0.8660
vn -0.3827 -0.0000 -0.9239
vn 0.3827 -0.0000 -0.9239
vn 0.5000 -0.0000 -0.8660
vn 0.8660 -0.0000 -0.5000
vn 0.9659 -0.0000 -0.2588
vn 0.9659 -0.0000 0.2588
vn 0.8660 -0.0000 0.5000
vn 0.5000 -0.0000 0.8660
vn -0.0000 1.0000 -0.0039
vn -0.0001 0.9999 -0.0149
vn -0.0000 0.9998 0.0202
vn -0.0005 -1.0000 -0.0038
vn 0.0005 -1.0000 0.0021
vn 0.1951 -0.9808 -0.0000
vn -0.1951 -0.9808 -0.0000
vn -0.3827 -0.9239 -0.0000
vn -0.5556 -0.8315 -0.0000
vn 0.5556 -0.8315 -0.0000
vn -0.7071 -0.7071 -0.0000
vn 0.7071 -0.7071 -0.0000
vn 0.8315 -0.5556 -0.0000
vn -0.8315 -0.5556 -0.0000
vn -0.9239 -0.3827 -0.0000
vn 0.9808 -0.1951 -0.0000
vn -0.9808 -0.1951 -0.0000
vn -0.9808 0.1951 -0.0000
vn 0.9808 0.1951 -0.0000
vn -0.9239 0.3827 -0.0000
vn 0.8315 0.5556 -0.0000
vn -0.8315 0.5556 -0.0000
vn 0.7071 0.7071 -0.0000
vn -0.7071 0.7071 -0.0000
vn -0.5556 0.8315 -0.0000
vn 0.5556 0.8315 -0.0000
vn -0.3827 0.9239 -0.0000
vn -0.1951 0.9808 -0.0000
vn 0.1951 0.9808 -0.0000
vn -0.0007 -0.0004 1.0000
vn -0.0008 -0.0000 1.0000
vn 0.0007 0.0004 1.0000
vn 0.0004 0.0007 1.0000
vn -0.0004 0.0007 1.0000
vn -0.0000 0.0008 1.0000
vn 0.0004 -0.0007 1.0000
vn 0.0007 -0.0004 1.0000
vn -0.0004 -0.0007 1.0000
vn -0.0007 0.0004 1.0000
vn 0.0008 -0.0000 1.0000
vn -0.0000 -0.0008 1.0000
vn 0.4210 0.9071 -0.0000
vn 0.0890 0.9960 -0.0000
vn 0.9960 0.0890 -0.0000
vn 0.9071 0.4210 -0.0000
vn 0.5751 -0.8181 -0.0000
vn 0.8181 -0.5751 -0.0000
vn 0.3805 -0.1020 -0.9191
vn 0.1219 -0.0327 -0.9920
vn -0.4210 -0.9071 -0.0000
vn -0.0890 -0.9960 -0.0000
vn -0.9960 -0.0890 -0.0000
vn -0.9071 -0.4210 -0.0000
vn -0.5751 0.8181 -0.0000
vn -0.8181 0.5751 -0.0000
vn 0.6806 0.6806 0.2714
vn 0.9659 -0.2588 -0.0000
vn 0.9297 -0.2491 0.2714
vn 0.2588 -0.9659 -0.0000
vn 0.2491 -0.9297 0.2714
vn -0.6806 -0.6806 0.2714
vn -0.9659 0.2588 -0.0000
vn -0.9297 0.2491 0.2714
vn -0.2491 0.9297 0.2714
vn -0.2588 0.9659 -0.0000
vn -0.5838 -0.5838 0.5643
vn 0.7974 -0.2137 0.5643
vn 0.2785 0.2785 -0.9191
vn 0.0892 0.0892 -0.9920
vn 0.2588 0.9659 -0.0000
vn 0.1020 -0.3805 -0.9191
vn 0.0327 -0.1219 -0.9920
vn -0.3805 0.1020 -0.9191
vn -0.1219 0.0327 -0.9920
vn 0.2785 0.2785 0.9191
vn 0.0892 0.0892 0.9920
vn -0.3805 0.1020 0.9191
vn -0.1219 0.0327 0.9920
vn 0.9659 0.2588 -0.0000
vn 0.8270 -0.2216 -0.5167
vn 0.8753 -0.2345 -0.4229
vn 0.2216 -0.8270 -0.5167
vn 0.2345 -0.8753 -0.4229
vn 0.1020 -0.3805 0.9191
vn 0.0327 -0.1219 0.9920
vn -0.1080 0.4029 0.9089
vn -0.1883 0.7029 0.6859
vn -0.2588 -0.9659 -0.0000
vn -0.6054 -0.6054 -0.5167
vn -0.6408 -0.6408 -0.4229
vn 0.4029 -0.1080 -0.9089
vn 0.7029 -0.1884 -0.6859
vn -0.7974 0.2137 0.5643
vn 0.3805 -0.1020 0.9191
vn 0.1219 -0.0327 0.9920
vn -0.4029 0.1079 0.9089
vn -0.7029 0.1884 0.6859
vn -0.2949 -0.2949 -0.9089
vn -0.5146 -0.5146 -0.6859
vn 0.5838 0.5838 0.5643
vn -0.2785 -0.2785 0.9191
vn -0.0892 -0.0892 0.9920
vn 0.2949 0.2949 0.9089
vn 0.5146 0.5146 0.6859
vn -0.4029 0.1080 -0.9089
vn -0.7029 0.1884 -0.6859
vn 0.4029 -0.1080 0.9089
vn 0.7029 -0.1884 0.6859
vn -0.8270 0.2216 -0.5167
vn -0.8753 0.2345 -0.4229
vn -0.2216 0.8270 -0.5167
vn -0.2345 0.8753 -0.4229
vn -0.9659 -0.2588 -0.0000
vn -0.1080 0.4029 -0.9089
vn -0.1884 0.7029 -0.6859
vn 0.2137 -0.7974 0.5643
vn -0.1020 0.3805 0.9191
vn -0.0327 0.1219 0.9920
vn 0.1080 -0.4029 0.9089
vn 0.1884 -0.7029 0.6859
vn -0.2949 -0.2949 0.9089
vn -0.5146 -0.5146 0.6859
vn 0.6054 0.6054 -0.5167
vn 0.6408 0.6408 -0.4229
vn -0.2785 -0.2785 -0.9191
vn -0.0892 -0.0892 -0.9920
vn 0.2949 0.2949 -0.9089
vn 0.5146 0.5146 -0.6859
vn 0.5000 0.8660 -0.0000
vn 0.8181 0.5751 -0.0000
vn 0.9960 -0.0890 -0.0000
vn 0.8660 -0.5000 -0.0000
vn 0.5000 -0.8660 -0.0000
vn 0.0890 -0.9960 -0.0000
vn -0.5751 -0.8181 -0.0000
vn -0.8660 -0.5000 -0.0000
vn -0.9071 0.4210 -0.0000
vn -0.4210 0.9071 -0.0000
vn -0.2137 0.7974 0.5643
vn 0.8660 0.5000 -0.0000
vn -0.5000 -0.8660 -0.0000
vn -0.8660 0.5000 -0.0000
vn -0.5000 0.8660 -0.0000
vn 0.1884 -0.7029 -0.6859
vn 0.7029 -0.1883 -0.6859
vn -0.1020 0.3805 -0.9191
vn -0.0327 0.1219 -0.9920
vn 0.1080 -0.4029 -0.9089
vn -0.5860 0.1714 -0.7920
vn -0.3346 -0.4632 -0.8207
vn -0.1436 -0.9279 -0.3442
vn -0.1436 -0.9279 0.3442
vn -0.3346 -0.4632 0.8207
vn 0.9310 0.3651 -0.0030
vn 0.9305 0.3663 -0.0000
vn 0.9321 0.3622 0.0043
vn 0.9310 0.3651 0.0030
vn 0.9332 0.3592 0.0031
vn 0.9337 0.3580 -0.0000
vn 0.9337 0.3581 -0.0000
vn 0.9321 0.3622 -0.0043
vn 0.9332 0.3593 -0.0031
vn 0.9332 0.3593 0.0031
vn 0.9332 0.3592 -0.0031
vn 0.2382 -0.3139 0.9191
vn 0.2389 -0.3113 0.9198
vn 0.2422 -0.3003 0.9226
vn 0.5885 -0.7215 0.3648
vn 0.5903 -0.7174 0.3699
vn 0.5924 -0.7127 0.3757
vn 0.5903 -0.7174 -0.3700
vn 0.5885 -0.7215 -0.3648
vn 0.5924 -0.7127 -0.3757
vn 0.2389 -0.3113 -0.9198
vn 0.2382 -0.3139 -0.9191
vn 0.2422 -0.3002 -0.9226
vn -0.1945 0.3296 -0.9239
vn -0.2043 0.3172 -0.9261
vn -0.2160 0.3022 -0.9285
vn -0.3156 0.8648 -0.3905
vn -0.3775 0.8279 -0.4149
vn -0.4071 0.8080 -0.4260
vn -0.3775 0.8279 0.4149
vn -0.3154 0.8649 0.3905
vn -0.4071 0.8080 0.4260
vn -0.2043 0.3172 0.9261
vn -0.1945 0.3296 0.9239
vn -0.2160 0.3022 0.9285
vn -0.1529 0.3594 0.9206
vn -0.3629 0.8531 0.3749
vn -0.3629 0.8531 -0.3749
vn -0.1529 0.3594 -0.9206
vn 0.1529 -0.3594 -0.9206
vn 0.3629 -0.8531 -0.3749
vn 0.3629 -0.8531 0.3749
vn 0.1529 -0.3594 0.9206
vn -0.7449 0.5873 -0.3165
vn -0.7449 0.5873 0.3165
vn -0.5860 0.1714 0.7920
vn 0.2341 -0.3274 0.9154
vn 0.5862 -0.7266 0.3583
vn 0.5903 -0.7174 -0.3699
vn 0.5862 -0.7266 -0.3583
vn 0.2341 -0.3274 -0.9154
vn -0.1770 0.3514 -0.9193
vn -0.3154 0.8649 -0.3905
vn -0.2724 0.8870 -0.3727
vn -0.3774 0.8280 -0.4148
vn -0.2724 0.8870 0.3727
vn -0.1770 0.3514 0.9193
vn -0.7449 0.5873 0.3166
vn 0.8947 0.4467 -0.0000
vn 0.8066 0.5911 -0.0000
vn 0.6696 -0.7428 -0.0000
vn 0.5122 -0.8589 -0.0000
vn -0.6894 -0.7244 -0.0000
vn -0.5505 -0.8348 -0.0000
vn 0.0001 -1.0000 -0.0000
vn 0.2182 -0.9759 -0.0000
vn 0.9572 0.2895 -0.0000
vn 0.9566 -0.2913 -0.0000
vn 0.8691 -0.4946 -0.0000
vn 0.8692 -0.4945 -0.0000
vn 0.5225 0.8526 -0.0000
vn -0.2334 0.9724 -0.0000
vn -0.8526 0.5225 -0.0000
vn -0.9724 -0.2334 -0.0000
vn -0.5225 -0.8526 -0.0000
vn 0.2334 -0.9724 -0.0000
vn 0.8526 -0.5225 -0.0000
vn 0.9724 0.2334 -0.0000
vn 0.5901 -0.8073 -0.0000
vn 0.6669 -0.7452 -0.0000
vn -0.8065 -0.5913 -0.0000
vn -0.6694 0.7429 -0.0000
vn -0.5919 0.8060 -0.0000
vn -0.5901 0.8073 -0.0000
vn 0.8963 0.4433 -0.0000
vn 0.8063 0.5915 -0.0000
vn 0.8672 -0.4979 -0.0000
vn 0.9552 -0.2959 -0.0000
vn 0.9594 0.2819 -0.0000
vn -0.8683 0.4960 -0.0000
vn -0.6695 0.7429 -0.0000
vn -0.9557 0.2942 -0.0000
vn -0.9594 -0.2822 -0.0000
vn -0.8963 -0.4435 -0.0000
vn 0.0047 1.0000 -0.0000
vn 0.6696 -0.7427 -0.0000
vn -0.5505 -0.8349 -0.0000
vn 0.8964 0.4433 -0.0000
vn 0.0392 0.0119 -0.9992
vn 0.0407 -0.0040 -0.9992
vn 0.0391 0.0119 -0.9992
vn 0.0317 0.0260 -0.9992
vn 0.0316 0.0259 -0.9992
vn 0.0193 0.0362 -0.9992
vn 0.0193 0.0361 -0.9992
vn 0.0040 0.0408 -0.9992
vn -0.0119 0.0393 -0.9992
vn -0.0261 0.0318 -0.9992
vn -0.0260 0.0317 -0.9992
vn -0.0362 0.0194 -0.9992
vn -0.0409 0.0040 -0.9992
vn -0.0393 -0.0119 -0.9992
vn -0.0317 -0.0260 -0.9992
vn -0.0193 -0.0361 -0.9992
vn -0.0193 -0.0362 -0.9992
vn -0.0040 -0.0407 -0.9992
vn -0.0040 -0.0408 -0.9992
vn 0.0119 -0.0391 -0.9992
vn 0.0119 -0.0392 -0.9992
vn 0.0259 -0.0316 -0.9992
vn 0.0360 -0.0193 -0.9992
vn -0.0118 0.0388 0.9992
vn -0.0191 -0.0358 0.9992
vn -0.0040 -0.0405 0.9992
vn -0.0192 -0.0359 0.9992
vn 0.0040 0.0404 0.9992
vn -0.0314 -0.0257 0.9992
vn -0.0314 -0.0258 0.9992
vn 0.0192 0.0359 0.9992
vn -0.0388 -0.0118 0.9992
vn 0.0405 -0.0040 0.9992
vn 0.0191 0.0358 0.9992
vn 0.0315 0.0258 0.9992
vn 0.0359 -0.0192 0.9992
vn 0.0314 0.0258 0.9992
vn -0.0403 0.0040 0.9992
vn 0.0390 0.0118 0.9992
vn -0.0404 0.0040 0.9992
vn 0.0258 -0.0315 0.9992
vn 0.0389 0.0118 0.9992
vn -0.0357 0.0191 0.9992
vn 0.0118 -0.0389 0.9992
vn 0.0118 -0.0390 0.9992
vn -0.0257 0.0313 0.9992
vn -0.0040 -0.0404 0.9992
vn 0.2874 0.9476 0.1397
vn 0.2780 0.9165 0.2875
vn 0.2875 0.9477 0.1389
vn 0.8729 0.4666 0.1429
vn 0.8439 0.4511 0.2904
vn 0.8730 0.4666 0.1422
vn -0.3832 0.9236 -0.0039
vn -0.3822 0.9241 -0.0037
vn -0.3820 0.9241 -0.0037
vn 0.6280 0.7652 0.1414
vn 0.6073 0.7400 0.2890
vn 0.6281 0.7653 0.1406
vn 0.1945 -0.9809 0.0031
vn 0.1935 -0.9811 0.0034
vn 0.1947 -0.9809 0.0030
vn -0.3808 0.9246 -0.0042
vn -0.3806 0.9247 -0.0042
vn -0.0719 0.0876 -0.9936
vn -0.5556 -0.8314 -0.0005
vn -0.5555 -0.8315 -0.0005
vn 0.1075 0.0326 0.9937
vn -0.7658 0.6285 0.1360
vn -0.7411 0.6082 0.2844
vn -0.7658 0.6285 0.1359
vn -0.4670 0.8736 0.1368
vn -0.4519 0.8454 0.2849
vn -0.4670 0.8737 0.1364
vn -0.0971 0.9856 0.1381
vn -0.0939 0.9536 0.2860
vn -0.0971 0.9857 0.1374
vn 0.5561 -0.8311 0.0044
vn 0.5551 -0.8318 0.0042
vn 0.5562 -0.8310 0.0044
vn -0.5553 -0.8316 -0.0005
vn -0.9539 -0.0940 0.2849
vn -0.9858 -0.0971 0.1368
vn -0.9859 -0.0971 0.1364
vn -0.9174 0.2783 0.2844
vn -0.9480 0.2876 0.1360
vn -0.9481 0.2876 0.1359
vn 0.5549 -0.8319 0.0043
vn 0.5536 -0.8327 0.0047
vn -0.0329 0.1084 -0.9936
vn -0.6076 -0.7404 0.2875
vn -0.6282 -0.7654 0.1397
vn -0.6282 -0.7655 0.1389
vn -0.8451 -0.4517 0.2860
vn -0.8735 -0.4669 0.1381
vn -0.8736 -0.4669 0.1374
vn 0.3826 0.9239 -0.0005
vn 0.3827 0.9239 -0.0005
vn 0.3828 0.9238 -0.0005
vn 0.0868 0.0712 0.9937
vn -0.9242 0.3820 -0.0050
vn -0.9236 0.3833 -0.0048
vn -0.9235 0.3835 -0.0048
vn 0.3829 0.9238 -0.0005
vn 0.7393 -0.6067 0.2921
vn 0.7649 -0.6277 0.1444
vn 0.7649 -0.6278 0.1443
vn 0.4509 -0.8436 0.2915
vn 0.4665 -0.8727 0.1439
vn 0.4665 -0.8728 0.1435
vn 0.0938 -0.9523 0.2904
vn 0.0970 -0.9850 0.1429
vn 0.0970 -0.9851 0.1422
vn -0.2779 -0.9161 0.2890
vn -0.2874 -0.9473 0.1414
vn -0.2874 -0.9474 0.1406
vn 0.9848 0.0970 0.1439
vn 0.9520 0.0938 0.2915
vn 0.9849 0.0970 0.1435
vn -0.9229 0.3851 -0.0054
vn -0.9228 0.3854 -0.0054
vn 0.9469 -0.2872 0.1444
vn 0.9152 -0.2776 0.2921
vn 0.9469 -0.2872 0.1443
vn 0.0111 0.1127 -0.9936
vn -0.8317 -0.5553 -0.0024
vn -0.8313 -0.5558 -0.0023
vn -0.8317 -0.5552 -0.0024
vn 0.0529 0.0989 0.9937
vn 0.9131 -0.2770 -0.2992
vn 0.9458 -0.2869 -0.1519
vn 0.9459 -0.2869 -0.1518
vn 0.9809 -0.1944 0.0048
vn 0.9807 -0.1957 0.0046
vn 0.9809 -0.1943 0.0048
vn -0.8312 -0.5559 -0.0023
vn -0.8308 -0.5566 -0.0025
vn 0.9494 0.0935 -0.2997
vn 0.9835 0.0969 -0.1527
vn 0.9836 0.0969 -0.1523
vn -0.2867 -0.9453 -0.1556
vn -0.2767 -0.9122 -0.3022
vn -0.2868 -0.9454 -0.1548
vn 0.0968 -0.9833 -0.1540
vn 0.0935 -0.9491 -0.3008
vn 0.0969 -0.9834 -0.1533
vn 0.4659 -0.8716 -0.1527
vn 0.4497 -0.8414 -0.2997
vn 0.4659 -0.8716 -0.1523
vn 0.7640 -0.6270 -0.1519
vn 0.7376 -0.6053 -0.2992
vn 0.7641 -0.6270 -0.1518
vn 0.9806 -0.1960 0.0046
vn 0.9803 -0.1976 0.0052
vn 0.0533 0.0998 -0.9936
vn 0.7073 0.7070 0.0014
vn 0.7070 0.7072 0.0014
vn 0.7069 0.7073 0.0014
vn 0.0110 0.1115 0.9937
vn -0.1949 -0.9808 0.0014
vn -0.1944 -0.9809 0.0016
vn -0.1943 -0.9809 0.0016
vn 0.7066 0.7076 0.0016
vn 0.7065 0.7077 0.0016
vn -0.0004 1.0000 -0.0024
vn -0.0012 1.0000 -0.0025
vn 0.0874 0.0717 -0.9936
vn -0.8707 -0.4654 -0.1587
vn -0.8399 -0.4489 -0.3052
vn -0.8708 -0.4655 -0.1580
vn -0.6265 -0.7634 -0.1573
vn -0.6044 -0.7365 -0.3037
vn -0.6266 -0.7635 -0.1564
vn -0.9809 -0.1945 -0.0039
vn -0.9807 -0.1956 -0.0037
vn -0.0325 0.1072 0.9937
vn 0.1956 -0.9807 0.0032
vn 0.1967 -0.9805 0.0034
vn 0.1969 -0.9804 0.0034
vn -0.9806 -0.1958 -0.0037
vn -0.9804 -0.1971 -0.0042
vn -0.9446 0.2865 -0.1603
vn -0.9108 0.2763 -0.3068
vn -0.9446 0.2865 -0.1601
vn -0.9824 -0.0968 -0.1598
vn -0.9474 -0.0933 -0.3062
vn -0.9825 -0.0968 -0.1593
vn -0.5558 -0.8313 -0.0005
vn 0.1081 0.0328 -0.9936
vn 0.9241 0.3822 0.0032
vn 0.9237 0.3831 0.0030
vn 0.9237 0.3832 0.0031
vn -0.0710 0.0865 0.9937
vn -0.0933 0.9477 -0.3052
vn -0.0968 0.9826 -0.1587
vn -0.0968 0.9827 -0.1580
vn -0.4488 0.8396 -0.3062
vn -0.4653 0.8706 -0.1598
vn -0.4654 0.8707 -0.1593
vn -0.7357 0.6038 -0.3068
vn -0.7630 0.6262 -0.1603
vn -0.7630 0.6262 -0.1601
vn 0.3825 0.9240 -0.0005
vn 0.9232 0.3842 0.0034
vn 0.9232 0.3844 0.0034
vn -0.8321 -0.5546 -0.0025
vn -0.8322 -0.5544 -0.0025
vn -0.9806 0.1958 -0.0048
vn -0.9809 0.1945 -0.0046
vn -0.9806 0.1959 -0.0048
vn -0.0987 0.0528 0.9937
vn 0.7076 0.7066 0.0015
vn 0.7073 0.7069 0.0015
vn -0.9809 0.1942 -0.0046
vn -0.9813 0.1926 -0.0051
vn -0.9812 -0.1931 -0.0041
vn -0.9812 -0.1929 -0.0042
vn 1.0000 -0.0007 0.0044
vn 1.0000 0.0006 0.0042
vn 1.0000 0.0008 0.0043
vn -0.1114 0.0110 0.9937
vn 0.6047 0.7369 -0.3022
vn 0.6267 0.7636 -0.1556
vn 0.6267 0.7637 -0.1548
vn 0.9245 0.3812 0.0034
vn 1.0000 0.0023 0.0047
vn 1.0000 0.0026 0.0048
vn 0.8411 0.4496 -0.3008
vn 0.8714 0.4658 -0.1540
vn 0.8715 0.4658 -0.1533
vn 0.2766 0.9117 -0.3037
vn 0.2867 0.9450 -0.1573
vn 0.2766 0.9117 -0.3038
vn 0.2867 0.9452 -0.1564
vn 0.7529 0.6179 0.2269
vn 0.6889 0.5654 0.4535
vn 0.7531 0.6180 0.2256
vn 0.4593 0.8592 0.2253
vn 0.4204 0.7866 0.4523
vn 0.4594 0.8595 0.2239
vn 0.0955 0.9700 0.2236
vn 0.0875 0.8882 0.4510
vn 0.0956 0.9703 0.2223
vn -0.2830 0.9330 0.2221
vn -0.2592 0.8546 0.4500
vn -0.2831 0.9333 0.2211
vn -0.6187 0.7539 0.2209
vn -0.5668 0.6906 0.4493
vn -0.6188 0.7540 0.2204
vn -0.8602 0.4598 0.2204
vn -0.7880 0.4212 0.4490
vn -0.8891 0.0876 0.4493
vn -0.9706 0.0956 0.2209
vn -0.9707 0.0956 0.2204
vn -0.8546 -0.2592 0.4500
vn -0.9330 -0.2830 0.2221
vn -0.9333 -0.2831 0.2211
vn -0.6899 -0.5662 0.4510
vn -0.7534 -0.6183 0.2236
vn -0.7537 -0.6185 0.2223
vn -0.4204 -0.7866 0.4523
vn -0.4593 -0.8592 0.2253
vn -0.4594 -0.8595 0.2239
vn -0.0874 -0.8869 0.4535
vn -0.0955 -0.9692 0.2269
vn -0.0955 -0.9695 0.2256
vn 0.2586 -0.8523 0.4546
vn 0.2826 -0.9317 0.2281
vn 0.2827 -0.9319 0.2271
vn 0.5648 -0.6882 0.4553
vn 0.6176 -0.7525 0.2288
vn 0.6176 -0.7526 0.2282
vn 0.7851 -0.4196 0.4556
vn 0.8585 -0.4589 0.2288
vn 0.9688 -0.0954 0.2288
vn 0.8860 -0.0873 0.4553
vn 0.9689 -0.0954 0.2282
vn 0.9317 0.2826 0.2281
vn 0.8523 0.2586 0.4546
vn 0.9319 0.2827 0.2271
vn 0.8486 0.2574 -0.4622
vn 0.9295 0.2820 -0.2377
vn 0.9297 0.2820 -0.2367
vn 0.8829 -0.0870 -0.4615
vn 0.9669 -0.0952 -0.2366
vn 0.9671 -0.0952 -0.2361
vn 0.8570 -0.4581 -0.2360
vn 0.7825 -0.4183 -0.4612
vn 0.6164 -0.7511 -0.2366
vn 0.5628 -0.6858 -0.4615
vn 0.6165 -0.7512 -0.2361
vn 0.2820 -0.9295 -0.2377
vn 0.2574 -0.8486 -0.4622
vn 0.2820 -0.9297 -0.2367
vn -0.0952 -0.9663 -0.2392
vn -0.0869 -0.8820 -0.4632
vn -0.0952 -0.9666 -0.2380
vn -0.4575 -0.8560 -0.2409
vn -0.4175 -0.7810 -0.4645
vn -0.4577 -0.8562 -0.2395
vn -0.7499 -0.6155 -0.2424
vn -0.6841 -0.5614 -0.4657
vn -0.7502 -0.6157 -0.2412
vn -0.9281 -0.2815 -0.2436
vn -0.8463 -0.2567 -0.4667
vn -0.9283 -0.2816 -0.2427
vn -0.9650 0.0950 -0.2443
vn -0.8798 0.0867 -0.4674
vn -0.8798 0.0866 -0.4674
vn -0.9652 0.0951 -0.2438
vn -0.7795 0.4167 -0.4676
vn -0.8552 0.4571 -0.2444
vn -0.5608 0.6834 -0.4674
vn -0.6152 0.7496 -0.2443
vn -0.6152 0.7497 -0.2438
vn -0.2567 0.8463 -0.4667
vn -0.2815 0.9281 -0.2436
vn -0.2816 0.9283 -0.2427
vn 0.0867 0.8807 -0.4657
vn 0.0951 0.9655 -0.2424
vn 0.0951 0.9658 -0.2412
vn 0.4175 0.7810 -0.4645
vn 0.4575 0.8560 -0.2409
vn 0.4577 0.8563 -0.2395
vn 0.6851 0.5622 -0.4632
vn 0.7506 0.6160 -0.2392
vn 0.7508 0.6162 -0.2380
vn -0.1000 0.0535 -0.9936
vn -0.7065 0.7077 -0.0046
vn -0.7053 0.7089 -0.0051
vn -0.7051 0.7091 -0.0052
vn 0.0004 1.0000 -0.0023
vn 0.0012 1.0000 -0.0025
vn 0.0014 1.0000 -0.0026
vn -0.7076 0.7066 -0.0048
vn -0.7067 0.7075 -0.0046
vn 0.0003 1.0000 -0.0023
vn -0.1128 0.0111 -0.9936
vn 0.8309 -0.5563 0.0048
vn 0.8300 -0.5577 0.0053
vn 0.8311 -0.5561 0.0048
vn -0.1953 -0.9807 0.0014
vn -0.1958 -0.9806 0.0016
vn 0.8319 -0.5549 0.0050
vn -0.1948 -0.9808 0.0015
vn -0.1084 -0.0329 -0.9936
vn -1.0000 0.0008 -0.0043
vn -1.0000 0.0023 -0.0048
vn -1.0000 0.0026 -0.0048
vn -1.0000 -0.0007 -0.0044
vn -1.0000 0.0006 -0.0042
vn -0.0875 -0.0718 -0.9936
vn -0.9241 -0.3821 -0.0031
vn -0.9245 -0.3812 -0.0034
vn -0.9246 -0.3810 -0.0035
vn -0.9237 -0.3831 -0.0032
vn -0.9240 -0.3823 -0.0030
vn -0.0533 -0.0998 -0.9936
vn 0.9809 0.1944 0.0037
vn 0.9812 0.1931 0.0042
vn 0.9809 0.1946 0.0037
vn 0.9807 0.1957 0.0039
vn -0.0111 -0.1125 -0.9936
vn -0.7073 -0.7069 -0.0014
vn -0.7077 -0.7066 -0.0016
vn -0.7077 -0.7065 -0.0016
vn -0.7069 -0.7073 -0.0014
vn -0.7072 -0.7070 -0.0014
vn 0.9813 -0.1927 0.0051
vn 0.9813 -0.1924 0.0051
vn 0.0328 -0.1081 -0.9936
vn 0.8317 0.5552 0.0023
vn 0.8321 0.5545 0.0025
vn 0.8316 0.5553 0.0023
vn -0.9249 0.3803 -0.0053
vn -0.9242 0.3819 -0.0050
vn 0.8313 0.5559 0.0024
vn 0.8312 0.5559 0.0024
vn 0.5575 -0.8302 0.0047
vn 0.5577 -0.8300 0.0047
vn 0.0716 -0.0873 -0.9936
vn -0.3826 -0.9239 0.0005
vn -0.3824 -0.9240 0.0005
vn -0.3845 0.9231 -0.0041
vn -0.3833 0.9236 -0.0039
vn -0.3828 -0.9238 0.0005
vn -0.7089 0.7053 -0.0051
vn -0.7077 0.7065 -0.0048
vn 0.0996 -0.0532 -0.9936
vn 0.5556 0.8314 0.0005
vn 0.5558 0.8313 0.0005
vn 0.8329 -0.5534 0.0053
vn 0.8331 -0.5532 0.0054
vn 0.5555 0.8315 0.0005
vn -1.0000 -0.0023 -0.0047
vn -1.0000 -0.0008 -0.0044
vn 0.1124 -0.0111 -0.9936
vn 0.0004 -1.0000 0.0023
vn 0.0012 -1.0000 0.0025
vn 0.0014 -1.0000 0.0026
vn -0.9232 -0.3842 -0.0034
vn -0.9237 -0.3832 -0.0032
vn 0.1119 -0.0110 0.9937
vn -0.0004 -1.0000 0.0024
vn 0.0003 -1.0000 0.0023
vn 0.9804 0.1971 0.0041
vn 0.9803 0.1973 0.0041
vn 0.1948 0.9808 -0.0014
vn 0.1943 0.9809 -0.0016
vn 0.1949 0.9808 -0.0014
vn -0.7066 -0.7076 -0.0015
vn -0.7069 -0.7073 -0.0015
vn 0.0992 -0.0530 0.9937
vn 0.1953 0.9807 -0.0014
vn 0.1953 0.9807 -0.0015
vn 0.8308 0.5566 0.0025
vn 0.8307 0.5567 0.0025
vn 0.3833 -0.9236 0.0037
vn 0.3846 -0.9231 0.0042
vn 0.3848 -0.9230 0.0042
vn -0.3829 -0.9238 0.0005
vn 0.0713 -0.0869 0.9937
vn 0.3821 -0.9241 0.0039
vn 0.3831 -0.9237 0.0037
vn 0.5554 0.8316 0.0005
vn 0.5553 0.8316 0.0005
vn -0.1957 0.9807 -0.0031
vn -0.1967 0.9805 -0.0034
vn -0.1955 0.9807 -0.0030
vn -0.0012 -1.0000 0.0025
vn 0.0326 -0.1075 0.9937
vn -0.1946 0.9809 -0.0032
vn 0.1958 0.9806 -0.0015
vn 0.1959 0.9806 -0.0016
vn 0.7077 -0.7065 0.0046
vn 0.7089 -0.7053 0.0052
vn 0.7091 -0.7051 0.0052
vn 0.3808 -0.9246 0.0041
vn -0.0110 -0.1117 0.9937
vn 0.7066 -0.7076 0.0048
vn 0.7075 -0.7066 0.0046
vn -0.1935 0.9811 -0.0034
vn -0.1933 0.9811 -0.0034
vn -0.5562 0.8310 -0.0043
vn -0.5575 0.8302 -0.0047
vn -0.5560 0.8311 -0.0042
vn 0.7053 -0.7089 0.0051
vn 0.7065 -0.7077 0.0048
vn -0.0529 -0.0989 0.9937
vn -0.5550 0.8318 -0.0044
vn -0.5549 0.8319 -0.0044
vn -0.5537 0.8327 -0.0047
vn -0.5535 0.8329 -0.0047
vn 0.9242 -0.3818 0.0048
vn 0.9249 -0.3803 0.0053
vn 0.9250 -0.3800 0.0054
vn 0.9236 -0.3834 0.0050
vn 0.9229 -0.3851 0.0053
vn -0.0866 -0.0711 0.9937
vn 0.9241 -0.3821 0.0048
vn -0.8310 0.5562 -0.0050
vn -0.8300 0.5577 -0.0053
vn -0.8299 0.5579 -0.0053
vn -0.8320 0.5548 -0.0048
vn -0.8329 0.5534 -0.0054
vn -0.8318 0.5550 -0.0048
vn 1.0000 -0.0023 0.0047
vn 1.0000 -0.0008 0.0044
vn -0.1072 -0.0325 0.9937
vn -0.8310 0.5563 -0.0050
vn -0.9803 0.1975 -0.0051
vn -0.9802 0.1978 -0.0051
vn 0.1933 -0.9811 0.0034
vn 0.5534 -0.8329 0.0048
vn -0.8307 -0.5567 -0.0026
vn 0.9802 -0.1978 0.0052
vn -0.0014 1.0000 -0.0025
vn -0.9803 -0.1973 -0.0042
vn 0.3824 0.9240 -0.0005
vn 0.7077 0.7065 0.0016
vn -0.9813 0.1924 -0.0052
vn 0.9246 0.3810 0.0034
vn -0.1000 0.0535 -0.9935
vn 0.8299 -0.5579 0.0054
vn -0.1959 -0.9806 0.0016
vn 0.9812 0.1929 0.0042
vn 0.8322 0.5544 0.0026
vn -0.9250 0.3800 -0.0054
vn -0.3847 0.9230 -0.0042
vn -0.7091 0.7051 -0.0051
vn -1.0000 -0.0025 -0.0047
vn -0.9232 -0.3844 -0.0034
vn 0.1942 0.9810 -0.0016
vn -0.7065 -0.7077 -0.0016
vn -0.3830 -0.9238 0.0005
vn -0.1969 0.9804 -0.0034
vn -0.0014 -1.0000 0.0025
vn 0.3806 -0.9247 0.0041
vn -0.5577 0.8300 -0.0048
vn 0.7051 -0.7091 0.0052
vn 0.9227 -0.3854 0.0054
vn -0.8331 0.5532 -0.0054
vn 1.0000 -0.0026 0.0047
vt 0.158491 0.932821
vt 0.236822 0.926542
vt 0.164577 0.949018
vt 0.141144 0.497956
vt 0.170140 0.518034
vt 0.139172 0.518034
vt 0.272475 0.481245
vt 0.260245 0.574143
vt 0.185908 0.517102
vt 0.314867 0.591543
vt 0.282148 0.578375
vt 0.293126 0.569490
vt 0.202555 0.613260
vt 0.228006 0.588844
vt 0.221839 0.619191
vt 0.141144 0.538112
vt 0.175607 0.545607
vt 0.146983 0.557424
vt 0.184794 0.432376
vt 0.214508 0.451376
vt 0.202075 0.458074
vt 0.281333 0.422434
vt 0.282148 0.457693
vt 0.269652 0.451114
vt 0.241907 0.621258
vt 0.256115 0.588977
vt 0.261994 0.619382
vt 0.156467 0.575230
vt 0.191182 0.569006
vt 0.169233 0.590852
vt 0.169233 0.445217
vt 0.182246 0.477997
vt 0.156467 0.460838
vt 0.261994 0.416686
vt 0.242054 0.445777
vt 0.241907 0.414810
vt 0.281333 0.613634
vt 0.299185 0.604235
vt 0.184794 0.603692
vt 0.214508 0.584692
vt 0.171520 0.532089
vt 0.175607 0.490462
vt 0.171520 0.503980
vt 0.202555 0.422808
vt 0.228006 0.447224
vt 0.299184 0.431833
vt 0.293126 0.466578
vt 0.242054 0.590291
vt 0.182246 0.558071
vt 0.191182 0.467062
vt 0.256115 0.447091
vt 0.269652 0.584954
vt 0.202075 0.577995
vt 0.146983 0.478645
vt 0.221839 0.416877
vt 0.355951 0.674789
vt 0.331741 0.729534
vt 0.331741 0.674789
vt 0.292802 0.853465
vt 0.265293 0.845822
vt 0.281298 0.833540
vt 0.272936 0.873331
vt 0.281561 0.862091
vt 0.267514 0.886421
vt 0.253011 0.861828
vt 0.265665 0.900469
vt 0.245291 0.880467
vt 0.245290 0.920471
vt 0.242657 0.900469
vt 0.272936 0.927606
vt 0.267514 0.914516
vt 0.265293 0.955115
vt 0.253011 0.939110
vt 0.281561 0.938847
vt 0.281298 0.967397
vt 0.356133 0.729666
vt 0.380343 0.674921
vt 0.380343 0.729666
vt 0.303026 0.871163
vt 0.283061 0.895406
vt 0.287456 0.870483
vt 0.322059 0.870992
vt 0.305232 0.896374
vt 0.346583 0.881324
vt 0.326898 0.891571
vt 0.331314 0.859962
vt 0.362945 0.866331
vt 0.351179 0.836287
vt 0.341247 0.848124
vt 0.360434 0.825257
vt 0.374868 0.847615
vt 0.382510 0.804279
vt 0.381542 0.826450
vt 0.353925 0.791268
vt 0.357298 0.806484
vt 0.304133 0.674789
vt 0.287130 0.729534
vt 0.287130 0.674789
vt 0.137404 0.836450
vt 0.214768 0.843977
vt 0.138260 0.850593
vt 0.162255 0.712532
vt 0.228028 0.753951
vt 0.156678 0.725557
vt 0.147576 0.752382
vt 0.224503 0.763524
vt 0.221476 0.773266
vt 0.169701 0.961063
vt 0.240512 0.935215
vt 0.215908 0.854115
vt 0.139844 0.864672
vt 0.144077 0.766112
vt 0.218956 0.783151
vt 0.175200 0.973990
vt 0.244471 0.944522
vt 0.217571 0.864180
vt 0.142154 0.878651
vt 0.141291 0.780004
vt 0.216950 0.793154
vt 0.248430 0.953829
vt 0.180699 0.986916
vt 0.219752 0.874145
vt 0.145183 0.892492
vt 0.139226 0.794021
vt 0.215464 0.803246
vt 0.252120 0.962501
vt 0.185823 0.998961
vt 0.148922 0.906158
vt 0.222444 0.883985
vt 0.214500 0.813402
vt 0.137888 0.808126
vt 0.175388 0.687433
vt 0.252120 0.704389
vt 0.241500 0.726502
vt 0.153362 0.919613
vt 0.225641 0.893672
vt 0.214062 0.823594
vt 0.137280 0.822282
vt 0.236539 0.735416
vt 0.168497 0.699813
vt 0.229334 0.903182
vt 0.214152 0.833795
vt 0.232044 0.744574
vt 0.151780 0.738852
vt 0.296054 0.819148
vt 0.237437 0.785305
vt 0.256976 0.751463
vt 0.352529 0.647548
vt 0.331923 0.674921
vt 0.335527 0.647548
vt 0.368952 0.643148
vt 0.356133 0.674921
vt 0.368770 0.761307
vt 0.355951 0.729534
vt 0.379336 0.735800
vt 0.335345 0.756907
vt 0.352347 0.756907
vt 0.287312 0.729666
vt 0.304315 0.674921
vt 0.304315 0.729666
vt 0.270310 0.729666
vt 0.287312 0.674921
vt 0.331923 0.729666
vt 0.270128 0.729534
vt 0.270128 0.674789
vt 0.380161 0.674789
vt 0.304133 0.729534
vt 0.956039 0.781802
vt 0.893884 0.852332
vt 0.932111 0.769751
vt 0.890865 0.898939
vt 0.857526 0.982512
vt 0.833885 0.894386
vt 0.319939 0.846194
vt 0.299937 0.825820
vt 0.319939 0.823187
vt 0.305892 0.848043
vt 0.292802 0.947472
vt 0.305892 0.952894
vt 0.319939 0.954743
vt 0.299937 0.975117
vt 0.319939 0.977751
vt 0.933060 0.769976
vt 0.879378 0.743141
vt 0.935547 0.750207
vt 0.895048 0.851037
vt 0.836230 0.865353
vt 0.838153 0.845521
vt 0.835472 0.874525
vt 0.892452 0.879077
vt 0.937430 0.723339
vt 0.878987 0.736985
vt 0.881155 0.717178
vt 0.876891 0.762910
vt 0.027237 0.272773
vt 0.355043 0.316332
vt 0.012606 0.315985
vt 0.038157 0.252523
vt 0.369674 0.273121
vt 0.023486 0.336257
vt 0.355043 0.336257
vt 0.038551 0.379319
vt 0.370109 0.379319
vt 0.039338 0.273096
vt 0.371101 0.252831
vt 0.371122 0.272756
vt 0.024232 0.316144
vt 0.356037 0.335729
vt 0.013381 0.336432
vt 0.356017 0.315804
vt 0.028138 0.379600
vt 0.370794 0.378897
vt 0.324265 0.104617
vt 0.404101 0.124543
vt 0.324265 0.124542
vt 0.404102 0.106439
vt 0.324265 0.126364
vt 0.324265 0.106439
vt 0.030359 0.208893
vt 0.000348 0.124541
vt 0.030359 0.020265
vt 0.351027 0.029399
vt 0.351594 0.009483
vt 0.030927 0.000348
vt 0.000348 0.104616
vt 0.030359 0.022088
vt 0.351026 0.031221
vt 0.000348 0.106440
vt 0.351594 0.221499
vt 0.030359 0.210717
vt 0.351027 0.201582
vt 0.000348 0.126365
vt 0.835720 0.899164
vt 0.889841 0.897450
vt 0.912984 0.985458
vt 0.589710 0.208842
vt 0.475662 0.169892
vt 0.475662 0.130942
vt 0.833846 0.892038
vt 0.883411 0.716663
vt 0.938656 0.723597
vt 0.938656 0.977793
vt 0.915886 0.891205
vt 0.935261 0.743146
vt 0.876765 0.763676
vt 0.830450 0.847439
vt 0.837807 0.847835
vt 0.826533 0.891137
vt 0.876003 0.715704
vt 0.869336 0.762890
vt 0.873627 0.770455
vt 0.588812 0.132482
vt 0.475302 0.105696
vt 0.589350 0.105696
vt 0.589171 0.104156
vt 0.475123 0.104156
vt 0.589171 0.027512
vt 0.475662 0.000739
vt 0.589710 0.000738
vt 0.588811 0.001021
vt 0.475302 0.027795
vt 0.474763 0.001022
vt 0.440380 0.027718
vt 0.408834 0.001132
vt 0.439841 0.000945
vt 0.458631 0.202443
vt 0.451948 0.155304
vt 0.474764 0.132481
vt 0.459169 0.099011
vt 0.452487 0.050608
vt 0.409194 0.027402
vt 0.440740 0.000816
vt 0.440201 0.027590
vt 0.374265 0.027129
vt 0.391010 0.000424
vt 0.391728 0.027205
vt 0.408476 0.000620
vt 0.457662 0.027580
vt 0.458200 0.000806
vt 0.475123 0.027512
vt 0.408116 0.027914
vt 0.391369 0.001329
vt 0.390650 0.028110
vt 0.373906 0.001405
vt 0.457840 0.027728
vt 0.457302 0.000954
vt 0.475123 0.065834
vt 0.458990 0.034194
vt 0.452308 0.081333
vt 0.458990 0.097471
vt 0.452308 0.050325
vt 0.459529 0.137626
vt 0.452846 0.153764
vt 0.459529 0.202160
vt 0.475662 0.208842
vt 0.452846 0.186029
vt 0.304147 0.812937
vt 0.327305 0.795419
vt 0.327305 0.804844
vt 0.327305 0.785305
vt 0.304147 0.785305
vt 0.327305 0.775191
vt 0.304147 0.757673
vt 0.327305 0.765766
vt 0.189563 0.503461
vt 0.196624 0.491231
vt 0.206610 0.481245
vt 0.218840 0.474184
vt 0.232481 0.470528
vt 0.246604 0.470528
vt 0.260245 0.474183
vt 0.282461 0.491230
vt 0.289522 0.503461
vt 0.293177 0.517102
vt 0.293177 0.531224
vt 0.289522 0.544865
vt 0.282461 0.557095
vt 0.272475 0.567081
vt 0.246604 0.577798
vt 0.232482 0.577798
vt 0.218841 0.574143
vt 0.206610 0.567081
vt 0.196624 0.557095
vt 0.189563 0.544865
vt 0.185908 0.531224
vt 0.314867 0.444525
vt 0.377707 0.782613
vt 0.183637 0.672223
vt 0.266401 0.747559
vt 0.276515 0.746227
vt 0.286629 0.747559
vt 0.296054 0.751463
vt 0.286629 0.823051
vt 0.276515 0.824383
vt 0.266401 0.823051
vt 0.256976 0.819147
vt 0.248883 0.812937
vt 0.242673 0.804844
vt 0.238769 0.795419
vt 0.238769 0.775191
vt 0.242673 0.765766
vt 0.248883 0.757673
vt 0.379518 0.668655
vt 0.270310 0.674921
vt 0.380161 0.729534
vt 0.918428 0.863051
vt 0.914063 0.985413
vt 0.893125 0.870869
vt 0.369714 0.253196
vt 0.028445 0.252831
vt 0.404101 0.104618
vt 0.404102 0.126364
vt 0.351026 0.199760
vt 0.030927 0.230633
vt 0.857431 0.981727
vt 0.855531 0.974503
vt 0.589710 0.130942
vt 0.828132 0.874130
vt 0.828935 0.864453
vt 0.872190 0.742210
vt 0.871778 0.736223
vt 0.840903 0.841148
vt 0.589350 0.027795
vt 0.588811 0.209125
vt 0.474764 0.209125
vt 0.451948 0.186312
vt 0.458631 0.139166
vt 0.452487 0.082873
vt 0.459169 0.034477
vt 0.373547 0.000348
vt 0.373188 0.028186
vt 0.071802 0.403474
vt 0.085879 0.981510
vt 0.072027 0.979730
vt 0.057838 0.403204
vt 0.058079 0.978995
vt 0.044131 0.979741
vt 0.030281 0.981533
vt 0.043874 0.403485
vt 0.016430 0.983325
vt 0.029923 0.404157
vt 0.113680 0.984027
vt 0.127630 0.404792
vt 0.127630 0.983289
vt 0.099703 0.404793
vt 0.099731 0.983290
vt 0.085753 0.404133
vt 0.984733 0.357220
vt 0.961131 0.475824
vt 0.961131 0.357220
vt 0.616959 0.323785
vt 0.553909 0.274002
vt 0.638455 0.290060
vt 0.735649 0.249787
vt 0.703948 0.185710
vt 0.755537 0.218417
vt 0.684060 0.217080
vt 0.668548 0.356492
vt 0.690044 0.322768
vt 0.828763 0.357220
vt 0.808055 0.475824
vt 0.808055 0.357220
vt 0.704386 0.019305
vt 0.725304 0.082156
vt 0.659530 0.105997
vt 0.931778 0.357220
vt 0.911070 0.475824
vt 0.911070 0.357220
vt 0.881717 0.357220
vt 0.881717 0.475824
vt 0.858115 0.475824
vt 0.828762 0.475824
vt 0.778702 0.357220
vt 0.778702 0.475824
vt 0.858116 0.357220
vt 0.997191 0.332046
vt 0.780315 0.302446
vt 0.997191 0.302446
vt 0.780315 0.234672
vt 0.997191 0.137298
vt 0.780315 0.137298
vt 0.780315 0.069524
vt 0.996757 0.332673
vt 0.779881 0.303073
vt 0.996758 0.303073
vt 0.996758 0.167525
vt 0.779881 0.137925
vt 0.996758 0.137925
vt 0.997191 0.166898
vt 0.654309 0.137298
vt 0.749192 0.166898
vt 0.654309 0.166898
vt 0.653875 0.167525
vt 0.748758 0.137925
vt 0.748758 0.167525
vt 0.764320 0.332673
vt 0.748758 0.303073
vt 0.764320 0.303073
vt 0.749192 0.302446
vt 0.764754 0.332046
vt 0.749192 0.332046
vt 0.764754 0.302446
vt 0.780315 0.332046
vt 0.764320 0.167525
vt 0.764320 0.137925
vt 0.779881 0.167525
vt 0.780315 0.166898
vt 0.764754 0.137298
vt 0.764754 0.166898
vt 0.749192 0.137298
vt 0.779881 0.070151
vt 0.779881 0.332673
vt 0.765504 0.173480
vt 0.779881 0.235299
vt 0.779881 0.002377
vt 0.765504 0.008333
vt 0.765504 0.297118
vt 0.759549 0.282741
vt 0.759549 0.187857
vt 0.759549 0.022710
vt 0.759549 0.117593
vt 0.765504 0.131970
vt 0.780315 0.001750
vt 0.765938 0.007705
vt 0.759983 0.022082
vt 0.765938 0.131343
vt 0.759983 0.116966
vt 0.765938 0.172853
vt 0.759983 0.187230
vt 0.765938 0.296490
vt 0.759983 0.282114
vt 0.740296 0.392630
vt 0.710143 0.414319
vt 0.630014 0.416402
vt 0.578425 0.383695
vt 0.610616 0.382179
vt 0.607502 0.367837
vt 0.613886 0.357912
vt 0.628228 0.354798
vt 0.636936 0.360398
vt 0.619324 0.387780
vt 0.640050 0.374741
vt 0.633666 0.384666
vt 0.997191 0.001750
vt 0.653875 0.137925
vt 0.748758 0.332673
vt 0.996758 0.002377
vt 0.015973 0.404828
vt 0.113666 0.405066
vt 0.984733 0.475824
vt 0.546978 0.310493
vt 0.638612 0.085079
vt 0.638612 0.043146
vt 0.662453 0.019305
vt 0.725304 0.040223
vt 0.701463 0.105997
vt 0.931778 0.475824
vt 0.462786 0.548643
vt 0.504803 0.522010
vt 0.504802 0.548643
vt 0.462786 0.522010
vt 0.504802 0.495378
vt 0.462786 0.495378
vt 0.504803 0.468745
vt 0.462786 0.468745
vt 0.504803 0.442112
vt 0.462786 0.442112
vt 0.504803 0.415480
vt 0.462786 0.415480
vt 0.504803 0.388847
vt 0.462786 0.388847
vt 0.504803 0.362214
vt 0.462786 0.362214
vt 0.504803 0.335581
vt 0.462786 0.335581
vt 0.504803 0.308949
vt 0.462786 0.308949
vt 0.504803 0.282316
vt 0.462786 0.282316
vt 0.504803 0.255684
vt 0.752572 0.761246
vt 0.714721 0.764886
vt 0.735466 0.744140
vt 0.756212 0.723395
vt 0.776049 0.743232
vt 0.462786 0.841603
vt 0.504803 0.814970
vt 0.504803 0.841603
vt 0.462786 0.814970
vt 0.504803 0.788337
vt 0.462786 0.788337
vt 0.504803 0.761704
vt 0.462786 0.761705
vt 0.504803 0.735072
vt 0.462786 0.735072
vt 0.504803 0.708439
vt 0.462786 0.708439
vt 0.504803 0.681806
vt 0.462786 0.681806
vt 0.504803 0.655174
vt 0.462786 0.655174
vt 0.504803 0.628541
vt 0.462786 0.628541
vt 0.504803 0.601908
vt 0.874472 0.666967
vt 0.894344 0.657632
vt 0.909258 0.657632
vt 0.874472 0.535011
vt 0.945275 0.544332
vt 0.909258 0.544346
vt 0.462786 0.601908
vt 0.504803 0.575276
vt 0.462786 0.575276
vt 0.929130 0.666439
vt 0.858327 0.657118
vt 0.894344 0.657104
vt 0.874472 0.534483
vt 0.945275 0.543804
vt 0.909258 0.543818
vt 0.827074 0.686744
vt 0.789223 0.690384
vt 0.809968 0.669638
vt 0.809060 0.710221
vt 0.701547 0.817734
vt 0.734558 0.784723
vt 0.830714 0.648893
vt 0.850551 0.668730
vt 0.462786 0.255683
vt 0.923664 0.653771
vt 0.929130 0.666967
vt 0.911122 0.671792
vt 0.892480 0.671792
vt 0.858327 0.657646
vt 0.867022 0.646314
vt 0.879938 0.653771
vt 0.856476 0.635768
vt 0.845144 0.644463
vt 0.835823 0.628318
vt 0.830998 0.610310
vt 0.830998 0.591667
vt 0.835823 0.573660
vt 0.845144 0.557514
vt 0.858327 0.544332
vt 0.892480 0.530185
vt 0.911122 0.530185
vt 0.929130 0.535011
vt 0.958458 0.557514
vt 0.967779 0.573660
vt 0.972604 0.591667
vt 0.972604 0.610310
vt 0.967779 0.628318
vt 0.958458 0.644463
vt 0.945275 0.657646
vt 0.936580 0.646314
vt 0.947126 0.635768
vt 0.849018 0.622852
vt 0.845158 0.608446
vt 0.954584 0.622852
vt 0.845158 0.593532
vt 0.958444 0.608446
vt 0.958444 0.593532
vt 0.849018 0.579126
vt 0.856476 0.566209
vt 0.954584 0.579126
vt 0.867022 0.555663
vt 0.947126 0.566209
vt 0.936580 0.555663
vt 0.879938 0.548206
vt 0.894344 0.544346
vt 0.923664 0.548206
vt 0.909258 0.657104
vt 0.923664 0.653244
vt 0.911122 0.671264
vt 0.892480 0.671264
vt 0.874472 0.666439
vt 0.867022 0.645787
vt 0.879938 0.653244
vt 0.856476 0.635241
vt 0.845144 0.643935
vt 0.835823 0.627790
vt 0.830998 0.609783
vt 0.830998 0.591140
vt 0.835823 0.573132
vt 0.845144 0.556987
vt 0.858327 0.543804
vt 0.892480 0.529658
vt 0.911122 0.529658
vt 0.929130 0.534483
vt 0.958458 0.556987
vt 0.967779 0.573132
vt 0.972604 0.591140
vt 0.972604 0.609783
vt 0.967779 0.627790
vt 0.958458 0.643935
vt 0.945275 0.657118
vt 0.936580 0.645787
vt 0.947127 0.635241
vt 0.849018 0.622324
vt 0.845158 0.607918
vt 0.954584 0.622324
vt 0.845158 0.593004
vt 0.958444 0.607918
vt 0.958444 0.593004
vt 0.849018 0.578598
vt 0.856476 0.565682
vt 0.954584 0.578598
vt 0.867022 0.555136
vt 0.947126 0.565682
vt 0.936580 0.555136
vt 0.879938 0.547679
vt 0.894344 0.543818
vt 0.923664 0.547679
vt 0.681710 0.797897
vt 0.463198 0.188097
vt 0.370971 0.188097
vt 0.463198 0.172459
vt 0.463198 0.203734
vt 0.370971 0.172460
vt 0.370971 0.203734
vt 0.463198 0.156822
vt 0.463198 0.219372
vt 0.370971 0.156822
vt 0.370971 0.219372
vt 0.463198 0.235009
vt 0.370971 0.235009
vt 0.463198 0.141185
vt 0.370971 0.141185
vt 0.463198 0.250647
vt 0.370971 0.250647
vt 0.463198 0.125547
vt 0.370971 0.125547
vt 0.463198 0.109910
vt 0.463198 0.266284
vt 0.370971 0.109910
vt 0.370971 0.266284
vt 0.463198 0.281921
vt 0.463197 0.094272
vt 0.370971 0.094272
vt 0.370971 0.281921
vt 0.463198 0.078635
vt 0.370971 0.297559
vt 0.370971 0.078635
vt 0.463198 0.297559
vt 0.463197 0.062998
vt 0.370971 0.062998
vt 0.463198 0.313196
vt 0.370971 0.313196
vt 0.463198 0.328834
vt 0.463197 0.047360
vt 0.370971 0.047360
vt 0.370971 0.328834
vt 0.463198 0.344471
vt 0.370971 0.344471
vt 0.463197 0.031723
vt 0.370971 0.547757
vt 0.370971 0.532120
vt 0.463197 0.532120
vt 0.463197 0.516482
vt 0.463198 0.360108
vt 0.370971 0.516482
vt 0.370971 0.360108
vt 0.463197 0.500845
vt 0.463198 0.375746
vt 0.370971 0.375746
vt 0.370971 0.500845
vt 0.463198 0.391383
vt 0.463198 0.485208
vt 0.370971 0.391383
vt 0.370971 0.485208
vt 0.463198 0.407021
vt 0.463198 0.469570
vt 0.370971 0.407021
vt 0.370971 0.469570
vt 0.463198 0.422658
vt 0.463198 0.453933
vt 0.370971 0.453933
vt 0.370971 0.422658
vt 0.463198 0.438295
vt 0.370971 0.438295
vt 0.053261 0.802122
vt 0.035664 0.793556
vt 0.055556 0.793556
vt 0.037959 0.859227
vt 0.018438 0.857847
vt 0.024708 0.851577
vt 0.017057 0.823024
vt 0.008492 0.840620
vt 0.008492 0.820729
vt 0.074163 0.838325
vt 0.072783 0.857847
vt 0.066512 0.851576
vt 0.072783 0.803502
vt 0.066512 0.809773
vt 0.017057 0.838325
vt 0.759651 0.236742
vt 0.751085 0.219145
vt 0.759651 0.221440
vt 0.055556 0.867793
vt 0.053261 0.859227
vt 0.074163 0.823024
vt 0.082729 0.820729
vt 0.024708 0.809773
vt 0.037959 0.802122
vt 0.035664 0.867793
vt 0.082729 0.840620
vt 0.915727 0.083729
vt 0.938390 0.068427
vt 0.938390 0.083729
vt 0.915727 0.114331
vt 0.938390 0.099030
vt 0.938390 0.114331
vt 0.915727 0.144934
vt 0.938390 0.129633
vt 0.938390 0.144934
vt 0.385927 0.944544
vt 0.411633 0.913230
vt 0.411633 0.944544
vt 0.915727 0.175537
vt 0.938390 0.160235
vt 0.938390 0.175537
vt 0.915727 0.206139
vt 0.938390 0.190838
vt 0.938390 0.206139
vt 0.915727 0.236742
vt 0.938390 0.221440
vt 0.938390 0.236742
vt 0.392729 0.626002
vt 0.367023 0.587929
vt 0.392729 0.587929
vt 0.392739 0.626370
vt 0.367033 0.588297
vt 0.392739 0.588297
vt 0.392570 0.626370
vt 0.366864 0.588297
vt 0.392570 0.588297
vt 0.392065 0.586984
vt 0.366359 0.625057
vt 0.366358 0.586984
vt 0.392475 0.625222
vt 0.366769 0.587149
vt 0.392475 0.587149
vt 0.098480 0.984914
vt 0.128781 0.934861
vt 0.131181 0.983294
vt 0.324552 0.774464
vt 0.350258 0.659558
vt 0.350258 0.774464
vt 0.325226 0.775777
vt 0.350932 0.660871
vt 0.350932 0.775777
vt 0.411623 0.944176
vt 0.385917 0.912862
vt 0.411623 0.912862
vt 0.367033 0.731655
vt 0.367033 0.626370
vt 0.385758 0.944544
vt 0.411464 0.913230
vt 0.411464 0.944544
vt 0.385663 0.943396
vt 0.411369 0.912082
vt 0.411369 0.943396
vt 0.350258 0.928233
vt 0.324552 0.887298
vt 0.350258 0.887298
vt 0.325226 0.929546
vt 0.350932 0.888611
vt 0.350932 0.929546
vt 0.308861 0.730507
vt 0.324962 0.659723
vt 0.324962 0.774630
vt 0.203015 0.712239
vt 0.172547 0.742163
vt 0.169824 0.687207
vt 0.206741 0.688296
vt 0.167800 0.646359
vt 0.366769 0.730507
vt 0.392475 0.730507
vt 0.089444 0.802547
vt 0.096080 0.936481
vt 0.173330 0.559910
vt 0.134555 0.601420
vt 0.143669 0.554187
vt 0.137123 0.688827
vt 0.135099 0.647979
vt 0.350668 0.659723
vt 0.366769 0.625222
vt 0.375723 0.796911
vt 0.350668 0.774630
vt 0.375723 0.734902
vt 0.299907 0.796911
vt 0.324962 0.817830
vt 0.367023 0.731287
vt 0.392729 0.731287
vt 0.379575 0.815542
vt 0.405282 0.802674
vt 0.405282 0.815542
vt 0.352735 0.927365
vt 0.327029 0.886430
vt 0.352735 0.886430
vt 0.350668 0.849941
vt 0.350668 0.817830
vt 0.309115 0.731287
vt 0.325216 0.660503
vt 0.325216 0.775409
vt 0.282497 0.890651
vt 0.325216 0.850721
vt 0.325216 0.888243
vt 0.393641 0.890651
vt 0.350922 0.850721
vt 0.393641 0.836793
vt 0.375977 0.797691
vt 0.350922 0.775409
vt 0.375977 0.735682
vt 0.405536 0.816322
vt 0.379829 0.803453
vt 0.405536 0.803453
vt 0.350922 0.660503
vt 0.325216 0.929178
vt 0.350922 0.888243
vt 0.350922 0.929178
vt 0.350922 0.818610
vt 0.379839 0.816690
vt 0.405545 0.803821
vt 0.405545 0.816690
vt 0.325226 0.851088
vt 0.350932 0.818978
vt 0.350932 0.851088
vt 0.375987 0.798059
vt 0.375987 0.736050
vt 0.392739 0.731655
vt 0.366864 0.731655
vt 0.392570 0.731655
vt 0.300171 0.798059
vt 0.325226 0.818978
vt 0.308957 0.731655
vt 0.325057 0.660871
vt 0.325057 0.775777
vt 0.300003 0.798059
vt 0.325057 0.818978
vt 0.350764 0.660871
vt 0.366864 0.626370
vt 0.375818 0.798059
vt 0.350764 0.775777
vt 0.375818 0.736050
vt 0.379671 0.816690
vt 0.405377 0.803821
vt 0.405377 0.816690
vt 0.350764 0.929546
vt 0.325057 0.888611
vt 0.350764 0.888611
vt 0.350764 0.851089
vt 0.350764 0.818978
vt 0.308451 0.730342
vt 0.324552 0.659558
vt 0.299497 0.796746
vt 0.324552 0.817665
vt 0.324552 0.849775
vt 0.350258 0.817665
vt 0.350258 0.849775
vt 0.392065 0.730342
vt 0.392065 0.625057
vt 0.385253 0.943231
vt 0.410959 0.911917
vt 0.410959 0.943231
vt 0.404872 0.815377
vt 0.379166 0.802508
vt 0.404872 0.802508
vt 0.851024 0.083729
vt 0.915727 0.068427
vt 0.052560 0.968036
vt 0.067012 0.952734
vt 0.067012 0.968036
vt 0.851024 0.099030
vt 0.915727 0.099030
vt 0.052560 0.983337
vt 0.067012 0.983337
vt 0.851024 0.114331
vt 0.948007 0.533596
vt 0.557964 0.479113
vt 0.948007 0.479114
vt 0.851024 0.129633
vt 0.915727 0.129633
vt 0.021310 0.952709
vt 0.035762 0.937407
vt 0.035762 0.952709
vt 0.851024 0.144934
vt 0.021310 0.968010
vt 0.035762 0.968010
vt 0.851024 0.160235
vt 0.915727 0.160235
vt 0.021310 0.983311
vt 0.035762 0.983311
vt 0.851024 0.175537
vt 0.488059 0.282086
vt 0.520375 0.063579
vt 0.520375 0.282086
vt 0.915727 0.190838
vt 0.051522 0.897372
vt 0.066823 0.882920
vt 0.066823 0.897372
vt 0.851024 0.206139
vt 0.036221 0.897372
vt 0.051522 0.882920
vt 0.851024 0.221440
vt 0.915727 0.221440
vt 0.020919 0.882920
vt 0.020919 0.897372
vt 0.851024 0.236742
vt 0.589753 0.276734
vt 0.620275 0.058228
vt 0.620275 0.276734
vt 0.851024 0.068427
vt 0.915727 0.053126
vt 0.836572 0.068427
vt 0.851024 0.053126
vt 0.526915 0.058228
vt 0.494599 0.027706
vt 0.526916 0.027706
vt 0.557964 0.309259
vt 0.503482 0.366945
vt 0.503482 0.309259
vt 0.488059 0.033057
vt 0.520375 0.033058
vt 0.557437 0.058228
vt 0.589753 0.058228
vt 0.583213 0.282086
vt 0.613735 0.063579
vt 0.613735 0.282086
vt 0.526915 0.276734
vt 0.494599 0.058228
vt 0.948007 0.421428
vt 0.557964 0.421427
vt 0.557437 0.276734
vt 0.557964 0.366945
vt 0.948007 0.366945
vt 0.948007 0.309259
vt 0.550897 0.063579
vt 0.550897 0.282086
vt 0.583213 0.063579
vt 0.209319 0.591439
vt 0.163364 0.604294
vt 0.379575 0.802674
vt 0.393387 0.889871
vt 0.393387 0.836013
vt 0.296055 0.815542
vt 0.324962 0.849941
vt 0.282243 0.889871
vt 0.324962 0.887463
vt 0.379829 0.816322
vt 0.296309 0.816322
vt 0.325216 0.818610
vt 0.300161 0.797691
vt 0.296319 0.816690
vt 0.282507 0.891019
vt 0.325226 0.888611
vt 0.379839 0.803821
vt 0.393651 0.891019
vt 0.393651 0.837161
vt 0.379671 0.803821
vt 0.393483 0.891019
vt 0.393483 0.837161
vt 0.296150 0.816690
vt 0.325057 0.851089
vt 0.282338 0.891019
vt 0.295645 0.815377
vt 0.281833 0.889706
vt 0.139846 0.743783
vt 0.147088 0.889956
vt 0.759651 0.083729
vt 0.836572 0.083729
vt 0.759651 0.099030
vt 0.836572 0.099030
vt 0.759651 0.114331
vt 0.836572 0.114331
vt 0.759651 0.129633
vt 0.836572 0.129633
vt 0.759651 0.144934
vt 0.836572 0.144934
vt 0.759651 0.160235
vt 0.836572 0.160235
vt 0.759651 0.175536
vt 0.836572 0.175537
vt 0.836572 0.190838
vt 0.759651 0.206139
vt 0.836572 0.206139
vt 0.836572 0.221441
vt 0.836572 0.236742
vt 0.759651 0.068427
vt 0.836573 0.053126
vt 0.904258 0.728522
vt 0.918833 0.703896
vt 0.913384 0.731290
vt 0.674265 0.605589
vt 0.686645 0.579788
vt 0.692694 0.587160
vt 0.894285 0.752601
vt 0.902695 0.757096
vt 0.709869 0.564270
vt 0.714364 0.572680
vt 0.879805 0.774271
vt 0.887177 0.780320
vt 0.735674 0.553581
vt 0.738442 0.562707
vt 0.861377 0.792700
vt 0.867426 0.800071
vt 0.764004 0.557622
vt 0.763069 0.548132
vt 0.714364 0.807179
vt 0.735675 0.826278
vt 0.709869 0.815589
vt 0.839707 0.807179
vt 0.844202 0.815589
vt 0.791001 0.548132
vt 0.790067 0.557622
vt 0.692694 0.792700
vt 0.686645 0.800071
vt 0.815628 0.817153
vt 0.818396 0.826278
vt 0.818396 0.553581
vt 0.815628 0.562706
vt 0.666894 0.780321
vt 0.674265 0.774271
vt 0.790066 0.822237
vt 0.791001 0.831727
vt 0.844202 0.564270
vt 0.839706 0.572680
vt 0.651376 0.757096
vt 0.659786 0.752601
vt 0.764004 0.822237
vt 0.763070 0.831727
vt 0.867426 0.579788
vt 0.861377 0.587160
vt 0.640687 0.731291
vt 0.649812 0.728523
vt 0.738443 0.817153
vt 0.879805 0.605589
vt 0.887177 0.599539
vt 0.635238 0.703896
vt 0.644728 0.702961
vt 0.894285 0.627259
vt 0.902695 0.622764
vt 0.635238 0.675964
vt 0.644728 0.676899
vt 0.904258 0.651337
vt 0.913384 0.648569
vt 0.640687 0.648569
vt 0.649812 0.651337
vt 0.909343 0.676899
vt 0.918833 0.675964
vt 0.651376 0.622764
vt 0.659786 0.627259
vt 0.909343 0.702961
vt 0.666894 0.599539
vt 0.838989 0.809207
vt 0.866361 0.801933
vt 0.843243 0.817380
vt 0.814910 0.819181
vt 0.817556 0.828020
vt 0.790287 0.833444
vt 0.789349 0.824265
vt 0.762483 0.833444
vt 0.763286 0.824265
vt 0.735214 0.828020
vt 0.737725 0.819181
vt 0.709527 0.817380
vt 0.713646 0.809207
vt 0.686409 0.801933
vt 0.691976 0.794728
vt 0.666749 0.782273
vt 0.673547 0.776299
vt 0.651302 0.759155
vt 0.659068 0.754629
vt 0.640662 0.733468
vt 0.649094 0.730550
vt 0.635238 0.706199
vt 0.644010 0.704989
vt 0.635238 0.678395
vt 0.644010 0.678926
vt 0.640662 0.651126
vt 0.649094 0.653365
vt 0.651302 0.625439
vt 0.659068 0.629286
vt 0.666749 0.602321
vt 0.673547 0.607616
vt 0.686409 0.582661
vt 0.691976 0.589188
vt 0.709527 0.567214
vt 0.713646 0.574708
vt 0.735214 0.556574
vt 0.737725 0.564735
vt 0.762483 0.551150
vt 0.763286 0.559650
vt 0.789349 0.559650
vt 0.790287 0.551150
vt 0.814910 0.564735
vt 0.817556 0.556574
vt 0.838989 0.574708
vt 0.843243 0.567214
vt 0.860659 0.589188
vt 0.866361 0.582661
vt 0.879088 0.607616
vt 0.886021 0.602321
vt 0.893567 0.629287
vt 0.901468 0.625439
vt 0.903541 0.653365
vt 0.912108 0.651126
vt 0.908625 0.678927
vt 0.917532 0.678395
vt 0.908625 0.704989
vt 0.917532 0.706199
vt 0.903541 0.730551
vt 0.912108 0.733468
vt 0.893567 0.754629
vt 0.901468 0.759155
vt 0.879087 0.776299
vt 0.886021 0.782273
vt 0.860659 0.794728
vt 0.220160 0.554180
vt 0.099658 0.565221
vt 0.106630 0.529090
vt 0.350668 0.928398
vt 0.385663 0.912082
vt 0.324962 0.928398
vt 0.289967 0.912082
vt 0.195810 0.797276
vt 0.179790 0.888336
vt 0.385917 0.944176
vt 0.290221 0.912862
vt 0.385927 0.913230
vt 0.290231 0.913230
vt 0.385758 0.913230
vt 0.325057 0.929546
vt 0.290063 0.913230
vt 0.324552 0.928233
vt 0.289557 0.911916
vt 0.385253 0.911917
vt 0.077776 0.797520
vt 0.106569 0.717018
vt 0.110477 0.795900
vt 0.419094 0.836013
vt 0.401429 0.734902
vt 0.419347 0.836793
vt 0.401683 0.735682
vt 0.419357 0.891019
vt 0.401693 0.736050
vt 0.419189 0.837161
vt 0.401525 0.798059
vt 0.392977 0.835848
vt 0.418684 0.889706
vt 0.392977 0.889706
vt 0.375313 0.734737
vt 0.401019 0.796746
vt 0.375313 0.796746
vt 0.069997 0.559498
vt 0.076970 0.523366
vt 0.367023 0.626002
vt 0.081512 0.599051
vt 0.082293 0.665881
vt 0.100494 0.693560
vt 0.101305 0.709930
vt 0.122145 0.800926
vt 0.309125 0.731655
vt 0.325226 0.660871
vt 0.050395 0.666254
vt 0.049614 0.599424
vt 0.068604 0.711550
vt 0.379166 0.815377
vt 0.366359 0.730342
vt 0.751085 0.239037
vt 0.018437 0.803502
vt 0.308861 0.625222
vt 0.206923 0.791121
vt 0.207553 0.704666
vt 0.299907 0.734902
vt 0.327029 0.927365
vt 0.309116 0.626002
vt 0.282497 0.836793
vt 0.300171 0.736050
vt 0.308957 0.626370
vt 0.300002 0.736050
vt 0.308451 0.625057
vt 0.299497 0.734737
vt 0.052560 0.952734
vt 0.557964 0.533595
vt 0.021310 0.937407
vt 0.488059 0.063579
vt 0.851024 0.190838
vt 0.036221 0.882920
vt 0.494599 0.276734
vt 0.220160 0.653917
vt 0.350668 0.887463
vt 0.296055 0.802674
vt 0.282243 0.836013
vt 0.296309 0.803453
vt 0.300161 0.735682
vt 0.296319 0.803821
vt 0.282507 0.837160
vt 0.296150 0.803821
vt 0.282338 0.837161
vt 0.295645 0.802508
vt 0.281833 0.835848
vt 0.759651 0.190838
vt 0.759651 0.053126
vt 0.289967 0.943396
vt 0.202446 0.931211
vt 0.290221 0.944176
vt 0.290231 0.944544
vt 0.290063 0.944544
vt 0.289557 0.943231
vt 0.073868 0.718638
vt 0.419094 0.889871
vt 0.401429 0.796911
vt 0.419347 0.890651
vt 0.401683 0.797691
vt 0.419357 0.837161
vt 0.401693 0.798059
vt 0.419189 0.891019
vt 0.401525 0.736050
vt 0.418684 0.835848
vt 0.401019 0.734737
vt 0.309125 0.626370
vt 0.067793 0.695180
vt 0.568572 0.944563
vt 0.537280 0.956369
vt 0.553971 0.936334
vt 0.520480 0.936775
vt 0.543062 0.923611
vt 0.511467 0.912589
vt 0.537210 0.907906
vt 0.537156 0.891146
vt 0.511384 0.886778
vt 0.616123 0.936055
vt 0.649618 0.936193
vt 0.632994 0.955938
vt 0.153748 0.658318
vt 0.140500 0.649839
vt 0.143872 0.648442
vt 0.153748 0.624599
vt 0.140500 0.633079
vt 0.152351 0.621227
vt 0.167715 0.624599
vt 0.180963 0.633078
vt 0.177591 0.634475
vt 0.167715 0.658318
vt 0.180963 0.649839
vt 0.169112 0.661690
vt 0.152351 0.661690
vt 0.143872 0.634475
vt 0.169112 0.621227
vt 0.177591 0.648442
vt 0.294410 0.628061
vt 0.316404 0.638658
vt 0.303163 0.654603
vt 0.278832 0.634244
vt 0.288540 0.664224
vt 0.271053 0.665000
vt 0.250979 0.659843
vt 0.262587 0.638365
vt 0.359108 0.604284
vt 0.366040 0.585149
vt 0.379236 0.599341
vt 0.343253 0.611702
vt 0.352748 0.595358
vt 0.324403 0.613094
vt 0.329650 0.622718
vt 0.309410 0.620584
vt 0.348497 0.964209
vt 0.511384 0.938399
vt 0.511184 0.964209
vt 0.348697 0.938399
vt 0.348697 0.886778
vt 0.820237 0.989670
vt 0.657349 0.963860
vt 0.820037 0.963860
vt 0.657149 0.938050
vt 0.819836 0.938050
vt 0.657066 0.912240
vt 0.819753 0.912240
vt 0.819836 0.886429
vt 0.348296 0.990018
vt 0.510984 0.990018
vt 0.585097 0.947359
vt 0.559766 0.969040
vt 0.610623 0.968811
vt 0.585214 0.973346
vt 0.601597 0.944414
vt 0.626918 0.923233
vt 0.246051 0.641100
vt 0.339204 0.605230
vt 0.348780 0.912589
vt 0.657549 0.989670
vt 0.657149 0.886429
vt 0.994327 0.817174
vt 0.962802 0.831297
vt 0.962802 0.817174
vt 0.994327 0.831297
vt 0.962802 0.845419
vt 0.994327 0.845419
vt 0.962802 0.859541
vt 0.994327 0.859541
vt 0.962802 0.873664
vt 0.994327 0.873664
vt 0.962802 0.887786
vt 0.994327 0.887786
vt 0.962802 0.901908
vt 0.994327 0.901908
vt 0.962802 0.916030
vt 0.994327 0.916030
vt 0.962802 0.930153
vt 0.994327 0.930153
vt 0.962802 0.944275
vt 0.994327 0.944275
vt 0.962802 0.958397
vt 0.994327 0.958397
vt 0.962802 0.972519
vt 0.994327 0.972519
vt 0.962802 0.986642
vt 0.994327 0.647707
vt 0.962802 0.661830
vt 0.962802 0.647707
vt 0.994327 0.661830
vt 0.962802 0.675952
vt 0.994327 0.675952
vt 0.962802 0.690074
vt 0.994327 0.690074
vt 0.962802 0.704196
vt 0.994327 0.704196
vt 0.962802 0.718319
vt 0.994327 0.718319
vt 0.962802 0.732441
vt 0.994327 0.732441
vt 0.962802 0.746563
vt 0.994327 0.746563
vt 0.962802 0.760685
vt 0.994327 0.760685
vt 0.962802 0.774808
vt 0.994327 0.774808
vt 0.962802 0.788930
vt 0.994327 0.788930
vt 0.962802 0.803052
vt 0.994327 0.803052
vt 0.994327 0.986642
vt 0.446808 0.427699
vt 0.410834 0.232841
vt 0.446808 0.232841
vt 0.632238 0.759429
vt 0.645887 0.751305
vt 0.654210 0.752382
vt 0.731374 0.612328
vt 0.675901 0.700636
vt 0.661621 0.693659
vt 0.410834 0.455149
vt 0.446808 0.495619
vt 0.410834 0.495619
vt 0.647416 0.873419
vt 0.641549 0.860400
vt 0.643953 0.860497
vt 0.587853 0.715344
vt 0.639049 0.803549
vt 0.624784 0.807560
vt 0.410834 0.523174
vt 0.446808 0.515189
vt 0.446808 0.523174
vt 0.410834 0.515189
vt 0.446808 0.505945
vt 0.410834 0.505945
vt 0.410834 0.435654
vt 0.410834 0.427699
vt 0.446808 0.435654
vt 0.410834 0.444845
vt 0.446808 0.444845
vt 0.604324 0.568977
vt 0.529992 0.588143
vt 0.529992 0.568977
vt 0.604324 0.607309
vt 0.529992 0.607309
vt 0.604324 0.453982
vt 0.529992 0.473148
vt 0.529992 0.453982
vt 0.604324 0.473148
vt 0.529992 0.492313
vt 0.604324 0.492314
vt 0.529992 0.511479
vt 0.604324 0.530645
vt 0.529992 0.530645
vt 0.581610 0.823235
vt 0.560098 0.875168
vt 0.508165 0.853656
vt 0.529992 0.549811
vt 0.604324 0.549811
vt 0.409193 0.770086
vt 0.445168 0.613073
vt 0.445168 0.770086
vt 0.446808 0.718033
vt 0.511272 0.709819
vt 0.516326 0.724022
vt 0.409193 0.303589
vt 0.445168 0.333941
vt 0.409193 0.333941
vt 0.803258 0.634256
vt 0.810877 0.620505
vt 0.409193 0.490953
vt 0.643705 0.508671
vt 0.675929 0.496407
vt 0.649788 0.519243
vt 0.445168 0.571820
vt 0.409193 0.528727
vt 0.445168 0.528727
vt 0.409193 0.613073
vt 0.445168 0.597601
vt 0.409193 0.597601
vt 0.445168 0.583775
vt 0.409193 0.583775
vt 0.691303 0.620627
vt 0.688667 0.630854
vt 0.659919 0.613819
vt 0.445168 0.277788
vt 0.445168 0.303589
vt 0.409193 0.277788
vt 0.445168 0.254716
vt 0.410834 0.788563
vt 0.446808 0.768621
vt 0.446808 0.788563
vt 0.410834 0.718033
vt 0.531428 0.800321
vt 0.583361 0.821833
vt 0.561849 0.873766
vt 0.445168 0.490953
vt 0.545606 0.663188
vt 0.515499 0.692915
vt 0.527848 0.677830
vt 0.540381 0.753649
vt 0.809447 0.602372
vt 0.799349 0.584717
vt 0.773224 0.660494
vt 0.783655 0.566654
vt 0.688311 0.611999
vt 0.667573 0.586410
vt 0.638721 0.587662
vt 0.681110 0.639941
vt 0.672978 0.467211
vt 0.702069 0.473570
vt 0.647394 0.489562
vt 0.642829 0.497807
vt 0.654682 0.766645
vt 0.647369 0.768129
vt 0.639301 0.765414
vt 0.611302 0.733713
vt 0.622106 0.732277
vt 0.629119 0.745322
vt 0.623592 0.716622
vt 0.608168 0.725816
vt 0.608660 0.718547
vt 0.612460 0.713653
vt 0.664270 0.753134
vt 0.680071 0.741511
vt 0.631744 0.702529
vt 0.686275 0.728331
vt 0.645516 0.694305
vt 0.684831 0.713384
vt 0.446808 0.455149
vt 0.656846 0.858385
vt 0.653952 0.869601
vt 0.640468 0.874677
vt 0.627981 0.858829
vt 0.680651 0.831336
vt 0.683110 0.836855
vt 0.681898 0.843797
vt 0.677140 0.850338
vt 0.658707 0.857833
vt 0.667501 0.846861
vt 0.634156 0.872213
vt 0.614647 0.844878
vt 0.669580 0.831894
vt 0.610803 0.831574
vt 0.664838 0.817303
vt 0.614447 0.817895
vt 0.653698 0.807071
vt 0.604324 0.588143
vt 0.604324 0.511479
vt 0.508165 0.823234
vt 0.529676 0.801723
vt 0.560098 0.801723
vt 0.581610 0.853657
vt 0.529676 0.875168
vt 0.409193 0.571820
vt 0.409193 0.254716
vt 0.410834 0.768621
vt 0.531428 0.873766
vt 0.509916 0.852255
vt 0.509916 0.821833
vt 0.561850 0.800321
vt 0.583361 0.852255
vt 0.228492 0.766132
vt 0.243272 0.773513
vt 0.228492 0.773513
vt 0.956618 0.068427
vt 0.956618 0.083729
vt 0.956618 0.099030
vt 0.956618 0.114331
vt 0.956618 0.129633
vt 0.956618 0.144934
vt 0.956618 0.160235
vt 0.956618 0.175537
vt 0.956618 0.190838
vt 0.956618 0.206139
vt 0.956618 0.221440
vt 0.956618 0.236742
vt 0.956618 0.053126
vt 0.256616 0.587695
vt 0.249486 0.570483
vt 0.260306 0.581303
vt 0.262738 0.562833
vt 0.266698 0.577613
vt 0.278039 0.562833
vt 0.274079 0.577613
vt 0.280471 0.581303
vt 0.291290 0.570483
vt 0.298941 0.583735
vt 0.284161 0.587695
vt 0.284161 0.595076
vt 0.298941 0.599036
vt 0.291290 0.612287
vt 0.280471 0.601468
vt 0.274079 0.605158
vt 0.278039 0.619938
vt 0.262738 0.619938
vt 0.266698 0.605158
vt 0.249486 0.612287
vt 0.260306 0.601468
vt 0.241836 0.599036
vt 0.256616 0.595076
vt 0.241836 0.583735
vt 0.150003 0.911632
vt 0.173858 0.918024
vt 0.156395 0.935487
vt 0.228492 0.788274
vt 0.243272 0.795655
vt 0.228492 0.795655
vt 0.228492 0.736609
vt 0.243272 0.743989
vt 0.228492 0.743989
vt 0.228492 0.721847
vt 0.243272 0.729228
vt 0.228492 0.729228
vt 0.228492 0.758751
vt 0.243272 0.766132
vt 0.243272 0.780893
vt 0.243272 0.788274
vt 0.243272 0.736609
vt 0.228492 0.803036
vt 0.243272 0.810416
vt 0.228492 0.810416
vt 0.228492 0.751370
vt 0.243272 0.758751
vt 0.228492 0.780893
vt 0.243272 0.803036
vt 0.243272 0.751370
vt 0.709475 0.020228
vt 0.751086 0.000337
vt 0.751086 0.020228
vt 0.709475 0.239037
vt 0.709475 0.219145
vt 0.751085 0.199254
vt 0.709475 0.199253
vt 0.751085 0.179362
vt 0.709475 0.159470
vt 0.751085 0.159470
vt 0.751085 0.139578
vt 0.709475 0.139578
vt 0.751085 0.119687
vt 0.709475 0.119687
vt 0.751085 0.099795
vt 0.709475 0.099795
vt 0.751085 0.079903
vt 0.709475 0.079903
vt 0.751085 0.060012
vt 0.662410 0.266209
vt 0.645184 0.201918
vt 0.709475 0.060012
vt 0.751085 0.040120
vt 0.709475 0.040120
vt 0.938390 0.053126
vt 0.150003 0.931796
vt 0.146312 0.925404
vt 0.146312 0.918024
vt 0.156395 0.907941
vt 0.163775 0.907941
vt 0.170167 0.911632
vt 0.173858 0.925404
vt 0.170167 0.931796
vt 0.163775 0.935487
vt 0.243272 0.721847
vt 0.709475 0.000336
vt 0.709475 0.179362
vt 0.699529 0.256264
vt 0.682302 0.266209
vt 0.645184 0.256264
vt 0.635238 0.239037
vt 0.635238 0.219145
vt 0.662410 0.191973
vt 0.682302 0.191973
vt 0.699529 0.201918
vt 0.049333 0.393103
vt 0.056719 0.367919
vt 0.057243 0.393467
vt 0.049014 0.367742
vt 0.058216 0.341468
vt 0.050214 0.341489
vt 0.056363 0.315434
vt 0.048549 0.315527
vt 0.056812 0.288256
vt 0.048704 0.288517
vt 0.053956 0.261559
vt 0.046032 0.261886
vt 0.053463 0.233539
vt 0.045241 0.234071
vt 0.049528 0.206077
vt 0.041484 0.206725
vt 0.047846 0.177070
vt 0.039481 0.178037
vt 0.042244 0.148682
vt 0.034042 0.149940
vt 0.038224 0.118329
vt 0.029619 0.120286
vt 0.028899 0.088586
vt 0.020130 0.091446
vt 0.018582 0.057989
vt 0.180339 0.484432
vt 0.200389 0.463003
vt 0.186607 0.488547
vt 0.199605 0.432092
vt 0.192339 0.459952
vt 0.206428 0.405494
vt 0.207244 0.434157
vt 0.209195 0.377809
vt 0.214289 0.406953
vt 0.213208 0.351192
vt 0.216807 0.378743
vt 0.214126 0.323709
vt 0.221057 0.351885
vt 0.216784 0.297118
vt 0.221776 0.324113
vt 0.216582 0.269747
vt 0.224696 0.297386
vt 0.218218 0.243158
vt 0.224315 0.269797
vt 0.216997 0.215890
vt 0.226228 0.243098
vt 0.217544 0.189326
vt 0.224825 0.215629
vt 0.215034 0.162241
vt 0.225652 0.188924
vt 0.213874 0.135800
vt 0.222937 0.161574
vt 0.208829 0.109207
vt 0.222050 0.134794
vt 0.203469 0.083531
vt 0.216702 0.107579
vt 0.191969 0.059762
vt 0.211380 0.080836
vt 0.038478 0.467473
vt 0.033685 0.493445
vt 0.026911 0.489005
vt 0.051199 0.444065
vt 0.046291 0.470494
vt 0.044019 0.442955
vt 0.053886 0.419402
vt 0.046359 0.418638
vt 0.167973 0.137966
vt 0.160215 0.105757
vt 0.169987 0.106548
vt 0.340828 0.188084
vt 0.330506 0.216454
vt 0.331876 0.187947
vt 0.169529 0.167784
vt 0.158204 0.137724
vt 0.339704 0.216743
vt 0.331817 0.245671
vt 0.168727 0.198273
vt 0.160191 0.167626
vt 0.340723 0.245998
vt 0.329767 0.274029
vt 0.170397 0.227292
vt 0.159283 0.198221
vt 0.338930 0.274543
vt 0.330324 0.303213
vt 0.169276 0.256968
vt 0.161321 0.227102
vt 0.339206 0.303762
vt 0.327577 0.331501
vt 0.165183 0.423701
vt 0.158650 0.395956
vt 0.167011 0.396460
vt 0.170358 0.285248
vt 0.160090 0.256773
vt 0.336719 0.332214
vt 0.327561 0.360707
vt 0.167260 0.449749
vt 0.156610 0.423578
vt 0.168619 0.314106
vt 0.161530 0.284878
vt 0.333693 0.389740
vt 0.336426 0.361379
vt 0.172467 0.476584
vt 0.158775 0.450670
vt 0.169061 0.341645
vt 0.159683 0.313716
vt 0.333784 0.418815
vt 0.324539 0.389054
vt 0.179868 0.501131
vt 0.164290 0.478478
vt 0.166835 0.369685
vt 0.160476 0.341108
vt 0.332774 0.447174
vt 0.324877 0.418477
vt 0.345704 0.039273
vt 0.332481 0.068820
vt 0.335382 0.037141
vt 0.158135 0.369184
vt 0.337202 0.475910
vt 0.323464 0.447492
vt 0.342453 0.069975
vt 0.329673 0.099297
vt 0.345704 0.502226
vt 0.328339 0.477886
vt 0.339303 0.099868
vt 0.331184 0.129587
vt 0.171549 0.075379
vt 0.169558 0.040345
vt 0.179868 0.044214
vt 0.340279 0.129776
vt 0.329987 0.158530
vt 0.160811 0.073588
vt 0.339275 0.158705
vt 0.122208 0.205692
vt 0.123136 0.223048
vt 0.124394 0.319278
vt 0.124473 0.335667
vt 0.094039 0.345321
vt 0.091575 0.336125
vt 0.124016 0.263348
vt 0.124518 0.280135
vt 0.090791 0.373249
vt 0.063041 0.365019
vt 0.093187 0.364097
vt 0.063050 0.344329
vt 0.025431 0.058675
vt 0.034882 0.082805
vt 0.124579 0.492912
vt 0.085944 0.477883
vt 0.120880 0.479912
vt 0.153167 0.366055
vt 0.153654 0.344209
vt 0.284971 0.491514
vt 0.338011 0.505703
vt 0.287163 0.521942
vt 0.116481 0.077424
vt 0.117514 0.099246
vt 0.119269 0.145264
vt 0.120497 0.163674
vt 0.093423 0.310040
vt 0.121824 0.309192
vt 0.080586 0.488869
vt 0.051830 0.469042
vt 0.288529 0.380899
vt 0.289873 0.363722
vt 0.284891 0.441480
vt 0.286154 0.422659
vt 0.091310 0.319398
vt 0.062713 0.312212
vt 0.044384 0.120545
vt 0.048767 0.144216
vt 0.293958 0.267009
vt 0.294468 0.250204
vt 0.291912 0.323620
vt 0.292899 0.306779
vt 0.122046 0.446629
vt 0.088026 0.455485
vt 0.086741 0.445265
vt 0.154532 0.310599
vt 0.154589 0.288215
vt 0.091636 0.235013
vt 0.088395 0.225482
vt 0.056788 0.448240
vt 0.127463 0.519765
vt 0.290543 0.092519
vt 0.289969 0.072326
vt 0.293109 0.153048
vt 0.292641 0.135540
vt 0.294368 0.210380
vt 0.294372 0.193449
vt 0.123454 0.374054
vt 0.123234 0.390341
vt 0.058784 0.236201
vt 0.121990 0.429225
vt 0.053480 0.179609
vt 0.056025 0.202191
vt 0.250092 0.064169
vt 0.286956 0.059755
vt 0.154724 0.253691
vt 0.154260 0.230697
vt 0.087978 0.427577
vt 0.088710 0.197639
vt 0.119002 0.195084
vt 0.249599 0.076052
vt 0.215524 0.076103
vt 0.090475 0.389861
vt 0.260283 0.193386
vt 0.260363 0.210602
vt 0.257423 0.136875
vt 0.258379 0.154564
vt 0.252556 0.095964
vt 0.073669 0.514976
vt 0.087042 0.207742
vt 0.060377 0.258030
vt 0.290913 0.015179
vt 0.242449 0.037870
vt 0.233582 0.024876
vt 0.153709 0.195132
vt 0.152942 0.171416
vt 0.151679 0.420572
vt 0.206209 0.055415
vt 0.198494 0.055508
vt 0.151994 0.398978
vt 0.120788 0.400249
vt 0.061882 0.291009
vt 0.259016 0.304525
vt 0.257893 0.321723
vt 0.260625 0.248994
vt 0.260078 0.266126
vt 0.259234 0.126821
vt 0.289845 0.124798
vt 0.152470 0.134410
vt 0.152454 0.109459
vt 0.226673 0.131285
vt 0.249583 0.418440
vt 0.246670 0.437584
vt 0.255515 0.360497
vt 0.253752 0.378056
vt 0.156992 0.476279
vt 0.256458 0.106076
vt 0.154813 0.069077
vt 0.160326 0.042484
vt 0.084004 0.167127
vt 0.081912 0.148324
vt 0.076492 0.104098
vt 0.072573 0.082226
vt 0.228403 0.513091
vt 0.237048 0.485294
vt 0.154006 0.454103
vt 0.119490 0.457566
vt 0.223724 0.109676
vt 0.325461 0.064592
vt 0.262623 0.183804
vt 0.291940 0.183036
vt 0.320481 0.475142
vt 0.318195 0.450976
vt 0.328964 0.039509
vt 0.286007 0.032051
vt 0.230527 0.185808
vt 0.324007 0.126238
vt 0.261221 0.164157
vt 0.319072 0.391933
vt 0.090849 0.281573
vt 0.090055 0.264429
vt 0.324113 0.102592
vt 0.288101 0.104167
vt 0.229639 0.164336
vt 0.122432 0.290433
vt 0.121263 0.233731
vt 0.121125 0.253054
vt 0.118734 0.174918
vt 0.115433 0.111831
vt 0.115812 0.133974
vt 0.114624 0.033729
vt 0.113107 0.063815
vt 0.281567 0.453098
vt 0.281768 0.477292
vt 0.284511 0.411384
vt 0.285166 0.391303
vt 0.322123 0.334359
vt 0.288321 0.353069
vt 0.288744 0.333824
vt 0.324378 0.277004
vt 0.291124 0.296305
vt 0.291055 0.277240
vt 0.325185 0.219577
vt 0.292381 0.239804
vt 0.291744 0.220726
vt 0.324675 0.161791
vt 0.290718 0.163688
vt 0.119608 0.418936
vt 0.122168 0.345666
vt 0.121138 0.364064
vt 0.061812 0.396549
vt 0.090939 0.418227
vt 0.060365 0.416966
vt 0.092547 0.399152
vt 0.262736 0.220137
vt 0.231244 0.240199
vt 0.231384 0.218722
vt 0.263338 0.239578
vt 0.262125 0.275717
vt 0.229832 0.294663
vt 0.230768 0.273137
vt 0.262067 0.295184
vt 0.259650 0.331438
vt 0.226341 0.349346
vt 0.228128 0.327705
vt 0.258942 0.351124
vt 0.255193 0.388103
vt 0.219866 0.404702
vt 0.223033 0.382717
vt 0.253669 0.408668
vt 0.213167 0.439072
vt 0.243700 0.473532
vt 0.206531 0.461756
vt 0.247497 0.448884
vt 0.072950 0.069125
vt 0.066559 0.039417
vt 0.083272 0.137458
vt 0.081278 0.114892
vt 0.087754 0.177017
vt 0.091945 0.254751
vt 0.093689 0.290894
vt 0.056664 0.025195
vt 0.119881 0.015179
vt 0.317968 0.414800
vt 0.320769 0.356954
vt 0.323472 0.299592
vt 0.324868 0.242232
vt 0.324821 0.184658
vt 0.009813 0.061933
vt 0.172648 0.504207
s 1
g off
g RuedaDelanteraDerecha_SpacialRoverExploreralumWhite
usemtl SpacialRoverExploreralumWhite
f 56/1/1 137/2/2 58/3/3
s 2
f 27/4/4 73/5/5 25/6/5
s 3
f 80/7/6 88/8/6 96/9/6
s 2
f 49/10/7 86/11/8 85/12/7
f 61/13/9 90/14/10 59/15/10
f 71/16/11 95/17/12 69/18/12
f 35/19/13 79/20/14 78/21/15
f 45/22/16 84/23/17 83/24/16
f 57/25/18 88/26/19 55/27/19
f 67/28/20 93/29/21 65/30/21
f 33/31/22 76/32/23 31/33/23
f 43/34/24 81/35/25 41/36/25
f 53/37/26 86/11/8 51/38/8
f 63/39/27 91/40/9 61/13/9
f 25/6/5 96/41/11 71/16/11
f 27/4/4 75/42/28 74/43/4
f 37/44/14 80/45/29 79/20/14
f 47/46/17 85/47/7 84/23/17
f 57/25/18 90/14/10 89/48/18
f 67/28/20 95/17/12 94/49/20
f 33/31/22 78/21/15 77/50/22
f 43/34/24 83/24/16 82/51/24
f 53/37/26 88/26/19 87/52/26
f 65/30/21 92/53/27 63/39/27
f 31/33/23 75/42/28 29/54/28
f 39/55/29 81/35/25 80/45/29
s 4
f 120/56/30 145/57/31 98/58/32
s 5
f 30/59/33 100/60/33 99/61/33
f 34/62/33 100/60/33 32/63/33
f 36/64/33 101/65/33 34/62/33
f 38/66/33 102/67/33 36/64/33
f 38/66/33 104/68/33 103/69/33
f 42/70/33 104/68/33 40/71/33
f 42/70/33 106/72/33 105/73/33
f 44/74/33 107/75/33 106/72/33
s 4
f 110/76/34 148/77/35 111/78/36
s 6
f 56/79/33 111/80/33 54/81/33
f 58/82/33 112/83/33 56/79/33
f 58/82/33 114/84/33 113/85/33
f 60/86/33 115/87/33 114/84/33
f 64/88/33 115/87/33 62/89/33
f 66/90/33 116/91/33 64/88/33
f 66/90/33 118/92/33 117/93/33
f 70/94/33 118/92/33 68/95/33
s 7
f 26/96/37 155/97/38 72/98/38
s 1
f 42/99/39 130/100/40 44/101/40
f 72/102/41 122/103/42 26/104/42
f 30/105/43 121/106/44 123/107/43
s 8
f 60/108/45 137/2/45 138/109/45
s 1
f 44/101/40 131/110/46 46/111/46
f 32/112/47 123/107/43 124/113/47
s 8
f 62/114/45 138/109/45 139/115/45
s 1
f 46/111/46 132/116/48 48/117/48
f 34/118/49 124/113/47 125/119/49
s 8
f 62/114/45 140/120/45 64/121/45
s 1
f 48/117/48 133/122/50 50/123/50
f 36/124/51 125/119/49 126/125/51
s 8
f 64/121/45 141/126/45 66/127/45
s 1
f 52/128/52 133/122/50 134/129/52
f 36/124/51 127/130/53 38/131/53
f 68/132/54 141/133/55 142/134/56
f 54/135/57 134/129/52 135/136/57
f 38/131/53 128/137/58 40/138/58
f 68/132/54 143/139/59 70/140/59
f 56/1/1 135/136/57 136/141/60
f 40/138/58 129/142/39 42/99/39
f 70/140/59 144/143/41 72/102/41
f 28/144/44 122/103/42 121/106/44
s 9
f 135/145/33 127/146/33 123/147/33
s 10
f 153/148/33 146/149/33 152/150/33
f 154/151/61 147/152/33 153/148/33
s 11
f 156/153/62 149/154/33 150/155/63
f 151/156/33 149/154/33 155/157/33
s 12
f 52/158/64 152/159/65 50/160/65
f 54/161/66 153/162/64 52/158/64
s 4
f 109/163/67 147/152/34 110/76/34
s 7
f 72/98/38 156/164/68 70/165/69
s 4
f 119/166/70 149/154/30 120/56/30
s 13
f 98/58/71 151/167/71 26/96/71
s 14
f 205/168/72 218/169/72 219/170/72
s 15
f 206/171/73 204/172/73 203/173/73
s 16
f 109/163/71 152/159/71 146/149/71
s 5
f 26/174/33 97/175/33 98/176/33
f 26/174/33 28/177/33 97/175/33
f 107/75/33 46/178/33 48/179/33
f 28/177/33 30/59/33 99/61/33
f 28/177/33 99/61/33 97/175/33
f 50/180/33 108/181/33 48/179/33
f 109/182/33 108/181/33 50/180/33
f 108/181/33 107/75/33 48/179/33
s 17
f 210/183/74 160/184/75 209/185/76
s 18
f 212/186/77 162/187/78 161/188/77
s 19
f 158/189/79 218/169/80 207/190/81
s 20
f 208/191/74 157/192/82 204/193/74
s 21
f 212/186/83 159/194/83 210/183/83
s 19
f 206/171/77 158/189/79 207/190/81
s 7
f 156/195/68 165/196/83 70/197/69
s 11
f 150/198/63 166/199/84 156/195/62
s 22
f 119/200/85 165/196/86 163/201/87
s 4
f 150/202/88 163/201/73 164/203/73
s 10
f 148/204/89 168/205/90 169/206/91
s 23
f 111/207/92 167/208/93 54/209/94
s 4
f 148/204/35 170/210/83 111/207/36
s 12
f 154/211/95 167/208/73 168/212/73
s 24
f 172/213/71 171/214/71 173/215/71
s 25
f 176/216/71 177/217/71 178/218/71
s 15
f 173/215/73 208/219/73 206/220/73
s 26
f 172/213/83 205/221/83 174/222/83
s 20
f 171/223/74 205/221/96 208/224/74
s 19
f 172/213/77 206/220/77 207/225/81
s 21
f 178/218/83 210/226/83 176/227/83
s 18
f 177/217/77 212/228/77 178/218/77
s 17
f 176/229/74 209/230/76 175/231/74
s 27
f 177/217/73 209/230/73 211/232/73
s 28
f 221/233/73 220/234/73 217/235/73
f 224/236/73 254/237/73 236/238/73
s 18
f 162/187/78 220/234/97 215/239/98
s 17
f 209/185/76 216/240/99 217/241/100
s 29
f 209/242/101 220/234/101 211/243/101
s 20
f 205/244/96 213/245/102 157/192/82
s 30
f 158/189/103 226/246/103 214/247/103
s 31
f 221/248/104 162/187/104 215/239/104
s 32
f 160/184/104 224/249/104 216/240/104
s 33
f 227/250/103 157/192/103 213/245/103
s 34
f 227/251/83 219/170/83 218/169/83
s 35
f 225/252/105 247/253/106 226/254/105
s 36
f 222/255/107 236/238/108 229/256/109
s 37
f 223/257/110 238/258/111 224/259/110
s 38
f 228/260/112 251/261/113 244/262/114
s 39
f 250/263/115 241/264/116 245/265/117
s 40
f 246/266/73 241/267/73 242/268/73
s 34
f 249/269/83 250/270/83 251/261/83
s 41
f 230/271/118 239/272/119 232/273/120
s 36
f 229/274/109 237/275/121 231/276/121
s 41
f 231/276/122 235/277/123 230/271/118
f 239/272/119 234/278/124 232/273/120
s 37
f 240/279/125 233/280/126 234/278/125
s 39
f 248/281/127 243/282/128 241/264/116
s 35
f 249/283/129 242/284/130 243/282/129
s 38
f 244/262/114 252/285/131 246/286/132
s 39
f 246/286/133 250/263/115 245/265/117
s 42
f 222/255/83 253/287/83 233/280/83
f 233/280/83 253/287/83 234/288/83
f 230/289/83 253/287/83 231/290/83
f 231/290/83 253/287/83 229/256/83
f 234/288/83 253/287/83 232/291/83
f 232/291/83 253/287/83 230/289/83
s 28
f 236/238/73 254/237/73 237/292/73
f 237/292/73 254/237/73 235/293/73
f 240/294/73 254/237/73 238/295/73
f 235/293/73 254/237/73 239/296/73
f 239/296/73 254/237/73 240/294/73
s 9
f 136/297/33 138/298/33 137/299/33
f 139/300/33 255/301/33 140/302/33
f 140/302/33 142/303/33 141/304/33
f 138/298/33 255/301/33 139/300/33
s 1
f 56/1/1 136/141/60 137/2/2
s 2
f 27/4/4 74/43/4 73/5/5
s 3
f 96/9/6 73/305/6 74/306/6
f 74/306/6 75/307/6 76/308/6
f 76/308/6 77/309/6 78/310/6
f 78/310/6 79/311/6 80/7/6
f 80/7/6 81/312/6 82/313/6
f 82/313/6 83/314/6 84/315/6
f 84/315/6 85/316/6 86/317/6
f 86/317/6 87/318/6 88/8/6
f 88/8/6 89/319/6 90/320/6
f 90/320/6 91/321/6 92/322/6
f 92/322/6 93/323/6 94/324/6
f 94/324/6 95/325/6 96/9/6
f 96/9/6 74/306/6 76/308/6
f 76/308/6 78/310/6 80/7/6
f 80/7/6 82/313/6 84/315/6
f 84/315/6 86/317/6 88/8/6
f 88/8/6 90/320/6 92/322/6
f 92/322/6 94/324/6 96/9/6
f 96/9/6 76/308/6 80/7/6
f 80/7/6 84/315/6 88/8/6
f 88/8/6 92/322/6 96/9/6
s 2
f 49/10/7 51/38/8 86/11/8
f 61/13/9 91/40/9 90/14/10
f 71/16/11 96/41/11 95/17/12
f 35/19/13 37/44/14 79/20/14
f 45/22/16 47/46/17 84/23/17
f 57/25/18 89/48/18 88/26/19
f 67/28/20 94/49/20 93/29/21
f 33/31/22 77/50/22 76/32/23
f 43/34/24 82/51/24 81/35/25
f 53/37/26 87/52/26 86/11/8
f 63/39/27 92/53/27 91/40/9
f 25/6/5 73/5/5 96/41/11
f 27/4/4 29/54/28 75/42/28
f 37/44/14 39/55/29 80/45/29
f 47/46/17 49/326/7 85/47/7
f 57/25/18 59/15/10 90/14/10
f 67/28/20 69/18/12 95/17/12
f 33/31/22 35/19/13 78/21/15
f 43/34/24 45/22/16 83/24/16
f 53/37/26 55/27/19 88/26/19
f 65/30/21 93/29/21 92/53/27
f 31/33/23 76/32/23 75/42/28
f 39/55/29 41/36/25 81/35/25
s 4
f 120/56/30 149/154/30 145/57/31
s 5
f 30/59/33 32/63/33 100/60/33
f 34/62/33 101/65/33 100/60/33
f 36/64/33 102/67/33 101/65/33
f 38/66/33 103/69/33 102/67/33
f 38/66/33 40/71/33 104/68/33
f 42/70/33 105/73/33 104/68/33
f 42/70/33 44/74/33 106/72/33
f 44/74/33 46/178/33 107/75/33
s 4
f 110/76/34 147/152/34 148/77/35
s 6
f 56/79/33 112/83/33 111/80/33
f 58/82/33 113/85/33 112/83/33
f 58/82/33 60/86/33 114/84/33
f 60/86/33 62/89/33 115/87/33
f 64/88/33 116/91/33 115/87/33
f 66/90/33 117/93/33 116/91/33
f 66/90/33 68/95/33 118/92/33
f 70/94/33 119/327/33 118/92/33
s 7
f 26/96/37 151/167/37 155/97/38
s 1
f 42/99/39 129/142/39 130/100/40
f 72/102/41 144/143/41 122/103/42
f 30/105/43 28/144/44 121/106/44
s 8
f 60/108/45 58/3/45 137/2/45
s 1
f 44/101/40 130/100/40 131/110/46
f 32/112/47 30/105/43 123/107/43
s 8
f 62/114/45 60/108/45 138/109/45
s 1
f 46/111/46 131/110/46 132/116/48
f 34/118/49 32/112/47 124/113/47
s 8
f 62/114/45 139/115/45 140/120/45
s 1
f 48/117/48 132/116/48 133/122/50
f 36/124/51 34/118/49 125/119/49
s 8
f 64/121/45 140/120/45 141/126/45
s 1
f 52/128/52 50/123/50 133/122/50
f 36/124/51 126/125/51 127/130/53
f 68/132/54 66/328/134 141/133/55
f 54/135/57 52/128/52 134/129/52
f 38/131/53 127/130/53 128/137/58
f 68/132/54 142/134/56 143/139/59
f 56/1/1 54/135/57 135/136/57
f 40/138/58 128/137/58 129/142/39
f 70/140/59 143/139/59 144/143/41
f 28/144/44 26/104/42 122/103/42
s 9
f 123/147/33 121/329/33 122/330/33
f 122/330/33 144/331/33 143/332/33
f 143/332/33 142/303/33 255/301/33
f 255/301/33 136/297/33 135/145/33
f 135/145/33 134/333/33 133/334/33
f 133/334/33 132/335/33 131/336/33
f 131/336/33 130/337/33 129/338/33
f 129/338/33 128/339/33 127/146/33
f 127/146/33 126/340/33 125/341/33
f 125/341/33 124/342/33 123/147/33
f 123/147/33 122/330/33 143/332/33
f 143/332/33 255/301/33 135/145/33
f 135/145/33 133/334/33 131/336/33
f 131/336/33 129/338/33 127/146/33
f 127/146/33 125/341/33 123/147/33
f 123/147/33 143/332/33 135/145/33
f 135/145/33 131/336/33 127/146/33
s 10
f 153/148/33 147/152/33 146/149/33
f 154/151/61 148/343/89 147/152/33
s 11
f 156/153/62 155/157/33 149/154/33
f 151/156/33 145/57/33 149/154/33
s 12
f 52/158/64 153/162/64 152/159/65
f 54/161/66 154/344/95 153/162/64
s 4
f 109/163/67 146/149/135 147/152/34
s 7
f 72/98/38 155/97/38 156/164/68
s 4
f 119/166/70 150/345/88 149/154/30
s 13
f 98/58/71 145/57/71 151/167/71
s 14
f 205/168/72 207/346/72 218/169/72
s 15
f 206/171/73 208/347/73 204/172/73
s 16
f 109/163/71 50/160/71 152/159/71
s 43
f 210/183/74 159/194/74 160/184/75
s 18
f 212/186/77 211/348/136 162/187/78
s 19
f 158/189/79 214/247/137 218/169/80
s 20
f 208/191/74 205/244/96 157/192/82
s 44
f 212/186/83 161/188/83 159/194/83
s 45
f 206/171/77 203/173/77 158/189/79
s 46
f 156/195/138 166/199/83 165/196/83
s 47
f 150/198/139 164/349/140 166/199/141
s 22
f 119/200/85 70/197/142 165/196/86
s 4
f 150/202/88 119/200/70 163/201/73
s 10
f 148/204/89 154/350/61 168/205/90
s 48
f 111/207/143 170/210/144 167/208/145
s 49
f 148/204/146 169/206/83 170/210/83
s 12
f 154/211/95 54/209/66 167/208/73
s 24
f 172/213/71 174/351/71 171/214/71
s 25
f 176/216/71 175/352/71 177/217/71
s 15
f 173/215/73 171/353/73 208/219/73
s 26
f 172/213/83 207/225/83 205/221/83
s 20
f 171/223/74 174/222/74 205/221/96
s 19
f 172/213/77 173/215/77 206/220/77
s 21
f 178/218/83 212/228/83 210/226/83
s 18
f 177/217/77 211/232/136 212/228/77
s 17
f 176/229/74 210/354/74 209/230/76
s 27
f 177/217/73 175/231/73 209/230/73
s 28
f 217/235/73 216/355/73 224/356/73
f 221/233/73 215/239/73 220/234/73
f 217/235/73 224/356/73 221/233/73
f 236/238/73 221/357/73 224/236/73
f 224/236/73 238/295/73 254/237/73
s 18
f 162/187/78 211/348/136 220/234/97
s 17
f 209/185/76 160/184/75 216/240/99
s 29
f 209/242/101 217/235/101 220/234/101
s 20
f 205/244/96 219/170/147 213/245/102
s 30
f 158/189/103 225/358/103 226/246/103
s 50
f 221/248/104 222/359/104 162/187/104
s 32
f 160/184/104 223/360/104 224/249/104
s 51
f 227/250/103 228/361/103 157/192/103
s 34
f 218/169/83 214/247/83 226/362/83
f 227/251/83 213/245/83 219/170/83
f 218/169/83 226/362/83 227/251/83
s 35
f 225/252/105 242/268/130 247/253/106
s 36
f 222/255/107 221/357/107 236/238/108
s 37
f 223/257/110 233/280/126 238/258/111
s 38
f 228/260/112 227/363/112 251/261/113
s 39
f 250/263/115 248/281/127 241/264/116
s 52
f 242/268/73 225/252/73 228/364/73
s 40
f 228/364/73 244/365/73 246/266/73
f 246/266/73 245/366/73 241/267/73
f 241/267/73 243/367/73 242/268/73
f 242/268/73 228/364/73 246/266/73
s 34
f 251/261/83 227/363/83 226/254/83
f 226/254/83 247/253/83 249/269/83
f 249/269/83 248/368/83 250/270/83
f 250/270/83 252/369/83 251/261/83
f 251/261/83 226/254/83 249/269/83
s 41
f 230/271/118 235/277/123 239/272/119
s 36
f 229/274/109 236/370/108 237/275/121
s 41
f 231/276/122 237/275/122 235/277/123
f 239/272/119 240/279/124 234/278/124
s 37
f 240/279/125 238/258/111 233/280/126
s 39
f 248/281/127 249/283/128 243/282/128
s 35
f 249/283/129 247/371/106 242/284/130
s 38
f 244/262/114 251/261/113 252/285/131
s 39
f 246/286/133 252/285/133 250/263/115
s 53
f 233/280/83 223/257/83 222/255/83
s 42
f 222/255/83 229/256/83 253/287/83
s 9
f 136/297/33 255/301/33 138/298/33
f 140/302/33 255/301/33 142/303/33
s 54
g RuedaDelanteraDerecha_SpacialRoverExploreralumGray
usemtl SpacialRoverExploreralumGray
f 186/372/148 1/373/149 8/374/150
s 55
f 185/375/151 8/374/152 7/376/153
s 56
f 6/377/154 185/375/155 7/376/156
s 57
f 5/378/157 184/379/158 6/377/159
s 58
f 4/380/160 183/381/161 5/378/160
s 59
f 3/382/162 182/383/163 4/384/164
s 60
f 180/385/165 3/382/166 2/386/167
s 61
f 179/387/168 2/386/169 1/373/169
s 62
f 269/388/73 277/389/73 270/390/73
s 63
f 263/391/73 259/392/73 258/393/73
s 64
f 257/394/170 262/395/170 260/396/170
s 65
f 257/394/33 258/393/33 259/397/33
s 66
f 261/398/171 258/393/171 256/399/171
s 67
f 265/400/71 279/401/71 268/402/71
s 68
f 273/403/6 277/404/6 279/405/6
s 69
f 271/406/172 273/407/172 266/408/172
s 70
f 277/389/173 271/406/173 270/390/173
s 71
f 267/409/174 273/407/174 272/410/174
s 72
f 265/400/175 275/411/175 274/412/175
s 73
f 269/413/176 279/401/176 278/414/176
s 74
f 267/409/83 275/411/83 264/415/83
s 75
f 282/416/6 297/417/6 283/418/6
s 76
f 283/418/73 297/417/73 315/419/73
s 77
f 284/420/83 300/421/83 314/422/83
s 78
f 280/423/6 309/424/6 287/425/6
s 79
f 286/426/33 291/427/33 281/428/33
s 80
f 285/429/33 300/421/33 284/420/33
s 81
f 294/430/172 303/431/172 298/432/172
s 82
f 310/433/172 292/434/172 306/435/172
s 83
f 290/436/177 310/437/177 311/438/177
s 84
f 298/439/177 296/440/177 294/441/177
s 85
f 299/442/178 295/443/178 296/440/178
s 86
f 292/434/179 308/444/179 306/435/179
s 87
f 293/445/180 307/446/180 308/444/180
s 88
f 304/447/180 302/448/180 300/421/180
s 89
f 305/449/179 301/450/179 302/448/179
s 90
f 281/428/83 291/427/83 313/451/83
s 91
f 289/452/178 311/438/178 309/424/178
s 92
f 308/453/73 307/446/73 312/454/73
s 90
f 289/455/83 313/451/83 290/456/83
s 92
f 312/454/73 286/426/73 287/425/73
f 312/454/73 309/424/73 311/457/73
f 310/458/73 306/459/73 312/454/73
f 311/457/73 310/458/73 312/454/73
f 312/454/73 306/459/73 308/453/73
s 90
f 290/456/83 313/451/83 288/460/83
f 292/461/83 313/451/83 293/462/83
f 288/460/83 313/451/83 292/461/83
f 293/462/83 313/451/83 291/427/83
s 77
f 295/463/83 314/422/83 296/464/83
f 296/464/83 314/422/83 294/465/83
f 302/466/83 314/422/83 300/421/83
f 294/465/83 314/422/83 301/467/83
f 301/467/83 314/422/83 302/466/83
s 76
f 304/447/73 315/419/73 305/468/73
f 305/468/73 315/419/73 303/469/73
f 299/470/73 315/419/73 297/417/73
f 303/469/73 315/419/73 298/471/73
f 298/471/73 315/419/73 299/470/73
s 93
f 261/398/83 257/472/83 260/473/83
s 94
f 260/474/6 262/475/6 271/476/6
f 271/476/6 262/475/6 270/477/6
f 263/391/6 269/478/6 262/475/6
f 269/478/6 263/391/6 268/479/6
f 268/479/6 263/391/6 261/398/6
f 265/480/6 268/479/6 261/398/6
f 260/474/6 271/476/6 266/481/6
f 264/482/6 265/480/6 261/398/6
f 260/474/6 266/481/6 267/483/6
f 260/474/6 267/483/6 264/482/6
f 260/474/6 264/482/6 261/398/6
f 269/478/6 270/477/6 262/475/6
s 95
f 282/416/6 295/443/6 297/417/6
s 76
f 304/447/73 285/429/73 315/419/73
f 285/429/73 283/418/73 315/419/73
s 77
f 295/463/83 282/484/83 314/422/83
f 282/484/83 284/420/83 314/422/83
s 96
f 280/423/6 289/452/6 309/424/6
s 97
f 286/426/33 307/446/33 291/427/33
s 98
f 285/429/33 304/447/33 300/421/33
s 81
f 294/430/172 301/450/172 303/431/172
s 82
f 310/433/172 288/485/172 292/434/172
s 83
f 290/436/177 288/486/177 310/437/177
s 84
f 298/439/177 299/442/177 296/440/177
s 85
f 299/442/178 297/417/178 295/443/178
s 86
f 292/434/179 293/445/179 308/444/179
s 87
f 293/445/180 291/427/180 307/446/180
s 88
f 304/447/180 305/449/180 302/448/180
s 89
f 305/449/179 303/431/179 301/450/179
s 90
f 289/455/83 280/487/83 313/451/83
f 280/487/83 281/428/83 313/451/83
s 91
f 289/452/178 290/436/178 311/438/178
s 92
f 287/425/73 309/424/73 312/454/73
f 312/454/73 307/446/73 286/426/73
s 54
f 186/372/148 179/387/181 1/373/149
s 55
f 185/375/151 186/372/182 8/374/152
s 56
f 6/377/154 184/379/183 185/375/155
s 57
f 5/378/157 183/381/158 184/379/158
s 58
f 4/380/160 182/488/184 183/381/161
s 59
f 3/382/162 181/489/163 182/383/163
s 60
f 180/385/165 181/489/165 3/382/166
s 61
f 179/387/168 180/385/185 2/386/169
s 62
f 269/388/73 278/490/73 277/389/73
s 63
f 263/391/73 262/491/73 259/392/73
s 64
f 257/394/170 259/397/170 262/395/170
s 65
f 257/394/33 256/399/33 258/393/33
s 66
f 261/398/171 263/391/171 258/393/171
s 67
f 265/400/71 274/412/71 279/401/71
s 68
f 279/405/6 274/492/6 275/493/6
f 275/493/6 272/494/6 273/403/6
f 273/403/6 276/495/6 277/404/6
f 277/404/6 278/496/6 279/405/6
f 279/405/6 275/493/6 273/403/6
s 69
f 271/406/172 276/497/172 273/407/172
s 70
f 277/389/173 276/497/173 271/406/173
s 71
f 267/409/174 266/408/174 273/407/174
s 72
f 265/400/175 264/415/175 275/411/175
s 73
f 269/413/176 268/402/176 279/401/176
s 74
f 267/409/83 272/410/83 275/411/83
s 93
f 261/398/83 256/399/83 257/472/83
s 99
f 375/498/73 376/499/64 374/500/73
f 377/501/64 378/502/186 376/499/64
f 379/503/186 380/504/176 378/502/186
f 381/505/176 382/506/187 380/504/176
f 383/507/187 384/508/188 382/506/187
f 385/509/188 386/510/71 384/508/188
f 387/511/71 388/512/189 386/510/71
f 389/513/189 390/514/190 388/512/189
f 391/515/190 392/516/175 390/514/190
f 393/517/175 394/518/191 392/516/175
f 395/519/191 396/520/192 394/518/191
s 100
f 398/521/6 470/522/6 472/523/6
f 398/521/6 474/524/6 400/525/6
s 99
f 401/526/193 402/527/194 400/528/193
f 403/529/194 404/530/174 402/527/194
f 405/531/174 406/532/195 404/530/174
f 407/533/195 408/534/196 406/532/195
f 409/535/196 410/536/172 408/534/196
f 411/537/172 412/538/197 410/536/172
f 413/539/197 414/540/198 412/538/197
f 415/541/198 416/542/173 414/540/198
f 417/543/173 418/544/199 416/542/173
s 101
f 381/545/33 442/546/33 439/547/200
f 411/548/33 403/549/33 431/550/33
s 99
f 419/551/199 420/552/30 418/544/199
f 421/553/30 374/500/73 420/552/30
s 100
f 380/554/6 388/555/6 449/556/6
f 404/557/6 412/558/6 461/559/6
s 101
f 399/560/33 475/561/33 473/562/33
s 102
f 400/525/172 475/561/172 401/563/172
s 103
f 397/564/71 470/522/71 396/565/71
s 101
f 399/560/33 471/566/33 397/567/33
s 99
f 375/498/73 377/501/64 376/499/64
f 377/501/64 379/503/186 378/502/186
f 379/503/186 381/505/176 380/504/176
f 381/505/176 383/507/187 382/506/187
f 383/507/187 385/509/188 384/508/188
f 385/509/188 387/511/71 386/510/71
f 387/511/71 389/513/189 388/512/189
f 389/513/189 391/515/190 390/514/190
f 391/515/190 393/517/175 392/516/175
f 393/517/175 395/519/191 394/518/191
f 395/519/191 397/568/192 396/520/192
s 100
f 398/521/6 396/565/6 470/522/6
f 398/521/6 472/523/6 474/524/6
s 99
f 401/526/193 403/529/194 402/527/194
f 403/529/194 405/531/174 404/530/174
f 405/531/174 407/533/195 406/532/195
f 407/533/195 409/535/196 408/534/196
f 409/535/196 411/537/172 410/536/172
f 411/537/172 413/539/197 412/538/197
f 413/539/197 415/541/198 414/540/198
f 415/541/198 417/543/173 416/542/173
f 417/543/173 419/551/199 418/544/199
s 101
f 438/569/33 387/570/33 385/571/33
f 385/571/33 383/572/33 381/545/33
f 381/545/33 379/573/33 445/574/33
f 381/545/33 445/574/33 436/575/33
f 438/569/33 385/571/33 381/545/33
f 439/547/200 438/569/33 381/545/33
f 381/545/33 436/575/33 442/546/33
f 427/576/33 445/574/33 379/573/33
f 379/573/33 377/577/33 375/578/33
f 375/578/33 421/579/33 419/580/33
f 419/580/33 417/581/33 415/582/33
f 415/582/33 413/583/33 411/548/33
f 411/548/33 409/584/33 407/585/33
f 407/585/33 405/586/33 403/549/33
f 403/549/33 401/587/33 399/588/33
f 399/588/33 397/589/33 395/590/33
f 395/590/33 393/591/33 391/592/33
f 391/592/33 389/593/33 387/570/33
f 387/570/33 438/569/33 441/594/33
f 387/570/33 441/594/33 440/595/33
f 395/590/33 391/592/33 387/570/33
f 403/549/33 399/588/33 395/590/33
f 411/548/33 407/585/33 403/549/33
f 419/580/33 415/582/33 411/548/33
f 379/573/33 375/578/33 419/580/33
f 428/596/201 427/576/33 379/573/33
f 425/597/33 428/596/201 379/573/33
f 395/590/33 387/570/33 440/595/33
f 395/590/33 440/595/33 437/598/33
f 425/597/33 379/573/33 419/580/33
f 426/599/33 425/597/33 419/580/33
f 395/590/33 437/598/33 444/600/33
f 395/590/33 444/600/33 433/601/33
f 423/602/33 426/599/33 419/580/33
f 424/603/33 423/602/33 419/580/33
f 403/549/33 395/590/33 433/601/33
f 403/549/33 433/601/33 434/604/202
f 424/603/33 419/580/33 411/548/33
f 422/605/33 424/603/33 411/548/33
f 403/549/33 434/604/202 432/606/33
f 403/549/33 432/606/33 435/607/33
f 443/608/33 422/605/33 411/548/33
f 429/609/33 443/608/33 411/548/33
f 403/549/33 435/607/33 430/610/33
f 431/550/33 429/609/33 411/548/33
f 403/549/33 430/610/33 431/550/33
s 99
f 419/551/199 421/553/30 420/552/30
f 421/553/30 375/498/73 374/500/73
s 100
f 450/611/6 452/612/6 380/554/6
f 380/554/6 382/613/6 384/614/6
f 384/614/6 386/615/6 388/555/6
f 388/555/6 468/616/6 451/617/6
f 449/556/6 450/611/6 380/554/6
f 388/555/6 451/617/6 449/556/6
f 380/554/6 384/614/6 388/555/6
f 458/618/6 468/616/6 388/555/6
f 388/555/6 390/619/6 392/620/6
f 392/620/6 394/621/6 396/622/6
f 396/622/6 398/623/6 400/624/6
f 400/624/6 402/625/6 404/557/6
f 404/557/6 406/626/6 408/627/6
f 408/627/6 410/628/6 412/558/6
f 412/558/6 414/629/6 416/630/6
f 416/630/6 418/631/6 420/632/6
f 420/632/6 374/633/6 376/634/6
f 376/634/6 378/635/6 380/554/6
f 380/554/6 452/612/6 447/636/6
f 380/554/6 447/636/6 448/637/6
f 420/632/6 376/634/6 380/554/6
f 412/558/6 416/630/6 420/632/6
f 404/557/6 408/627/6 412/558/6
f 396/622/6 400/624/6 404/557/6
f 388/555/6 392/620/6 396/622/6
f 459/638/203 458/618/6 388/555/6
f 456/639/6 459/638/203 388/555/6
f 420/632/6 380/554/6 448/637/6
f 420/632/6 448/637/6 446/640/6
f 456/639/6 388/555/6 396/622/6
f 457/641/6 456/639/6 396/622/6
f 420/632/6 446/640/6 469/642/6
f 420/632/6 469/642/6 463/643/6
f 454/644/6 457/641/6 396/622/6
f 455/645/6 454/644/6 396/622/6
f 412/558/6 420/632/6 463/643/6
f 412/558/6 463/643/6 464/646/204
f 455/645/6 396/622/6 404/557/6
f 453/647/6 455/645/6 404/557/6
f 412/558/6 464/646/204 466/648/6
f 412/558/6 466/648/6 462/649/6
f 467/650/6 453/647/6 404/557/6
f 465/651/6 467/650/6 404/557/6
f 412/558/6 462/649/6 460/652/6
f 461/559/6 465/651/6 404/557/6
f 412/558/6 460/652/6 461/559/6
s 101
f 399/560/33 401/563/33 475/561/33
s 104
f 400/525/172 474/524/172 475/561/172
s 105
f 397/564/71 471/653/71 470/522/71
s 101
f 399/560/33 473/562/33 471/566/33
s 106
f 563/654/6 529/655/6 562/656/205
f 529/655/6 563/654/6 564/657/206
f 529/655/6 528/658/205 562/656/205
f 564/657/206 530/659/206 529/655/6
f 528/658/205 561/660/178 562/656/205
f 564/657/206 565/661/207 530/659/206
f 528/658/205 527/662/178 561/660/178
f 565/661/207 531/663/207 530/659/206
f 565/661/207 566/664/208 531/663/207
f 566/664/208 532/665/208 531/663/207
f 527/662/178 560/666/209 561/660/178
f 560/666/209 527/662/178 526/667/209
f 566/664/208 567/668/210 532/665/208
f 567/668/210 533/669/210 532/665/208
f 560/666/209 526/667/209 559/670/211
f 526/667/209 525/671/211 559/670/211
f 525/671/211 558/672/212 559/670/211
f 567/668/210 568/673/213 533/669/210
f 525/671/211 524/674/212 558/672/212
f 568/673/213 534/675/213 533/669/210
f 568/673/213 569/676/214 534/675/213
f 558/672/212 524/674/212 557/677/177
f 524/674/212 523/678/177 557/677/177
f 534/675/213 569/676/214 535/679/214
f 523/678/177 556/680/215 557/677/177
f 535/679/214 569/676/214 536/681/216
f 523/678/177 522/682/215 556/680/215
f 536/681/216 569/676/214 570/683/216
f 522/682/215 555/684/172 556/680/215
f 555/684/172 522/682/215 521/685/172
f 536/681/216 570/683/216 539/686/71
f 539/686/71 505/687/71 536/681/216
f 539/686/71 540/688/217 505/687/71
f 555/684/172 521/685/172 554/689/218
f 554/689/218 521/685/172 520/690/218
f 505/687/71 540/688/217 506/691/217
f 506/691/217 540/688/217 541/692/219
f 506/691/217 541/692/219 507/693/219
f 554/689/218 520/690/218 553/694/179
f 520/695/218 519/696/179 553/697/179
f 519/696/179 552/698/220 553/697/179
f 507/693/219 541/692/219 542/699/221
f 519/696/179 518/700/220 552/698/220
f 507/693/219 542/699/221 508/701/221
f 552/698/220 518/700/220 551/702/222
f 508/701/221 542/699/221 543/703/223
f 508/701/221 543/703/223 509/704/223
f 551/702/222 518/700/220 517/705/222
f 509/704/223 543/703/223 544/706/224
f 551/702/222 517/705/222 550/707/225
f 509/704/223 544/706/224 510/708/224
f 550/707/225 517/705/222 516/709/225
f 510/708/224 544/706/224 545/710/226
f 550/707/225 516/709/225 549/711/180
f 510/708/224 545/710/226 511/712/226
f 549/711/180 516/709/225 515/713/180
f 511/712/226 545/710/226 546/714/227
f 549/711/180 515/713/180 548/715/228
f 548/715/228 515/713/180 514/716/228
f 511/712/226 546/714/227 512/717/227
f 548/715/228 514/716/228 547/718/33
f 512/717/227 546/714/227 547/718/33
f 547/718/33 514/716/228 513/719/33
f 512/717/227 547/718/33 513/719/33
s 107
f 1005/720/229 1028/721/230 1029/722/229
f 1011/723/231 1036/724/232 1012/725/232
f 1002/726/233 1015/727/234 1026/728/233
f 1008/729/235 1033/730/236 1009/731/236
f 1005/720/229 1030/732/237 1006/733/237
f 1001/734/234 1036/724/232 1015/727/234
f 1002/735/233 1027/736/238 1003/737/238
f 1009/731/236 1034/738/239 1010/739/239
f 1007/740/240 1030/732/237 1031/741/240
f 1003/742/238 1028/721/230 1004/743/230
f 1010/739/239 1035/744/231 1011/723/231
f 1007/740/240 1032/745/235 1008/729/235
s 108
f 675/746/241 653/747/242 676/748/241
f 671/749/243 674/750/244 672/751/243
f 667/752/245 670/753/246 668/754/245
s 109
f 671/755/247 1131/756/248 669/757/247
s 108
f 663/758/249 666/759/250 664/760/249
f 659/761/251 662/762/252 660/763/251
f 655/764/253 658/765/254 656/766/253
s 110
f 697/767/222 700/768/255 698/769/255
s 111
f 693/770/256 696/771/257 694/772/257
s 112
f 689/773/258 692/774/259 690/775/259
s 113
f 686/776/260 687/777/210 688/778/260
s 114
f 681/779/261 684/780/262 682/781/262
s 115
f 677/782/263 679/783/264 680/784/263
s 113
f 995/785/265 688/786/260 998/787/265
s 111
f 979/788/266 696/789/257 982/790/266
s 116
f 673/791/267 1120/792/268 1123/793/268
s 117
f 1127/794/269 696/789/269 695/795/269
s 118
f 667/796/270 1139/797/271 665/798/270
s 119
f 659/799/272 1113/800/273 657/801/272
s 113
f 664/802/274 994/803/275 999/804/275
s 111
f 670/805/276 983/806/277 672/807/276
s 120
f 1116/808/269 682/809/269 967/810/269
s 121
f 1103/811/278 953/812/278 954/813/278
f 1102/814/278 954/813/278 955/815/278
s 119
f 1109/816/279 681/779/280 1116/817/279
s 122
f 1104/818/281 679/783/282 678/819/282
s 115
f 653/820/283 959/821/284 656/822/283
f 955/815/285 957/823/286 960/824/285
s 123
f 1109/816/287 684/825/287 683/826/287
f 1110/827/287 964/828/287 1109/829/287
s 120
f 1115/830/269 967/810/269 968/831/269
s 116
f 1117/832/288 697/767/289 1122/833/288
s 119
f 1111/834/290 1115/835/291 1114/836/290
s 114
f 967/810/292 684/825/262 964/828/292
f 660/837/293 966/838/294 961/839/294
f 962/840/295 968/831/296 963/841/296
s 124
f 1122/842/211 698/843/211 975/844/211
f 1123/845/211 973/846/211 974/847/211
s 125
f 1120/848/223 970/849/223 1119/850/223
f 1118/851/223 972/852/223 1117/853/223
s 116
f 1124/854/297 1118/855/298 1121/856/298
s 110
f 975/844/299 700/857/255 972/852/299
f 674/858/300 969/859/301 676/860/300
f 973/846/302 971/861/303 970/849/302
s 109
f 1125/862/304 1129/863/305 1132/864/304
s 111
f 977/865/306 981/866/307 984/867/306
s 117
f 1128/868/269 982/790/269 1127/869/269
s 109
f 1127/794/308 693/770/309 1130/870/308
s 118
f 1133/871/310 689/773/311 1138/872/310
s 126
f 1129/873/287 979/788/287 980/874/287
s 127
f 1138/875/312 690/876/312 991/877/312
f 1137/878/312 991/877/312 992/879/312
s 128
f 1133/871/278 692/880/278 691/881/278
f 1134/882/278 988/883/278 1133/884/278
s 118
f 1135/885/313 1137/886/314 1140/887/313
s 112
f 991/877/315 692/880/259 988/883/315
f 668/888/316 990/889/317 985/890/317
f 986/891/318 992/879/319 987/892/319
s 129
f 1144/893/223 686/894/223 995/785/223
f 1143/895/223 995/785/223 996/896/223
s 113
f 993/897/320 997/898/321 1000/899/320
s 130
f 1144/900/322 687/777/323 685/901/323
f 663/902/324 1141/903/325 661/904/324
f 1142/905/326 1148/906/327 1143/907/327
s 108
f 812/908/328 654/909/242 675/746/241
f 811/910/328 789/911/33 812/912/328
f 810/913/329 675/746/241 673/914/244
f 809/915/329 812/912/328 810/916/329
f 808/917/330 673/914/244 671/749/243
s 131
f 799/918/261 818/919/261 800/920/261
s 108
f 806/921/331 671/749/243 669/922/246
f 805/923/331 808/924/330 806/925/331
f 804/926/332 669/922/246 667/752/245
f 803/927/332 806/925/331 804/928/332
f 802/929/333 667/752/245 665/930/250
f 801/931/333 804/928/332 802/932/333
f 800/933/334 665/930/250 663/758/249
s 132
f 793/934/83 813/935/83 791/936/83
s 108
f 661/937/252 800/933/334 663/758/249
f 798/938/335 799/939/334 800/940/334
f 796/941/71 661/937/252 659/761/251
f 796/942/71 797/943/335 798/938/335
f 794/944/336 659/761/251 657/945/254
f 793/946/336 796/942/71 794/947/336
f 792/948/337 657/945/254 655/764/253
s 133
f 810/949/264 823/950/264 809/951/264
s 108
f 789/952/33 655/953/253 654/909/242
f 790/954/33 792/955/337 789/952/33
s 134
f 821/956/278 824/957/278 822/958/278
s 135
f 817/959/287 820/960/287 818/961/287
s 136
f 813/935/223 816/962/223 814/963/223
s 137
f 810/949/73 822/964/73 824/965/73
s 138
f 794/966/210 815/967/210 793/968/210
s 139
f 807/969/83 823/970/83 821/956/83
s 140
f 802/971/73 818/919/73 820/972/73
s 141
f 807/969/258 822/964/258 808/973/258
s 142
f 802/971/256 819/974/256 801/975/256
s 143
f 801/975/83 817/959/83 799/976/83
s 144
f 791/936/222 814/977/222 792/978/222
s 145
f 792/978/73 816/979/73 794/966/73
s 121
f 1101/980/278 955/815/278 956/981/278
s 123
f 1111/834/287 963/841/287 1110/982/287
f 1112/983/287 962/840/287 1111/984/287
s 120
f 1114/985/269 968/831/269 965/986/269
f 1113/987/269 965/986/269 966/988/269
s 125
f 1119/989/223 971/861/223 1118/855/223
s 124
f 1124/990/211 976/991/211 973/846/211
f 1121/992/211 975/844/211 976/991/211
s 126
f 1132/993/287 980/874/287 977/865/287
f 1131/994/287 977/865/287 978/995/287
s 117
f 1125/862/269 981/866/269 1128/996/269
f 1126/997/269 984/867/269 1125/998/269
s 128
f 1135/885/278 987/892/278 1134/999/278
f 1136/1000/278 986/891/278 1135/1001/278
s 127
f 1140/1002/312 992/879/312 989/1003/312
f 1139/1004/312 989/1003/312 990/889/312
s 129
f 1142/1005/223 996/896/223 993/897/223
f 1141/1006/223 993/897/223 994/803/223
s 115
f 955/815/285 959/821/284 956/981/284
f 958/1007/338 954/813/286 953/812/338
s 114
f 962/840/295 966/988/294 965/986/295
f 964/828/292 968/831/296 967/810/292
s 110
f 970/849/302 974/847/301 973/846/302
f 972/852/299 976/991/303 975/844/299
s 111
f 984/867/306 978/995/277 977/865/306
f 982/790/266 980/874/307 979/788/266
s 112
f 986/891/318 990/889/317 989/1003/318
f 991/877/315 987/892/319 992/879/319
s 113
f 1000/899/320 994/803/275 993/897/320
f 998/787/265 996/896/321 995/785/265
s 115
f 953/812/338 680/1008/263 958/1007/338
s 108
f 1012/1009/328 790/954/33 811/1010/328
f 1011/1011/339 811/1010/328 809/1012/329
f 1010/1013/172 809/1012/329 807/1014/330
f 1009/1015/331 807/1014/330 805/1016/331
f 1008/1017/332 805/1016/331 803/1018/332
f 1007/1019/6 803/1018/332 801/1020/333
f 1006/1021/340 801/1020/333 799/1022/334
f 797/1023/335 1006/1021/340 799/1022/334
f 1004/1024/71 797/1023/335 795/1025/71
f 1003/737/341 795/1025/71 793/1026/336
f 1002/735/342 793/1026/336 791/1027/337
f 1001/1028/33 791/1029/337 790/954/33
s 146
f 513/1030/73 1039/1031/73 1068/1032/73
f 527/1033/73 1067/1034/73 526/1035/73
f 512/1036/73 1068/1032/73 1066/1037/73
f 526/1035/73 1065/1038/73 525/1039/73
f 511/1040/73 1066/1037/73 1064/1041/73
f 525/1039/73 1063/1042/73 524/1043/73
f 510/1044/73 1064/1041/73 1062/1045/73
f 523/1046/73 1063/1042/73 1061/1047/73
f 536/1048/73 1049/1049/73 1060/1050/73
f 509/1051/73 1062/1045/73 1059/1052/73
f 523/1046/73 1058/1053/73 522/1054/73
f 535/1055/73 1060/1050/73 1057/1056/73
f 508/1057/73 1059/1052/73 1056/1058/73
f 522/1054/73 1055/1059/73 521/1060/73
f 535/1055/73 1054/1061/73 534/1062/73
f 507/1063/73 1056/1058/73 1053/1064/73
f 521/1060/73 1052/1065/73 520/1066/73
f 534/1062/73 1051/1067/73 533/1068/73
f 506/1069/73 1053/1064/73 1050/1070/73
f 520/1066/73 1048/1071/73 519/1072/73
f 533/1068/73 1047/1073/73 532/1074/73
f 506/1069/73 1049/1049/73 505/1075/73
f 518/1076/73 1048/1071/73 1046/1077/73
f 532/1074/73 1045/1078/73 531/1079/73
f 517/1080/73 1046/1077/73 1044/1081/73
f 531/1079/73 1043/1082/73 530/1083/73
f 516/1084/73 1044/1081/73 1042/1085/73
f 530/1083/73 1041/1086/73 529/1087/73
f 515/1088/73 1042/1085/73 1040/1089/73
f 529/1087/73 1038/1090/73 528/1091/73
f 514/1092/73 1040/1089/73 1039/1031/73
f 528/1091/73 1037/1093/73 527/1033/73
s 147
f 540/1094/83 1100/1095/83 1069/1096/83
f 541/1097/83 1069/1096/83 1070/1098/83
f 541/1097/83 1071/1099/83 542/1100/83
f 542/1100/83 1072/1101/83 543/1102/83
f 543/1102/83 1073/1103/83 544/1104/83
f 544/1104/83 1074/1105/83 545/1106/83
f 545/1106/83 1075/1107/83 546/1108/83
f 546/1108/83 1076/1109/83 547/1110/83
f 547/1110/83 1077/1111/83 548/1112/83
f 548/1112/83 1078/1113/83 549/1114/83
f 549/1114/83 1079/1115/83 550/1116/83
f 550/1116/83 1080/1117/83 551/1118/83
f 551/1118/83 1081/1119/83 552/1120/83
f 552/1120/83 1082/1121/83 553/1122/83
f 553/1122/83 1083/1123/83 554/1124/83
f 554/1124/83 1084/1125/83 555/1126/83
f 555/1126/83 1085/1127/83 556/1128/83
f 556/1128/83 1086/1129/83 557/1130/83
f 557/1130/83 1087/1131/83 558/1132/83
f 559/1133/83 1087/1131/83 1088/1134/83
f 560/1135/83 1088/1134/83 1089/1136/83
f 561/1137/83 1089/1136/83 1090/1138/83
f 562/1139/83 1090/1138/83 1091/1140/83
f 563/1141/83 1091/1140/83 1092/1142/83
f 564/1143/83 1092/1142/83 1093/1144/83
f 565/1145/83 1093/1144/83 1094/1146/83
f 566/1147/83 1094/1146/83 1095/1148/83
f 567/1149/83 1095/1148/83 1096/1150/83
f 568/1151/83 1096/1150/83 1097/1152/83
f 569/1153/83 1097/1152/83 1098/1154/83
f 570/1155/83 1098/1154/83 1099/1156/83
f 539/1157/83 1099/1156/83 1100/1095/83
s 121
f 1101/980/278 653/820/278 654/1158/278
s 148
f 656/822/312 1106/1159/312 655/1160/312
s 123
f 660/1161/287 1112/1162/287 659/799/287
s 120
f 658/1163/269 1113/1164/269 966/988/269
s 121
f 1104/1165/278 677/1166/278 953/812/278
s 125
f 676/860/223 1120/792/223 675/1167/223
s 124
f 674/858/211 1123/1168/211 974/847/211
s 117
f 672/807/269 1126/1169/269 671/755/269
s 126
f 670/805/287 1131/1170/287 978/995/287
s 128
f 668/888/278 1136/1171/278 667/796/278
s 127
f 666/1172/312 1139/1173/312 990/889/312
s 129
f 662/1174/223 1141/1175/223 994/803/223
s 149
f 664/802/211 1146/1176/211 663/902/211
s 122
f 1104/1177/281 1108/1178/343 1107/1179/281
s 119
f 1114/1180/290 1112/983/273 1111/984/290
f 1116/1181/279 1110/827/344 1109/829/279
s 116
f 1124/1182/297 1120/848/268 1119/850/297
f 1122/1183/288 1118/851/298 1117/853/288
s 109
f 1125/998/304 1131/1184/248 1126/997/248
f 1130/1185/308 1128/868/305 1127/869/308
s 118
f 1140/1186/313 1136/1000/271 1135/1001/313
f 1133/884/310 1137/1187/314 1134/882/314
s 130
f 1145/1188/326 1141/1189/325 1146/1190/325
f 1147/1191/322 1143/1192/327 1148/1193/327
s 122
f 655/1160/345 1101/1194/346 654/1195/345
s 125
f 1117/832/223 700/857/223 699/1196/223
s 148
f 1106/1197/312 960/824/312 1105/1198/312
f 1105/1199/312 957/823/312 1108/1200/312
f 1108/1178/312 958/1007/312 1107/1179/312
f 1107/1201/312 680/1008/312 679/783/312
s 126
f 1130/1202/287 694/1203/287 979/788/287
s 122
f 1106/1197/346 1102/1204/347 1101/1205/346
f 1103/1206/343 1105/1199/347 1108/1200/343
s 149
f 1146/1190/211 1000/899/211 1145/1188/211
f 1145/1207/211 997/898/211 1148/906/211
f 1148/1193/211 998/787/211 1147/1191/211
f 1147/1208/211 688/786/211 687/777/211
s 107
f 1005/720/229 1004/743/230 1028/721/230
f 1011/723/231 1035/744/231 1036/724/232
f 1002/726/233 1001/734/234 1015/727/234
f 1008/729/235 1032/745/235 1033/730/236
f 1005/720/229 1029/722/229 1030/732/237
f 1001/734/234 1012/725/232 1036/724/232
f 1002/735/233 1026/1209/233 1027/736/238
f 1009/731/236 1033/730/236 1034/738/239
f 1007/740/240 1006/733/237 1030/732/237
f 1003/742/238 1027/1210/238 1028/721/230
f 1010/739/239 1034/738/239 1035/744/231
f 1007/740/240 1031/741/240 1032/745/235
s 108
f 675/746/241 654/909/242 653/747/242
f 671/749/243 673/914/244 674/750/244
f 667/752/245 669/922/246 670/753/246
s 109
f 671/755/247 1126/1169/248 1131/756/248
s 108
f 663/758/249 665/930/250 666/759/250
f 659/761/251 661/937/252 662/762/252
f 655/764/253 657/945/254 658/765/254
s 110
f 697/767/222 699/1196/222 700/768/255
s 111
f 693/770/256 695/795/256 696/771/257
s 112
f 689/773/258 691/881/258 692/774/259
s 113
f 686/776/260 685/901/210 687/777/210
s 114
f 681/779/261 683/826/261 684/780/262
s 115
f 677/782/263 678/819/264 679/783/264
s 113
f 995/785/265 686/894/260 688/786/260
s 111
f 979/788/266 694/1203/257 696/789/257
s 116
f 673/791/267 675/1167/267 1120/792/268
s 117
f 1127/794/269 982/790/269 696/789/269
s 118
f 667/796/270 1136/1171/271 1139/797/271
s 119
f 659/799/272 1112/1162/273 1113/800/273
s 113
f 664/802/274 662/1174/274 994/803/275
s 111
f 670/805/276 978/995/277 983/806/277
s 120
f 1116/808/269 681/1211/269 682/809/269
s 121
f 1103/811/278 1104/1212/278 953/812/278
f 1102/814/278 1103/1213/278 954/813/278
s 119
f 1109/816/279 683/826/280 681/779/280
s 122
f 1104/818/281 1107/1201/281 679/783/282
s 115
f 653/820/283 956/981/284 959/821/284
f 955/815/285 954/813/286 957/823/286
s 123
f 1109/816/287 964/828/287 684/825/287
f 1110/827/287 963/841/287 964/828/287
s 120
f 1115/830/269 1116/1214/269 967/810/269
s 116
f 1117/832/288 699/1196/289 697/767/289
s 119
f 1111/834/290 1110/982/344 1115/835/291
s 114
f 967/810/292 682/809/262 684/825/262
f 660/837/293 658/1215/293 966/838/294
f 962/840/295 965/986/295 968/831/296
s 124
f 1122/842/211 697/1216/211 698/843/211
f 1123/845/211 1124/1217/211 973/846/211
s 125
f 1120/848/223 969/859/223 970/849/223
f 1118/851/223 971/861/223 972/852/223
s 116
f 1124/854/297 1119/989/297 1118/855/298
s 110
f 975/844/299 698/843/255 700/857/255
f 674/858/300 974/847/301 969/859/301
f 973/846/302 976/991/303 971/861/303
s 109
f 1125/862/304 1128/996/305 1129/863/305
s 111
f 977/865/306 980/874/307 981/866/307
s 117
f 1128/868/269 981/866/269 982/790/269
s 109
f 1127/794/308 695/795/309 693/770/309
s 118
f 1133/871/310 691/881/311 689/773/311
s 126
f 1129/873/287 1130/1218/287 979/788/287
s 127
f 1138/875/312 689/1219/312 690/876/312
f 1137/878/312 1138/1220/312 991/877/312
s 128
f 1133/871/278 988/883/278 692/880/278
f 1134/882/278 987/892/278 988/883/278
s 118
f 1135/885/313 1134/999/314 1137/886/314
s 112
f 991/877/315 690/876/259 692/880/259
f 668/888/316 666/1172/316 990/889/317
f 986/891/318 989/1003/318 992/879/319
s 129
f 1144/893/223 685/1221/223 686/894/223
f 1143/895/223 1144/1222/223 995/785/223
s 113
f 993/897/320 996/896/321 997/898/321
s 130
f 1144/900/322 1147/1208/322 687/777/323
f 663/902/324 1146/1176/325 1141/903/325
f 1142/905/326 1145/1207/326 1148/906/327
s 108
f 812/908/328 789/952/33 654/909/242
f 811/910/328 790/1223/33 789/911/33
f 810/913/329 812/908/328 675/746/241
f 809/915/329 811/910/328 812/912/328
f 808/917/330 810/913/329 673/914/244
s 131
f 799/918/261 817/1224/261 818/919/261
s 108
f 806/921/331 808/917/330 671/749/243
f 805/923/331 807/1225/330 808/924/330
f 804/926/332 806/921/331 669/922/246
f 803/927/332 805/923/331 806/925/331
f 802/929/333 804/926/332 667/752/245
f 801/931/333 803/927/332 804/928/332
f 800/933/334 802/929/333 665/930/250
s 132
f 793/934/83 815/1226/83 813/935/83
s 108
f 661/937/252 798/1227/335 800/933/334
f 798/938/335 797/943/335 799/939/334
f 796/941/71 798/1227/335 661/937/252
f 796/942/71 795/1228/71 797/943/335
f 794/944/336 796/941/71 659/761/251
f 793/946/336 795/1228/71 796/942/71
f 792/948/337 794/944/336 657/945/254
s 133
f 810/949/264 824/965/264 823/950/264
s 108
f 789/952/33 792/955/337 655/953/253
f 790/954/33 791/1029/337 792/955/337
s 134
f 821/956/278 823/970/278 824/957/278
s 135
f 817/959/287 819/974/287 820/960/287
s 136
f 813/935/223 815/1226/223 816/962/223
s 137
f 810/949/73 808/973/73 822/964/73
s 138
f 794/966/210 816/979/210 815/967/210
s 139
f 807/969/83 809/1229/83 823/970/83
s 140
f 802/971/73 800/920/73 818/919/73
s 141
f 807/969/258 821/956/258 822/964/258
s 142
f 802/971/256 820/972/256 819/974/256
s 143
f 801/975/83 819/974/83 817/959/83
s 144
f 791/936/222 813/935/222 814/977/222
s 145
f 792/978/73 814/977/73 816/979/73
s 121
f 1101/980/278 1102/1230/278 955/815/278
s 123
f 1111/834/287 962/840/287 963/841/287
f 1112/983/287 961/1231/287 962/840/287
s 120
f 1114/985/269 1115/1232/269 968/831/269
f 1113/987/269 1114/1233/269 965/986/269
s 125
f 1119/989/223 970/849/223 971/861/223
s 124
f 1124/990/211 1121/1234/211 976/991/211
f 1121/992/211 1122/1235/211 975/844/211
s 126
f 1132/993/287 1129/1236/287 980/874/287
f 1131/994/287 1132/1237/287 977/865/287
s 117
f 1125/862/269 984/867/269 981/866/269
f 1126/997/269 983/806/269 984/867/269
s 128
f 1135/885/278 986/891/278 987/892/278
f 1136/1000/278 985/890/278 986/891/278
s 127
f 1140/1002/312 1137/1238/312 992/879/312
f 1139/1004/312 1140/1239/312 989/1003/312
s 129
f 1142/1005/223 1143/1240/223 996/896/223
f 1141/1006/223 1142/1241/223 993/897/223
s 115
f 955/815/285 960/824/285 959/821/284
f 958/1007/338 957/823/286 954/813/286
s 114
f 962/840/295 961/1231/294 966/988/294
f 964/828/292 963/841/296 968/831/296
s 110
f 970/849/302 969/859/301 974/847/301
f 972/852/299 971/861/303 976/991/303
s 111
f 984/867/306 983/806/277 978/995/277
f 982/790/266 981/866/307 980/874/307
s 112
f 986/891/318 985/890/317 990/889/317
f 991/877/315 988/883/315 987/892/319
s 113
f 1000/899/320 999/804/275 994/803/275
f 998/787/265 997/898/321 996/896/321
s 115
f 953/812/338 677/1166/263 680/1008/263
s 108
f 1012/1009/328 1001/1028/33 790/954/33
f 1011/1011/339 1012/1009/328 811/1010/328
f 1010/1013/172 1011/1011/339 809/1012/329
f 1009/1015/331 1010/1013/172 807/1014/330
f 1008/1017/332 1009/1015/331 805/1016/331
f 1007/1019/6 1008/1017/332 803/1018/332
f 1006/1021/340 1007/1019/6 801/1020/333
f 797/1023/335 1005/1242/335 1006/1021/340
f 1004/1024/71 1005/1242/335 797/1023/335
f 1003/737/341 1004/1024/71 795/1025/71
f 1002/735/342 1003/737/341 793/1026/336
f 1001/1028/33 1002/1243/342 791/1029/337
s 146
f 513/1030/73 514/1092/73 1039/1031/73
f 527/1033/73 1037/1093/73 1067/1034/73
f 512/1036/73 513/1030/73 1068/1032/73
f 526/1035/73 1067/1034/73 1065/1038/73
f 511/1040/73 512/1036/73 1066/1037/73
f 525/1039/73 1065/1038/73 1063/1042/73
f 510/1044/73 511/1040/73 1064/1041/73
f 523/1046/73 524/1043/73 1063/1042/73
f 536/1048/73 505/1075/73 1049/1049/73
f 509/1051/73 510/1044/73 1062/1045/73
f 523/1046/73 1061/1047/73 1058/1053/73
f 535/1055/73 536/1048/73 1060/1050/73
f 508/1057/73 509/1051/73 1059/1052/73
f 522/1054/73 1058/1053/73 1055/1059/73
f 535/1055/73 1057/1056/73 1054/1061/73
f 507/1063/73 508/1057/73 1056/1058/73
f 521/1060/73 1055/1059/73 1052/1065/73
f 534/1062/73 1054/1061/73 1051/1067/73
f 506/1069/73 507/1063/73 1053/1064/73
f 520/1066/73 1052/1065/73 1048/1071/73
f 533/1068/73 1051/1067/73 1047/1073/73
f 506/1069/73 1050/1070/73 1049/1049/73
f 518/1076/73 519/1072/73 1048/1071/73
f 532/1074/73 1047/1073/73 1045/1078/73
f 517/1080/73 518/1076/73 1046/1077/73
f 531/1079/73 1045/1078/73 1043/1082/73
f 516/1084/73 517/1080/73 1044/1081/73
f 530/1083/73 1043/1082/73 1041/1086/73
f 515/1088/73 516/1084/73 1042/1085/73
f 529/1087/73 1041/1086/73 1038/1090/73
f 514/1092/73 515/1088/73 1040/1089/73
f 528/1091/73 1038/1090/73 1037/1093/73
s 147
f 540/1094/83 539/1157/83 1100/1095/83
f 541/1097/83 540/1094/83 1069/1096/83
f 541/1097/83 1070/1098/83 1071/1099/83
f 542/1100/83 1071/1099/83 1072/1101/83
f 543/1102/83 1072/1101/83 1073/1103/83
f 544/1104/83 1073/1103/83 1074/1105/83
f 545/1106/83 1074/1105/83 1075/1107/83
f 546/1108/83 1075/1107/83 1076/1109/83
f 547/1110/83 1076/1109/83 1077/1111/83
f 548/1112/83 1077/1111/83 1078/1113/83
f 549/1114/83 1078/1113/83 1079/1115/83
f 550/1116/83 1079/1115/83 1080/1117/83
f 551/1118/83 1080/1117/83 1081/1119/83
f 552/1120/83 1081/1119/83 1082/1121/83
f 553/1122/83 1082/1121/83 1083/1123/83
f 554/1124/83 1083/1123/83 1084/1125/83
f 555/1126/83 1084/1125/83 1085/1127/83
f 556/1128/83 1085/1127/83 1086/1129/83
f 557/1130/83 1086/1129/83 1087/1131/83
f 559/1133/83 558/1132/83 1087/1131/83
f 560/1135/83 559/1133/83 1088/1134/83
f 561/1137/83 560/1135/83 1089/1136/83
f 562/1139/83 561/1137/83 1090/1138/83
f 563/1141/83 562/1139/83 1091/1140/83
f 564/1143/83 563/1141/83 1092/1142/83
f 565/1145/83 564/1143/83 1093/1144/83
f 566/1147/83 565/1145/83 1094/1146/83
f 567/1149/83 566/1147/83 1095/1148/83
f 568/1151/83 567/1149/83 1096/1150/83
f 569/1153/83 568/1151/83 1097/1152/83
f 570/1155/83 569/1153/83 1098/1154/83
f 539/1157/83 570/1155/83 1099/1156/83
s 121
f 1101/980/278 956/981/278 653/820/278
s 148
f 656/822/312 959/821/312 1106/1159/312
s 123
f 660/1161/287 961/1231/287 1112/1162/287
s 120
f 658/1163/269 657/1244/269 1113/1164/269
s 121
f 1104/1165/278 678/1245/278 677/1166/278
s 125
f 676/860/223 969/859/223 1120/792/223
s 124
f 674/858/211 673/1246/211 1123/1168/211
s 117
f 672/807/269 983/806/269 1126/1169/269
s 126
f 670/805/287 669/1247/287 1131/1170/287
s 128
f 668/888/278 985/890/278 1136/1171/278
s 127
f 666/1172/312 665/1248/312 1139/1173/312
s 129
f 662/1174/223 661/1249/223 1141/1175/223
s 149
f 664/802/211 999/804/211 1146/1176/211
s 122
f 1104/1177/281 1103/1250/343 1108/1178/343
s 119
f 1114/1180/290 1113/1251/273 1112/983/273
f 1116/1181/279 1115/1252/291 1110/827/344
s 116
f 1124/1182/297 1123/1253/268 1120/848/268
f 1122/1183/288 1121/1254/298 1118/851/298
s 109
f 1125/998/304 1132/1255/304 1131/1184/248
f 1130/1185/308 1129/1256/305 1128/868/305
s 118
f 1140/1186/313 1139/1257/271 1136/1000/271
f 1133/884/310 1138/1258/310 1137/1187/314
s 130
f 1145/1188/326 1142/1259/326 1141/1189/325
f 1147/1191/322 1144/1260/322 1143/1192/327
s 122
f 655/1160/345 1106/1159/346 1101/1194/346
s 125
f 1117/832/223 972/852/223 700/857/223
s 148
f 1106/1197/312 959/821/312 960/824/312
f 1105/1199/312 960/824/312 957/823/312
f 1108/1178/312 957/823/312 958/1007/312
f 1107/1201/312 958/1007/312 680/1008/312
s 126
f 1130/1202/287 693/1261/287 694/1203/287
s 122
f 1106/1197/346 1105/1198/347 1102/1204/347
f 1103/1206/343 1102/1262/347 1105/1199/347
s 149
f 1146/1190/211 999/804/211 1000/899/211
f 1145/1207/211 1000/899/211 997/898/211
f 1148/1193/211 997/898/211 998/787/211
f 1147/1208/211 998/787/211 688/786/211
s 150
g RuedaDelanteraDerecha_SpacialRoverExploreralumBlack
usemtl SpacialRoverExploreralumBlack
f 186/1263/348 189/1264/348 179/1265/348
s 151
f 179/1265/349 196/1266/349 180/1267/349
s 152
f 180/1267/350 197/1268/350 181/1269/350
s 153
f 182/1270/351 197/1268/351 198/1271/351
s 154
f 183/1272/352 198/1273/352 199/1274/352
s 155
f 8/1275/353 21/1276/354 7/1277/354
f 5/1278/355 19/1279/356 17/1280/355
f 4/1281/357 13/1282/358 3/1283/359
f 1/1284/360 11/1285/361 24/1286/360
f 1/1284/360 23/1287/353 8/1275/353
f 6/1288/356 21/1276/354 19/1279/356
f 5/1278/355 15/1289/362 4/1281/357
f 2/1290/363 13/1282/358 11/1285/361
s 156
f 23/1291/364 9/1292/365 22/1293/366
s 157
f 21/1294/367 22/1293/368 20/1295/369
s 158
f 18/1296/370 21/1294/371 20/1295/372
s 159
f 16/1297/373 19/1298/374 18/1296/375
s 160
f 14/1299/376 17/1300/377 16/1301/378
s 161
f 12/1302/379 15/1303/380 14/1299/381
s 162
f 11/1304/382 12/1302/383 10/1305/384
s 163
f 24/1306/385 10/1305/386 9/1292/387
s 164
f 188/1307/388 196/1308/388 189/1309/388
s 165
f 187/1310/389 197/1268/389 196/1308/389
s 166
f 197/1268/390 191/1311/390 198/1271/390
s 167
f 198/1312/391 192/1313/391 199/1314/391
s 168
f 199/1314/392 193/1315/392 200/1316/392
s 169
f 200/1316/393 194/1317/393 201/1318/393
s 170
f 194/1317/394 202/1319/394 201/1318/394
s 171
f 195/1320/395 189/1309/395 202/1321/395
s 172
f 185/1322/396 202/1323/396 186/1263/396
s 173
f 185/1322/397 200/1324/397 201/1325/397
s 174
f 184/1326/398 199/1274/398 200/1324/398
s 150
f 186/1263/348 202/1323/348 189/1264/348
s 151
f 179/1265/349 189/1264/349 196/1266/349
s 152
f 180/1267/350 196/1266/350 197/1268/350
s 153
f 182/1270/351 181/1269/351 197/1268/351
s 154
f 183/1272/352 182/1327/352 198/1273/352
s 155
f 8/1275/353 23/1287/353 21/1276/354
f 5/1278/355 6/1288/356 19/1279/356
f 4/1281/357 15/1289/362 13/1282/358
f 1/1284/360 2/1290/363 11/1285/361
f 1/1284/360 24/1286/360 23/1287/353
f 6/1288/356 7/1277/354 21/1276/354
f 5/1278/355 17/1280/355 15/1289/362
f 2/1290/363 3/1283/359 13/1282/358
s 156
f 23/1291/364 24/1306/399 9/1292/365
s 157
f 21/1294/367 23/1291/400 22/1293/368
s 175
f 18/1296/401 19/1298/402 21/1294/371
s 176
f 16/1297/373 17/1328/403 19/1298/374
s 177
f 14/1299/376 15/1303/404 17/1300/377
s 178
f 12/1302/405 13/1329/406 15/1303/407
s 162
f 11/1304/382 13/1329/408 12/1302/383
s 163
f 24/1306/385 11/1304/409 10/1305/386
s 164
f 188/1307/388 187/1310/388 196/1308/388
s 165
f 187/1310/389 190/1330/389 197/1268/389
s 179
f 197/1268/390 190/1330/390 191/1311/390
s 180
f 198/1312/391 191/1331/391 192/1313/391
s 181
f 199/1314/392 192/1313/392 193/1315/392
s 182
f 200/1316/393 193/1315/393 194/1317/393
s 170
f 194/1317/394 195/1332/394 202/1319/394
s 171
f 195/1320/395 188/1307/395 189/1309/395
s 172
f 185/1322/396 201/1325/396 202/1323/396
s 173
f 185/1322/397 184/1326/410 200/1324/397
s 174
f 184/1326/398 183/1272/398 199/1274/398
s 4
g RuedaDelanteraDerecha_SpacialRoverExploreralumOrange
usemtl SpacialRoverExploreralumOrange
f 98/1333/32 27/1334/64 25/1335/73
f 97/1336/64 29/1337/186 27/1334/64
f 99/1338/186 31/1339/176 29/1337/186
f 100/1340/176 33/1341/187 31/1339/176
f 101/1342/187 35/1343/188 33/1341/187
f 102/1344/188 37/1345/71 35/1343/188
f 103/1346/71 39/1347/189 37/1345/71
f 104/1348/189 41/1349/190 39/1347/189
f 105/1350/190 43/1351/175 41/1349/190
f 106/1352/175 45/1353/191 43/1351/175
f 107/1354/191 47/1355/38 45/1353/191
f 108/1356/38 49/1357/83 47/1355/38
f 109/1358/67 51/1359/34 49/1360/83
f 110/1361/34 53/1362/194 51/1359/34
f 111/1363/36 55/1364/174 53/1362/194
f 112/1365/174 57/1366/195 55/1364/174
f 113/1367/195 59/1368/196 57/1366/195
f 114/1369/196 61/1370/172 59/1368/196
f 115/1371/172 63/1372/197 61/1370/172
f 116/1373/197 65/1374/198 63/1372/197
f 117/1375/198 67/1376/173 65/1374/198
f 118/1377/173 69/1378/199 67/1376/173
f 119/1379/70 71/1380/30 69/1378/199
f 120/1381/30 25/1335/73 71/1380/30
f 98/1333/32 97/1336/64 27/1334/64
f 97/1336/64 99/1338/186 29/1337/186
f 99/1338/186 100/1340/176 31/1339/176
f 100/1340/176 101/1342/187 33/1341/187
f 101/1342/187 102/1344/188 35/1343/188
f 102/1344/188 103/1346/71 37/1345/71
f 103/1346/71 104/1348/189 39/1347/189
f 104/1348/189 105/1350/190 41/1349/190
f 105/1350/190 106/1352/175 43/1351/175
f 106/1352/175 107/1354/191 45/1353/191
f 107/1354/191 108/1356/38 47/1355/38
f 108/1356/38 109/1382/67 49/1357/83
f 109/1358/67 110/1361/34 51/1359/34
f 110/1361/34 111/1363/36 53/1362/194
f 111/1363/36 112/1365/174 55/1364/174
f 112/1365/174 113/1367/195 57/1366/195
f 113/1367/195 114/1369/196 59/1368/196
f 114/1369/196 115/1371/172 61/1370/172
f 115/1371/172 116/1373/197 63/1372/197
f 116/1373/197 117/1375/198 65/1374/198
f 117/1375/198 118/1377/173 67/1376/173
f 118/1377/173 119/1379/70 69/1378/199
f 119/1379/70 120/1381/30 71/1380/30
f 120/1381/30 98/1333/32 25/1335/73
s 183
g RuedaDelanteraDerecha_SpacialRoverExploreralumGrayDeep
usemtl SpacialRoverExploreralumGrayDeep
f 329/1383/411 340/1384/412 341/1385/412
s 184
f 325/1386/73 488/1387/73 486/1388/73
f 341/1389/73 485/1390/73 487/1391/73
s 185
f 321/1392/413 325/1393/414 316/1394/414
s 186
f 318/1395/83 495/1396/83 493/1397/83
f 340/1398/83 491/1399/83 498/1400/83
s 187
f 317/1401/415 326/1402/416 324/1403/415
s 185
f 319/1404/417 327/1405/418 326/1402/417
f 318/1406/418 325/1393/414 327/1405/418
s 183
f 329/1383/411 322/1407/419 320/1408/411
s 185
f 331/1409/420 323/1410/421 322/1407/420
f 330/1411/422 321/1392/413 323/1410/421
s 188
f 332/1412/423 367/1413/423 366/1414/423
s 189
f 367/1413/424 334/1415/424 368/1416/424
s 190
f 334/1417/425 369/1418/425 368/1419/425
s 191
f 335/1420/426 370/1421/426 369/1418/426
s 192
f 336/1422/427 371/1423/427 370/1421/427
s 193
f 371/1423/428 338/1424/428 372/1425/428
s 194
f 333/1426/83 339/1427/83 337/1428/83
s 195
f 338/1424/429 373/1429/429 372/1425/429
s 196
f 339/1430/430 366/1414/430 373/1429/430
s 197
f 340/1431/431 354/1432/432 341/1433/431
s 187
f 342/1434/433 317/1401/415 324/1403/415
s 186
f 364/1435/83 340/1398/83 362/1436/83
s 198
f 363/1437/434 345/1438/435 344/1439/435
s 184
f 359/1440/73 341/1389/73 361/1441/73
s 198
f 345/1438/435 346/1442/436 344/1439/435
s 184
f 356/1443/73 504/1444/73 354/1445/73
s 199
f 355/1446/437 347/1447/438 352/1448/438
s 197
f 349/1449/432 356/1450/439 354/1432/432
f 351/1451/439 357/1452/440 356/1450/439
s 199
f 350/1453/441 355/1446/437 357/1452/441
s 186
f 350/1454/83 351/1455/83 503/1456/83
s 198
f 363/1437/434 360/1457/442 358/1458/443
f 365/1459/442 361/1460/444 360/1457/442
s 187
f 364/1461/445 359/1462/446 361/1463/445
f 359/1462/446 343/1464/433 342/1434/433
s 200
f 368/1465/73 370/1466/73 372/1467/73
s 201
f 347/1447/447 353/1468/447 352/1448/447
s 186
f 503/1456/83 340/1398/83 344/1469/83
f 365/1470/83 340/1398/83 364/1435/83
f 340/1398/83 365/1470/83 363/1471/83
f 340/1398/83 363/1471/83 344/1469/83
f 362/1436/83 340/1398/83 343/1472/83
s 184
f 360/1473/73 341/1389/73 358/1474/73
f 361/1441/73 341/1389/73 360/1473/73
f 341/1389/73 359/1440/73 342/1475/73
f 358/1474/73 341/1389/73 345/1476/73
s 186
f 348/1477/83 503/1456/83 347/1478/83
f 347/1478/83 503/1456/83 346/1479/83
f 503/1456/83 348/1477/83 350/1454/83
f 503/1456/83 351/1455/83 349/1480/83
s 184
f 504/1444/73 345/1476/73 341/1389/73
f 504/1444/73 352/1481/73 353/1482/73
f 352/1481/73 504/1444/73 355/1483/73
f 355/1483/73 504/1444/73 357/1484/73
f 357/1484/73 504/1444/73 356/1443/73
s 183
f 329/1383/411 320/1408/411 340/1384/412
s 184
f 486/1388/73 324/1485/73 326/1486/73
f 326/1486/73 327/1487/73 325/1386/73
f 325/1386/73 328/1488/73 483/1489/73
f 325/1386/73 483/1489/73 484/1490/73
f 486/1388/73 326/1486/73 325/1386/73
f 325/1386/73 484/1490/73 488/1387/73
f 480/1491/73 483/1489/73 328/1488/73
f 328/1488/73 330/1492/73 331/1493/73
f 331/1493/73 329/1494/73 341/1389/73
f 324/1485/73 486/1388/73 476/1495/73
f 324/1485/73 476/1495/73 477/1496/73
f 480/1491/73 328/1488/73 331/1493/73
f 481/1497/73 480/1491/73 331/1493/73
f 342/1475/73 324/1485/73 477/1496/73
f 342/1475/73 477/1496/73 478/1498/73
f 481/1497/73 331/1493/73 341/1389/73
f 482/1499/73 481/1497/73 341/1389/73
f 341/1389/73 342/1475/73 478/1498/73
f 341/1389/73 478/1498/73 479/1500/73
f 487/1391/73 482/1499/73 341/1389/73
f 341/1389/73 479/1500/73 485/1390/73
s 185
f 321/1392/413 328/1501/448 325/1393/414
s 186
f 501/1502/83 316/1503/83 318/1395/83
f 318/1395/83 319/1504/83 495/1396/83
f 493/1397/83 501/1502/83 318/1395/83
f 494/1505/83 495/1396/83 319/1504/83
f 340/1398/83 320/1506/83 322/1507/83
f 322/1507/83 323/1508/83 321/1509/83
f 316/1503/83 501/1502/83 500/1510/83
f 316/1503/83 500/1510/83 499/1511/83
f 322/1507/83 321/1509/83 316/1503/83
f 494/1505/83 319/1504/83 317/1512/83
f 489/1513/83 494/1505/83 317/1512/83
f 322/1507/83 316/1503/83 499/1511/83
f 322/1507/83 499/1511/83 497/1514/83
f 489/1513/83 317/1512/83 343/1472/83
f 496/1515/83 489/1513/83 343/1472/83
f 322/1507/83 497/1514/83 490/1516/83
f 340/1398/83 322/1507/83 490/1516/83
f 496/1515/83 343/1472/83 340/1398/83
f 502/1517/83 496/1515/83 340/1398/83
f 340/1398/83 490/1516/83 492/1518/83
f 340/1398/83 492/1518/83 491/1399/83
f 498/1400/83 502/1517/83 340/1398/83
s 187
f 317/1401/415 319/1404/449 326/1402/416
s 185
f 319/1404/417 318/1406/418 327/1405/418
f 318/1406/418 316/1394/414 325/1393/414
s 183
f 329/1383/411 331/1409/419 322/1407/419
s 185
f 331/1409/420 330/1411/422 323/1410/421
f 330/1411/422 328/1501/448 321/1392/413
s 188
f 332/1412/423 333/1519/423 367/1413/423
s 189
f 367/1413/424 333/1519/424 334/1415/424
s 190
f 334/1417/425 335/1420/425 369/1418/425
s 191
f 335/1420/426 336/1422/426 370/1421/426
s 192
f 336/1422/427 337/1520/427 371/1423/427
s 193
f 371/1423/428 337/1520/428 338/1424/428
s 194
f 337/1428/83 336/1521/83 335/1522/83
f 335/1522/83 334/1523/83 333/1426/83
f 333/1426/83 332/1524/83 339/1427/83
f 339/1427/83 338/1525/83 337/1428/83
f 337/1428/83 335/1522/83 333/1426/83
s 195
f 338/1424/429 339/1430/429 373/1429/429
s 196
f 339/1430/430 332/1412/430 366/1414/430
s 197
f 340/1431/431 349/1449/432 354/1432/432
s 187
f 342/1434/433 343/1464/433 317/1401/415
s 198
f 363/1437/434 358/1458/443 345/1438/435
f 345/1438/435 353/1468/436 346/1442/436
s 199
f 355/1446/437 348/1526/450 347/1447/438
s 197
f 349/1449/432 351/1451/439 356/1450/439
f 351/1451/439 350/1453/440 357/1452/440
s 199
f 350/1453/441 348/1526/450 355/1446/437
s 198
f 363/1437/434 365/1459/442 360/1457/442
f 365/1459/442 364/1527/444 361/1460/444
s 187
f 364/1461/445 362/1528/446 359/1462/446
f 359/1462/446 362/1528/446 343/1464/433
s 200
f 372/1467/73 373/1529/73 366/1530/73
f 366/1530/73 367/1531/73 368/1465/73
f 368/1465/73 369/1532/73 370/1466/73
f 370/1466/73 371/1533/73 372/1467/73
f 372/1467/73 366/1530/73 368/1465/73
s 201
f 347/1447/447 346/1442/447 353/1468/447
s 186
f 344/1469/83 346/1479/83 503/1456/83
f 503/1456/83 349/1480/83 340/1398/83
s 184
f 341/1389/73 354/1445/73 504/1444/73
f 504/1444/73 353/1482/73 345/1476/73
s 202
f 648/1534/342 719/1535/33 647/1536/33
s 108
f 676/748/241 701/1537/33 712/1538/328
f 711/1539/339 676/748/241 712/1538/328
f 672/751/243 711/1539/339 710/1540/172
f 670/753/246 710/1540/172 709/1541/331
f 668/754/245 709/1541/331 708/1542/332
f 666/759/250 708/1542/332 707/1543/6
f 664/760/249 707/1543/6 706/1544/340
f 705/1545/335 664/760/249 706/1544/340
f 704/1546/71 662/762/252 705/1545/335
f 658/765/254 704/1546/71 703/1547/341
f 656/766/253 703/1547/341 702/1548/342
f 653/747/242 702/1549/342 701/1537/33
s 203
f 641/1550/73 702/1551/73 642/1552/73
f 642/1552/73 703/1553/73 643/1554/73
f 643/1554/73 704/1555/73 644/1556/73
f 645/1557/73 704/1555/73 705/1558/73
f 645/1557/73 706/1559/73 646/1560/73
f 647/1561/73 706/1559/73 707/1562/73
f 647/1561/73 708/1563/73 648/1564/73
f 649/1565/73 708/1563/73 709/1566/73
f 649/1565/73 710/1567/73 650/1568/73
f 650/1568/73 711/1569/73 651/1570/73
f 651/1570/73 712/1571/73 652/1572/73
f 641/1550/73 712/1571/73 701/1573/73
s 204
f 716/1574/73 720/1575/73 724/1576/73
s 202
f 645/1577/339 716/1578/172 644/1579/172
f 652/1580/340 723/1581/335 651/1582/335
f 642/1583/332 713/1584/6 641/1585/6
f 649/1586/341 720/1587/342 648/1534/342
f 645/1577/339 718/1588/328 717/1589/339
f 641/1585/6 724/1590/340 652/1580/340
f 643/1591/331 714/1592/332 642/1593/332
f 650/1594/71 721/1595/341 649/1586/341
f 647/1536/33 718/1588/328 646/1596/328
f 644/1579/172 715/1597/331 643/1591/331
f 651/1582/335 722/1598/71 650/1594/71
s 205
f 1014/1599/33 1026/1600/342 1015/1601/33
f 1013/1602/342 1027/736/341 1026/1209/342
f 1016/1603/341 1028/1604/71 1027/736/341
f 1017/1605/71 1029/1606/335 1028/1604/71
f 1029/1606/335 1019/1607/340 1030/1608/340
f 1019/1607/340 1031/1609/6 1030/1608/340
f 1020/1610/6 1032/1611/332 1031/1609/6
f 1021/1612/332 1033/1613/331 1032/1611/332
f 1022/1614/331 1034/1615/172 1033/1613/331
f 1023/1616/172 1035/1617/339 1034/1615/172
s 206
f 1024/1618/83 1020/1619/83 1016/1603/83
s 205
f 1024/1620/339 1036/1621/328 1035/1617/339
f 1025/1622/328 1015/1601/33 1036/1621/328
s 202
f 648/1534/342 720/1587/342 719/1535/33
s 108
f 676/748/241 653/747/242 701/1537/33
f 711/1539/339 674/750/244 676/748/241
f 672/751/243 674/750/244 711/1539/339
f 670/753/246 672/751/243 710/1540/172
f 668/754/245 670/753/246 709/1541/331
f 666/759/250 668/754/245 708/1542/332
f 664/760/249 666/759/250 707/1543/6
f 705/1545/335 662/762/252 664/760/249
f 704/1546/71 660/763/251 662/762/252
f 658/765/254 660/763/251 704/1546/71
f 656/766/253 658/765/254 703/1547/341
f 653/747/242 656/1623/253 702/1549/342
s 203
f 641/1550/73 701/1573/73 702/1551/73
f 642/1552/73 702/1551/73 703/1553/73
f 643/1554/73 703/1553/73 704/1555/73
f 645/1557/73 644/1556/73 704/1555/73
f 645/1557/73 705/1558/73 706/1559/73
f 647/1561/73 646/1560/73 706/1559/73
f 647/1561/73 707/1562/73 708/1563/73
f 649/1565/73 648/1564/73 708/1563/73
f 649/1565/73 709/1566/73 710/1567/73
f 650/1568/73 710/1567/73 711/1569/73
f 651/1570/73 711/1569/73 712/1571/73
f 641/1550/73 652/1572/73 712/1571/73
s 204
f 724/1576/73 713/1624/73 714/1625/73
f 714/1625/73 715/1626/73 716/1574/73
f 716/1574/73 717/1627/73 718/1628/73
f 718/1628/73 719/1629/73 720/1575/73
f 720/1575/73 721/1630/73 722/1631/73
f 722/1631/73 723/1632/73 724/1576/73
f 724/1576/73 714/1625/73 716/1574/73
f 716/1574/73 718/1628/73 720/1575/73
f 720/1575/73 722/1631/73 724/1576/73
s 202
f 645/1577/339 717/1589/339 716/1578/172
f 652/1580/340 724/1590/340 723/1581/335
f 642/1583/332 714/1633/332 713/1584/6
f 649/1586/341 721/1595/341 720/1587/342
f 645/1577/339 646/1596/328 718/1588/328
f 641/1585/6 713/1584/6 724/1590/340
f 643/1591/331 715/1597/331 714/1592/332
f 650/1594/71 722/1598/71 721/1595/341
f 647/1536/33 719/1535/33 718/1588/328
f 644/1579/172 716/1578/172 715/1597/331
f 651/1582/335 723/1581/335 722/1598/71
s 205
f 1014/1599/33 1013/1634/342 1026/1600/342
f 1013/1602/342 1016/1603/341 1027/736/341
f 1016/1603/341 1017/1605/71 1028/1604/71
f 1017/1605/71 1018/1635/335 1029/1606/335
f 1029/1606/335 1018/1635/335 1019/1607/340
f 1019/1607/340 1020/1610/6 1031/1609/6
f 1020/1610/6 1021/1612/332 1032/1611/332
f 1021/1612/332 1022/1614/331 1033/1613/331
f 1022/1614/331 1023/1616/172 1034/1615/172
f 1023/1616/172 1024/1620/339 1035/1617/339
s 206
f 1016/1603/83 1013/1602/83 1014/1636/83
f 1014/1636/83 1025/1637/83 1024/1618/83
f 1024/1618/83 1023/1638/83 1022/1639/83
f 1022/1639/83 1021/1640/83 1020/1619/83
f 1020/1619/83 1019/1641/83 1018/1642/83
f 1018/1642/83 1017/1643/83 1016/1603/83
f 1016/1603/83 1014/1636/83 1024/1618/83
f 1024/1618/83 1022/1639/83 1020/1619/83
f 1020/1619/83 1018/1642/83 1016/1603/83
s 205
f 1024/1620/339 1025/1622/328 1036/1621/328
f 1025/1622/328 1014/1599/33 1015/1601/33
s 147
g RuedaDelanteraDerecha_SpacialRoverExplorerwheels
usemtl SpacialRoverExplorerwheels
f 1100/1644/83 608/1645/451 578/1646/452
f 1099/1647/83 607/1648/453 608/1645/451
f 1098/1649/83 606/1650/454 607/1648/453
f 1097/1651/83 605/1652/455 606/1650/454
f 1096/1653/83 604/1654/456 605/1652/455
f 1095/1655/83 603/1656/457 604/1654/456
f 1094/1657/83 602/1658/458 603/1656/457
f 1093/1659/83 601/1660/458 602/1658/458
f 1092/1661/83 600/1662/459 601/1660/458
f 1091/1663/83 599/1664/459 600/1662/459
f 1090/1665/83 598/1666/460 599/1664/459
f 1089/1667/83 597/1668/461 598/1666/460
f 1088/1669/83 596/1670/462 597/1671/461
f 1086/1672/83 596/1670/462 1087/1673/83
f 1085/1674/83 595/1675/462 1086/1672/83
f 1084/1676/83 594/1677/463 1085/1674/83
f 1083/1678/83 593/1679/463 1084/1676/83
f 1082/1680/83 592/1681/464 1083/1678/83
f 1081/1682/83 591/1683/464 1082/1680/83
f 1080/1684/83 590/1685/465 1081/1682/83
f 1079/1686/83 589/1687/465 1080/1684/83
f 1078/1688/83 588/1689/466 1079/1686/83
f 1077/1690/83 587/1691/467 1078/1688/83
f 1076/1692/83 586/1693/468 1077/1690/83
f 1075/1694/83 585/1695/469 1076/1692/83
f 1074/1696/83 584/1697/470 1075/1694/83
f 1073/1698/83 583/1699/471 1074/1696/83
f 1072/1700/83 582/1701/472 1073/1698/83
f 1071/1702/83 581/1703/472 1072/1704/83
f 1071/1702/83 579/1705/473 580/1706/473
f 1070/1707/83 577/1708/452 579/1705/473
f 1069/1709/83 578/1646/452 577/1708/452
s 146
f 1038/1710/73 631/1711/474 1037/1712/73
f 1039/1713/73 619/1714/475 618/1715/476
f 1041/1716/73 632/1717/474 1038/1710/73
f 1040/1718/73 620/1719/477 619/1714/475
f 1043/1720/73 633/1721/478 1041/1716/73
f 1042/1722/73 621/1723/479 620/1719/477
f 1045/1724/73 634/1725/478 1043/1720/73
f 1044/1726/73 622/1727/480 621/1723/479
f 1047/1728/73 635/1729/481 1045/1724/73
f 1046/1730/73 623/1731/482 622/1727/480
f 1050/1732/73 609/1733/483 1049/1734/73
f 1051/1735/73 636/1736/484 1047/1728/73
f 1048/1737/73 624/1738/482 623/1731/482
f 1053/1739/73 610/1740/483 1050/1732/73
f 1054/1741/73 637/1742/485 1051/1735/73
f 1055/1743/73 624/1738/482 1052/1744/73
f 1056/1745/73 611/1746/486 1053/1739/73
f 1057/1747/73 638/1748/487 1054/1741/73
f 1058/1749/73 625/1750/488 1055/1743/73
f 1059/1751/73 612/1752/486 1056/1745/73
f 1060/1753/73 639/1754/489 1057/1747/73
f 1061/1755/73 626/1756/490 1058/1749/73
f 1059/1757/73 614/1758/491 613/1759/491
f 1049/1734/73 640/1760/492 1060/1753/73
f 1063/1761/73 627/1762/493 1061/1755/73
f 1062/1763/73 615/1764/494 614/1758/491
f 1065/1765/73 628/1766/493 1063/1761/73
f 1064/1767/73 616/1768/495 615/1764/494
f 1067/1769/73 629/1770/496 1065/1771/73
f 1066/1772/73 617/1773/497 616/1768/495
f 1037/1712/73 630/1774/496 1067/1769/73
f 1068/1775/73 618/1715/476 617/1773/497
s 207
f 726/1776/498 635/1729/499 728/1777/500
s 208
f 730/1778/501 639/1754/502 732/1779/503
s 209
f 732/1779/504 924/1780/505 731/1781/506
s 210
f 736/1782/507 637/1742/508 734/1783/509
s 211
f 783/1784/510 826/1785/511 950/1786/512
s 209
f 731/1781/506 825/1787/513 607/1648/514
s 147
f 598/1666/460 835/1788/515 836/1789/515
s 212
f 782/1790/516 949/1791/517 917/1792/516
s 146
f 639/1754/489 887/1793/518 888/1794/518
s 213
f 750/1795/519 629/1796/520 744/1797/521
s 214
f 746/1798/522 631/1711/523 740/1799/524
s 215
f 742/1800/525 633/1721/526 738/1801/527
s 216
f 730/1778/528 923/1802/529 891/1803/530
s 212
f 781/1804/517 854/1805/531 949/1791/517
s 217
f 624/1738/532 752/1806/533 758/1807/534
s 218
f 626/1756/535 748/1808/536 754/1809/537
s 216
f 729/1810/538 828/1811/539 923/1802/529
s 147
f 600/1662/459 833/1812/540 834/1813/540
s 219
f 620/1719/541 760/1814/542 766/1815/543
s 220
f 622/1727/544 756/1816/545 762/1817/546
s 221
f 780/1818/547 948/1819/548 779/1820/549
s 146
f 637/1742/485 885/1821/550 886/1822/550
s 222
f 728/1777/551 922/1823/552 727/1824/553
s 221
f 779/1820/549 853/1825/554 579/1705/554
s 223
f 612/1752/555 776/1826/556 782/1790/557
s 224
f 614/1758/558 772/1827/559 778/1828/560
s 225
f 616/1768/561 768/1829/562 774/1830/563
s 226
f 618/1715/564 764/1831/565 770/1832/566
s 227
f 784/1833/567 609/1733/568 786/1834/569
s 222
f 727/1824/553 829/1835/570 603/1656/571
s 228
f 788/1836/572 611/1746/573 780/1818/574
s 147
f 602/1658/458 831/1837/575 832/1838/575
s 229
f 778/1828/576 947/1839/577 915/1840/578
s 146
f 635/1729/481 883/1841/579 884/1842/579
s 228
f 577/1708/580 779/1820/581 579/1705/580
f 787/1843/582 780/1818/574 779/1820/581
s 230
f 726/1776/583 921/1844/584 889/1845/585
s 229
f 777/1846/586 852/1847/587 947/1839/577
s 227
f 608/1645/588 785/1848/589 578/1646/588
f 783/1784/590 786/1834/569 785/1848/589
s 226
f 769/1849/591 587/1691/592 586/1693/592
f 770/1832/566 763/1850/593 769/1849/591
s 225
f 773/1851/594 585/1695/595 584/1697/595
f 774/1830/563 767/1852/596 773/1851/594
s 224
f 777/1846/597 583/1699/598 582/1701/598
f 778/1828/560 771/1853/599 777/1846/597
s 223
f 781/1804/600 581/1703/601 580/1706/601
f 782/1790/557 775/1854/602 781/1804/600
s 230
f 725/1855/603 832/1838/604 921/1844/584
s 147
f 604/1654/456 829/1835/605 830/1856/605
s 231
f 776/1857/606 946/1858/607 775/1859/608
s 146
f 633/1721/478 881/1860/609 882/1861/609
s 232
f 788/1836/610 857/1862/611 610/1740/612
s 231
f 775/1859/608 851/1863/613 581/1864/614
s 233
f 786/1834/615 858/1865/616 919/1866/615
s 147
f 606/1650/454 827/1867/617 828/1811/617
s 220
f 761/1868/618 591/1683/619 590/1685/619
f 762/1817/546 755/1869/620 761/1868/618
s 219
f 765/1870/621 589/1687/622 588/1689/622
f 766/1815/543 759/1871/623 765/1870/621
s 234
f 774/1830/624 945/1872/625 913/1873/624
s 146
f 631/1711/474 879/1874/626 880/1875/626
s 211
f 784/1833/627 887/1793/628 640/1760/629
s 234
f 773/1851/630 850/1876/631 945/1872/625
s 218
f 753/1877/632 595/1675/633 594/1677/633
f 754/1809/537 747/1878/634 753/1877/632
s 217
f 757/1879/635 593/1679/636 592/1681/636
f 758/1807/534 751/1880/637 757/1879/635
s 212
f 782/1790/516 859/1881/638 612/1752/638
s 147
f 608/1645/451 825/1787/639 826/1785/639
s 235
f 772/1827/640 944/1882/641 771/1853/642
s 146
f 629/1770/496 877/1883/643 878/1884/643
s 215
f 600/1662/644 737/1885/645 601/1660/644
f 741/1886/646 738/1801/527 737/1885/645
s 214
f 598/1666/647 739/1887/648 599/1664/647
f 745/1888/649 740/1799/524 739/1887/648
s 213
f 596/1670/650 743/1889/651 597/1671/650
f 749/1890/652 744/1797/521 743/1889/651
s 221
f 780/1818/547 860/1891/653 916/1892/547
s 235
f 771/1853/642 849/1893/654 583/1699/655
s 229
f 778/1828/576 861/1894/656 614/1758/657
s 236
f 770/1832/658 943/1895/659 911/1896/660
s 146
f 627/1762/493 875/1897/661 876/1898/661
s 231
f 776/1857/606 862/1899/662 914/1900/663
s 236
f 769/1849/664 848/1901/665 943/1895/659
s 234
f 774/1830/624 863/1902/666 616/1768/667
s 237
f 768/1829/668 942/1903/669 767/1852/670
s 146
f 626/1756/490 874/1904/671 625/1750/488
s 210
f 604/1654/672 733/1905/673 605/1652/672
f 735/1906/674 734/1783/509 733/1905/673
s 235
f 772/1827/640 864/1907/675 912/1908/640
s 237
f 767/1852/670 847/1909/676 585/1695/677
s 208
f 606/1650/678 731/1781/679 607/1648/678
f 729/1810/680 732/1779/503 731/1781/679
s 207
f 602/1658/681 727/1824/682 603/1656/683
f 725/1855/684 728/1777/500 727/1824/682
s 238
f 893/1910/685 885/1821/686 891/1803/687
s 239
f 890/1911/688 883/1841/689 894/1912/690
s 240
f 895/1913/691 881/1860/692 889/1845/693
s 241
f 896/1914/694 879/1874/695 897/1915/696
s 242
f 898/1916/697 877/1883/698 899/1917/699
s 243
f 900/1918/700 875/1897/701 901/1919/700
s 244
f 874/1904/702 903/1920/703 902/1921/704
s 245
f 872/1922/705 905/1923/706 904/1924/707
s 246
f 870/1925/708 907/1926/709 906/1927/710
s 247
f 868/1928/711 909/1929/712 908/1930/713
s 248
f 866/1931/714 911/1896/715 910/1932/716
s 249
f 864/1907/717 913/1873/718 912/1908/719
s 250
f 862/1899/720 915/1840/721 914/1900/722
s 251
f 860/1891/723 917/1792/724 916/1892/724
s 252
f 919/1866/725 857/1862/726 920/1933/727
s 253
f 892/1934/728 887/1793/729 918/1935/730
f 825/1787/731 950/1786/732 826/1785/731
f 924/1780/733 918/1935/730 950/1786/732
s 252
f 855/1936/734 952/1937/735 856/1938/734
f 951/1939/736 920/1933/727 952/1937/735
s 251
f 948/1819/737 854/1805/738 853/1825/738
f 916/1892/724 949/1791/737 948/1819/737
s 250
f 946/1858/739 852/1847/740 851/1863/740
f 914/1900/722 947/1839/741 946/1858/739
s 249
f 944/1882/742 850/1876/743 849/1893/743
f 912/1908/719 945/1872/744 944/1882/742
s 248
f 942/1903/745 848/1901/746 847/1909/746
f 910/1932/716 943/1895/747 942/1903/745
s 247
f 940/1940/748 846/1941/749 845/1942/749
f 908/1930/713 941/1943/750 940/1940/748
s 246
f 938/1944/751 844/1945/752 843/1946/752
f 906/1927/710 939/1947/753 938/1944/751
s 245
f 936/1948/754 842/1949/755 841/1950/755
f 904/1924/707 937/1951/756 936/1948/754
s 244
f 934/1952/757 840/1953/758 839/1954/759
f 902/1921/704 935/1955/760 934/1952/757
s 243
f 837/1956/761 933/1957/762 838/1958/761
f 900/1918/700 933/1957/762 932/1959/762
s 242
f 835/1788/763 931/1960/764 836/1789/763
f 930/1961/765 899/1917/699 931/1960/764
s 241
f 833/1812/766 929/1962/767 834/1813/766
f 928/1963/768 897/1915/696 929/1962/767
s 240
f 831/1837/769 921/1844/770 832/1838/769
f 927/1964/771 889/1845/693 921/1844/770
s 239
f 829/1835/772 926/1965/773 830/1856/772
f 922/1823/774 894/1912/690 926/1965/773
s 238
f 827/1867/775 923/1802/776 828/1811/775
f 925/1966/777 891/1803/687 923/1802/776
s 211
f 784/1833/627 950/1786/512 918/1935/627
s 147
f 595/1675/462 838/1958/778 596/1670/462
s 254
f 733/1905/779 827/1867/780 605/1652/781
s 233
f 785/1848/782 855/1936/783 578/1646/784
s 254
f 734/1783/785 925/1966/786 733/1905/779
s 233
f 786/1834/615 951/1939/787 785/1848/782
s 147
f 593/1679/463 840/1953/788 594/1677/463
s 255
f 735/1906/789 830/1856/790 926/1965/791
s 232
f 787/1843/792 856/1938/793 952/1937/792
s 255
f 736/1782/794 926/1965/791 894/1912/794
s 232
f 788/1836/610 952/1937/792 920/1933/795
s 147
f 591/1683/464 842/1949/796 592/1681/464
s 256
f 737/1885/797 831/1837/798 601/1660/799
f 738/1801/800 927/1964/801 737/1885/797
s 147
f 589/1687/465 844/1945/802 590/1685/465
s 257
f 739/1887/803 833/1812/804 599/1664/805
f 740/1799/806 928/1963/807 739/1887/803
s 147
f 587/1691/467 846/1941/808 588/1689/466
s 258
f 741/1886/809 834/1813/810 929/1962/811
f 742/1800/812 929/1962/811 897/1915/812
s 147
f 585/1695/469 848/1901/813 586/1693/468
s 259
f 743/1967/814 835/1788/815 597/1668/816
f 744/1968/817 930/1961/818 743/1967/814
s 230
f 726/1776/583 881/1860/819 634/1725/820
s 147
f 583/1699/471 850/1876/821 584/1697/470
s 260
f 745/1888/822 836/1789/823 931/1960/824
s 222
f 728/1777/551 884/1842/825 890/1911/826
s 260
f 746/1798/827 931/1960/824 899/1917/828
s 216
f 730/1778/528 885/1821/829 638/1748/830
s 147
f 581/1864/472 852/1847/831 582/1701/472
s 261
f 747/1878/832 837/1956/833 595/1675/833
s 209
f 732/1779/504 888/1794/834 892/1934/835
s 261
f 748/1808/836 932/1959/832 747/1878/832
s 254
f 734/1783/785 886/1822/837 893/1910/838
s 147
f 580/1706/473 853/1825/839 854/1805/839
s 262
f 749/1890/840 838/1958/841 933/1957/840
s 255
f 736/1782/794 883/1841/842 636/1736/843
s 262
f 750/1795/844 933/1957/840 901/1919/844
s 256
f 738/1801/800 882/1861/845 895/1913/846
s 147
f 577/1708/452 855/1936/847 856/1938/847
s 263
f 751/1880/848 839/1954/849 593/1679/850
s 257
f 740/1799/806 880/1875/851 896/1914/852
s 146
f 609/1733/483 857/1862/853 858/1865/853
s 263
f 752/1806/854 934/1952/855 751/1880/848
s 258
f 742/1800/812 879/1874/856 632/1717/857
s 264
f 753/1877/858 840/1953/859 935/1955/860
s 259
f 744/1968/817 878/1884/861 898/1916/862
s 146
f 612/1752/486 860/1891/863 611/1746/486
s 264
f 754/1809/864 935/1955/860 903/1920/865
s 260
f 746/1798/827 877/1883/866 630/1774/867
s 265
f 755/1869/868 841/1950/869 591/1683/870
s 261
f 748/1808/836 876/1898/871 900/1918/836
s 146
f 614/1758/491 862/1899/872 613/1759/491
s 265
f 756/1816/873 936/1948/874 755/1869/868
s 262
f 750/1795/844 875/1897/875 628/1766/876
s 266
f 757/1879/877 842/1949/878 937/1951/879
s 263
f 752/1806/854 874/1904/880 902/1921/854
s 146
f 616/1768/495 864/1907/881 615/1764/494
s 266
f 758/1807/882 937/1951/879 905/1923/882
s 264
f 754/1809/864 873/1969/883 626/1756/884
s 267
f 759/1871/885 843/1946/886 589/1687/887
s 265
f 756/1816/873 872/1922/888 904/1924/873
s 146
f 618/1715/476 866/1931/889 617/1773/497
s 267
f 760/1814/890 938/1944/891 759/1871/885
s 266
f 758/1807/882 871/1970/892 624/1738/893
s 268
f 761/1868/894 844/1945/895 939/1947/896
s 267
f 760/1814/890 870/1925/897 906/1927/898
s 146
f 620/1719/477 868/1928/899 619/1714/475
s 268
f 762/1817/900 939/1947/896 907/1926/901
f 762/1817/900 869/1971/902 622/1727/903
s 269
f 763/1850/904 845/1942/905 587/1691/906
f 764/1831/907 868/1928/908 908/1930/907
s 146
f 622/1727/480 870/1925/909 621/1723/479
s 269
f 764/1831/907 940/1940/910 763/1850/904
s 270
f 766/1815/911 867/1972/912 620/1719/913
f 765/1870/914 846/1941/915 941/1943/916
s 237
f 768/1829/668 866/1931/917 910/1932/918
s 146
f 624/1738/482 872/1922/919 623/1731/482
s 270
f 766/1815/911 941/1943/916 909/1929/920
s 236
f 770/1832/658 865/1973/921 618/1715/922
s 147
f 1100/1644/83 1099/1647/83 608/1645/451
f 1099/1647/83 1098/1649/83 607/1648/453
f 1098/1649/83 1097/1651/83 606/1650/454
f 1097/1651/83 1096/1653/83 605/1652/455
f 1096/1653/83 1095/1655/83 604/1654/456
f 1095/1655/83 1094/1657/83 603/1656/457
f 1094/1657/83 1093/1659/83 602/1658/458
f 1093/1659/83 1092/1661/83 601/1660/458
f 1092/1661/83 1091/1663/83 600/1662/459
f 1091/1663/83 1090/1665/83 599/1664/459
f 1090/1665/83 1089/1667/83 598/1666/460
f 1089/1667/83 1088/1974/83 597/1668/461
f 1088/1669/83 1087/1673/83 596/1670/462
f 1086/1672/83 595/1675/462 596/1670/462
f 1085/1674/83 594/1677/463 595/1675/462
f 1084/1676/83 593/1679/463 594/1677/463
f 1083/1678/83 592/1681/464 593/1679/463
f 1082/1680/83 591/1683/464 592/1681/464
f 1081/1682/83 590/1685/465 591/1683/464
f 1080/1684/83 589/1687/465 590/1685/465
f 1079/1686/83 588/1689/466 589/1687/465
f 1078/1688/83 587/1691/467 588/1689/466
f 1077/1690/83 586/1693/468 587/1691/467
f 1076/1692/83 585/1695/469 586/1693/468
f 1075/1694/83 584/1697/470 585/1695/469
f 1074/1696/83 583/1699/471 584/1697/470
f 1073/1698/83 582/1701/472 583/1699/471
f 1072/1700/83 581/1864/472 582/1701/472
f 1071/1702/83 580/1706/473 581/1703/472
f 1071/1702/83 1070/1707/83 579/1705/473
f 1070/1707/83 1069/1709/83 577/1708/452
f 1069/1709/83 1100/1644/83 578/1646/452
s 146
f 1038/1710/73 632/1717/474 631/1711/474
f 1039/1713/73 1040/1718/73 619/1714/475
f 1041/1716/73 633/1721/478 632/1717/474
f 1040/1718/73 1042/1722/73 620/1719/477
f 1043/1720/73 634/1725/478 633/1721/478
f 1042/1722/73 1044/1726/73 621/1723/479
f 1045/1724/73 635/1729/481 634/1725/478
f 1044/1726/73 1046/1730/73 622/1727/480
f 1047/1728/73 636/1736/484 635/1729/481
f 1046/1730/73 1048/1737/73 623/1731/482
f 1050/1732/73 610/1740/483 609/1733/483
f 1051/1735/73 637/1742/485 636/1736/484
f 1048/1737/73 1052/1744/73 624/1738/482
f 1053/1739/73 611/1746/486 610/1740/483
f 1054/1741/73 638/1748/487 637/1742/485
f 1055/1743/73 625/1750/488 624/1738/482
f 1056/1745/73 612/1752/486 611/1746/486
f 1057/1747/73 639/1754/489 638/1748/487
f 1058/1749/73 626/1756/490 625/1750/488
f 1059/1751/73 613/1975/491 612/1752/486
f 1060/1753/73 640/1760/492 639/1754/489
f 1061/1755/73 627/1762/493 626/1756/490
f 1059/1757/73 1062/1763/73 614/1758/491
f 1049/1734/73 609/1733/483 640/1760/492
f 1063/1761/73 628/1766/493 627/1762/493
f 1062/1763/73 1064/1767/73 615/1764/494
f 1065/1765/73 629/1796/496 628/1766/493
f 1064/1767/73 1066/1772/73 616/1768/495
f 1067/1769/73 630/1774/496 629/1770/496
f 1066/1772/73 1068/1775/73 617/1773/497
f 1037/1712/73 631/1711/474 630/1774/496
f 1068/1775/73 1039/1713/73 618/1715/476
s 207
f 726/1776/498 634/1725/499 635/1729/499
s 208
f 730/1778/501 638/1748/502 639/1754/502
s 209
f 732/1779/504 892/1934/835 924/1780/505
s 210
f 736/1782/507 636/1736/508 637/1742/508
s 211
f 783/1784/510 608/1645/923 826/1785/511
s 209
f 731/1781/506 924/1780/505 825/1787/513
s 147
f 598/1666/460 597/1668/461 835/1788/515
s 212
f 782/1790/516 781/1804/517 949/1791/517
s 146
f 639/1754/489 640/1760/492 887/1793/518
s 213
f 750/1795/519 628/1766/520 629/1796/520
s 214
f 746/1798/522 630/1774/523 631/1711/523
s 215
f 742/1800/525 632/1717/526 633/1721/526
s 216
f 730/1778/528 729/1810/538 923/1802/529
s 212
f 781/1804/517 580/1706/531 854/1805/531
s 217
f 624/1738/532 625/1750/532 752/1806/533
s 218
f 626/1756/535 627/1762/535 748/1808/536
s 216
f 729/1810/538 606/1650/924 828/1811/539
s 147
f 600/1662/459 599/1664/459 833/1812/540
s 219
f 620/1719/541 621/1723/541 760/1814/542
s 220
f 622/1727/544 623/1731/544 756/1816/545
s 221
f 780/1818/547 916/1892/547 948/1819/548
s 146
f 637/1742/485 638/1748/487 885/1821/550
s 222
f 728/1777/551 890/1911/826 922/1823/552
s 221
f 779/1820/549 948/1819/548 853/1825/554
s 223
f 612/1752/555 613/1975/555 776/1826/556
s 224
f 614/1758/558 615/1764/558 772/1827/559
s 225
f 616/1768/561 617/1773/561 768/1829/562
s 226
f 618/1715/564 619/1714/564 764/1831/565
s 227
f 784/1833/567 640/1760/568 609/1733/568
s 222
f 727/1824/553 922/1823/552 829/1835/570
s 228
f 788/1836/572 610/1740/573 611/1746/573
s 147
f 602/1658/458 601/1660/458 831/1837/575
s 229
f 778/1828/576 777/1846/586 947/1839/577
s 146
f 635/1729/481 636/1736/484 883/1841/579
s 228
f 577/1708/580 787/1843/582 779/1820/581
f 787/1843/582 788/1836/572 780/1818/574
s 230
f 726/1776/583 725/1855/603 921/1844/584
s 229
f 777/1846/586 582/1701/925 852/1847/587
s 227
f 608/1645/588 783/1784/590 785/1848/589
f 783/1784/590 784/1833/567 786/1834/569
s 226
f 769/1849/591 763/1850/593 587/1691/592
f 770/1832/566 764/1831/565 763/1850/593
s 225
f 773/1851/594 767/1852/596 585/1695/595
f 774/1830/563 768/1829/562 767/1852/596
s 224
f 777/1846/597 771/1853/599 583/1699/598
f 778/1828/560 772/1827/559 771/1853/599
s 223
f 781/1804/600 775/1854/602 581/1703/601
f 782/1790/557 776/1826/556 775/1854/602
s 230
f 725/1855/603 602/1658/926 832/1838/604
s 147
f 604/1654/456 603/1656/457 829/1835/605
s 231
f 776/1857/606 914/1900/663 946/1858/607
s 146
f 633/1721/478 634/1725/478 881/1860/609
s 232
f 788/1836/610 920/1933/795 857/1862/611
s 231
f 775/1859/608 946/1858/607 851/1863/613
s 233
f 786/1834/615 609/1733/927 858/1865/616
s 147
f 606/1650/454 605/1652/455 827/1867/617
s 220
f 761/1868/618 755/1869/620 591/1683/619
f 762/1817/546 756/1816/545 755/1869/620
s 219
f 765/1870/621 759/1871/623 589/1687/622
f 766/1815/543 760/1814/542 759/1871/623
s 234
f 774/1830/624 773/1851/630 945/1872/625
s 146
f 631/1711/474 632/1717/474 879/1874/626
s 211
f 784/1833/627 918/1935/627 887/1793/628
s 234
f 773/1851/630 584/1697/928 850/1876/631
s 218
f 753/1877/632 747/1878/634 595/1675/633
f 754/1809/537 748/1808/536 747/1878/634
s 217
f 757/1879/635 751/1880/637 593/1679/636
f 758/1807/534 752/1806/533 751/1880/637
s 212
f 782/1790/516 917/1792/516 859/1881/638
s 147
f 608/1645/451 607/1648/453 825/1787/639
s 235
f 772/1827/640 912/1908/640 944/1882/641
s 146
f 629/1770/496 630/1774/496 877/1883/643
s 215
f 600/1662/644 741/1886/646 737/1885/645
f 741/1886/646 742/1800/525 738/1801/527
s 214
f 598/1666/647 745/1888/649 739/1887/648
f 745/1888/649 746/1798/522 740/1799/524
s 213
f 596/1670/650 749/1890/652 743/1889/651
f 749/1890/652 750/1795/519 744/1797/521
s 221
f 780/1818/547 611/1746/929 860/1891/653
s 235
f 771/1853/642 944/1882/641 849/1893/654
s 229
f 778/1828/576 915/1840/578 861/1894/656
s 236
f 770/1832/658 769/1849/664 943/1895/659
s 146
f 627/1762/493 628/1766/493 875/1897/661
s 231
f 776/1857/606 613/1759/930 862/1899/662
s 236
f 769/1849/664 586/1693/931 848/1901/665
s 234
f 774/1830/624 913/1873/624 863/1902/666
s 237
f 768/1829/668 910/1932/918 942/1903/669
s 146
f 626/1756/490 873/1969/671 874/1904/671
s 210
f 604/1654/672 735/1906/674 733/1905/673
f 735/1906/674 736/1782/507 734/1783/509
s 235
f 772/1827/640 615/1764/932 864/1907/675
s 237
f 767/1852/670 942/1903/669 847/1909/676
s 208
f 606/1650/678 729/1810/680 731/1781/679
f 729/1810/680 730/1778/501 732/1779/503
s 207
f 602/1658/681 725/1855/684 727/1824/682
f 725/1855/684 726/1776/498 728/1777/500
s 238
f 893/1910/685 886/1822/686 885/1821/686
s 239
f 890/1911/688 884/1842/689 883/1841/689
s 240
f 895/1913/691 882/1861/692 881/1860/692
s 241
f 896/1914/694 880/1875/695 879/1874/695
s 242
f 898/1916/697 878/1884/698 877/1883/698
s 243
f 900/1918/700 876/1898/701 875/1897/701
s 244
f 874/1904/702 873/1969/702 903/1920/703
s 245
f 872/1922/705 871/1970/705 905/1923/706
s 246
f 870/1925/708 869/1971/708 907/1926/709
s 247
f 868/1928/711 867/1972/711 909/1929/712
s 248
f 866/1931/714 865/1973/714 911/1896/715
s 249
f 864/1907/717 863/1902/717 913/1873/718
s 250
f 862/1899/720 861/1894/720 915/1840/721
s 251
f 860/1891/723 859/1881/723 917/1792/724
s 252
f 919/1866/725 858/1865/726 857/1862/726
s 253
f 892/1934/728 888/1794/729 887/1793/729
f 825/1787/731 924/1780/733 950/1786/732
f 924/1780/733 892/1934/728 918/1935/730
s 252
f 855/1936/734 951/1939/736 952/1937/735
f 951/1939/736 919/1866/725 920/1933/727
s 251
f 948/1819/737 949/1791/737 854/1805/738
f 916/1892/724 917/1792/724 949/1791/737
s 250
f 946/1858/739 947/1839/741 852/1847/740
f 914/1900/722 915/1840/721 947/1839/741
s 249
f 944/1882/742 945/1872/744 850/1876/743
f 912/1908/719 913/1873/718 945/1872/744
s 248
f 942/1903/745 943/1895/747 848/1901/746
f 910/1932/716 911/1896/715 943/1895/747
s 247
f 940/1940/748 941/1943/750 846/1941/749
f 908/1930/713 909/1929/712 941/1943/750
s 246
f 938/1944/751 939/1947/753 844/1945/752
f 906/1927/710 907/1926/709 939/1947/753
s 245
f 936/1948/754 937/1951/756 842/1949/755
f 904/1924/707 905/1923/706 937/1951/756
s 244
f 934/1952/757 935/1955/760 840/1953/758
f 902/1921/704 903/1920/703 935/1955/760
s 243
f 837/1956/761 932/1959/762 933/1957/762
f 900/1918/700 901/1919/700 933/1957/762
s 242
f 835/1788/763 930/1961/765 931/1960/764
f 930/1961/765 898/1916/697 899/1917/699
s 241
f 833/1812/766 928/1963/768 929/1962/767
f 928/1963/768 896/1914/694 897/1915/696
s 240
f 831/1837/769 927/1964/771 921/1844/770
f 927/1964/771 895/1913/691 889/1845/693
s 239
f 829/1835/772 922/1823/774 926/1965/773
f 922/1823/774 890/1911/688 894/1912/690
s 238
f 827/1867/775 925/1966/777 923/1802/776
f 925/1966/777 893/1910/685 891/1803/687
s 211
f 784/1833/627 783/1784/510 950/1786/512
s 147
f 595/1675/462 837/1956/933 838/1958/778
s 254
f 733/1905/779 925/1966/786 827/1867/780
s 233
f 785/1848/782 951/1939/787 855/1936/783
s 254
f 734/1783/785 893/1910/838 925/1966/786
s 233
f 786/1834/615 919/1866/615 951/1939/787
s 147
f 593/1679/463 839/1954/788 840/1953/788
s 255
f 735/1906/789 604/1654/934 830/1856/790
s 232
f 787/1843/792 577/1708/935 856/1938/793
s 255
f 736/1782/794 735/1906/789 926/1965/791
s 232
f 788/1836/610 787/1843/792 952/1937/792
s 147
f 591/1683/464 841/1950/796 842/1949/796
s 256
f 737/1885/797 927/1964/801 831/1837/798
f 738/1801/800 895/1913/846 927/1964/801
s 147
f 589/1687/465 843/1946/802 844/1945/802
s 257
f 739/1887/803 928/1963/807 833/1812/804
f 740/1799/806 896/1914/852 928/1963/807
s 147
f 587/1691/467 845/1942/808 846/1941/808
s 258
f 741/1886/809 600/1662/936 834/1813/810
f 742/1800/812 741/1886/809 929/1962/811
s 147
f 585/1695/469 847/1909/813 848/1901/813
s 259
f 743/1967/814 930/1961/818 835/1788/815
f 744/1968/817 898/1916/862 930/1961/818
s 230
f 726/1776/583 889/1845/585 881/1860/819
s 147
f 583/1699/471 849/1893/821 850/1876/821
s 260
f 745/1888/822 598/1666/937 836/1789/823
s 222
f 728/1777/551 635/1729/938 884/1842/825
s 260
f 746/1798/827 745/1888/822 931/1960/824
s 216
f 730/1778/528 891/1803/530 885/1821/829
s 147
f 581/1864/472 851/1863/831 852/1847/831
s 261
f 747/1878/832 932/1959/832 837/1956/833
s 209
f 732/1779/504 639/1754/939 888/1794/834
s 261
f 748/1808/836 900/1918/836 932/1959/832
s 254
f 734/1783/785 637/1742/940 886/1822/837
s 147
f 580/1706/473 579/1705/473 853/1825/839
s 262
f 749/1890/840 596/1670/841 838/1958/841
s 255
f 736/1782/794 894/1912/794 883/1841/842
s 262
f 750/1795/844 749/1890/840 933/1957/840
s 256
f 738/1801/800 633/1721/941 882/1861/845
s 147
f 577/1708/452 578/1646/452 855/1936/847
s 263
f 751/1880/848 934/1952/855 839/1954/849
s 257
f 740/1799/806 631/1711/942 880/1875/851
s 146
f 609/1733/483 610/1740/483 857/1862/853
s 263
f 752/1806/854 902/1921/854 934/1952/855
s 258
f 742/1800/812 897/1915/812 879/1874/856
s 264
f 753/1877/858 594/1677/943 840/1953/859
s 259
f 744/1968/817 629/1770/944 878/1884/861
s 146
f 612/1752/486 859/1881/863 860/1891/863
s 264
f 754/1809/864 753/1877/858 935/1955/860
s 260
f 746/1798/827 899/1917/828 877/1883/866
s 265
f 755/1869/868 936/1948/874 841/1950/869
s 261
f 748/1808/836 627/1762/945 876/1898/871
s 146
f 614/1758/491 861/1894/872 862/1899/872
s 265
f 756/1816/873 904/1924/873 936/1948/874
s 262
f 750/1795/844 901/1919/844 875/1897/875
s 266
f 757/1879/877 592/1681/946 842/1949/878
s 263
f 752/1806/854 625/1750/947 874/1904/880
s 146
f 616/1768/495 863/1902/881 864/1907/881
s 266
f 758/1807/882 757/1879/877 937/1951/879
s 264
f 754/1809/864 903/1920/865 873/1969/883
s 267
f 759/1871/885 938/1944/891 843/1946/886
s 265
f 756/1816/873 623/1731/948 872/1922/888
s 146
f 618/1715/476 865/1973/889 866/1931/889
s 267
f 760/1814/890 906/1927/898 938/1944/891
s 266
f 758/1807/882 905/1923/882 871/1970/892
s 268
f 761/1868/894 590/1685/949 844/1945/895
s 267
f 760/1814/890 621/1723/950 870/1925/897
s 146
f 620/1719/477 867/1972/899 868/1928/899
s 268
f 762/1817/900 761/1868/894 939/1947/896
f 762/1817/900 907/1926/901 869/1971/902
s 269
f 763/1850/904 940/1940/910 845/1942/905
f 764/1831/907 619/1714/951 868/1928/908
s 146
f 622/1727/480 869/1971/909 870/1925/909
s 269
f 764/1831/907 908/1930/907 940/1940/910
s 270
f 766/1815/911 909/1929/920 867/1972/912
f 765/1870/914 588/1689/952 846/1941/915
s 237
f 768/1829/668 617/1773/953 866/1931/917
s 146
f 624/1738/482 871/1970/919 872/1922/919
s 270
f 766/1815/911 765/1870/914 941/1943/916
s 236
f 770/1832/658 911/1896/660 865/1973/921
l 571 573
l 574 537
l 538 575
l 576 572
